{
    "docid": 101,
    "Title": "Namaste Flavours Arbor",
    "Price": [],
    "Place ID": "ChIJP8H70z6uPIgR8T_P8lSxpvQ",
    "Type ID": [],
    "Type": [
        "Indian restaurant"
    ],
    "Menu": {
        "link": "http://www.namasteflavoursannarbor.com/",
        "source": "namasteflavoursannarbor.com",
        "items": "12/1/24, 12:54 PM\n\n\u00a7 Namaste Flavours Arbor\n\nhttps://namasteflavoursannarbor.com/menu/\n\nNaan\n\nNamaste Flavours Menu | Authentic Indian Cuisine in Ann Arbor\n\nBREADS\nBIRYANI & RICE\nSEAFOOD SPECIALS\nNON-VEGETARIAN DISHES\nVEGETARIAN DISHES\nDOSA AND MORE\nSALADS\nTANDOORI SPECIAL\nNON-VEGETARIAN APPETIZERS\nVEGETARIAN APPETIZERS\nSIDE ORDERS\nDESSERTS\n\nDRINKS\n\nSAVOR AUTHENTIC INDIAN BREADS\n\nBREADS\n\nDiscover a variety of traditional Indian breads,\n\nfreshly baked to perfection.\n\nFresh baked tandoor bread\n\nKashmiri Naan\n\nFresh baked tandoor bread tossed by nuts\n\nChicken Tikka Naan\n\nNaan stuffed with Chicken Tikka\n\nPlain Paratha\n\nFresh baked whole wheat bread in layers\n\nRoti\n\nFresh baked whole wheat flour bread\n\nGarlic Naan\n\nFresh baked tandoor bread tossed by garlic\n\nKeema Naan\n\n1/3\n12/1/24, 12:54 PM Namaste Flavours Menu | Authentic Indian Cuisine in Ann Arbor\n\n\u00a7 Namaste Flavours Arbor\n\nKulcha ( Choice Of Panneer, Onion, Aloo .50/.00/.50) $2.99\n\nFresh baked tandoor bread with filling\n\nChapali (2 Nos) $2.99\n\nSoft thin whole wheat bread\n\nBullet Naan $2.99\n\nFresh baked tandoor bread Tossed with Chilli and Cilantro\n\nnYieY Kaan\n\nCATCH US HERE 24/7\nContact information\n\nWelcome to Namaste Flavours Ann Arbor Indian restaurant. Our restaurant serve Authentic Indian food with spices prepared from\n\nnatural ingredients.\n\nWrite Us\n\ncontact@namasteflavoursannarbor.com\n\nCall Us\n\n+1 734-995-1545\n\nVisil Us\n\n400 S Division St Ann Arbor MI 48104\n\nNAMASTE FLAVOURS ARBOR!\n\nBusiness Hour\n\nRESERVATION\n\nCONTACT US\n\nMONDAY TO FRIDAY\n\nLUNCH\n\n11:30 AM\n03: 00 PM\n\nDINNER\n05: 00 PM\n10: 00 PM\n\nSATURDAY\n\n11:30 AM\n\nhttps://namasteflavoursannarbor.com/menu/ 2/3\n12/1/24, 12:54 PM\n\n\u00a7 Namaste Flavours Arbor\n\nhttps://namasteflavoursannarbor.com/menu/\n\nNamaste Flavours Menu | Authentic Indian Cuisine in Ann Arbor\n\n0\n\nBREADS\nBIRYANI & RICE\nSEAFOOD SPECIALS\nNON-VEGETARIAN DISHES\nVEGETARIAN DISHES\nDOSA AND MORE\nSALADS\nTANDOORI SPECIAL\nNON-VEGETARIAN APPETIZERS\nVEGETARIAN APPETIZERS\nSIDE ORDERS\nDESSERTS\n\nDRINKS\n\nBIRYANI @ RICE\n\nSavor traditional Biryani & Rice,\n\ncooked to perfection.\n\nChicken Dum Biryani $14.99\n\nFlavored Basmati Rice cooked with chicken and a whole lot of spices\n\nVijayawada Chicken Biryani\n\nFlavored Basmati Rice cooked with Vijayawada Sauce, herbs and spices\n\nLamb / Goat Biryani $16.49\n\nFlavored Basmati Rice cooked with lamb, Herbs and spices. Add Goat for 1$\n\nEgg Biryani\n\nFlavored Basmati Rice cooked with eggs, herbs and spices\n\nSpecial Veg Biryani $13.99\n\nFlavored Basmati Rice cooked with gobi, herbs,a whole lot of spices\n\nBisbele Bath\n\nRice cooked with lentil and garden fresh vegetables\n\nVeg Fried Rice $10.99\n\n1/4\n12/1/24, 12:54 PM\n\n\u00a7 Namaste Flavours Arbor\n\nhttps://namasteflavoursannarbor.com/menu/\n\nNamaste Flavours Menu | Authentic Indian Cuisine in Ann Arbor\n\nSpecial Chicken Biryani $15.49\n\nFlavored Basmati Rice cooked with chili chicken, herbs and spices\n\nUlavaCharu Chicken $14.99\n\nVeg Biryani $13.99\n\nFlavored Basmati Rice cooked with horse gram Sauce, herbs and spices.\n\nShrimp Or Fish Biryani $14.99\n\nBasmati rice seasoned with Shrimp or Fish and spices\n\nVeg Biryani $12.49\n\nBasmati Rice cooked with vegetables, Herbs and spices\n\nBagala Bath $1.95\n\nA delicious and creamy South Indian style spiced curd/yogurt rice prepared with yogurt, rice, and milk\n\nSingapore Noodles $n.99\n\nNoodles seasoned with vegetables Add Egg/Chicken for 1$ /2$.\n\nGongura Biryani $14.99\n\nGongura, also known as hibiscus leaves or sorrel leaves, is a sour leafy green vegetable that is native to India. Gongura biryani is made by\ncooking gongura leaves with rice and spices and choice of Meat or vegetables. Meat Chicken / lamb / Fish for 2$ /3$ /3$\n\nPaneer Biryani $13.99\n\nPaneer Biryani recipe is a slow cooked layered casserole of paneer cubes in a curd (yogurt) based gravy, fried onions and par-cooked\nrice flavored with spices, saffron or rose water\n\nGongura Biryani Veg $13.99\n\nEgg $14.99\n\nFlavored Basmati Rice cooked with Sorrel leaves Sauce, herbs and spices\n\nGongura Biryani $15.99\n\nChicken Lamb / Goat $16.99\n\nFlavored Basmati Rice cooked with Sorrel leaves Sauce, herbs and spices\n\nGongura Biryani Fish / Shrimp $17.99\n\nFlavored Basmati Rice cooked with Sorrel leaves Sauce, herbs and spices\n\nCATCH US HERE 24/7\n\nContact information\n\nWelcome to Namaste Flavours Ann Arbor Indian restaurant. Our restaurant serve Authentic Indian food with spices prepared from\n\nnatural ingredients.\n\nWrite Us\n\ncontact@namasteflavoursannarbor.com\n\nCall Us\n\n2/4\n12/1/24, 12:55 PM\n\nNamaste Flavours Arbor\n\nWelcome to Namaste Flavours Ann Arbor Indian restaurant. Our restaurant serve Authentic Indian food with spices prepared from\n\nhttps://namasteflavoursannarbor.com/menu/\n\nNamaste Flavours Menu | Authentic Indian Cuisine in Ann Arbor\n\nNON-VEGETARIAN DISHES\n\nNON-VEGETARIAN APPETIZERS\n\nVEGETARIAN APPETIZERS\n\nDELICIOUS SEAFOOD SPECIALTIES\n\nSEAFOOD SPECIALS\n\n0\n\nBREADS\nBIRYANI & RICE\n\nSEAFOOD SPECIALS\n\nVEGETARIAN DISHES\nDOSA AND MORE\nSALADS\n\nTANDOORI SPECIAL\n\nSIDE ORDERS\nDESSERTS\n\nDRINKS\n\nIndulge in fresh, flavorful\n\nSeafood Specials today\n\nFish Tikka Masala\n\nFish baked in tandoor & cooked with creamy sauce & spices\n\nShrimp Masala\n\nShrimp cooked with spices\n\nShrimp Vindaloo\n\nSeasoned shrimp with potato\n\nFish Curry\n\nFish fillet simmered in a tangy sauce with spices\n\nShrimp Tikka Masala\n\nShrimp baked in tandoor and cooked w/creamy sauce & spices\n\nContact information\n\nCATCH US HERE 24/7\n\nnatural ingredients.\n\n1/3\n12/1/24, 12:55 PM\n\n\u00a7 Namaste Flavours Arbor\n\nhttps://namasteflavoursannarbor.com/menu/\n\nNamaste Flavours Menu | Authentic Indian Cuisine in Ann Arbor\n\n0\n\nBREADS\nBIRYANI & RICE\nSEAFOOD SPECIALS\nNON-VEGETARIAN DISHES\nVEGETARIAN DISHES\nDOSA AND MORE\nSALADS\nTANDOORI SPECIAL\nNON-VEGETARIAN APPETIZERS\nVEGETARIAN APPETIZERS\nSIDE ORDERS\nDESSERTS\n\nDRINKS\n\nSIZZLING TANDOORI DELIGHTS AWAITS YOU\n\nTANDOORI SPECIAL\n\nDive into our Tandoori Specials,\n\nperfect for fiery flavor enthusiasts.\n\nTandoori Chicken\n\nRoasted chicken marinated with yogurt and spices\n\nMalai Chicken Kabab\n\nGrilled Chicken marinated wi\n\nChicken Hariya\n\nth lemon, garlic and spices\n\nli Kabab\n\nGrilled chicken marinated with spices and served with chutneys\n\nPanneer Tikka\n\nMarinated chicken grilled on Skewers (Substitute Panner with Chicken +1$, Fish +2$ / Shrimp +2$)\n\nSeckh Kabab\nChicken / Lamb\n\nMinced rolls with tandoori Spices\n\nChicken Tikka\n\nMarinated Chicken grilled on Skewers\n\nShrimp Tikka\n\n1/3\n"
    },
    "Address": "400 S Division St, Ann Arbor, MI 48104",
    "GPS Coordinates": {
        "latitude": 42.277652499999995,
        "longitude": -83.744383
    },
    "Phone Number": "(734) 995-1545",
    "Rating": 4.4,
    "Rating Summary": [
        {
            "stars": 1,
            "amount": 119
        },
        {
            "stars": 2,
            "amount": 59
        },
        {
            "stars": 3,
            "amount": 77
        },
        {
            "stars": 4,
            "amount": 237
        },
        {
            "stars": 5,
            "amount": 1130
        }
    ],
    "Opening Hours": [
        {
            "friday": "11:30\u202fAM\u20133\u202fPM, 5\u201310\u202fPM"
        },
        {
            "saturday": "11:30\u202fAM\u201310\u202fPM"
        },
        {
            "sunday": "11:30\u202fAM\u20139\u202fPM"
        },
        {
            "monday": "11:30\u202fAM\u20133\u202fPM, 5\u201310\u202fPM"
        },
        {
            "tuesday": "11:30\u202fAM\u20133\u202fPM, 5\u201310\u202fPM"
        },
        {
            "wednesday": "11:30\u202fAM\u20133\u202fPM, 5\u201310\u202fPM"
        },
        {
            "thursday": "11:30\u202fAM\u20133\u202fPM, 5\u201310\u202fPM (Thanksgiving)"
        }
    ],
    "Description": "Simply decorated Indian restaurant with porch seating featuring an all-you-can-eat lunch buffet.",
    "Details": [
        {
            "highlights": [
                "Great tea selection"
            ]
        },
        {
            "popular_for": [
                "Lunch",
                "Dinner",
                "Solo dining"
            ]
        },
        {
            "accessibility": [
                "Wheelchair accessible entrance",
                "Wheelchair accessible parking lot",
                "Wheelchair accessible seating"
            ]
        },
        {
            "offerings": [
                "Coffee",
                "Comfort food",
                "Halal food",
                "Healthy options",
                "Small plates",
                "Vegan options",
                "Vegetarian options"
            ]
        },
        {
            "dining_options": [
                "Lunch",
                "Dinner",
                "Catering",
                "Dessert",
                "Seating"
            ]
        },
        {
            "amenities": [
                "Restroom"
            ]
        },
        {
            "atmosphere": [
                "Casual",
                "Cozy"
            ]
        },
        {
            "crowd": [
                "College students",
                "Family-friendly",
                "Groups"
            ]
        },
        {
            "planning": [
                "Accepts reservations"
            ]
        },
        {
            "payments": [
                "Credit cards",
                "Debit cards",
                "NFC mobile payments"
            ]
        },
        {
            "children": [
                "Good for kids",
                "High chairs"
            ]
        },
        {
            "parking": [
                "Free parking lot",
                "Free street parking",
                "Paid street parking",
                "Plenty of parking"
            ]
        }
    ],
    "User Reviews": {
        "summary": [
            {
                "snippet": "\"BEST INDIAN FOOD IN AA ambience, host, and the flavors Cried while eating\""
            },
            {
                "snippet": "\"Ordered mainly Non- Veg food especially Chicken dishes.\""
            },
            {
                "snippet": "\"Amazing flavor, awesome service and very nice owners who go the extra mile.\""
            }
        ],
        "most_relevant": [
            {
                "username": "Crissy Bogan",
                "rating": 5,
                "contributor_id": "111577099231849473658",
                "description": "Family wanted some Indian food and I came across this place in Ann Arbor. It had good reviews so I figured we should give it a go. Im so glad we did because this was some of the best Indian food we\u2019ve had in a long time. Everything we got tasted amazing. Even my husband loved everything and he always complains about something when we eat somewhere or bring it home. My husband got the shrimp vindaloo, me and my daughter got chicken tikka masala, and my son got the shrimp tikka. We also got vegetable pakodas and the cheese kulchas.",
                "link": "https://www.google.com/maps/reviews/data=!4m8!14m7!1m6!2m5!1sChZDSUhNMG9nS0VJQ0FnSUNib2Jub05nEAE!2m1!1s0x0:0xf4a6b154f2cf3ff1!3m1!1s2@1:CIHM0ogKEICAgICbobnoNg%7CCgwIy5qWtQYQoJaNygI%7C?hl=en-US",
                "images": [
                    {
                        "thumbnail": "https://lh5.googleusercontent.com/p/AF1QipP88kyPuT9UdfAaJCx20yH5HhCAjN5zZvnFuh5N=w150-h150-k-no-p"
                    },
                    {
                        "thumbnail": "https://lh5.googleusercontent.com/p/AF1QipN_paNSRRyY15Caka39d-xx7FOkrxx5AZ0vv1B6=w150-h150-k-no-p"
                    },
                    {
                        "thumbnail": "https://lh5.googleusercontent.com/p/AF1QipPa2o6DgU9mr_x1q9z-qHMpoetjL_gvQhj4Ixkb=w150-h150-k-no-p"
                    },
                    {
                        "thumbnail": "https://lh5.googleusercontent.com/p/AF1QipNfwNB31-143XzY4wrIdjOANEsk9C2Z_8ECk_YP=w150-h150-k-no-p"
                    },
                    {
                        "thumbnail": "https://lh5.googleusercontent.com/p/AF1QipMZwmJuIPW2CKsg1VQ7YYrkxjmFpj6jnRCqzwAi=w150-h150-k-no-p"
                    }
                ],
                "date": "3 months ago"
            },
            {
                "username": "Heather B",
                "rating": 5,
                "contributor_id": "112698007821902273030",
                "description": "My first time in Ann Arbor and first time having authentic Indian cuisine, and I was completely blown away! They have customer parking out back (bonus!). The decor was lovely, even the tables had beautiful painted sceens on them. Got the veg samosas, punugulu, and butter chicken, and it all looked and tasted fantastic. The samosas were a surprise, with a well seasoned and spicy filling. The punugulu had two dipping sauces, one sweet and one a bit spicy that complemented the seasoned fried dough wonderfully. The butter chicken was full of flavor, and the chicken was very tender. Everything was well seasoned with just enough spice. It came out to $30 with enough to feed two! I was only able to eat half, took the rest home, and my brother ate it. His first time eating Indian cuisine as well, and he loved it all! Hope to get an opportunity to come back someday!",
                "link": "https://www.google.com/maps/reviews/data=!4m8!14m7!1m6!2m5!1sChZDSUhNMG9nS0VJQ0FnSUNMOF9qX0tnEAE!2m1!1s0x0:0xf4a6b154f2cf3ff1!3m1!1s2@1:CIHM0ogKEICAgICL8_j_Kg%7CCgwIsOPdswYQgJOmhwI%7C?hl=en-US",
                "images": [
                    {
                        "thumbnail": "https://lh5.googleusercontent.com/p/AF1QipMl2CmpANiGURQLrwq9PYUDBMejszTZEybIrcva=w150-h150-k-no-p"
                    },
                    {
                        "thumbnail": "https://lh5.googleusercontent.com/p/AF1QipNHgo3xIuXis8s4WyKHU1XmNUxrKKGD6L58fgGM=w150-h150-k-no-p"
                    },
                    {
                        "thumbnail": "https://lh5.googleusercontent.com/p/AF1QipPEJ_BCGFDVQVrwizMk5awV47Q3zDKmY27_obUq=w150-h150-k-no-p"
                    },
                    {
                        "thumbnail": "https://lh5.googleusercontent.com/p/AF1QipPtod5QxmOxIOBNTGWH-c1VhAqka8h2A4OQUghk=w150-h150-k-no-p"
                    },
                    {
                        "thumbnail": "https://lh5.googleusercontent.com/p/AF1QipPMVlUllPHoQo1LG8AshHL0AFUHVkOMKIb0H0xd=w150-h150-k-no-p"
                    }
                ],
                "date": "4 months ago"
            },
            {
                "username": "Madhu Chennapuram",
                "rating": 1,
                "contributor_id": "108324035765159311020",
                "description": "On October 13, 2024. I ordered the food for the party, the provided onion samosa is really bad, the stuff inside is really smelly and it seems like they prepared a day before the delivery. when I reported to the guy who is in-charge (Sunil Narra) he said to me he will follow up the issue, however there is no response from them. I will strongly not recommend this place for ordering food for any events.",
                "link": "https://www.google.com/maps/reviews/data=!4m8!14m7!1m6!2m5!1sChdDSUhNMG9nS0VJQ0FnSURYMUxmN2hnRRAB!2m1!1s0x0:0xf4a6b154f2cf3ff1!3m1!1s2@1:CIHM0ogKEICAgIDX1Lf7hgE%7CCgwI7pHquAYQ8IGaoAI%7C?hl=en-US",
                "images": [
                    {
                        "thumbnail": "https://lh5.googleusercontent.com/p/AF1QipO26JkOcPYIoV-NFEN4iWkemePnKGsIwTOmMuAg=w150-h150-k-no-p"
                    },
                    {
                        "thumbnail": "https://lh5.googleusercontent.com/p/AF1QipOOk70Kzwd1S0nwDD-DCwT018jUZvTlun2f42U_=w150-h150-k-no-p"
                    }
                ],
                "date": "4 weeks ago"
            },
            {
                "username": "Jyoti BHUSAL",
                "rating": 1,
                "contributor_id": "107853658778062019474",
                "description": "Not sure what is happening in Ann Arbor. I never get cutlery. Last time another Indian restaurant I called after delivery and owner said I had to pay few more cents and write on special instructions. This time no option to pay but I wrote an instruction(see attached picture) no cutlery\u2019s again. Next time so will bring my own when I come back.\nOverall food is average, samosa smells some kind of oil. Food is not a good class food. I would say below average.",
                "link": "https://www.google.com/maps/reviews/data=!4m8!14m7!1m6!2m5!1sChZDSUhNMG9nS0VJQ0FnSURMbnBHUkJBEAE!2m1!1s0x0:0xf4a6b154f2cf3ff1!3m1!1s2@1:CIHM0ogKEICAgIDLnpGRBA%7CCgsIr-r3swYQ4ICYLA%7C?hl=en-US",
                "images": [
                    {
                        "thumbnail": "https://lh5.googleusercontent.com/p/AF1QipNr3-8PauQTo_Tct-IAgJrApAlWyrkHqEoxGhuW=w150-h150-k-no-p"
                    },
                    {
                        "thumbnail": "https://lh5.googleusercontent.com/p/AF1QipM4w9dSYfohYDeMGm5X39xGwgPeV1AwcxYRw1cD=w150-h150-k-no-p"
                    },
                    {
                        "thumbnail": "https://lh5.googleusercontent.com/p/AF1QipO5tNezyHCbGudGDn3Gb7w-1o6S0C5aOFo8TLb1=w150-h150-k-no-p"
                    }
                ],
                "date": "4 months ago"
            },
            {
                "username": "Khandaker Jafor Ahmed",
                "rating": 5,
                "contributor_id": "112120062501772710136",
                "description": "I consistently have a great experience here, both with the food and the customer service, which is always excellent. The menu offers a variety of delicious dishes, but I particularly enjoy the Bullet Naan and Keema Naan, which pair perfectly with curries like Mughlai Chicken, Hariyani Chicken, and Chettinadu Lamb. The prices are very reasonable, especially considering that each curry comes with complimentary rice. Another standout item on the menu is the Vegetable Cutlet, which makes for an excellent appetizer. Overall, this place offers great value for money and consistently delivers on taste and service.",
                "link": "https://www.google.com/maps/reviews/data=!4m8!14m7!1m6!2m5!1sChZDSUhNMG9nS0VJQ0FnSUM3bDZtblFREAE!2m1!1s0x0:0xf4a6b154f2cf3ff1!3m1!1s2@1:CIHM0ogKEICAgIC7l6mnQQ%7CCgwIkcOJtgYQyM6ElAM%7C?hl=en-US",
                "images": [
                    {
                        "thumbnail": "https://lh5.googleusercontent.com/p/AF1QipN-0Rqf4LMciUdi2olYcJ2-OxDSlKkFTW0nbvf5=w150-h150-k-no-p"
                    },
                    {
                        "thumbnail": "https://lh5.googleusercontent.com/p/AF1QipMsXdkcxJ-56ckF3EOsrI8QsVTzZ9ht-pcOUkAe=w150-h150-k-no-p"
                    }
                ],
                "date": "3 months ago"
            },
            {
                "username": "Faith Evans",
                "rating": 5,
                "contributor_id": "106347365010588298153",
                "description": "We got lucky finding this amazing place. My daughter and I are visiting for the week and we ate here twice. We will be back the next time we are in Ann Arbor. I had the chicken curry and the shrimp vindaloo",
                "link": "https://www.google.com/maps/reviews/data=!4m8!14m7!1m6!2m5!1sChdDSUhNMG9nS0VJQ0FnSURielBHcXN3RRAB!2m1!1s0x0:0xf4a6b154f2cf3ff1!3m1!1s2@1:CIHM0ogKEICAgIDbzPGqswE%7CCgwIxa-0tQYQ2MPQzQI%7C?hl=en-US",
                "images": [
                    {
                        "thumbnail": "https://lh5.googleusercontent.com/p/AF1QipPeTVDz38AQJiDN9D_TX2WhzETISERo9Qj_joj8=w150-h150-k-no-p"
                    },
                    {
                        "thumbnail": "https://lh5.googleusercontent.com/p/AF1QipPl330AE8TachUzYC6f36qWkEoGi5WpO5tzgW-n=w150-h150-k-no-p"
                    }
                ],
                "date": "3 months ago"
            },
            {
                "username": "Gopi Danala",
                "rating": 1,
                "contributor_id": "117944970900457425008",
                "description": "The food was not authentic, tasteless, bland, and poorly made. Being an Indian visiting Michigan this week, I had an opportunity to try food here. I would definitely steer far away from this place and eat at other cuisines for the rest of my stay. Not sure how they are surviving given such a low standard of quality. Wouldn't recommend it.",
                "link": "https://www.google.com/maps/reviews/data=!4m8!14m7!1m6!2m5!1sChdDSUhNMG9nS0VJQ0FnSURYMDdpRm53RRAB!2m1!1s0x0:0xf4a6b154f2cf3ff1!3m1!1s2@1:CIHM0ogKEICAgIDX07iFnwE%7CCgwI1NKKuQYQwKfw8AI%7C?hl=en-US",
                "date": "3 weeks ago"
            },
            {
                "username": "Vandana Ohri",
                "rating": 3,
                "contributor_id": "102566252622629785890",
                "description": "This restaurant has an excellent chef but weak management. The service part is almost missing. We were the only family dining in, still the  waiter missed one of our orders. Waiter won\u2019t come back to ask if you need anything else, not even dessert! He brought the bill as soon as he finished serving the dishes. We felt rushed. However, the food was absolutely delicious. If I ever go back, it\u2019ll be just for the taste. The overall experience was quite mixed.",
                "link": "https://www.google.com/maps/reviews/data=!4m8!14m7!1m6!2m5!1sChdDSUhNMG9nS0VJQ0FnSUNicUpUdjd3RRAB!2m1!1s0x0:0xf4a6b154f2cf3ff1!3m1!1s2@1:CIHM0ogKEICAgICbqJTv7wE%7CCgsIn_X6tAYQ4PTuOg%7C?hl=en-US",
                "date": "4 months ago"
            }
        ]
    },
    "Services": {
        "dine_in": true,
        "curbside_pickup": true,
        "no_contact_delivery": true
    }
}