{
    "docid": 109,
    "Title": "Madras Masala Restaurant",
    "Price": [],
    "Place ID": "ChIJQd-tQz-uPIgRnEKEr1N5Ink",
    "Type ID": [],
    "Type": [
        "Indian restaurant"
    ],
    "Menu": {
        "link": "https://www.madrasmasala.com/",
        "source": "madrasmasala.com",
        "items": []
    },
    "Address": "2016 Packard St, Ann Arbor, MI 48104",
    "GPS Coordinates": {
        "latitude": 42.257175499999995,
        "longitude": -83.727763
    },
    "Phone Number": "(734) 222-9006",
    "Rating": 4.2,
    "Rating Summary": [
        {
            "stars": 1,
            "amount": 100
        },
        {
            "stars": 2,
            "amount": 48
        },
        {
            "stars": 3,
            "amount": 145
        },
        {
            "stars": 4,
            "amount": 360
        },
        {
            "stars": 5,
            "amount": 887
        }
    ],
    "Opening Hours": [
        {
            "friday": "11:30\u202fAM\u20132:30\u202fPM, 4:30\u20139:30\u202fPM"
        },
        {
            "saturday": "11:30\u202fAM\u20133:30\u202fPM, 4:30\u20139:30\u202fPM"
        },
        {
            "sunday": "11:30\u202fAM\u20133:30\u202fPM, 4:30\u20139\u202fPM"
        },
        {
            "monday": "11:30\u202fAM\u20132:30\u202fPM, 4:30\u20139:30\u202fPM"
        },
        {
            "tuesday": "11:30\u202fAM\u20132:30\u202fPM, 4:30\u20139:30\u202fPM"
        },
        {
            "wednesday": "11:30\u202fAM\u20132:30\u202fPM, 4:30\u20139:30\u202fPM"
        },
        {
            "thursday": "11:30\u202fAM\u20132:30\u202fPM, 4:30\u20139:30\u202fPM (Thanksgiving)"
        }
    ],
    "Description": "South Indian & Indo-Chinese restaurant with an extensive menu of over 170 dishes & a lunch buffet.",
    "Details": [
        {
            "highlights": [
                "Great tea selection"
            ]
        },
        {
            "popular_for": [
                "Lunch",
                "Dinner",
                "Solo dining"
            ]
        },
        {
            "accessibility": [
                "Wheelchair accessible entrance",
                "Wheelchair accessible parking lot",
                "Wheelchair accessible restroom",
                "Wheelchair accessible seating"
            ]
        },
        {
            "offerings": [
                "Coffee",
                "Comfort food",
                "Halal food",
                "Healthy options",
                "Quick bite",
                "Small plates",
                "Vegan options",
                "Vegetarian options"
            ]
        },
        {
            "dining_options": [
                "Breakfast",
                "Lunch",
                "Dinner",
                "Catering",
                "Dessert",
                "Seating"
            ]
        },
        {
            "amenities": [
                "Restroom"
            ]
        },
        {
            "atmosphere": [
                "Casual",
                "Cozy",
                "Trendy"
            ]
        },
        {
            "crowd": [
                "College students",
                "Groups",
                "Tourists"
            ]
        },
        {
            "planning": [
                "Accepts reservations"
            ]
        },
        {
            "payments": [
                "Credit cards",
                "Debit cards",
                "NFC mobile payments"
            ]
        },
        {
            "children": [
                "Good for kids",
                "High chairs"
            ]
        },
        {
            "parking": [
                "Free parking lot",
                "Plenty of parking"
            ]
        }
    ],
    "User Reviews": {
        "summary": [
            {
                "snippet": "\"Ordered rawa dosa , masala dosa , chicken lollipop and mango lassi .\""
            },
            {
                "snippet": "\"The place is nice, service is good but the food lacks flavor.\""
            },
            {
                "snippet": "\"The price was reasonable for how much I ate, and staff handled our group well.\""
            }
        ],
        "most_relevant": [
            {
                "username": "PR",
                "rating": 4,
                "contributor_id": "111963120075065141288",
                "description": "They have diverse menu in veg and non-veh, but we went for vegetarian and had ordered onion rava masala dosa, Mysore masala dosa, cut mirchi, garlic cheese masala dosa, rice and dal, wada, idli, and tea. The dosas were tasty, though it would have been perfect if the masala was inside the dosa rather than served on the side. The idli was good, while the wada was just okay. The cut mirchi was huge but didn't quite match the taste of those we savor in Telangana or Andhra restaurants.\n\nUnfortunately, the tea was disappointing, but the staff graciously removed it from the bill.\n\nAdditionally, it would be better if the chutneys were freshly made and served on the same day. They were cold, likely because they had been prepared the night before and stored in the refrigerator.\n\nService was commendable, with the owners themselves managing and providing warm hospitality. Overall, a good spot with room for slight improvements in certain dishes.",
                "link": "https://www.google.com/maps/reviews/data=!4m8!14m7!1m6!2m5!1sChdDSUhNMG9nS0VJQ0FnSURYeWVDRDRBRRAB!2m1!1s0x0:0x79227953af84429c!3m1!1s2@1:CIHM0ogKEICAgIDXyeCD4AE%7CCgsIvNf_uAYQwL76AQ%7C?hl=en-US",
                "images": [
                    {
                        "thumbnail": "https://lh5.googleusercontent.com/p/AF1QipPPxGOfKdcSx3Q0fJmdcgQlCSAL_D5OaQV0kS5J=w150-h150-k-no-p"
                    },
                    {
                        "thumbnail": "https://lh5.googleusercontent.com/p/AF1QipPKovznBWb-75O8cGyrOZktwKtvxvz8Glc0lOg_=w150-h150-k-no-p"
                    },
                    {
                        "thumbnail": "https://lh5.googleusercontent.com/p/AF1QipPXiYNVjQ9SiFWqhAOjT6FBZQdqk6MFRXFYbMCa=w150-h150-k-no-p"
                    },
                    {
                        "thumbnail": "https://lh5.googleusercontent.com/p/AF1QipNsjPmn3a6asOMBWnJXdALUYOvsNPfYAdtUqkLt=w150-h150-k-no-p"
                    },
                    {
                        "thumbnail": "https://lh5.googleusercontent.com/p/AF1QipMCI9Uf0WxDB9JqveFnbmOq54qRNCJPGM40p39k=w150-h150-k-no-p"
                    },
                    {
                        "thumbnail": "https://lh5.googleusercontent.com/p/AF1QipMaBX9aAHTGiCDuxMStiL8fJWjSgjCDI_vfHvbq=w150-h150-k-no-p"
                    },
                    {
                        "thumbnail": "https://lh5.googleusercontent.com/p/AF1QipMXWpwPgaDBdShFYd56H39M5H1IYhxBiaoz5del=w150-h150-k-no-p"
                    },
                    {
                        "thumbnail": "https://lh5.googleusercontent.com/p/AF1QipOFb_i9D25ydNnJtHbmFVr3Wn8Bh2uxh4YiV00C=w150-h150-k-no-p"
                    },
                    {
                        "thumbnail": "https://lh5.googleusercontent.com/p/AF1QipOhZXRiKlUXRqQvEuNtd60wKjaO0TtbomUArj4Y=w150-h150-k-no-p"
                    },
                    {
                        "thumbnail": "https://lh5.googleusercontent.com/p/AF1QipO-W6C9gzd2Rf-CwFd0pWoUxOTwOvvECxFAmxKc=w150-h150-k-no-p"
                    },
                    {
                        "thumbnail": "https://lh5.googleusercontent.com/p/AF1QipOixMRxHpVns2cmdMNkGfWMkK3W9Luz0kTr0xIk=w150-h150-k-no-p"
                    },
                    {
                        "thumbnail": "https://lh5.googleusercontent.com/p/AF1QipN2Qt3MW4evtz73cdBJ7LCVb7TEMiFYvERSp6L_=w150-h150-k-no-p"
                    },
                    {
                        "thumbnail": "https://lh5.googleusercontent.com/p/AF1QipNO21XZRjNt5DneNrmeOm7xCF375m8vHdxgs-Ea=w150-h150-k-no-p"
                    },
                    {
                        "thumbnail": "https://lh5.googleusercontent.com/p/AF1QipMPuidzb28RfGRHvGYXfITkZdqzShNUtOYo4Etb=w150-h150-k-no-p"
                    },
                    {
                        "thumbnail": "https://lh5.googleusercontent.com/p/AF1QipNV7mr6PaQqBlYLHsGf7zPhQx0IFPmOtvm47OUA=w150-h150-k-no-p"
                    },
                    {
                        "thumbnail": "https://lh5.googleusercontent.com/p/AF1QipOYVq-r1MMxNbYcZHrMb4eA6eK3nK_czbXJ9dwn=w150-h150-k-no-p"
                    }
                ],
                "date": "3 weeks ago"
            },
            {
                "username": "Raj Kholiya",
                "rating": 5,
                "contributor_id": "109856620972956977161",
                "description": "It seems I could finally go to a place in Ann Arbor when I want to have real Indian taste. The manager Priscilla is exceptional and makes your dining experience outstanding by offering the best services.\nStaff members also welcome and treat customers with big smile.\nFood Quantity: More than average\nFood Quality: Paper masala dosa was very good. We also ordered chicken biryani which was good in taste but the rice was sticky which gave a feeling of pulav instead of biryani. Overall food Quality was good.\nPrices: Average\nLocation: Very convenient and have a lot of parking.\n\nOverall recommended for good Indian food.",
                "link": "https://www.google.com/maps/reviews/data=!4m8!14m7!1m6!2m5!1sChZDSUhNMG9nS0VJQ0FnSUNIeGJPM2RREAE!2m1!1s0x0:0x79227953af84429c!3m1!1s2@1:CIHM0ogKEICAgICHxbO3dQ%7CCgwI5qfutgYQyNvJwQM%7C?hl=en-US",
                "images": [
                    {
                        "thumbnail": "https://lh5.googleusercontent.com/p/AF1QipMJoOxejS4d8uYB1HCd56RX-CwwAbnMcQN7BSzY=w150-h150-k-no-p"
                    },
                    {
                        "thumbnail": "https://lh5.googleusercontent.com/p/AF1QipMN_NDAopVZY5ZtqNTdr1XD_8fyE-V7s7PkrHWF=w150-h150-k-no-p"
                    },
                    {
                        "thumbnail": "https://lh5.googleusercontent.com/p/AF1QipMfY1w7-cxOfuoTiSSdK7pdSiZ47UZCtdUP-IL0=w150-h150-k-no-p"
                    },
                    {
                        "thumbnail": "https://lh5.googleusercontent.com/p/AF1QipOPoRwCrUJr4o_hgjWFhT8a8CIl1FXpQP2S-luM=w150-h150-k-no-p"
                    },
                    {
                        "thumbnail": "https://lh5.googleusercontent.com/p/AF1QipOIXLTKQ-lxBFNk9W0MuJw6fIrJnmzy07_BtheY=w150-h150-k-no-p"
                    },
                    {
                        "thumbnail": "https://lh5.googleusercontent.com/p/AF1QipOH_72BJ9ZRj01gDQP0MIrp6f2-OfKSB2x8tjNU=w150-h150-k-no-p"
                    },
                    {
                        "thumbnail": "https://lh5.googleusercontent.com/p/AF1QipO5CGnP3D2B_R4SN-WPPYG8-Lt3WrQzIEhAIqwd=w150-h150-k-no-p"
                    },
                    {
                        "thumbnail": "https://lh5.googleusercontent.com/p/AF1QipNmwedcLBCdHPcJZSqyzEPy9nRosdDwc9YLXKGX=w150-h150-k-no-p"
                    },
                    {
                        "thumbnail": "https://lh5.googleusercontent.com/p/AF1QipM6Sm4cgjMSUxTOv-vb1jvqskIJCzXfrXKfh-gm=w150-h150-k-no-p"
                    },
                    {
                        "thumbnail": "https://lh5.googleusercontent.com/p/AF1QipNzLyRKKcNNRBXTwYzX4m9tK6ym8xtvwIWelGTl=w150-h150-k-no-p"
                    },
                    {
                        "thumbnail": "https://lh5.googleusercontent.com/p/AF1QipOiTzc1zQwu8-eu-zCR5dRxjt80hhiSiUCWGIhD=w150-h150-k-no-p"
                    },
                    {
                        "thumbnail": "https://lh5.googleusercontent.com/p/AF1QipM3Cwo7jzBqU9j9ERRyuENPjO78mibH3hu9Fkcm=w150-h150-k-no-p"
                    },
                    {
                        "thumbnail": "https://lh5.googleusercontent.com/p/AF1QipO64bJyPxEUR5rXdb2eLc6yCtJDtjLfA-9_fFmz=w150-h150-k-no-p"
                    },
                    {
                        "thumbnail": "https://lh5.googleusercontent.com/p/AF1QipOK9MhufS3v43oDmfQzM6ISayx5N_w55X5-wtme=w150-h150-k-no-p"
                    },
                    {
                        "thumbnail": "https://lh5.googleusercontent.com/p/AF1QipNOcXeAYvFYdg4FAFtF11U34BTVfnPNcFE3YG6X=w150-h150-k-no-p"
                    },
                    {
                        "thumbnail": "https://lh5.googleusercontent.com/p/AF1QipOomV8G1wed8k8_K-URsS3QOOfOqZIA_6JL93e1=w150-h150-k-no-p"
                    }
                ],
                "date": "2 months ago"
            },
            {
                "username": "Chitra Solomon",
                "rating": 4,
                "contributor_id": "110856583088489269982",
                "description": "Mrs. Priscilla is very friendly and took care of each one\u2019s request and food order.\n\nGobi 65 was very good.  Chicken lollipop was good.\n\nMutton chukka is a must try\n\nPortion size is average.",
                "link": "https://www.google.com/maps/reviews/data=!4m8!14m7!1m6!2m5!1sChdDSUhNMG9nS0VJQ0FnSUNidVlyeDlBRRAB!2m1!1s0x0:0x79227953af84429c!3m1!1s2@1:CIHM0ogKEICAgICbuYrx9AE%7CCgwI0p-ctQYQ8L25kgE%7C?hl=en-US",
                "images": [
                    {
                        "thumbnail": "https://lh5.googleusercontent.com/p/AF1QipO1oEQOpDTetpihN41YH5fBYew-bMYgZCpDNzUW=w150-h150-k-no-p"
                    },
                    {
                        "thumbnail": "https://lh5.googleusercontent.com/p/AF1QipMDS5kzPPGSMlK6d2Pncj77_DVfnrFH4I3pfCYO=w150-h150-k-no-p"
                    },
                    {
                        "thumbnail": "https://lh5.googleusercontent.com/p/AF1QipPS2jNGSIygzbUYc1aTvUJqJ-P0d5tPbrkh2jM5=w150-h150-k-no-p"
                    },
                    {
                        "thumbnail": "https://lh5.googleusercontent.com/p/AF1QipPzK4bb0nWvnJPaheiQ1ug8fYeY7sP3lmHoY9QU=w150-h150-k-no-p"
                    },
                    {
                        "thumbnail": "https://lh5.googleusercontent.com/p/AF1QipOqza9q0FRdoUu81p1nC99JlOBI2v3X0tFDTi90=w150-h150-k-no-p"
                    },
                    {
                        "thumbnail": "https://lh5.googleusercontent.com/p/AF1QipMutMIPGU0S3457zNTYcPzN0DaJnnDtr4k1OdZk=w150-h150-k-no-p"
                    },
                    {
                        "thumbnail": "https://lh5.googleusercontent.com/p/AF1QipM9Lb-8Z27zpPJulh_83VCeKcqP-JG3MITWYJJ9=w150-h150-k-no-p"
                    },
                    {
                        "thumbnail": "https://lh5.googleusercontent.com/p/AF1QipPe1T_xJ1D8oC_aXOkysrjGzD8i9kHyh5rCpDqw=w150-h150-k-no-p"
                    },
                    {
                        "thumbnail": "https://lh5.googleusercontent.com/p/AF1QipNOvK4SXV2rGl6aAbq0N_0UKdbtvX3sBHE-9dzy=w150-h150-k-no-p"
                    },
                    {
                        "thumbnail": "https://lh5.googleusercontent.com/p/AF1QipOcL-zrWBigsizll7Zc8C5iS-geF_a3cpfZJnJa=w150-h150-k-no-p"
                    }
                ],
                "date": "3 months ago"
            },
            {
                "username": "Suzanne Walsh",
                "rating": 5,
                "contributor_id": "110653430962215533228",
                "description": "I had an amazing experience here for my daughter\u2019s sweet 16 birthday dinner. Priscilla was a joy to work with - she made great suggestions for the menu, answered all my questions, kept in contact throughout the planning, and accommodated a last minute food allergy. We brought in our own table settings  and balloons\u2026our guests had a wonderful time and absolutely LOVED the food. I can\u2019t wait to have another party here! 10/10 - highly recommend!!",
                "link": "https://www.google.com/maps/reviews/data=!4m8!14m7!1m6!2m5!1sChZDSUhNMG9nS0VJQ0FnSUREcE1YZUJnEAE!2m1!1s0x0:0x79227953af84429c!3m1!1s2@1:CIHM0ogKEICAgIDDpMXeBg%7CCgwIm77BsAYQ6Ojp5QI%7C?hl=en-US",
                "images": [
                    {
                        "thumbnail": "https://lh5.googleusercontent.com/p/AF1QipPgQab5ljAp1osg04s-1JTNUfg-RBpe9ovx2NBi=w150-h150-k-no-p"
                    },
                    {
                        "thumbnail": "https://lh5.googleusercontent.com/p/AF1QipN_YCVHCmSIZc1NQo0-77Qj8DcfjE1p9aI7eQmV=w150-h150-k-no-p"
                    },
                    {
                        "thumbnail": "https://lh5.googleusercontent.com/p/AF1QipObGXG5OEYUg2pHlGwBhmPte5HZUgrxRTtDM0sb=w150-h150-k-no-p"
                    },
                    {
                        "thumbnail": "https://lh5.googleusercontent.com/p/AF1QipNRir9zspQpEQ1hsq98KM19IzG22zyydSwgZyv9=w150-h150-k-no-p"
                    }
                ],
                "date": "7 months ago"
            },
            {
                "username": "Danielle Mackey",
                "rating": 5,
                "contributor_id": "118355335795180954156",
                "description": "I\u2019ve been to this restaurant a few times and they gained a forever customer out of me. I was having a really rough day and the staff/i do believe owner spoke so much life into me. I left with a full belly and heart. I love businesses that go above and beyond and Madras Masala is a hidden gem that will leave you feeling beyond satisfied. You want great Indian food go here.",
                "link": "https://www.google.com/maps/reviews/data=!4m8!14m7!1m6!2m5!1sChZDSUhNMG9nS0VJQ0FnSUNUN1kyeEp3EAE!2m1!1s0x0:0x79227953af84429c!3m1!1s2@1:CIHM0ogKEICAgICT7Y2xJw%7CCgsI-9afsgYQ6NKqPQ%7C?hl=en-US",
                "images": [
                    {
                        "thumbnail": "https://lh5.googleusercontent.com/p/AF1QipM3t-rUBAmHtMOCBOpk-2Nmogu4s1aTIKZSzDu_=w150-h150-k-no-p"
                    },
                    {
                        "thumbnail": "https://lh5.googleusercontent.com/p/AF1QipPG2PK_zTesBzCbDfG3McRgbkHTEXhWS0suxF_w=w150-h150-k-no-p"
                    },
                    {
                        "thumbnail": "https://lh5.googleusercontent.com/p/AF1QipNvuCkE4Mq6HHBenDZJ9hM-xOdEF7mbtjxhrl2U=w150-h150-k-no-p"
                    },
                    {
                        "thumbnail": "https://lh5.googleusercontent.com/p/AF1QipNCB2QYSa8TGfab9MEFgP6EMmhf-2WH2Pk64EDa=w150-h150-k-no-p"
                    }
                ],
                "date": "6 months ago"
            },
            {
                "username": "Hank Putter",
                "rating": 4,
                "contributor_id": "110004903601536251886",
                "description": "Unfortunately this used to be a Hank Putter 5 stars, but recently had some friends go and they said their pakora/fried food tasted FISHY. Seems like they are reusing the same frying oil for everything :(. But other than that, THE OTHER FOOD IS AMAZE. Imo, one of the best Indian places in Ann Arbor. Is it THE best? I\u2019m conflicted now. Hopefully as I continue to live life I will have an answer for you all.",
                "link": "https://www.google.com/maps/reviews/data=!4m8!14m7!1m6!2m5!1sChZDSUhNMG9nS0VJQ0FnSUNsZ3VySE1REAE!2m1!1s0x0:0x79227953af84429c!3m1!1s2@1:CIHM0ogKEICAgIClgurHMQ%7CCgsI1_vWtAYQqNiMdw%7C?hl=en-US",
                "images": [
                    {
                        "thumbnail": "https://lh5.googleusercontent.com/p/AF1QipNnvq8s0_XjS1lrNjIyisy48o5-ZDaKpFN9lesH=w150-h150-k-no-p"
                    },
                    {
                        "thumbnail": "https://lh5.googleusercontent.com/p/AF1QipMdjvLCQmBAK3M2mqmFMzAO8_Zp7VrI6Mvsibbx=w150-h150-k-no-p"
                    },
                    {
                        "thumbnail": "https://lh5.googleusercontent.com/p/AF1QipN9fDgBXOuqHZCHVOeE60k_DfYsG1UHXtR3CW5D=w150-h150-k-no-p"
                    },
                    {
                        "thumbnail": "https://lh5.googleusercontent.com/p/AF1QipMnQLJk10K8kw7ss6uV9LRI5io51ospicgESdZS=w150-h150-k-no-p"
                    },
                    {
                        "thumbnail": "https://lh5.googleusercontent.com/p/AF1QipMSRLh5IaUNrE6IU4lU8a0IYydghZV77tdgaF8m=w150-h150-k-no-p"
                    },
                    {
                        "thumbnail": "https://lh5.googleusercontent.com/p/AF1QipNzBIlTEaaCDhFkuyhK68vI8_kDeKmmvXr2oX8u=w150-h150-k-no-p"
                    },
                    {
                        "thumbnail": "https://lh5.googleusercontent.com/p/AF1QipNJQOHGbzSX50eBuom9KoQ75o8J5k2ISw5BqIDd=w150-h150-k-no-p"
                    },
                    {
                        "thumbnail": "https://lh5.googleusercontent.com/p/AF1QipOBF9brJynoLSBwnwCFIwjOlA_NzNIaWvP4LSxZ=w150-h150-k-no-p"
                    },
                    {
                        "thumbnail": "https://lh5.googleusercontent.com/p/AF1QipOU_S2TKhuLbAT6-0buQrnyrwx0xjXRD5Cd9I0b=w150-h150-k-no-p"
                    },
                    {
                        "thumbnail": "https://lh5.googleusercontent.com/p/AF1QipPM4av9qtZQVzRpnrWIVP0cW6KyczxiR-8p12-s=w150-h150-k-no-p"
                    },
                    {
                        "thumbnail": "https://lh5.googleusercontent.com/p/AF1QipMPao7mLGxfZuK3LZtaOm1_pBAkJ_4f6gD_6LDk=w150-h150-k-no-p"
                    }
                ],
                "date": "4 months ago"
            },
            {
                "username": "Corrin Davis Leverton",
                "rating": 5,
                "contributor_id": "115634789768060697396",
                "description": "10/10! The portions are very generous and everything is absolutely delicious - I don't think you could go wrong with anything on their menu. The staff are so so kind and helpful as well. (Pictures of samosas, garlic naan, vindaloo, and chettinadu - forgot to take a picture of the mango lassi!)",
                "link": "https://www.google.com/maps/reviews/data=!4m8!14m7!1m6!2m5!1sChdDSUhNMG9nS0VJQ0FnSUR6OGFTR3RRRRAB!2m1!1s0x0:0x79227953af84429c!3m1!1s2@1:CIHM0ogKEICAgIDz8aSGtQE%7CCgwI6ameswYQoMiOzwM%7C?hl=en-US",
                "images": [
                    {
                        "thumbnail": "https://lh5.googleusercontent.com/p/AF1QipOFDBspaXGo8vuM4O6yP5VMWQO2Oy9J9dq6eYWv=w150-h150-k-no-p"
                    },
                    {
                        "thumbnail": "https://lh5.googleusercontent.com/p/AF1QipPR8-H0tY6QZg4u3oHq8o0s36dr_BcIf5z3D4Ar=w150-h150-k-no-p"
                    }
                ],
                "date": "5 months ago"
            },
            {
                "username": "Garden City Dental Center",
                "rating": 5,
                "contributor_id": "112881822127063391112",
                "description": "Delicious Food!!!! The best hosting experience by the owner Precilla !!!\nFamily owned Business . If you like not too spicy they will cook it to your taste. If you like spicy they will make it spicy for you!!",
                "link": "https://www.google.com/maps/reviews/data=!4m8!14m7!1m6!2m5!1sChZDSUhNMG9nS0VJQ0FnSUMzcmVxNUZ3EAE!2m1!1s0x0:0x79227953af84429c!3m1!1s2@1:CIHM0ogKEICAgIC3req5Fw%7CCgsI-P61uQYQ2MePBw%7C?hl=en-US",
                "images": [
                    {
                        "thumbnail": "https://lh5.googleusercontent.com/p/AF1QipMMHsXYYCXPHSjdcIYubOtLffqb8k_DykzzD4d9=w150-h150-k-no-p"
                    }
                ],
                "date": "2 weeks ago"
            }
        ]
    },
    "Services": {
        "dine_in": true,
        "takeout": true,
        "no_contact_delivery": true
    }
}