{
    "docid": 116,
    "Title": "Benny's Family Dining",
    "Price": [],
    "Place ID": "ChIJGeP_OLSvPIgRQjnLyY0TF6s",
    "Type ID": [],
    "Type": [
        "Restaurant"
    ],
    "Menu": {
        "link": "http://places.singleplatform.com/bennys-family-dining/menu?ref=google",
        "source": "places.singleplatform.com",
        "items": "Appetuzers\n\nMOZZARELLA CHEESE STICKS .....cccsscsecentsesesereneses 8.59\nBUFFALO WING DINGS ........:scccceee 5PC7.59 8pc10.59\nSERVED WITH RANCH OR BBQ SAUCE\nBa ratepepala . 8.99 ONION RINGS. ...ccccccnsccceseccscecescccssuorensecsnscsensrscesesssccencs 6.99\nLAMING CHEESE SERVED\nAarny BITA BREAD BATTERED MUSHROOMS 22... ..ccsccesccnssercsssescensccessenens 7.59\nCHICKEN STRIPS (4).....ccccccsseecsseccssnersenesseesanseaceneseness 8.99\n\nSOUPS o: CHILI\n\nVEGETABLE SOUP..........00004\nSOUP OF THE DAY ....scssecceseees\nPLAIN CHILL .......cccccssseeeeeeeeseees\n\nCUP 3.79 BOWL4.99\nCUP 3.79 BOWL4.99\nCUP 4.79 BOWL5.99\n\nSERVED WITH RANCH OR BBQ SAUCE\n\nFresh Garden Salaas\n\nDRESSINGS: GREEK, RANCH, LOW CAL ITALIAN, THOUSAND ISLAND, FRENCH, OIL & VINEGAR\n\n(BLEU CHEESE .. ADD 59\u00a2)\n\n(EXTRA DRESSING .. ADD 59\u00a2)\n\nOUR FAMOUS GREEK\n\nBABY ..6.99 SMALL.\n\n.9.99 LARGE... 11.99\n\nLETTUCE, TOMATOES, ONIONS, CUCUMBERS,.BEETS, GREEK OLIVES,\n__PEPPERONCINI AND, FETA CHEESE COVERED WITH .\n| OUR DELICIOUS GREEK DRESSING\nADD CHICKEN BREAST OR GYRO MEAT. TO ANY GREEK SALAD FOR... A. 99\n\n~ JULIENNE SALAD MEDIUM .. 10.99. LARGE... 13.99\nLETTUCE, TOMATOES, CUCUMBERS; HAM, TURKEY,\n\u201cGHARD BOILED EGG & TOPPED WITH FINE BLENDED CHEESES\u201d\n\nGRILLED-CHICKEN SALAD .. 14.99\nWARM TENDER SLICES OF MARINATED CHICKEN BREAST. ON A BED OF LETTUCE WITH\n\u201cTOMATOES,\u201d ONIONS, CUCUMBERS, OLIVES, PEPPERONCINI PEPPERS\n\n~ & TOPPED WITH FINE BLENDED. CHEESES ,\n\n--TUNA SALAD .. 14. 99\nTUNA. HARD BOILED EGGS, TOMATOES, CUCUMBERS, ONA BED OF\n~ ~\u00abLETTUCE & TOPPED WITH. FINE BLENDED CHEESES\n\n7 TOSSED SALAD .. 4.99\nLETTUCE, TOMATOES, CUCUMBERS AND YOUR CHOICE OF DRESSING\n\ncow-Cal Selections\n\nTUNA SALAD PLATE ....c.cccssccensesnnennnseneeenenees 11:99\nSCOOP OF WHITE TUNA WITH HARD BOILED EGG,\nCOTTAGE CHEESE, LETTUCE & TOMATO GARNISH\nCHOPPED SIRLOIN PLATE\u2122........:::seseseeeseeees 11.99\nWITH HARD BOILED EGG, COTTAGE CHEESE,\nLETTUCE & TOMATO GARNISH\nCHICKEN BREAST .......ccccsessesseessceenecssensneenas 11.99\nGRILLED MARINATED CHICKEN BREAST WITH\nHARD BOILED EGG, COTTAGE CHEESE, LETTUCE\n& TOMATO GARNISH\n\nsiae Orders\n\nFRENCH FRIES....0.......cccccscedancecsccanssccssvasactaces 4.79\nCHILI FRIES seccicccuciccesccieccccionlosectepntecocedecccsuedes 6.59\nCHILI & CHEESE FRIES ..........cccecccdassascrcecsaees 7.99\nRICE PILAF. .iescesecccaceveccsgceccspecerqneccvcsnrescejecsesoee 4.99\nCOLESLAW. fa vesciecresiectedesccceqedscarccnsncscsnctsceapses 4.59\nCOTTAGE CHEESE vec scceiccicceiccedinsecccassccasensonce 4.99\nPITA BREAD 2.2. .cccciciccdcgcccnsaseecccediocesens Seater ft 1.99\n\n*MAY BE COOKED TO ORDER. NoTICE .. CONSUMING RAW OR UNDERCOOKED MEATS, POULTRY, SEAFOOD, SHELLFISH\nOR EGGS MAY INCREASE YOUR RISK OF FOODBORNE ILLNESS, ESPECIALLY IF YOU HAVE A MEDICAL CONDITION.\nBURGERS INCLUDE\nLETTUCE, TOMATOES,\nONIONS, PICKLES\n\n& MAYO\n1/4 LB. HAMBURGER?  ........cccsccscsssecececseesseersenen 6.59\nWITH CHEESE.........ccccseccsecsectessccsacssnressrseersseesees 7.29\n1/2 LB. HAMBURGER? .......ccccesscsscssescesssensseseseeess 8.59\nWITH GHEESE .iscssccciscecezeccvergeacaavsceceoocigelacefee\u00e9ee: 9.29\n1/4 LB. BACON CHEESEBURGER? ......:csssss000000: 8.99\nFRENCH BURGER? .....ccccccscssssscecesecsccseseeceeceaseesees 7.99\n\nWITH GRILLED ONIONS, MUSHROOMS\n& SWISS CHEESE\n\nPRA ULV BIBL caupevichicrusniaattctehsescinadseseh daceethcnsneess 8.99\n\n1/4 LB. GROUND BEEF WITH SWISS CHEESE\n& GRILLED ONIONS ON GRILLED RYE BREAD\n\nTURKEY WITH LETTUCE, TOMATO\n& MAYONNAISE\n\nWITH: CHEESE cari ciceiicnsecitarchsenZectenrtesitcedtignsesyubes 7.99\n\nDELUXE: WITH FRIES & COLESLAW FOR 5.99 EXTRA\n\nCHICKEN & BACON WRAP. .......:.:c:cecensnsennseenecens 12.99\nSLICED GRILLED CHICKEN BREAST, BACON,\nBLENDED CHEESE, RANCH, LETTUCE & TOMATO\nWRAPPED IN A GRILLED TORTILLA\n\nCHICKEN STRIP & BACON WRAP..,.:..0.::c00000 12.99\nCHICKEN STRIPS, BACON, LETTUCE, TOMATO &\nBLENDED CHEESE\n\nTURKEY, BACON, LETTUCE, TOMATO\n& BLENDED CHEESE\n\nCHICKEN FAJITA WRAP. ....0.:::ceseccssseensencennes nS toc 12.99\nGRILLED CHICKEN, GRILLED GREEN\nPEPPERS AND ONIONS, LETTUCE, TOMATO\n& BLENDED CHEESE\n\nTUNA WRAP... ...c:0cececescsesesnesescncncensensnessecsenesenesesss 12.99\nWITH CHEESE, LETTUCE & TOMATO\n\nCONEY SEAN DD dateaccosdsnocdchesesdindedscadtidcvesscqutecsanpaves 3.59\nSMOTHERED IN CHILI, TOPPED WITH MUSTARD & ONIONS\n\nIN A STEAMED BUN\nHOT DOG .iessecsesesessesssssescnsessscencesecsssceneessseseens wendedii 2.79\n\nADD CHEESE FOR 79\u00a2\n\nALL SANDWICHES AVAILABLE ON PITA BREAD .. ADD 99\u00a2\nSERVED WITH PICKLES\n\nGRILLED CHEESE ......sssssccssscessnccseennnenesens Saag ieeriass 5.99\nGRILLED HAM AND CHEESE. .........:scseccessseeensanees 8.99\nSf Ee en ep aalantdacovecennnenet btapedensndenense OVO\n\nBACON, LETTUCE, TOMATO & MAYONNAISE\nON YOUR CHOICE OF TOASTED BREAD\nSLIM JIM Seo Ee pe rk le Shee or vaghossstsensacety Oo\nGRILLED HAM, SWISS CHEESE, CRISP LETTUCE, TOMATO\n& MAYONNAISE ON A GRILLED STEAK BUN\nFISH SANDWICH ......ccccceeseeesercnsneenssenseenenranenonsees 10.99\n2 PIECES OF BATTER DIPPED FRIED COD FISH FILLETS\nON A STEAK BUN WITH LETTUCE, TOMATOES\n& MAYONNAISE\n\nTRIPLE DECKER, TURKEY, BACON, CRISP LETTUCE,\nTOMATOES & MAYONNAISE\n\nTUNA SALAD SANDWICH..........cescsseseccnenensnsnenens 9.99\n\nCORNED BEEF WITH CHEESE .............scseesnsneeenes 9.99\nEXTRA LEAN CORNED BEEF WITH SWISS CHEESE.\nON GRILLED RYE BREAD SERVED WITH\n1000 ISLAND DRESSING\n\nREUBEN iciiceeseeccisgencanentoncscuvecccstetxuaceststeebeaduapiens 10.99\n\nEXTRA LEAN CORNED BEEF, SWISS CHEESE &\nSAUERKRAUT ON GRILLED RYE BREAD SERVED WITH\n1000 ISLAND DRESSING\n\nGRILLED CHICKEN SANDWICH .............0c.e0nceees ..9.99\nMARINATED CHICKEN BREAST WITH LETTUCE, TOMATO,\nONION & MAYONNAISE\n\nTURKEY SANDWICH .......... cixcpuhohsodoadeaueaiuecoatiasnons 9.99\nSLICED ROASTED TURKEY WITH LETTUCE, TOMATO\n& MAYONNAISE, ON YOUR CHOICE OF TOASTED BREAD\n\nTUNA: MBE igi cenesdcececdsegdadicedafclaeeiticeseabatucststscnstved 9.99\nON RYE WITH SWISS CHEESE\n\nPHILLY STEAK SANDWICHES\n\nOUR PRIME THINLY SLICED U.S. BEEF STEAKS\nGRILLED TO PERFECTION WITH GRILLED\nONIONS & SWISS CHEESE\n\nCHEESE STEAK HOAGIE ..essessssescsesesesseseatens\nTRIE WORKS 332 ccsocbcsincccvecseccaslecsinpuaatusoence\n\ncree daaveug ube reyeineesenccascmeesdenaeers ehteseaqehocebessubends Oe Oe\n\nPHILLY STEAK WITH GRILLED ONIONS, MUSHROOMS & GREEN PEPPERS,\n\nTOPPED WITH SWISS CHEESE\n\n*MAY BE COOKED TO ORDER: NOTICE .. CONSUMING RAW OR UNDERCOOKED MEATS, POULTRY, SEAFOOD, SHELLFISH\nOR EGGS MAY INCREASE YOUR RISK OF FOODBORNE ILLNESS, ESPECIALLY IF YOU HAVE A MEDICAL CONDITION.\n\nS - Our\n\nwa . (eeenent Nf fcedd ifr if eit)\n| Gg)\n\u201c\n\nGYROS SSSR ERE E ee eeee ea Seseaaeunen seasanane SQRREREREEESRaeeaesesaseeeneeeeeses SGusegaeenasane Saeeeeseseeeaeeeeeee SSSSCSP eee sees eee eae 9.99\nGROUND LAMB AND BEEF, WITH LETTUCE, TOMATOES, ONIONS & CUCUMBER SAUCE\nCHICKEN GYRO.. PTRTTOITITIIITI ILI seaeeeanecaue PPT TTTITILi iis 9.99\nA MARINATED CHICKEN BREAST WITH LETTUCE, TOMATO, ONIONS & CUCUMBER SAUCE\nWRAPPED IN A PITA BREAD\nVEGETARIAN GYRO... .cccesceee saesacs Saeseeeanaesaeese Seeseeuseseusestecaseaeeasees saaseues PPTTTUTIVI Ce 8.99\nLETTUCE, TOMATOES, ONIONS & FETA CHEESE WRAPPED IN A PITA BREAD\nCHICKEN STRIPS GYRO saaee Seuueucan saseseneaue PORT L Ld, suuseeunenaee seneeunaeenes eugecsece 9.99\nSLICED TENDER CHICKEN STRIPS WITH SWISS CHEESE, LETTUCE. \u201cTOMATO, ONION & SAUCE\nA BABY GREEK SALAD SERVED WITH ANY GYRO FOR 4. 99\nSERVED WITH SOUP OR COLESLAW.\nADD SALAD FOR 1.99\u00b0\n\nMARINATED CHICKEN BREAST............. ilicteccaseotciasespesses\u00e9(\n\nTWO TENDER MARINATED CHICKEN BREASTS SERVED WITH FRENCH FRIES OR RICE\n\nGYRO PLATTER. ........ccc000 hatgedusieaaee vldducpadecnadens\n\nSERVED OPEN FACED WITH LETTUCE, TOMATOES, ONIONS & CUCUMBER SAUCE. \u2018SERVED WITH\n\nFRENCH FRIES OR RICE\n\nAeadee 14.59\n\nCHICKEN GYRO PLATTER..........ccceeennessenes Jubaptspectasecesersses wovdesdopenbodauans sacbsensovesoupbuces si\nSERVED OPEN FACED WITH MARINATED CHICKEN BREAST, LETTUCE, TOMATOES, ONIONS &\n\nCUCUMBER SAUCE. SERVED WITH FRENCH FRIES OR RICE\nCHICKEN STRIPS (4) cssscciscssecoiersoseesssssoyssseeensese er en, SE ea Et cdaags\n\nSERVED WITH FRENCH FRIES\n\nseaiood\n\nSERVED WITH SOUP\nOR COLESLAW.\nADD SALAD FOR 1.99\n\nFISH & CHIPS ............2 PC 11.99 3PC 15.99\nCOD FISH FILLETS DIPPED IN OUR SPECIAL BATTER\nAND FRIED TO A GOLDEN BROWN\n\n21 SHRIMP IN A BASKET. .......0:0sccseceeee soctoets 12.99\nDELICIOUS FRIED SHRIMP SERVED WITH FRIES,\nCOCKTAIL SAUCE & LEMON\n\nCHICKEN QUESADILLAS ..\n\n14.59\n\nstir-Fry\n\nSERVED WITH SOUP OR COLESLAW AND PITA BREAD.\nADD SALAD 1.99\n\nCHICKEN STIR FRY .......ccccccssessssssecnen secueceaeee1 0.99\nTENDER SLICES OF GRILLED MARINATED\nCHICKEN BREAST & GRILLED VEGETABLES\nOVER A BED OF RICE\n\nSTEAK STIR FRY ......ccsceeceess iweneuh seb cotaleacdectass 1099\nA GRILLED CHOPPED N.Y. STRIP STEAK AND GRILLED\nVEGETABLES OVER A BED OF.RICE\n\nVEGETABLE STIR FRY. ...............:: Saree Sin 14.99\nGRILLED VEGETABLES OVER A BED OF RICE\n\n14.59\n\nGRILLED FLOUR TORTILLAS FILLED WITH ONIONS, TOMATOES, GREEN PEPPER,\nFINE BLENDED CHEESES & CHICKEN BREAST\n\nSTEAK QUESADILLAS .. 14.99\n\nGRILLED FLOUR TORTILLAS FILLED WITH ONIONS, TOMATOES, GREEN PEPPER,\nFINE BLENDED CHEESES & NEW YORK STRIP STEAK\n\n*MAY BE COOKED TO ORDER: NOTICE ..\n\nCONSUMING RAW OR UNDERCOOKED. MEATS, POULTRY, SEAFOOD, SHELLFISH\n\nOR EGGS MAY INCREASE YOUR RISK OF FOODBORNE ILLNESS, ESPECIALLY IF YOU HAVE A MEDICAL CONDITION.\nSupe erior\n\npe and Foods\n\nsneverages\n\nSOFT DRINKS quesesccccscccssssseersccssceseeccssnnsenseneenensssensscacuseeesenonseeseees 3.29\nPEPSI, DIET PEPSI, MOUNTAIN DEW, ORANGE SLICE, ROOT BEER, SIERRA MIST.\n\nINCLUDES ONE REFILL (NOT TO CARRY-OUT)\n\nFRESHLY BREWED COFFEE (REGULAR OR DECAF) xsssescseasseennsees 3.29\nINCLUDES 2 REFILLS (NOT TO CARRY-OUT)\n\nHOT TEA ccccccccceccuccccscescacccnccecscosccusnccnresenssaccnuaeeascnssacseusucesaaaacouanses 3.29\n\nMILK OR CHOCOLATE MILK. 1... cccccccceseencensnendensennnanenecceceesneascnees 3.59\n\nLEMONADE OR ICED TEA iessssccsecnecescceseccunansenseneonrsenucacacensonaeuaes 3.29\n\nMILK SHAKES. ....ccccceccsccsncssesersscceucecesesscneseccracaeeuccnsaeusecnccnsoneaauanss 6.99\nCHOCOLATE, VANILLA OR STRAWBERRY\n\nORANGE JUICE... .ccccccsccesccccnccsscnscseensnescsecansecceneeneusonsausesennsanananens 3.99\n\nCRANBERRY JUICE... .cccccscscssscscncecsecesevsscescnensencessscnusucacsuananeases 3.99\n\nGRAPEFRUIT, APPLE, TOMATO, V-8 JUICE....... SM 1.99 LG3.99\n\nHOT CHOCOLATE (WITH WHIPPED CREAM) \u00abcaccesseessesecneenes acwutdaRenter 3.59\n\npwesserts\n\nHOMEMADE RICE PUDDING..............: 3.59\nFRESH PIES. .......scccsssencesecesenssennecsenseanes 4.59\nPIE ALA MODE ........sscseeccensenneecenssnnsennes 5.99\nCREAM PIES. .....ssccsessesssccsecessecncenecsennnes 4.59\nNEW YORK STYLE CHEESECAKE ..... 4.79\nWITH STRAWBERRIES. ........c:c:ss:seceee 5.99\nCARROT CAKE .........sccssusestessueserseseeneons 4.99\nICE. CREAM ..........ccceccecneseseaees 2 SCOOPS 5.99\nVANILLA\n\nSa tnom a ic onc\nCHILDRENS MENU\n\nFOR OUR SPECIAL GUESTS 10 YEARS OLD & UNDER.\nSERVED WITH A SMALL SOFT DRINK OR MILK OR APPLE JUICE.\nNO CARRY-OUT OR SUBSTITUTIONS.\n\nGRILLED CHEESE AND FRIES... ...ccesccetescssseneecseesenenseeesensneenenacaneesenseeees 7.99\nHOT DOG AND ERIES ... oe ceeceecssecsssneeesecennaeenseeccereneusunenaessonaeecnaanecensensnses 7.99\nHAMBURGER AND FRIES ....o. eee ccccseseeecssssenenaseeeeseeneseecesaseseenenaeenscnaeneenanee 7.99\nCHICKEN STRIPS (2 PC) AND FRIES... oc... ecceesessectsneeecesessenenenetecensenensnes 7.99\nFRENCH TOAST WITH BACON OR SAUSAGE. :...000-+ saigadihdcecdqneedetscensetenende 7.99\nPANCAKES WITH BACON OR SAUSAGE .........csccecsessesnseeneanecersneeseenneenenanes 7.99\nPANCAKES: PLAIN OR WITH CHOCOLATE CHIPS\nSCRAMBLED EGG WITH BACON OR SAUSAGE, TOAST & JELLY ......... 7.99\n\nBRA AAA PAA\n\n.. Served Anytime ..\n\ngoogooguoouooUooCoRGooUeRARGonuOKeeG\n@\n\ne BREARFAST SPECIALS ANYTIME oj\nBREAKFAST MEAT CHOICES: HAM, BACON, SAUSAGE ry\nry SERVED WITH TOAST & JELLY ry\nLX #1 TWO EGGS* (ANY STYLE*) TOAST & JELLY ssessssssseseesesssnensnensnssanenentncnnnseseeset tee ee IE 599\niy #2 TWO EGGS* HASH BROWNS OR GRITS oessssecsscseeserenannncsesecaees - pacuadesedacccnccccsecescesaccssedssscsssascccdeseucs 7.99 \u00a9\n\u00a3\u00a5 #3 Two EGGS* HASH BROWNS OR GRITS AND CHOICE OF MEAT.++s+esssersrssrersrsesrsrensrseerersrcnsnsnsesesesnneseee 9.99 <F\n\u00a3\u00a5 84 TWO EGGS* WITH CHOICE OF MEAT cosessccsccosssessssssessssseecessnnssceseesnsssnnsonennesedennanececsneaasergceensmesesnssesss 3.99 iF\n#E Two EGGS* 2 BACON, 2 SAUSAGE AND HAM, HASH BROWNS OR GRITS \u00absssccsssseeseerseesteszsneszecesee vaceeeet0.99 &F\n{\u00a5 #6 CORNED BEEF HASH WITH TWO EGGS* AND HASH BROWNS \u00abvssssssssesssssseeesssersenssrersnsssennsss eens 10.99 %&\u00a5\n\u00a3\u00a5 #7 HUNGRY MAN BREAKFAST wsssessssssessssssecsssseecsssstensnssnrensssnnenssngnnnssssentsne sete tS 11.99 <x\n@ | THREE EGGS\", HASH BROWNS OR GRITS, 5 BACON OR 5 SAUSAGE OR A GENEROUS PORTION OF HAM ry\nry #8 TWO EGGS\", GYRO MEAT, HASH BROWNS OR GRITS ....ssssseesssseensnsnsnnnsnnenncnsonensnsssnensseseeece een 9.99 ry\nSHON OOOO OOO OOOO DODO NOROR OO OOOO OOo Ooaoe\n\nBREAKFAST\n\nSUBSTITUTE TOAST WITH RAISIN TOAST .. AbD 1.99\n\nOUR GRADE AA EXTRA LARGE EGGS ARE SERVED ANY STYLE*\nSUBSTITUTE EGG WHITES OR EGGBEATERS .. AbD 1.99\n\nORIGINAL MINI ....0...0:0cccccsscssccessencntecnenenennensanensenes 859 SERVED WITH CHOICE OF HASH BROWNS OR GRITS, TOAST & JELLY\n1 EGG*, 3 MINI PANCAKES & 2 BACON OR SAUSAGE CHEESE OMELETTE ....-ccccsscssenencessansecusersnscasconsuanses 9.59\nSOUTHERN MIINI,......cccccscscsccessssccsenneceesseeneeeennennes 859 HAM & CHEESE OMELETTE ...scscscssesseeccersseenensers .10.99\n1 EGG\", BISCUIT & SAUSAGE GRAVY & 2 BACON OR SAUSAGE BACON & CHEESE OMELETTE ......sscesseesensnanens 10.99\nFRENCH MINI... .0c.cecececnccnccscccssnssccscccecscnscenensensnsnens 8.59 SAUSAGE & CHEESE OMELETTE... .ccccccecneceeases 10.99\n1 EGG*, 2 HALVES OF FRENCH TOAST & 2 BACON OR SAUSAGE CHILI & CHEESE OMELETTE ......scssssscnrerneneecuers 10.99\nWORKING PERSON'S BREAKFAST BROCCOLI & CHEESE OMELETTE \u00ab+++---200-2+0+2+ 11.99\nWESTERN OMELETTE. ..-.cccscccccsccssncccncsnsscensceness 12.99\n\nSTEAK* & EGGS % ve ncccecccccnccsccncscecccnsnnenccnneusneaseene 14.99 HAM, ONIONS, GREEN PEPPERS & CHEESE\n\n> EGGS* WITH A N.Y. STRIP STEAK*, HASH BROWNS FARMERS OMELETTE weseccesccconcececetensssnsencseesseces 12.99\nOR GRITS, TOAST & JELLY HAM, ONIONS, CHEESE & HASH BROWNS FOLDED INSID\nCOUNTRY BREAKFAST ...ce-ecseee vi ei ES 13.99 GREEK OMELETTE. .....cccscccccsensvcscerarscsusenensensnsens 13.99\n2 EGGS\", MARINATED GRILLED CHICKEN BREAST WITH ETA hort ONION, TOMATO &-GYRO MEAT\nHASH BROWNS OR GRITS, TOAST & JELLY AND SAUSAGE GRAVY MEXICAN OMELETTE ......sceccsressscsnccesesssezcesecensses 13.99\nTOMATO, ONION, CHILI& CHEESE\nBELGIAN WAFFLES SOUTHERN OMELETTE cecessecsossessessesscseesesseseceess 13.99\n\nPLAIN WAFELE.......:-s:ssssssssssssssocsssesseenesnesestentensess BiG: SAUSAGE: HASH BROWNS, ONION CH ner tere\n\nWITH.HAM OR BACON OR SAUSAGE  sasesnssscnucenennsnnees 10.99 ;\n, : TURKEY OMELETTE z.. cc. ecsccccccscsnsccscnsnececesevecseces 13.99\nITH OE * & HAM OR BACON A Saud ae\n| VEGETARIAN OMELETTE .....scesseccccessecceseeecescreaeee 13.9\nWAFFLE WITH FRUIT TOPPING. .........0csecnseensenes 10.99 MUSHROOMS, GREEN PEPPERS, ONIONS, TOMATOES 9\nSTRAWBERRY & WHIPPED CREAM & SWISS CHEESE ,\nEROM THE GRIDDLE SPINACH OMELETTE ............... ae at aes en Sine 13.99\n: FRESH SPINACH WITH ONIONS & TOMATOES.\n\nTHREE LARGE BUTTERMILK PANCAKES ........: 9.99 ADD FETA CHEESE FOR 1.59 EXTRA\nWITH HAM OR BACON OR SAUSAGE OR 2 EGGS*s.4-4+211.99 SUPER OMELETTE ........sssssseeseresstnssersntessnsnece ws. 15.99\nWITH HAM OR BACON OR SAUSAGE & 2 EGGS\" \u00abss+s0+0 18 OO ee eee ee ee OAIASO & AMERICA MUSHROOMS, ONIONS,\n\nHALF ORDER PANCAKES \u00ab.ceusasenseaes s oeewas ee ee aac mtibe 7.99\n\nBLUEBERRY PANCAKES .......::cscesesescossssnsnsenenes 11.99\n\nSTRAWBERRY PANCAKES WITH WHIPPED CREAM... 11.99 !\n\nCHOCOLATE CHIP PANCAKES ....scscccsceteneseseess 10.99 BREAKFAST SIDES\n\n3 HAM, BACON OR SAUSAGE .............0:. ee see 4.99\n\nFRENCH TOAST .....:::::snssseeneseeeeeneeenseneaeenennanenaaanss 9.99 HASH BROWNS OR GRITS scsssssssossssesoessessosen 479\nWITH HAM OR BACON OR SAUSAGE OR 2 EGGS\"... 11.99 EGG* (ANY. STYLE) sscsenchedsccccteesacoactsueciscasaaStones 1.99\nWITH HAM OR BACON OR SAUSAGE & 2 EGGS\" ss sseess 13.99 HAMBURGER PATTY ..cssccsccsccsecenceccsscucsassecens 4.79\nHALF ORDER FRENCH TOAST ....++. eos ieatbakiebnadvais 7.99 OATMEAL ........ssscsssssssesseseees wit cea aah solevatnabechen 4.79\n\nJ WITH BLUEBERRIES ADD... 1.59:\n\n2 BISCUITS WITH HOMEMADE SAUSAGE GRAVY \u00absees 7.99 TOAS Te & JELLY foi 2occsdekcdccsdgcaevstievevetedcocseencede 1.99\nWITH HAM OR BACON OR SAUSAGE OR 2 EGGS* La er 9.99 BAGEL owe eceenacccnedcceunancccactoconaucsquancouaneseaqnuanseaasauns 2.99\nWITH HAM OR BACON-OR SAUSAGE & 2 EGGS* vases 11.99 STIS UCIN \u00a9. CHEESE sesesesasesrsseentesesseas 4,59\n\n1 BISCUIT WITH HOMEMADE SAUSAGE GRAVY cccaperes: GO oe ESTER roa\u2019 Saenrensannsyunesnasespanepevesqewetassorntes 2.79\n\n4:99 RAISIN TOAST & JELLY %.......0cccscesececseccsecsesess 2.99\n| PLAIN- BISCUIT iciiacrie je cicwecevesenetecnmbeskesceccedcceee 2.99\nBREAKFAST SANDWICHES CINNAMON ROLL ....cssscccessecsseccsaseccsssecseeceeseaes 4.59\nSERVED WITH LETTUCE, TOMATO & MAYO. SAENED aaa Hate Sire cians, i Ai ae 3.59\nEGG*. SANDWICH 4.5Oe oye ee ee ee Ee aD eee 7.99\nWITH CHEESE .. 5.29\nWITH HAM OR BACON OR SAUSAGE .. 7.59\nWITH MEAT & CHEESE .. 7.99 CHILLED JUICES\nBREAKFAST BURRITO .. 10.99 ORANGE JUICE 3.99\nSCRAMBLED EGGS, SAUSAGE, HASH BROWNS & GRAPEFRUIT, APPLE, TOMATO,\nCHEESE ROLLED UP IN A GRILLED FLOUR TORTILLA CRANBERRY, V-8 JUICE\nSM 1.99 LG3.99\n*MAY BE COOKED TO ORDER: NOTICE .. CONSUMING RAW OR UNDERCOOKED MEATS, POULTRY, SEAFOOD, SHELLFISH\nOR EGGS MAY INCREASE YOUR RISK OF FOODBORNE ILLNESS, ESPECIALLY IF YOU HAVE A MEDICAL CONDITION. 07/23\n\nMENUS BYUSALLC\n688-313-2970\n"
    },
    "Address": "1952 S Industrial Hwy, Ann Arbor, MI 48104",
    "GPS Coordinates": {
        "latitude": 42.258514999999996,
        "longitude": -83.7375893
    },
    "Phone Number": "(734) 663-6302",
    "Rating": 4.4,
    "Rating Summary": [
        {
            "stars": 1,
            "amount": 23
        },
        {
            "stars": 2,
            "amount": 16
        },
        {
            "stars": 3,
            "amount": 63
        },
        {
            "stars": 4,
            "amount": 163
        },
        {
            "stars": 5,
            "amount": 506
        }
    ],
    "Opening Hours": [
        {
            "friday": "7\u202fAM\u20133\u202fPM"
        },
        {
            "saturday": "7\u202fAM\u20133\u202fPM"
        },
        {
            "sunday": "7\u202fAM\u20133\u202fPM"
        },
        {
            "monday": "7\u202fAM\u20133\u202fPM"
        },
        {
            "tuesday": "7\u202fAM\u20133\u202fPM"
        },
        {
            "wednesday": "7\u202fAM\u20133\u202fPM"
        },
        {
            "thursday": "7\u202fAM\u20133\u202fPM (Thanksgiving)"
        }
    ],
    "Description": "Stalwart, unpretentious diner serving up familiar American, Italian & Mexican entrees, plus gyros.",
    "Details": [
        {
            "highlights": [
                "Great coffee",
                "Great dessert"
            ]
        },
        {
            "popular_for": [
                "Breakfast",
                "Lunch",
                "Solo dining"
            ]
        },
        {
            "accessibility": [
                "Wheelchair accessible entrance",
                "Wheelchair accessible parking lot",
                "Wheelchair accessible restroom",
                "Wheelchair accessible seating"
            ]
        },
        {
            "offerings": [
                "Coffee",
                "Comfort food",
                "Halal food",
                "Happy hour food",
                "Organic dishes",
                "Quick bite",
                "Small plates",
                "Vegetarian options"
            ]
        },
        {
            "dining_options": [
                "Breakfast",
                "Brunch",
                "Lunch",
                "Catering",
                "Dessert",
                "Seating"
            ]
        },
        {
            "amenities": [
                "Restroom"
            ]
        },
        {
            "atmosphere": [
                "Casual",
                "Cozy"
            ]
        },
        {
            "crowd": [
                "College students",
                "Family-friendly",
                "Groups",
                "LGBTQ+ friendly",
                "Tourists",
                "Transgender safespace"
            ]
        },
        {
            "payments": [
                "Credit cards",
                "Debit cards",
                "NFC mobile payments"
            ]
        },
        {
            "children": [
                "Good for kids",
                "High chairs",
                "Kids' menu"
            ]
        },
        {
            "parking": [
                "Free parking lot",
                "Free street parking",
                "Plenty of parking"
            ]
        },
        {
            "pets": [
                "Dogs allowed outside"
            ]
        }
    ],
    "User Reviews": {
        "summary": [
            {
                "snippet": "\"The chicken tortilla wrap, fries, pink lemonade and the strawberry milkshake\""
            },
            {
                "snippet": "\"Quiet and relaxing place to eat Great home cooked food\""
            },
            {
                "snippet": "\"Good diner with loads to choose from - and the serving portions are great.\""
            }
        ],
        "most_relevant": [
            {
                "username": "Jacob Madsen",
                "rating": 5,
                "contributor_id": "114680251286085601553",
                "description": "Benny\u2019s was amazing. One of the best breakfast spots in Ann Arbor. Best customer service and great food. Got the Western Omelet and their rice pudding. So amazing!!",
                "link": "https://www.google.com/maps/reviews/data=!4m8!14m7!1m6!2m5!1sChdDSUhNMG9nS0VJQ0FnSURYcmVETDR3RRAB!2m1!1s0x0:0xab17138dc9cb3942!3m1!1s2@1:CIHM0ogKEICAgIDXreDL4wE%7CCgwIpuqGuQYQgNzXtwE%7C?hl=en-US",
                "images": [
                    {
                        "thumbnail": "https://lh5.googleusercontent.com/p/AF1QipNbg2XQZi7xD3abaj-9TnBkpzr4bumfUwozd2ML=w150-h150-k-no-p"
                    },
                    {
                        "thumbnail": "https://lh5.googleusercontent.com/p/AF1QipNcuWcwwHrAl_10AwhqhqVGirElm-dpE52O5uyp=w150-h150-k-no-p"
                    }
                ],
                "date": "3 weeks ago"
            },
            {
                "username": "Allan D'Souza",
                "rating": 4,
                "contributor_id": "107541867575423847888",
                "description": "Good diner with loads to choose from - and the serving portions are great. Very friendly staff who are very attentive to their customers.",
                "link": "https://www.google.com/maps/reviews/data=!4m8!14m7!1m6!2m5!1sChdDSUhNMG9nS0VJQ0FnSUQ3MUpxSzhnRRAB!2m1!1s0x0:0xab17138dc9cb3942!3m1!1s2@1:CIHM0ogKEICAgID71JqK8gE%7CCgwIjOSYtgYQuLSwxQM%7C?hl=en-US",
                "images": [
                    {
                        "thumbnail": "https://lh5.googleusercontent.com/p/AF1QipMcoKLSlsAkrHPr7tymI2jxf6SA81qNFb5oKHYb=w150-h150-k-no-p"
                    },
                    {
                        "thumbnail": "https://lh5.googleusercontent.com/p/AF1QipN6NbmLQAtXeoYBKw1EzbSj5Krd-ACBoPGrp1uZ=w150-h150-k-no-p"
                    },
                    {
                        "thumbnail": "https://lh5.googleusercontent.com/p/AF1QipNgoC6ZEDD0Th7v9z-bVyTNbQSpieq2sd4TczDO=w150-h150-k-no-p"
                    },
                    {
                        "thumbnail": "https://lh5.googleusercontent.com/p/AF1QipOfsdaMxEkuF0QYELc6_HRKj0IvF8-zSM6X9dMD=w150-h150-k-no-p"
                    },
                    {
                        "thumbnail": "https://lh5.googleusercontent.com/p/AF1QipONqSB7uKlBWYvxzCmxJVAf-d72xbwvHFZHjtdD=w150-h150-k-no-p"
                    },
                    {
                        "thumbnail": "https://lh5.googleusercontent.com/p/AF1QipNnLb7E_yKIg7bZsKGrvyf_NynGhQR88gADiP2Z=w150-h150-k-no-p"
                    },
                    {
                        "thumbnail": "https://lh5.googleusercontent.com/p/AF1QipOOdCZfH18GiN4cLGaza3gHsdT-jBVQtdQODIV1=w150-h150-k-no-p"
                    },
                    {
                        "thumbnail": "https://lh5.googleusercontent.com/p/AF1QipPa5W5TSgbsTuJWsC-kIGRu9bKrBjzuSBT-HHQS=w150-h150-k-no-p"
                    }
                ],
                "date": "3 months ago"
            },
            {
                "username": "Brian Masserman",
                "rating": 5,
                "contributor_id": "114458048043005784015",
                "description": "This is a really good quality family dining restaurant. The food is very fresh. I had the traditional turkey club which was absolutely delicious. The cappuccino is out of this world. Very nice owner and staff. My server has been with this place for 20 years and loves her job. They aim to please",
                "link": "https://www.google.com/maps/reviews/data=!4m8!14m7!1m6!2m5!1sChZDSUhNMG9nS0VJQ0FnSUNDeV92b0pREAE!2m1!1s0x0:0xab17138dc9cb3942!3m1!1s2@1:CIHM0ogKEICAgICCy_voJQ%7CCgwIicHE-gUQ0NvM8QI%7C?hl=en-US",
                "images": [
                    {
                        "thumbnail": "https://lh5.googleusercontent.com/p/AF1QipNjXJ6qUG9yclhbIsCz0iKzY7QmtC3FZ5IUChaS=w150-h150-k-no-p"
                    },
                    {
                        "thumbnail": "https://lh5.googleusercontent.com/p/AF1QipPYApWrEXrXq1hAz5VnbtH8M7AzH3K_UaqKUTXF=w150-h150-k-no-p"
                    },
                    {
                        "thumbnail": "https://lh5.googleusercontent.com/p/AF1QipNEu6kL5LoMoZdmouZWYiRyXLz5Z8UvyDc7Vyzf=w150-h150-k-no-p"
                    },
                    {
                        "thumbnail": "https://lh5.googleusercontent.com/p/AF1QipOeBBfrFIpjkOS9PQxDYEw6cnfJUHywII_cNQLs=w150-h150-k-no-p"
                    }
                ],
                "date": "4 years ago"
            },
            {
                "username": "Ben Geiger",
                "rating": 5,
                "contributor_id": "100232352953652080107",
                "description": "I ordered the Slim Jim w\\o tomato \ud83c\udf45 and asked for Bacon \ud83e\udd53 to be added. They definitely added bacon to the sandwich and it was perfect. Atmosphere was easy going with a wait staff that took care of you. Mom had the pancakes \ud83e\udd5e and the scrambled eggs \ud83e\udd5a \ud83c\udf73, (mini breakfast) she said she would highly recommend it.\nI'm not much for soup but I got the chicken lemon \ud83c\udf4b rice \ud83c\udf3e \ud83c\udf5a with the combo (I'm going to try the coleslaw next time) and thought it could have a bit more pepper \ud83c\udf36\ufe0f or spice, but I like things spicy \ud83e\udd75\nLove the location and off street parking \ud83c\udd7f\ufe0f (I'm missing a leg so \u267f parking is one of the first things I look for) and being so close to UofM yet off campus enough to not have to park on the street \ud83d\udee3\ufe0f .",
                "link": "https://www.google.com/maps/reviews/data=!4m8!14m7!1m6!2m5!1sChdDSUhNMG9nS0VJQ0FnSUNyOGJfX19nRRAB!2m1!1s0x0:0xab17138dc9cb3942!3m1!1s2@1:CIHM0ogKEICAgICr8b___gE%7CCgwIu4eytAYQqJ-r8AE%7C?hl=en-US",
                "date": "4 months ago"
            },
            {
                "username": "Thomas Deren",
                "rating": 5,
                "contributor_id": "110435672925493389268",
                "description": "A neighborhood mainstay, the classic cozy diner experience!  Can't go wrong on the menu, especially for breakfast, and experience the spot where Michael Phelps used to eat his mountains of eggs.  Easy location on gamedays or anytime, fast service and lots of parking!",
                "link": "https://www.google.com/maps/reviews/data=!4m8!14m7!1m6!2m5!1sChZDSUhNMG9nS0VJQ0FnSUNYMi1YckVREAE!2m1!1s0x0:0xab17138dc9cb3942!3m1!1s2@1:CIHM0ogKEICAgICX2-XrEQ%7CCgwIwofWuAYQqJ-dxQM%7C?hl=en-US",
                "date": "a month ago"
            },
            {
                "username": "Rebecca Crosbie",
                "rating": 5,
                "contributor_id": "100812610303393436256",
                "description": "Hearty and great for those times when you want home cooked comfort food in large amounts. I especially like their omelettes (usually tender/not overcooked) and hash browns (not underdone and crisped on the outside and soft on the inside). I also enjoy the corned beef hash (comes w 2 eggs). Update: I have eaten in the restaurant 3 times with family.  They have friendly, very attentive servers and just good service all around. Kari/Carrie served us each time, and on the 3rd visit, she remembered everything extra we asked for the table on the last visits \ud83d\ude01!\nThe rest of the time I have done takeout. Prices are lower in person or if you call in your order versus order on DoorDash.\nIt is also nice that they are open Mondays.",
                "link": "https://www.google.com/maps/reviews/data=!4m8!14m7!1m6!2m5!1sChZDSUhNMG9nS0VJQ0FnSUM5MUo2c0JBEAE!2m1!1s0x0:0xab17138dc9cb3942!3m1!1s2@1:CIHM0ogKEICAgIC91J6sBA%7CCgwIouyCsgYQwLapjAE%7C?hl=en-US",
                "date": "6 months ago"
            },
            {
                "username": "Sugy Ghang",
                "rating": 4,
                "contributor_id": "113826737725340646022",
                "description": "Friendly service with a cozy environment. Not often crowded and loud, and usually no wait.\n\nThe food they serve is solid breakfast food for reasonable prices. Great for when you don't want to buy groceries and cook your own breakfast food, and still expect a satisfying meal in terms of taste and portion, and I consider myself a pretty big eater.",
                "link": "https://www.google.com/maps/reviews/data=!4m8!14m7!1m6!2m5!1sChZDSUhNMG9nS0VJQ0FnSUN3cTVTTU5nEAE!2m1!1s0x0:0xab17138dc9cb3942!3m1!1s2@1:CIHM0ogKEICAgICwq5SMNg%7CCgsI9OCFxgUQgKfpLA%7C?hl=en-US",
                "images": [
                    {
                        "thumbnail": "https://lh5.googleusercontent.com/p/AF1QipO9hqMwEVuFTcJGrd-1u--UdZOmBYFaP6_F41PN=w150-h150-k-no-p"
                    },
                    {
                        "thumbnail": "https://lh5.googleusercontent.com/p/AF1QipNneqmrf-L1mPDlD4LNJA8GTHzUqyvj7lqbEiWy=w150-h150-k-no-p"
                    }
                ],
                "date": "7 years ago"
            },
            {
                "username": "Avram Liebowitz",
                "rating": 5,
                "contributor_id": "111350985183849275658",
                "description": "The Gyro and fries were delicious!  Service was prompt and friendly, lots of smiles!  Great place to take the family.",
                "link": "https://www.google.com/maps/reviews/data=!4m8!14m7!1m6!2m5!1sChdDSUhNMG9nS0VJQ0FnSUNsMGRuMHF3RRAB!2m1!1s0x0:0xab17138dc9cb3942!3m1!1s2@1:CIHM0ogKEICAgICl0dn0qwE%7CCgwIg9nuqgYQuPbdiAI%7C?hl=en-US",
                "images": [
                    {
                        "thumbnail": "https://lh5.googleusercontent.com/p/AF1QipP6Mq04sHeBTvxEV5JWE6s_50ZCD8FBKQI2CH30=w150-h150-k-no-p"
                    },
                    {
                        "thumbnail": "https://lh5.googleusercontent.com/p/AF1QipMRcVKu349caqYqOgL3ZRl2doZLACFFAcfvTpEL=w150-h150-k-no-p"
                    },
                    {
                        "thumbnail": "https://lh5.googleusercontent.com/p/AF1QipPN376JoTopSxUGvpCZWE_gj84sdYgKWOwd6TqA=w150-h150-k-no-p"
                    },
                    {
                        "thumbnail": "https://lh5.googleusercontent.com/p/AF1QipOi59A5fR0CTsAIc3YKbBAd8kuI6YOMRx6YIZ_5=w150-h150-k-no-p"
                    }
                ],
                "date": "a year ago"
            }
        ]
    },
    "Services": {
        "dine_in": true,
        "curbside_pickup": true,
        "delivery": true
    }
}