{
    "docid": 118,
    "Title": "Regents Field",
    "Price": [],
    "Place ID": "ChIJp_JZj1-vPIgRx2NNahirKl8",
    "Type ID": [],
    "Type": [
        "Bar & grill",
        "Restaurant",
        "Sports bar"
    ],
    "Menu": {
        "link": "http://regentsfield.com/",
        "source": "regentsfield.com",
        "items": "Sauces: Regents Sweet Heat . House Bourbon BBQ . Medium Buffalo . HotBuffalo . Garlic Parmesan . Thai Sweet Chili. Ranch or\nBleu Cheese. Upon request served with Celery, Choice of 2 Dipping Sauces on the Side. Extra sauces $0.50 each.\n\nCHICKEN TENDER BASKET .......ccccsesssneeesssees 15\n\nServed with House Cut Fries and Choice of Two Dipping Sauces: House Bourbon BBQ . Bleu Cheese . Ranch . Medium Buffalo . Hot\nBuffalo . Honey Mustard . Regents Sweet Heat . Thai Sweet Chili. Extra sauces $0.50 each.\n\nBEEF CHILI CHEESE FRIES SMALL/LARGE..............11/15\nHouse Cut Fries Served with Housemade Chili. Cheddar. Sour Cream . Green Onion.\n\nCHEESE FRIES SMALL/LARGE.......c.:scsssneeneQ/13\nHouse Cut Fries Served with Melted Cheddar and Monterey Jack Cheese\n\nA large basket of our breaded pickle spears.\n\nServed with Ranch and Regents Sauce for Dipping.\n\nMOZZARELLA CHEESE STICKS. .......ccsessseeeseeQ\nSix fried golden brown mozzarella cheese sticks.\n\nServed with Ranch and Marinara.\n\nBASKET OF HOUSE CUT FRIES.....ccccssssssssssenn 7\nGenerous basket of our house cut fries. Served with Basil Jalapeno Aioli.\n\nGenerous portion of house cut fries tossed in Greek dressing topped with Feta Cheese & Basil. Served with Tzatziki . Basil Jalapeno\nAioli . Tomato basil compote.\n\nHousemade Tortilla Chips . Cheddar and Monterey Jack Cheese . Housemade Pico de Gallo . Shredded Romaine Lettuce .\nJalapenos. Served with Housemade Salsa verde and Sour Cream on Side.\n+CHOICE OF ANGUS GROUND BEEF OR SHREDDED CHICKEN. unc cuenenrnenenesnstssesssanesssnn dO\n\nHousemade Hummus served with Pita Bread . Baby Carrots . Celery\n\nQUESADILLAS\n\nShredded Chicken . Housemade Pico de Gallo . Cheddar and Monterey Jack Cheese. Served with Housemade Salsa verde and\nSour Cream.\n\nVEGETARIAN QUESADILLA.......cctsssssstecssneesses LO\nCheddar and Monterey Jack Cheese . Bellpeppers . Onions.Served with Housemade Salsa verde and Sour Cream.\n\nFAJITA CHICKEN QUESADILLA uu. esseesesseseneee 14\nShredded Chicken . Housemade Pico de Gallo .\n\nCheddar and Monterey Jack Cheese. Bellpeppers . Onions. Served with Housemade Salsa verde and Sour Cream.\n\nBaked Soft Bavarian pretzel sticks, sliced and served with a BeerCheese Dipping Sauce\n\nPOTATO SKINS 6 7 8 Z 12 wscsesteees 9/117 15\nHouse Shelled Potato Skins topped with Cheddar Cheese, Bacon, Green onions. Served with sour cream.\n\nGenerous portion of beer battered onion rings.\n\nSOUPS/SALADS\n+ Dressing Choices: Balsamic Vinaigrette, Greek, Italian, Ranch, Regents Sauce, Honey Mustard, Bleu Cheese / Salad Cheese Choices: Shredded\nCheddar Monterey Jack, Feta, or Goat Cheese\n\nCucumber . Tomato . Red Onions . Choice of Cheese (Served with Shredded CheddarjJack unless requested) . Croutons . Served on\nMix of Baby Arugula & Baby Spinach.\n\nAdd Knight's Market Beef Patty; Turkey Burger Patty; BlackBean Burger Patty; Grilled, Fried or Buffalo Chicken...+\n$4\n\nTomato . Red Onions . Mandarin Oranges . Dried Cranberries . Sliced Almonds . Choice of Cheese (Served with Goat Cheese unless\nrequested) . Served on Mix of Baby Spinach & Baby Arugula.\n\nAdd Knight's Market Beef Patty; Turkey Burger Patty; BlackBean Burger Patty; Grilled, Fried or Buffalo Chicken.....+\n$4\n\nTomato . Pickles . Red Onions . Choice of Cheese . Burger Patty . Served on Mix of Baby Spinach & Baby Arugula.\n\nSub Turkey Burger; Black Bean Burger Patty; Grilled, Fried or Buffalo Chicken....... N 7 C\n\nSOUP & SALAD COMBO. nc cccctsssssssenessese\nSoup Choice of French Onion Soup or Beef Chili,\n\nSalad Choice of Garden or Regents Side salad\n\nAdd Grilled, Fried or Buffalo Chicken.............4\nPANINI SANDWICHES\n\nServed on Ciabatta Bread with Small side of Fries\n\nGRILLED CHICKEN & SWISS CHEESE PANINI..14\nGrilled Chicken, Swiss Cheese, Tomato, with Basil Pesto Sauce\n\nCAPRESE PANINI.........:12\nTomato, House Mozzarella, Fresh Basil with Balsamic Vinaigrette\n\nGRILLED CHICKEN CAPRESE PANINI.............14\nGrilled Chicken . Tomato, House Mozzarella, Fresh Basil with Balsamic Vinaigrette\n\nLITTLE LEAGUERS\n\nCHEESEBURGER AND FRIEB............... 10\n\nGRILLED CHEESE AND FRIEB............ 8\n\nCHICKEN TENDERS AND FRIEB...........11\n\nKIDS CHEESE QUESADILLA............8\nHANDHELDS\n\u201cAll Burgers are Cooked Med-Well Unless Requested / * All Handhelds are Served with a Side of Hand Cut Fries with Basil Jalapeno Aioli 7 Sub a Side\nSalad or a Cup of Soup for $2 Extra. 7 Sub Onion Rings, House Slaw or Clementines N/C / Substitute a Seasoned Turkey Burger Patty or Black Bean\nBurger Patty fora Beef Patty N/C / Cheese Choices: American, Cheddar, Swiss, Feta, Goat, Pepperjack\n\nPUB BURGER.......ccccssssseseesesees 15\n7 oz. Angus Patty . Choice of Cheese . Lettuce . Tomato. Onion . Pickle . Served on Zingerman's Challah Bun.\n\nBACON SMASH BURGER..........000008 17\nTwo 4 oz. Angus Patties . Bacon. American Cheese . Pickle . BBQ Sauce.\n\nServed on Zingerman's Challah Bun.\n\n7 oz. Angus Patty . Swiss Cheese . Caramelized Onions . Regents Sauce.\n\nServed on Zingerman's Sourdough Bread.\n\nFRENCH ONION BURGER ..........0s00 16\n\nHerb Seasoned Patty topped with French Onions . Swiss Cheese . Melted with French Onion Broth on an Herb Toasted Zingerman's\nChallah Bun\n\nROADHOUSE BURGER... scssscs see L7\n\nMesquite seasoned 7 oz angus patty . Bacon . Cheddar cheese . BBQ sauce . 2 Onion rings . House slaw. Served on Zingerman\u2019's\nChallah Bun\n\n7 oz angus patty . Sliced Jalapenos. Pepperjack cheese . Regents Sweetheat sauce\n\nServed on Zingerman's Challah Bun\n\nSOUTHWEST BLACK BEAN BURGER (V)...16\nBlack Bean Patty . Pepperjack Cheese. Lettuce . Pico de Gallo. Served on Zingerman's Challah Bun.\nLemon & Lime Seasoned Patty topped with Tzatziki. Balsamic . Spinach . Feta Cheese . Tomato . Red Onion on an Herb Toasted\nZingerman's Challah Bun\n\noe ee 1. |\nBacon. Lettuce . Avocado . Tomato.\n\nServed on Zingerman's Sourdough Bread.\n\nGRILLED CHICKEN SANDWICH............ 15\nChicken Breast . Swiss Cheese . Lettuce . Tomato . Onion. Avocado . Served on Zingerman's Challah Bun.\n\nSPICY CHICKEN SANDWICH............0015\nBreaded Fried Chicken Breast . Tossed in Buffalo Sauce . Swiss Cheese . Pickles. Served on Zingerman's Challah Bun.\n\nGrilled chicken . Swiss cheese . House slaw . Regents sauce . House cut fries . Basil jalapeno aioli\n\nServed on Zingerman's Sourdough Bread.\n\nGY RO wi cccssecsestsceesessueesessnesseesneseeesanate sanene LQ,\nBeef gyro meat . Tzatziki . Onion . Diced Tomatoes . Served on Pita Bread with House cut fries . Basil jalapeno aioli on the side.\n\nTURKEY BURGER. ......cccccsscstssssseessesees 15\nSeasoned White Turkey Burger Patty . Choice of Cheese . Lettuce . Tomato . Onion. Pickle . Served on Zingerman\u2019's Challah Bun\n\nDESSERT\n"
    },
    "Address": "204 S Main St, Ann Arbor, MI 48104",
    "GPS Coordinates": {
        "latitude": 42.280235999999995,
        "longitude": -83.748953
    },
    "Phone Number": "(734) 800-4143",
    "Rating": 4.3,
    "Rating Summary": [
        {
            "stars": 1,
            "amount": 17
        },
        {
            "stars": 2,
            "amount": 6
        },
        {
            "stars": 3,
            "amount": 17
        },
        {
            "stars": 4,
            "amount": 28
        },
        {
            "stars": 5,
            "amount": 145
        }
    ],
    "Opening Hours": [
        {
            "friday": "5\u202fPM\u20132\u202fAM"
        },
        {
            "saturday": "11\u202fAM\u20132\u202fAM"
        },
        {
            "sunday": "12:30\u202fPM\u201312\u202fAM"
        },
        {
            "monday": "5\u202fPM\u20132\u202fAM"
        },
        {
            "tuesday": "5\u202fPM\u20132\u202fAM"
        },
        {
            "wednesday": "Closed"
        },
        {
            "thursday": "Closed (Thanksgiving)"
        }
    ],
    "Description": "",
    "Details": [
        {
            "highlights": [
                "Bar games",
                "Fast service",
                "Sports"
            ]
        },
        {
            "popular_for": [
                "Lunch",
                "Dinner",
                "Solo dining"
            ]
        },
        {
            "accessibility": [
                "Wheelchair accessible entrance",
                "Wheelchair accessible restroom",
                "Wheelchair accessible seating"
            ]
        },
        {
            "offerings": [
                "Alcohol",
                "Arcade games",
                "Beer",
                "Cocktails",
                "Coffee",
                "Comfort food",
                "Food",
                "Food at bar",
                "Happy hour drinks",
                "Happy hour food",
                "Hard liquor",
                "Late-night food",
                "Quick bite",
                "Vegetarian options",
                "Wine"
            ]
        },
        {
            "dining_options": [
                "Brunch",
                "Lunch",
                "Dinner",
                "Dessert",
                "Seating"
            ]
        },
        {
            "amenities": [
                "Bar onsite",
                "Restroom"
            ]
        },
        {
            "atmosphere": [
                "Casual",
                "Trendy"
            ]
        },
        {
            "crowd": [
                "College students",
                "Groups"
            ]
        },
        {
            "planning": [
                "Accepts reservations"
            ]
        },
        {
            "payments": [
                "Credit cards",
                "Debit cards",
                "NFC mobile payments"
            ]
        },
        {
            "children": [
                "Good for kids",
                "High chairs",
                "Kids' menu"
            ]
        },
        {
            "pets": [
                "Dogs allowed outside"
            ]
        }
    ],
    "User Reviews": {
        "summary": [
            {
                "snippet": "\"Nice staff, little bit of people watching, and good drinks.\""
            },
            {
                "snippet": "\"Food was great, friendly service, cool atmosphere.\""
            },
            {
                "snippet": "\"We got beers quickly and ordered burgers.\""
            }
        ],
        "most_relevant": [
            {
                "username": "Samuel \u201cSam I Am\u201d Kline",
                "rating": 5,
                "contributor_id": "101787366704718866278",
                "description": "Nicest Michigan High School football field I've ever been to. This is a site to behold. When we walked in, I thought I was at a D3 football field. Very nice facilities and well thought out.\nThe only thing I'd add is bathrooms on both sides of the field.",
                "link": "https://www.google.com/maps/reviews/data=!4m8!14m7!1m6!2m5!1sChdDSUhNMG9nS0VJQ0FnSUNYX2FMTDZRRRAB!2m1!1s0x0:0x5f2aab186a4d63c7!3m1!1s2@1:CIHM0ogKEICAgICX_aLL6QE%7CCgwI_f7PuAYQuPDGvQE%7C?hl=en-US",
                "images": [
                    {
                        "thumbnail": "https://lh5.googleusercontent.com/p/AF1QipMxiI1zr0S8744Xin0_I6Nk4k86KUvBkcbp0wII=w150-h150-k-no-p"
                    },
                    {
                        "thumbnail": "https://lh5.googleusercontent.com/p/AF1QipMXzphbGsc6k8AkgMaUseeEwAdUN92uiuC7UEND=w150-h150-k-no-p"
                    },
                    {
                        "thumbnail": "https://lh5.googleusercontent.com/p/AF1QipOHX221nKr5WU7OqdQDzfeFyN4rNQiOaqMpjC2y=w150-h150-k-no-p"
                    },
                    {
                        "thumbnail": "https://lh5.googleusercontent.com/p/AF1QipPh_K6VgzUk0YXFR62lY24ER-Ck4dnKReq_gTIT=w150-h150-k-no-p"
                    },
                    {
                        "thumbnail": "https://lh5.googleusercontent.com/p/AF1QipMR1Q9tFVzr_noRzt3QKmQyPWepWnKVpcOs4ATX=w150-h150-k-no-p"
                    },
                    {
                        "thumbnail": "https://lh5.googleusercontent.com/p/AF1QipPAhE42ZSdugT3iz-fWowRVZbtU8BuzU6L1qGP3=w150-h150-k-no-p"
                    },
                    {
                        "thumbnail": "https://lh5.googleusercontent.com/p/AF1QipOHbXXk1aLJTmvzVlUFXJi6xLcldgiqSdriMf_5=w150-h150-k-no-p"
                    }
                ],
                "date": "a month ago"
            },
            {
                "username": "Rob Fawcett",
                "rating": 5,
                "contributor_id": "111031704446081485141",
                "description": "Awesome spot, good food, great drink selection,  things to do and a nice patio.\nFood was really good we got a little of everything over the weekend.  It was so good we went back the next night.",
                "link": "https://www.google.com/maps/reviews/data=!4m8!14m7!1m6!2m5!1sChZDSUhNMG9nS0VJQ0FnSURualptWlhREAE!2m1!1s0x0:0x5f2aab186a4d63c7!3m1!1s2@1:CIHM0ogKEICAgIDnjZmZXQ%7CCgwIlu-UuAYQ2NSYwgI%7C?hl=en-US",
                "images": [
                    {
                        "thumbnail": "https://lh5.googleusercontent.com/p/AF1QipPuilGZiAi0gN6fmSHTW5hD4P4iyjQJb3VrG9PX=w150-h150-k-no-p"
                    },
                    {
                        "thumbnail": "https://lh5.googleusercontent.com/p/AF1QipMMCj83VGEt-nAToxFIy-Hv_uXezlBvSrAtzy4-=w150-h150-k-no-p"
                    }
                ],
                "date": "a month ago"
            },
            {
                "username": "Stephanie O'Callaghan",
                "rating": 5,
                "contributor_id": "100055521378631372330",
                "description": "Fun spot! Came to watch the Um v OSU game , staff was great, they were hustling and working hard. Food was good, enjoyed the wings and chili cheese fries. Wings were great, loved the blue cheese sauce! Prices were good too. Good spot on Main Street!",
                "link": "https://www.google.com/maps/reviews/data=!4m8!14m7!1m6!2m5!1sChdDSUhNMG9nS0VJQ0FnSUQtNnN5SjdnRRAB!2m1!1s0x0:0x5f2aab186a4d63c7!3m1!1s2@1:CIHM0ogKEICAgID-6syJ7gE%7CCgwI4paLnAYQ-L-L3QE%7C?hl=en-US",
                "images": [
                    {
                        "thumbnail": "https://lh5.googleusercontent.com/p/AF1QipNNG5SFOVTlQkK4hMdnuDAjyc-R65HdbA_m2218=w150-h150-k-no-p"
                    },
                    {
                        "thumbnail": "https://lh5.googleusercontent.com/p/AF1QipN_3TStEHBYj1Wwtn1HFBypPgTrYIZxpdXq2q3h=w150-h150-k-no-p"
                    },
                    {
                        "thumbnail": "https://lh5.googleusercontent.com/p/AF1QipOerJYcJbQ9dMAGDa5AAREBxM3Di2jO4OnO3cIq=w150-h150-k-no-p"
                    },
                    {
                        "thumbnail": "https://lh5.googleusercontent.com/p/AF1QipO9dxIxvLoKs94ZJvt6-CaKrBd8jRhzK0IbfXGb=w150-h150-k-no-p"
                    },
                    {
                        "thumbnail": "https://lh5.googleusercontent.com/p/AF1QipMNdCT2DSUH5s3qEZpihCzKS1ihrw-gD85EMwTe=w150-h150-k-no-p"
                    },
                    {
                        "thumbnail": "https://lh5.googleusercontent.com/p/AF1QipMMC21XQnsiz-_BxZxXpHwZi2PLQozkk6iASxP-=w150-h150-k-no-p"
                    },
                    {
                        "thumbnail": "https://lh5.googleusercontent.com/p/AF1QipMAup5SHV_Um62cScgWM7hMLA8IMI5WSKz-zckU=w150-h150-k-no-p"
                    },
                    {
                        "thumbnail": "https://lh5.googleusercontent.com/p/AF1QipPyxdHS7pdrgeDxe9J2H9harGkVZ3C4q0z8oyRU=w150-h150-k-no-p"
                    }
                ],
                "date": "a year ago"
            },
            {
                "username": "Rashid Ali",
                "rating": 5,
                "contributor_id": "111498203606251713045",
                "description": "Regents Field, a place that truly embodies the spirit of patience, courage, success, love, friendship, growth, and fun. So, let's dive right in!\nWe recently visited Regents Field, a popular spot on Main Street, to watch the Red Wings game. And let me tell you, it was an incredible experience. The staff was absolutely amazing, working hard and hustling to make sure everyone had a great time. The food was fantastic, with delicious wings and chili cheese fries. The wings were particularly outstanding, and the blue cheese sauce was the cherry on top. The prices were also reasonable, making it a great spot for a fun night out.\nBut what really stood out to us was the manager. This guy is a true hero, working hard and knowing exactly what he's doing. He's smart, intelligent, and dedicated to making sure everyone has a great time. His hard work and dedication are truly inspiring.\nRegents Field is a great spot to catch a game, have some delicious food, and enjoy some quality time with friends. It's a place where you can feel the love and friendship in the air, and it's a testament to the power of patience, courage, success, and growth.\nSo, if you're looking for a fun spot to catch a game and enjoy some great food, Regents Field is definitely worth a visit. And if you're in the area, be sure to stop by and show your support for this fantastic establishment.\nThank you so much for joining us today, and we hope you enjoyed our little review of Regents Field. If you did, please give this video a thumbs up, and don't forget to follow and subscribe for more great content. Until next time, stay patient, courageous, and keep growing!",
                "link": "https://www.google.com/maps/reviews/data=!4m8!14m7!1m6!2m5!1sChdDSUhNMG9nS0VJQ0FnSURuNnR1NDZBRRAB!2m1!1s0x0:0x5f2aab186a4d63c7!3m1!1s2@1:CIHM0ogKEICAgIDn6tu46AE%7CCgwItt2CuAYQ8J7qkAI%7C?hl=en-US",
                "images": [
                    {
                        "thumbnail": "https://lh5.googleusercontent.com/p/AF1QipM4zf5wYRXnYAoDsLssJCVpypTQU0BgIAfAmPuk=w150-h150-k-no-p"
                    },
                    {
                        "thumbnail": "https://lh5.googleusercontent.com/p/AF1QipMlyOsPoFlUc84_wMszWz2hGj3lcFhOnhUNKqLO=w150-h150-k-no-p"
                    },
                    {
                        "thumbnail": "https://lh5.googleusercontent.com/p/AF1QipMHDnFabJqgslu9HSTR7zRr-Di43ptopEYbkxyO=w150-h150-k-no-p"
                    }
                ],
                "date": "a month ago"
            },
            {
                "username": "At\u00f8m",
                "rating": 5,
                "contributor_id": "100293909302333942769",
                "description": "Best Sports Bar in A2 ! Food Allergy Friendly ! Nice Staff ! Chicken Tender and Fries are Very Good  !",
                "link": "https://www.google.com/maps/reviews/data=!4m8!14m7!1m6!2m5!1sChZDSUhNMG9nS0VJQ0FnSURuMGFiN0RnEAE!2m1!1s0x0:0x5f2aab186a4d63c7!3m1!1s2@1:CIHM0ogKEICAgIDn0ab7Dg%7CCgwI8J-MuAYQgPaD3gE%7C?hl=en-US",
                "images": [
                    {
                        "thumbnail": "https://lh5.googleusercontent.com/p/AF1QipMm9bSZF7QcChRvSYOCbk8nieSElSUlHWkqpVdj=w150-h150-k-no-p"
                    }
                ],
                "date": "a month ago"
            },
            {
                "username": "James Hines",
                "rating": 5,
                "contributor_id": "100225074796620020116",
                "description": "This is my fifth stop of my Ann Arbor tour. Really cool place. The male bartenders just bent over backwards to make sure I had the proper game that I wanted to watch and planning to drink. The Mail patrons were a lot of fun to talk to. The female problems is getting worse. As I watch the interaction it feels like the women are trying not to laugh or be happy. So weird.",
                "link": "https://www.google.com/maps/reviews/data=!4m8!14m7!1m6!2m5!1sChdDSUhNMG9nS0VJQ0FnSURiLXRhLXVRRRAB!2m1!1s0x0:0x5f2aab186a4d63c7!3m1!1s2@1:CIHM0ogKEICAgIDb-ta-uQE%7CCgwIpeW-tQYQiNn52gE%7C?hl=en-US",
                "date": "3 months ago"
            },
            {
                "username": "Derek Morin",
                "rating": 1,
                "contributor_id": "109084899276903589541",
                "description": "Got seated for a table.  Waited 12 minutes and not a single server stopped by so we left.  I guess service is optional here.  Went across the street to the ravens club and had a water in front of us in under 30 seconds of being sat.",
                "link": "https://www.google.com/maps/reviews/data=!4m8!14m7!1m6!2m5!1sChZDSUhNMG9nS0VJQ0FnSUMzX05XVUdnEAE!2m1!1s0x0:0x5f2aab186a4d63c7!3m1!1s2@1:CIHM0ogKEICAgIC3_NWUGg%7CCgwI2ZKguQYQ8Ia2pAI%7C?hl=en-US",
                "date": "2 weeks ago"
            },
            {
                "username": "Jon Polanich",
                "rating": 5,
                "contributor_id": "101851408383668051936",
                "description": "Great sports bar and surprisingly great food\u2026 it can get busy on major game days but it is clear the management cares about your experience.",
                "link": "https://www.google.com/maps/reviews/data=!4m8!14m7!1m6!2m5!1sChZDSUhNMG9nS0VJQ0FnSURuNGVLVGRREAE!2m1!1s0x0:0x5f2aab186a4d63c7!3m1!1s2@1:CIHM0ogKEICAgIDn4eKTdQ%7CCgwIzLGLuAYQgMfVtwI%7C?hl=en-US",
                "date": "a month ago"
            }
        ]
    },
    "Services": {
        "dine_in": true,
        "takeout": true,
        "delivery": false
    }
}