{
    "docid": 130,
    "Title": "Bandito\u2019s Fresh Mexican Restaurant",
    "Price": [],
    "Place ID": "ChIJXe7ZMzyuPIgR_lXUdsITuV0",
    "Type ID": [],
    "Type": [
        "Mexican restaurant",
        "American restaurant",
        "Restaurant"
    ],
    "Menu": {
        "link": "http://banditosmi.com/",
        "source": "banditosmi.com",
        "items": []
    },
    "Address": "3395 Plymouth Rd, Ann Arbor, MI 48105",
    "GPS Coordinates": {
        "latitude": 42.3055172,
        "longitude": -83.69461009999999
    },
    "Phone Number": "(734) 996-0234",
    "Rating": 4.4,
    "Rating Summary": [
        {
            "stars": 1,
            "amount": 179
        },
        {
            "stars": 2,
            "amount": 65
        },
        {
            "stars": 3,
            "amount": 68
        },
        {
            "stars": 4,
            "amount": 124
        },
        {
            "stars": 5,
            "amount": 1469
        }
    ],
    "Opening Hours": [
        {
            "friday": "10\u202fAM\u201310\u202fPM"
        },
        {
            "saturday": "10\u202fAM\u201310\u202fPM"
        },
        {
            "sunday": "Closed"
        },
        {
            "monday": "10\u202fAM\u201310\u202fPM"
        },
        {
            "tuesday": "10\u202fAM\u201310\u202fPM"
        },
        {
            "wednesday": "10\u202fAM\u201310\u202fPM"
        },
        {
            "thursday": "10\u202fAM\u201310\u202fPM (Thanksgiving)"
        }
    ],
    "Description": "Lively Mexican eatery offers traditional fare in a festive, colorful interior, plus outdoor seating.",
    "Details": [
        {
            "from_the_business": [
                "Identifies as women-owned"
            ]
        },
        {
            "highlights": [
                "Fast service"
            ]
        },
        {
            "popular_for": [
                "Lunch",
                "Dinner",
                "Solo dining"
            ]
        },
        {
            "accessibility": [
                "Wheelchair accessible entrance",
                "Wheelchair accessible parking lot",
                "Wheelchair accessible restroom",
                "Wheelchair accessible seating"
            ]
        },
        {
            "offerings": [
                "Alcohol",
                "Beer",
                "Cocktails",
                "Coffee",
                "Comfort food",
                "Halal food",
                "Happy hour drinks",
                "Happy hour food",
                "Hard liquor",
                "Late-night food",
                "Private dining room",
                "Quick bite",
                "Small plates",
                "Vegan options",
                "Vegetarian options",
                "Wine"
            ]
        },
        {
            "dining_options": [
                "Breakfast",
                "Lunch",
                "Dinner",
                "Catering",
                "Dessert",
                "Seating"
            ]
        },
        {
            "amenities": [
                "Restroom",
                "Wi-Fi",
                "Free Wi-Fi"
            ]
        },
        {
            "atmosphere": [
                "Casual",
                "Cozy"
            ]
        },
        {
            "crowd": [
                "College students",
                "Groups",
                "Tourists"
            ]
        },
        {
            "planning": [
                "Accepts reservations"
            ]
        },
        {
            "payments": [
                "Credit cards",
                "Debit cards",
                "NFC mobile payments"
            ]
        },
        {
            "children": [
                "Good for kids",
                "High chairs",
                "Kids' menu"
            ]
        },
        {
            "parking": [
                "Free parking lot",
                "Free street parking",
                "Plenty of parking"
            ]
        }
    ],
    "User Reviews": {
        "summary": [
            {
                "snippet": "\"Great service, friendly staff, chips/salsa to start the meal are really good.\""
            },
            {
                "snippet": "\"I recomend it, fast serving time.price is 13.5$ for this plate.\""
            },
            {
                "snippet": "\"Good food, nice portions, yummy lime soda, impatient manager/waiter.\""
            }
        ]
    },
    "Services": {
        "dine_in": true,
        "curbside_pickup": true,
        "no_contact_delivery": true
    }
}