{
    "docid": 131,
    "Title": "Mister Spots Ann Arbor",
    "Price": [],
    "Place ID": "ChIJr2akG0iuPIgR3zamzDj8JAo",
    "Type ID": [],
    "Type": [
        "Fast food restaurant",
        "American restaurant",
        "Cheesesteak restaurant",
        "Chicken wings restaurant",
        "Takeout Restaurant",
        "Restaurant",
        "Sandwich shop"
    ],
    "Menu": {
        "link": "https://mrspots.com/spots-ann-arbor/",
        "source": "mrspots.com",
        "items": "12/1/24, 1:18 PM MISTER SPOTS Menu\n\nMREPOUS\n\nMISTER SPOTS\n\n808 SOUTH STATE STREET, ANN ARBOR, MI, 48104\n\n734-747-7768\n\nMore info\n\nGroup order\n\nOrder for: Pickup Delivery Time: Set time\n\n10 categories Q\n\nollapse categories v\n\nSteak\n\nTee Shirt\n\n6\" Steak Hoagie\n\nSteak, onions, provolone cheese, mayo, marinara sauce, lettuce, and tomato on a 6\" hoagie roll\n\n10\" Steak Hoagie\n\nSteak, onions, provolone cheese, mayo, marinara sauce, lettuce, and tomato on a 10\" hoagie roll\n\n|\nhttps://us.orderspoon.com/mister-spots 1/11\n12/1/24, 1:18 PM MISTER SPOTS Menu\n\n6\" Cheese Steak $8.60\n\nSteak, onions, provolone cheese, and marinara on a 6\" hoagie roll\n\n10\" Cheese Steak\n\nSteak, onions, provolone cheese, and marinara on a 10\" hoagie roll\n\n6\" Philly Original\n\nSteak, onions, and American cheese on a 6\" hoagie roll\n\n10\" Philly Original\n\nSteak, onions, and American cheese on a 10\" hoagie roll\n\nDelivery Fee\n\nChicken\n\nChicken Sandwich\n\nServed on an onion roll with American cheese, mayo, lettuce, and tomato\n\nTee Shirt\n\n6\" Chicken Hoagie\n\nChicken, onions, provolone cheese, lettuce, tomato, and choice of dressing served on a 6\" hoagie roll\n\n10\" Chicken Hoagie $12.80\n\nhttps://us.orderspoon.com/mister-spots 2/11\n\n12/1/24, 1:18 PM MISTER SPOTS Menu\n\nChicken, onions, provolone cheese, lettuce, tomato, and choice of dressing served on a 10\" hoagie roll\n\n6\" Chicken Philly\n\nChicken, onions, and American cheese on a 6\" hoagie roll\n\n10\" Chicken Philly\n\nChicken, onions, and American cheese on a 10\" hoagie roll\n\n$8.75\n\n$11.75\n\nTee Shirt\n\n1/2 Dozen Boneless\n\nDozen Boneless\n\n1/2 Dozen Wings\n\nDozen Wings\n\n2 Dozen Wings\n\nhttps://us.orderspoon.com/mister-spots\n\n$20.00\n\n$8.99\n\n$17.99\n\n$9.50\n\n$18.75\n\n$37.00\n\n3/11\n12/1/24, 1:18 PM MISTER SPOTS Menu\n\nBucket Of 50 Wings $74.00\n\nBurgers\n\nTee Shirt $20.00\n1/4 Pound Burger $8.25\n1/4 pound burger patty served on a brioche roll and choice of ketchup, mayo, mustard, pickles, red onion, lettuce, tomato, and/or\ncheese\n1/2 Pound Burger $12.25\n1/2 pound burger patty served on a brioche roll and choice of ketchup, mayo, mustard, pickles, red onion, lettuce, tomato, and/or\ncheese\n\nFingers\n\nSmall Chicken Fingers $9.25\n\nhttps://us.orderspoon.com/mister-spots 4/11\n12/1/24, 1:18 PM MISTER SPOTS Menu\n\nTee Shirt $20.00\n\nLarge Chicken Fingers\n\nSides (Fries, O-rings etc.)\n\n1/2 Fries $4.50\n\nTee Shirt\n\nSack of Fries\n\n1/2 Cheese Fries\n\nCheese Fries\n\n1/2 Chili Fries\n\npe\n\nhttps://us.orderspoon.com/mister-spots\n\nS/11\n12/1/24, 1:18 PM MISTER SPOTS Menu\n\nChili Fries $8.59\n1/2 Chili Cheese Fries $6.25\nChili Cheese Fries $10.19\n1/2 Onion Rings $5.75\nSack of Onion Rings $7.69\nMozzarella Sticks $7.19\nChili (120z) $8.50\nPotato Chips $1.90\nDill Pickle $1.60\n\nhttps://us.orderspoon.com/mister-spots 6/11\n12/1/24, 1:18 PM MISTER SPOTS Menu\n\nDrinks & Sweets\n\nLg Chocolate Chip Cookie\n\nLg Brownie\n\nOther Beverages\n\nCold Hoagies\n\nTee Shirt\n\n6\" Turkey Hoagie\n\nTurkey, provolone cheese, mayo, lettuce, red onion, oregano, olive oil, and vinegar served on a 6\" hoagie roll\n\n10\" Turkey Hoagie $11.29\n\nTurkey, provolone cheese, mayo, lettuce, red onion, oregano, olive oil, and vinegar served on a 10\" hoagie roll\n\nhttps://us.orderspoon.com/mister-spots TAL\n12/1/24, 1:18 PM MISTER SPOTS Menu\n\n6\" Veggie Hoagie $8.49\nProvolone, Swiss, and American cheeses, mayo, lettuce, tomato, cucumber, red onion, oregano, olive oil, and vinegar served on a 6\"\nhoagie roll\n10\" Veggie Hoagie $11.29\nProvolone, Swiss, and American cheeses, mayo, lettuce, tomato, cucumber, red onion, oregano, olive oil, and vinegar served ona\n10\" hoagie roll\n\nSalads\n\noat\n\nGrilled Chicken Salad $11.99\n\nGrilled chicken breast served on a large bed of iceberg lettuce, tomatoes, onions, cucumbers, green peppers, croutons, provolone\ncheese, and choice of dressing\n\nTee Shirt $20.00\n\nTurkey Salad $10.95\n\nDeli turkey served on a large bed of iceberg lettuce, tomatoes, onions, cucumbers, green peppers, croutons, provolone cheese, and\nchoice of dressing\n\nTossed Salad $8.79\n\nA large bed of iceberg lettuce with tomatoes, onions, cucumbers, green peppers, croutons, provolone cheese, and choice of\ndressing\n\nExtras (Sauces,etc.)\n\nTee Shirt $20.00\n\nhttps://us.orderspoon.com/mister-spots 8/11\n12/1/24, 1:18 PM\n\n2 Oz Pepper Relish\n\n3.25 Oz Honey Mustard\n\n2 oz. Jalapeno Peppers\n\n3.25 oz. Jalapeno Peppers\n\n2 oz. Banana Peppers\n\n3.25 oz. Banana Peppers\n\n2 oz. Mushrooms\n\n3.25 oz. Mushrooms\n\nCelery\n\nltalian Dressing\n\nO/V 20z\n\nhttps://us.orderspoon.com/mister-spots\n\nMISTER SPOTS Menu\n\n$0.69\n\n$0.99\n\n$0.60\n\n$0.99\n\n$0.69\n\n$0.99\n\n$0.69\n\n$0.99\n\n$0.69\n\n$0.90\n\n$0.69\n\n9/11\n12/1/24, 1:18 PM\n\nO/V 3.25 Oz\n\nBBQ 20z\n\nBBQ 3.25 Oz\n\nCheez 20z\n\nCheez 3.25 Oz\n\nSpots Sauce 20z\n\nSpots Sauce 3.25 Oz\n\nSuicide 20z\n\nSuicide 3.25 Oz\n\nHot Sauce 20z\n\nHot Sauce 3.25 Oz\n\nParm Garlic 20z\n\nhttps://us.orderspoon.com/mister-spots\n\nMISTER SPOTS Menu\n\n$0.99\n\n$0.69\n\n$0.99\n\n$0.99\n\n$1.79\n\n$0.69\n\n$0.99\n\n$0.69\n\n$0.99\n\n$0.69\n\n$0.99\n\n$0.69\n\n10/11\n12/1/24, 1:18 PM MISTER SPOTS Menu\n\nParm Garlic 3.25 Oz $0.99\nBlue Cheese 20z $0.69\nBlue Cheese 3.25 Oz $0.99\nRanch 20z $0.69\nRanch 3.25 Oz $0.99\nTerms Of Use Privacy Policy Accessibility Info\n\nhttps://us.orderspoon.com/mister-spots 11/11\n"
    },
    "Address": "808 S State St, Ann Arbor, MI 48104",
    "GPS Coordinates": {
        "latitude": 42.271605099999995,
        "longitude": -83.7408923
    },
    "Phone Number": "(734) 747-7768",
    "Rating": 4.5,
    "Rating Summary": [
        {
            "stars": 1,
            "amount": 22
        },
        {
            "stars": 2,
            "amount": 13
        },
        {
            "stars": 3,
            "amount": 38
        },
        {
            "stars": 4,
            "amount": 116
        },
        {
            "stars": 5,
            "amount": 452
        }
    ],
    "Opening Hours": [
        {
            "friday": "10:30\u202fAM\u201312\u202fAM"
        },
        {
            "saturday": "11\u202fAM\u201312\u202fAM"
        },
        {
            "sunday": "12\u201310\u202fPM"
        },
        {
            "monday": "10:30\u202fAM\u201310\u202fPM"
        },
        {
            "tuesday": "10:30\u202fAM\u201310\u202fPM"
        },
        {
            "wednesday": "10:30\u202fAM\u201310\u202fPM"
        },
        {
            "thursday": "10:30\u202fAM\u201310\u202fPM (Thanksgiving)"
        }
    ],
    "Description": "Casual joint serving Philadelphia-style hoagies, steak sandwiches & signature wings.",
    "Details": [
        {
            "popular_for": [
                "Lunch",
                "Dinner",
                "Solo dining"
            ]
        },
        {
            "accessibility": [
                "Wheelchair accessible entrance"
            ]
        },
        {
            "offerings": [
                "Late-night food",
                "Quick bite"
            ]
        },
        {
            "dining_options": [
                "Lunch",
                "Dinner",
                "Dessert",
                "Seating"
            ]
        },
        {
            "amenities": [
                "Restroom"
            ]
        },
        {
            "atmosphere": [
                "Casual"
            ]
        },
        {
            "crowd": [
                "Groups"
            ]
        },
        {
            "payments": [
                "Credit cards",
                "Debit cards",
                "NFC mobile payments"
            ]
        },
        {
            "children": [
                "Good for kids",
                "High chairs"
            ]
        }
    ],
    "User Reviews": {
        "summary": [
            {
                "snippet": "\"Cool staff, nice location, great food and good customer service!\""
            },
            {
                "snippet": "\"I wouldn\u2019t eat here I ordered the \ud83e\udd57 salad & wings; with the CHEESE STEAK.\""
            },
            {
                "snippet": "\"The PHILLY'S, the Hoagies, the sauce to the soda...HANDS DOWN THE BEST.\""
            }
        ],
        "most_relevant": [
            {
                "username": "Ahmed",
                "rating": 5,
                "contributor_id": "109902249534369525206",
                "description": "Their Philly cheesesteaks are too good-\n\nThe meat was juicy, cooked onions were flavourful, and the cheese in between all of it just made for an amazing sandwich. Their 10\u201d sandwiches are more like a foot long too.\n\nThe restaurant has a very old school vibe to it, looks like it\u2019s straight out of the late 80\u2019s. Cozy and comfortable. The folks working there are super friendly too. Can\u2019t ask for anything more.",
                "link": "https://www.google.com/maps/reviews/data=!4m8!14m7!1m6!2m5!1sChZDSUhNMG9nS0VJQ0FnSUNiMlpmUkd3EAE!2m1!1s0x0:0xa24fc38cca636df!3m1!1s2@1:CIHM0ogKEICAgICb2ZfRGw%7CCgsIyIictQYQgIW6dw%7C?hl=en-US",
                "images": [
                    {
                        "thumbnail": "https://lh5.googleusercontent.com/p/AF1QipM9UKh1vf2eNfImKA_HjrrdvPaRxRrJJjX4ujq0=w150-h150-k-no-p"
                    },
                    {
                        "thumbnail": "https://lh5.googleusercontent.com/p/AF1QipOXcJuH2qi1m8rAGTn66_KZtv-fV9orbc8M1pit=w150-h150-k-no-p"
                    },
                    {
                        "thumbnail": "https://lh5.googleusercontent.com/p/AF1QipP7VxmvANZ_isLzTLpqZfzbpzTdCVrHnygjoeQ2=w150-h150-k-no-p"
                    }
                ],
                "date": "3 months ago"
            },
            {
                "username": "Bigg O",
                "rating": 4,
                "contributor_id": "111809918248971464691",
                "description": "For a local place it was all right. We were just up the road at Yost Center for my son's hockey and wanted to grab a quick bite. I got the steak sub and a bag of Lay's potato chips. I'd say it was a little better than going to Subway. Love the fact that they have Pepsi",
                "link": "https://www.google.com/maps/reviews/data=!4m8!14m7!1m6!2m5!1sChZDSUhNMG9nS0VJQ0FnSUNiNXZ2aWVREAE!2m1!1s0x0:0xa24fc38cca636df!3m1!1s2@1:CIHM0ogKEICAgICb5vvieQ%7CCgwIiLWPtQYQiNKpqgM%7C?hl=en-US",
                "images": [
                    {
                        "thumbnail": "https://lh5.googleusercontent.com/p/AF1QipOLdf4O86t8bZHpo8YMKz-PZDdrrZAxNRmoUfKG=w150-h150-k-no-p"
                    },
                    {
                        "thumbnail": "https://lh5.googleusercontent.com/p/AF1QipPguhlSE9J4PNua8eLNrrkO4NpFdvubvoXbZb66=w150-h150-k-no-p"
                    },
                    {
                        "thumbnail": "https://lh5.googleusercontent.com/p/AF1QipPclZUBd3VJzZmRhrbreFTPKuj3oGunFeCovKeb=w150-h150-k-no-p"
                    },
                    {
                        "thumbnail": "https://lh5.googleusercontent.com/p/AF1QipMib_piA_H_DkVwpoop0vxEamf1Oem7GXHfUDJd=w150-h150-k-no-p"
                    }
                ],
                "date": "3 months ago"
            },
            {
                "username": "Jeffrey Scott",
                "rating": 4,
                "contributor_id": "108496281754242038698",
                "description": "First time to AA and wanted to try the hot local spots and this was on the list.  This is a hole in the wall with decent food.  Can say I did it but not high on the list for next time.",
                "link": "https://www.google.com/maps/reviews/data=!4m8!14m7!1m6!2m5!1sChdDSUhNMG9nS0VJQ0FnSUNucE9QM3B3RRAB!2m1!1s0x0:0xa24fc38cca636df!3m1!1s2@1:CIHM0ogKEICAgICnpOP3pwE%7CCgwIkYDDtwYQuIO1swE%7C?hl=en-US",
                "images": [
                    {
                        "thumbnail": "https://lh5.googleusercontent.com/p/AF1QipPOLdKiNJ3hsHuyrYIZl7PNOP70qwZ4fdfWZEgH=w150-h150-k-no-p"
                    },
                    {
                        "thumbnail": "https://lh5.googleusercontent.com/p/AF1QipPw3Ev7bAvmbW0AC8oxguPmR5_Lx2pUZVFq2gZn=w150-h150-k-no-p"
                    },
                    {
                        "thumbnail": "https://lh5.googleusercontent.com/p/AF1QipNOTSqq5HLNPmNqF5indQ_M42iPnj-dAppwbHLG=w150-h150-k-no-p"
                    }
                ],
                "date": "a month ago"
            },
            {
                "username": "zachary kreis",
                "rating": 5,
                "contributor_id": "106554714280175828503",
                "description": "Was recommended and sent here by some friends from U of M football team.\nFirst time, will not be our last! Was told to ask for the owner Keith and was greeted with a huge smile and a come on in.\nFood was absolutely outta this world amazing, hands down top five place in AA!!\nEven had a special request from my son for a grilled cheese, not even on the menu and it wasn\u2019t even a question!\nAbsolutely amazing place and even more outstanding people!! Go Blue\u303d\ufe0f",
                "link": "https://www.google.com/maps/reviews/data=!4m8!14m7!1m6!2m5!1sChZDSUhNMG9nS0VJQ0FnSUNycWRfYUp3EAE!2m1!1s0x0:0xa24fc38cca636df!3m1!1s2@1:CIHM0ogKEICAgICrqd_aJw%7CCgsIk5mxtAYQ-KvIQA%7C?hl=en-US",
                "date": "4 months ago"
            },
            {
                "username": "L WW",
                "rating": 5,
                "contributor_id": "114447473776956062698",
                "description": "Delicious food and great service!",
                "link": "https://www.google.com/maps/reviews/data=!4m8!14m7!1m6!2m5!1sChZDSUhNMG9nS0VJQ0FnSURud2JHZ0t3EAE!2m1!1s0x0:0xa24fc38cca636df!3m1!1s2@1:CIHM0ogKEICAgIDnwbGgKw%7CCgwI5deKuAYQkJ70rAI%7C?hl=en-US",
                "images": [
                    {
                        "thumbnail": "https://lh5.googleusercontent.com/p/AF1QipPkWNv96TTGmxOlY0AU8tuvn0O2bmY_73CXOHyY=w150-h150-k-no-p"
                    },
                    {
                        "thumbnail": "https://lh5.googleusercontent.com/p/AF1QipOtnJtxUcqkc5FOiG1Pgv_-e9RqCeTZmgfemm3S=w150-h150-k-no-p"
                    },
                    {
                        "thumbnail": "https://lh5.googleusercontent.com/p/AF1QipO0ki_P1MqP65gpVFM_TKBl1CTqKJErJp2VZQBj=w150-h150-k-no-p"
                    }
                ],
                "date": "a month ago"
            },
            {
                "username": "Musica Amor",
                "rating": 5,
                "contributor_id": "114077222623810740747",
                "description": "Zach, who took my order over the phone. He was really nice. His tone, on the phone, didn't make me feel like a inconvenience. The order was a little pricey, the food was good. Living about 2 miles away. Everything was still hot. And the delivery driver was nice.",
                "link": "https://www.google.com/maps/reviews/data=!4m8!14m7!1m6!2m5!1sChZDSUhNMG9nS0VJQ0FnSUNMcXByeEJnEAE!2m1!1s0x0:0xa24fc38cca636df!3m1!1s2@1:CIHM0ogKEICAgICLqprxBg%7CCgwI6NvrswYQkIPClgI%7C?hl=en-US",
                "date": "4 months ago"
            },
            {
                "username": "Lionel Wallace",
                "rating": 4,
                "contributor_id": "109829714012243595205",
                "description": "Did the pull up for lunch at Mr. Spots for cheesesteak. Haven't been here  since grad school and it still taste delicious. Definitely a college student landmark.",
                "link": "https://www.google.com/maps/reviews/data=!4m8!14m7!1m6!2m5!1sChZDSUhNMG9nS0VJQ0FnSUR1a29hVVNBEAE!2m1!1s0x0:0xa24fc38cca636df!3m1!1s2@1:CIHM0ogKEICAgIDukoaUSA%7CCgwIuYDylwYQoKvx0wE%7C?hl=en-US",
                "images": [
                    {
                        "thumbnail": "https://lh5.googleusercontent.com/p/AF1QipOHnE6Vg6GNlTaSmRYxa1CVS_RKMr5g4K-iA6BF=w150-h150-k-no-p"
                    },
                    {
                        "thumbnail": "https://lh5.googleusercontent.com/p/AF1QipNe_4RMOmV4XOzh3LD4kk2KPAmKr7z1YlnJuPiW=w150-h150-k-no-p"
                    },
                    {
                        "thumbnail": "https://lh5.googleusercontent.com/p/AF1QipMdJx6-_mc2cOMNrTYKUuVoe5MIkhsGyhDWwjaD=w150-h150-k-no-p"
                    },
                    {
                        "thumbnail": "https://lh5.googleusercontent.com/p/AF1QipNlWx_OZ3T8YYogphM1j7cKym9ArUvlrkw5CkYc=w150-h150-k-no-p"
                    }
                ],
                "date": "2 years ago"
            },
            {
                "username": "Ethan Olds",
                "rating": 5,
                "contributor_id": "114451411316240959210",
                "description": "Awesome owner, very welcoming to those visiting for the first time. Phenomenal food!",
                "link": "https://www.google.com/maps/reviews/data=!4m8!14m7!1m6!2m5!1sChdDSUhNMG9nS0VJQ0FnSUMzdU5EdV9BRRAB!2m1!1s0x0:0xa24fc38cca636df!3m1!1s2@1:CIHM0ogKEICAgIC3uNDu_AE%7CCgwIg5yZuQYQ2NKZsQM%7C?hl=en-US",
                "date": "2 weeks ago"
            }
        ]
    },
    "Services": {
        "dine_in": true,
        "takeout": true,
        "delivery": true
    }
}