{
    "docid": 134,
    "Title": "Samba Bowls Ann Arbor",
    "Price": [],
    "Place ID": "ChIJweHeUVGvPIgRAZgLRQvrL9A",
    "Type ID": [],
    "Type": [
        "A\u00e7a\u00ed shop"
    ],
    "Menu": {
        "link": "http://sambabowls.net/",
        "source": "sambabowls.net",
        "items": "Check Doordash menu"
    },
    "Address": "113 W Washington St, Ann Arbor, MI 48104",
    "GPS Coordinates": {
        "latitude": 42.2803547,
        "longitude": -83.749275
    },
    "Phone Number": [],
    "Rating": 5,
    "Rating Summary": [
        {
            "stars": 1,
            "amount": 0
        },
        {
            "stars": 2,
            "amount": 0
        },
        {
            "stars": 3,
            "amount": 0
        },
        {
            "stars": 4,
            "amount": 2
        },
        {
            "stars": 5,
            "amount": 141
        }
    ],
    "Opening Hours": [
        {
            "friday": "11\u202fAM\u20138:30\u202fPM"
        },
        {
            "saturday": "10:30\u202fAM\u20138:30\u202fPM"
        },
        {
            "sunday": "10:30\u202fAM\u20138\u202fPM"
        },
        {
            "monday": "11\u202fAM\u20138\u202fPM"
        },
        {
            "tuesday": "11\u202fAM\u20138\u202fPM"
        },
        {
            "wednesday": "11\u202fAM\u20138\u202fPM"
        },
        {
            "thursday": "11\u202fAM\u20138:30\u202fPM (Thanksgiving)"
        }
    ],
    "Description": "",
    "Details": [
        {
            "popular_for": [
                "Lunch",
                "Solo dining"
            ]
        },
        {
            "accessibility": [
                "Wheelchair accessible entrance",
                "Wheelchair accessible parking lot",
                "Wheelchair accessible restroom",
                "Wheelchair accessible seating"
            ]
        },
        {
            "offerings": [
                "Comfort food",
                "Healthy options",
                "Quick bite"
            ]
        },
        {
            "dining_options": [
                "Breakfast",
                "Lunch",
                "Dinner",
                "Counter service",
                "Dessert",
                "Seating"
            ]
        },
        {
            "amenities": [
                "Restroom",
                "Wi-Fi",
                "Free Wi-Fi"
            ]
        },
        {
            "atmosphere": [
                "Casual",
                "Trendy"
            ]
        },
        {
            "crowd": [
                "Family-friendly",
                "LGBTQ+ friendly",
                "Transgender safespace"
            ]
        },
        {
            "payments": [
                "Credit cards",
                "Debit cards",
                "NFC mobile payments"
            ]
        },
        {
            "children": [
                "Good for kids",
                "Has changing table(s)",
                "High chairs"
            ]
        },
        {
            "parking": [
                "Free street parking",
                "Paid street parking"
            ]
        },
        {
            "pets": [
                "Dogs allowed outside"
            ]
        }
    ],
    "User Reviews": {
        "summary": [
            {
                "snippet": "\"Samba Bowls has an excellent selection of exotic fruits and toppings.\""
            },
            {
                "snippet": "\"Amazing place, outstanding food and service.\""
            },
            {
                "snippet": "\"I enjoyed the flavor of the base and the topping options.\""
            }
        ],
        "most_relevant": [
            {
                "username": "Ana Carolina Hess (hellocarols)",
                "rating": 5,
                "contributor_id": "107177600277042062653",
                "description": "This is my new favorite place in Ann Arbor, I\u2019ve been waiting for a really good a\u00e7ai shop and this is IT! I\u2019ve been a couple times and the staff is always friendly, the atmosphere is great, I love their playlists, it\u2019s like a little slice of Brazil and it makes me feel like I\u2019m on a little tropical vacation. They have the option to order just the fruits on the side which is an amazing kid-friendly snack for my toddler. And every new flavor I try is better than the next one, I love coming up with different combinations with the build-your-own option. It\u2019s a MUST TRY if you\u2019re ever in the area!",
                "link": "https://www.google.com/maps/reviews/data=!4m8!14m7!1m6!2m5!1sChdDSUhNMG9nS0VJQ0FnSUNMNmFLcGpBRRAB!2m1!1s0x0:0xd02feb0b450b9801!3m1!1s2@1:CIHM0ogKEICAgICL6aKpjAE%7CCgsIvNLTswYQ6JSWEw%7C?hl=en-US",
                "images": [
                    {
                        "thumbnail": "https://lh5.googleusercontent.com/p/AF1QipPLpEwgoJqw8whBJwk4ao7Pz8wZ-RPi9-WYphtY=w150-h150-k-no-p"
                    },
                    {
                        "thumbnail": "https://lh5.googleusercontent.com/p/AF1QipPFXPE4S-PZAxfWfELOzv8luTvdEk9N0DP_Klhg=w150-h150-k-no-p"
                    },
                    {
                        "thumbnail": "https://lh5.googleusercontent.com/p/AF1QipNMNmxOg0WKFz02dqqXOWBU3eoY33Qu1Tz-BU7x=w150-h150-k-no-p"
                    },
                    {
                        "thumbnail": "https://lh5.googleusercontent.com/p/AF1QipPt4mkJC2123vdNVcaJQ2gq2bQtKPAUPcPSTY_M=w150-h150-k-no-p"
                    },
                    {
                        "thumbnail": "https://lh5.googleusercontent.com/p/AF1QipN6RKRRqKi7ZDj5IbELzUbw19YjKhqIyx9Q-qlm=w150-h150-k-no-p"
                    },
                    {
                        "thumbnail": "https://lh5.googleusercontent.com/p/AF1QipMmX_xkEPaFOEijf4ar6JHZjWcvjxhOhNXRRVUx=w150-h150-k-no-p"
                    },
                    {
                        "thumbnail": "https://lh5.googleusercontent.com/p/AF1QipPeIwbhLKJrDgv79wHzjADRRul8ljKUROwhtuV7=w150-h150-k-no-p"
                    },
                    {
                        "thumbnail": "https://lh5.googleusercontent.com/p/AF1QipPCpndwjCTcUtEtODQil9wRV3uv95q-_RLIzIpe=w150-h150-k-no-p"
                    },
                    {
                        "thumbnail": "https://lh5.googleusercontent.com/p/AF1QipPQTyxw9zN81Q3lhKvZ0gS8oiJAfxs7t4TZEwxu=w150-h150-k-no-p"
                    },
                    {
                        "thumbnail": "https://lh5.googleusercontent.com/p/AF1QipMk-6EHODNbaQs2Azt-1GpwSfIMiFmIZ8uq-GHW=w150-h150-k-no-p"
                    },
                    {
                        "thumbnail": "https://lh5.googleusercontent.com/p/AF1QipM5KZ8ZHe59NB2p34abXXWSFGYMi6vPO5H1yrM-=w150-h150-k-no-p"
                    },
                    {
                        "thumbnail": "https://lh5.googleusercontent.com/p/AF1QipPq_jzN4fr_xhJLl5GFZehkCyWk9GmQaJXLL9Ii=w150-h150-k-no-p"
                    },
                    {
                        "thumbnail": "https://lh5.googleusercontent.com/p/AF1QipPCVA-ZE3rlooytuE7EpoAhhDo3m3CtarBqzRQG=w150-h150-k-no-p"
                    }
                ],
                "date": "5 months ago"
            },
            {
                "username": "A",
                "rating": 5,
                "contributor_id": "113616158034765917366",
                "description": "This is a relatively new a\u00e7a\u00ed place in Ann Arbor and it\u2019s REALLY GOOD.\n\nI\u2019ve tried the a\u00e7a\u00ed bowls from a bunch of different places in Ann Arbor and this is the BEST ONE. The texture of the a\u00e7a\u00ed is amazing, and isn\u2019t too watery like ones I\u2019ve had before. I ordered the Bahia Paradise bowl and the powdered milk is really good too. I tried this place a month ago and I still think about how I need to go back. The price is very similar to other places in Ann Arbor if not slightly better. It isn\u2019t as close as the others are to campus but it\u2019s a close enough walk that I would 100% recommend going.",
                "link": "https://www.google.com/maps/reviews/data=!4m8!14m7!1m6!2m5!1sChZDSUhNMG9nS0VJQ0FnSURudWMtaU5nEAE!2m1!1s0x0:0xd02feb0b450b9801!3m1!1s2@1:CIHM0ogKEICAgIDnuc-iNg%7CCgsIjayQuAYQiLTKVQ%7C?hl=en-US",
                "images": [
                    {
                        "thumbnail": "https://lh5.googleusercontent.com/p/AF1QipOeJcQO59b2PHkjJZvvPrxMa5lN66QUCblLRUPh=w150-h150-k-no-p"
                    }
                ],
                "date": "a month ago"
            },
            {
                "username": "Sydney Tran",
                "rating": 5,
                "contributor_id": "106195486605344506294",
                "description": "AMAZING. 10/10. Totally recommend either of the a\u00e7a\u00ed and the pitaya with passion fruit for the base. Granola and Condensed milk on top is a must! Will definitely be coming often!! \ud83e\udd2f\ud83d\ude0d\ud83d\ude0b",
                "link": "https://www.google.com/maps/reviews/data=!4m8!14m7!1m6!2m5!1sChZDSUhNMG9nS0VJQ0FnSUNIeGRHS09nEAE!2m1!1s0x0:0xd02feb0b450b9801!3m1!1s2@1:CIHM0ogKEICAgICHxdGKOg%7CCgwI_pPutgYQuLnEqAE%7C?hl=en-US",
                "images": [
                    {
                        "thumbnail": "https://lh5.googleusercontent.com/p/AF1QipOaGhcQnavA1TCFFGh3-KJ6cIaQHMsxhMYbAxYW=w150-h150-k-no-p"
                    },
                    {
                        "thumbnail": "https://lh5.googleusercontent.com/p/AF1QipMKr9K6UDbc-t3bICd_h7iw3I0c9Iu8zAh5zdc4=w150-h150-k-no-p"
                    }
                ],
                "date": "2 months ago"
            },
            {
                "username": "Ashima Saigal",
                "rating": 5,
                "contributor_id": "103022952847473240345",
                "description": "We made our own bowls. The display was beautiful and the taste was delicious.\n\nWe got the a\u00e7a\u00ed base and added loads of fruit. It was quickly served and presented nicely.\n\nWe will be back!",
                "link": "https://www.google.com/maps/reviews/data=!4m8!14m7!1m6!2m5!1sChdDSUhNMG9nS0VJQ0FnSUNIbDUtdC13RRAB!2m1!1s0x0:0xd02feb0b450b9801!3m1!1s2@1:CIHM0ogKEICAgICHl5-t-wE%7CCgwI3_v9tgYQqIXKrgI%7C?hl=en-US",
                "images": [
                    {
                        "thumbnail": "https://lh5.googleusercontent.com/p/AF1QipOAmfx2d0UBjT0CYAkBeIRB6rsLY1CjLYDBhyDn=w150-h150-k-no-p"
                    },
                    {
                        "thumbnail": "https://lh5.googleusercontent.com/p/AF1QipPppeMo45pgjSPOAq4bswexV8wd5R8t6UGk4POy=w150-h150-k-no-p"
                    }
                ],
                "date": "2 months ago"
            },
            {
                "username": "Willow Davis",
                "rating": 5,
                "contributor_id": "102076167375935747329",
                "description": "This place is wonderful, do yourself a solid and go check them out! Friendly, clean, and of course, delicious!\nThe cupua\u00e7u base is really good and I think you'd be hard pressed to find it anywhere else nearby! Samba Bowls truly brings something new to Ann Arbor. :) I personally really enjoyed their toppings condensed milk, pa\u00e7oca (it's very similar to the Mexican Rosa peanut candy), and powdered milk, classic Brazilian flavors!",
                "link": "https://www.google.com/maps/reviews/data=!4m8!14m7!1m6!2m5!1sChdDSUhNMG9nS0VJQ0FnSUNyd2JYLXRRRRAB!2m1!1s0x0:0xd02feb0b450b9801!3m1!1s2@1:CIHM0ogKEICAgICrwbX-tQE%7CCgwIvMvMtAYQoKKPywE%7C?hl=en-US",
                "images": [
                    {
                        "thumbnail": "https://lh5.googleusercontent.com/p/AF1QipM1Z-ZVmQE3_siTx-fiMuqCbNT9mwuug_Ouw3Ph=w150-h150-k-no-p"
                    },
                    {
                        "thumbnail": "https://lh5.googleusercontent.com/p/AF1QipNOmpf212s1b1Fn4sruct7Ft40dsHm9HtGB3nN3=w150-h150-k-no-p"
                    }
                ],
                "date": "4 months ago"
            },
            {
                "username": "Rashid Abdullah",
                "rating": 5,
                "contributor_id": "114341422236991735145",
                "description": "Hey there, Smoothies lovers! Today, we're going to talk about a fantastic dining experience at Samba Bowls in Ann Arbor. This place is a must-visit for anyone looking for healthy, nutritious, and delicious food and beverages. So, let's dive right in!\nFirst off, I have to say that I would gladly battle the hell of parking in Ann Arbor every day just to eat here! The food is that good. And let me tell you, the ladies who work the counter are absolutely sweet and helpful. It was my first time visiting, and they were more than happy to assist me in making my order. I can't wait to return!\nNow, let's talk about the food. The Samba Bowls are truly a sight to behold. They're packed with fresh fruits, nuts, and other tasty ingredients, and they're so delicious that I'm already planning my next visit. The Metallica Fresh Fruit and Nuts bowl is a personal favorite, and I can't wait to try more of their offerings.\nWhat really sets Samba Bowls apart is their commitment to cleanliness and timely service. I recently visited fairly close to closing time, but I was still greeted with kindness and received perfectly made smoothies. The staff is always kind and helpful, and the atmosphere is always clean and inviting.\nOne of the best parts of Samba Bowls is their unique blend of fresh fruits, nuts, and other tasty ingredients. They're not your typical smoothie, but they're definitely worth trying. The smoothies are made with a combination of fresh fruits, nuts, and other tasty ingredients, and they're absolutely delicious.\nOverall, I highly recommend giving Samba Bowls a try if you're in the Ann Arbor area. The food is fantastic, the staff is friendly and helpful, and the atmosphere is clean and inviting. So, what are you waiting for? Head on over to Samba Bowls and treat yourself to a delicious and nutritious meal!\nThank you so much for joining me on this food adventure! If you enjoyed this video, please give it a thumbs up, and don't forget to follow and subscribe for more delicious dining experiences. Until next time, happy eating!",
                "link": "https://www.google.com/maps/reviews/data=!4m8!14m7!1m6!2m5!1sChZDSUhNMG9nS0VJQ0FnSURINU1tdEZREAE!2m1!1s0x0:0xd02feb0b450b9801!3m1!1s2@1:CIHM0ogKEICAgIDH5MmtFQ%7CCgsIt_-MtwYQgOWxHA%7C?hl=en-US",
                "images": [
                    {
                        "thumbnail": "https://lh5.googleusercontent.com/p/AF1QipNvUpoiIhhPDLGxcKkq5Y8mQo9BgFKpOZEB2zT-=w150-h150-k-no-p"
                    },
                    {
                        "thumbnail": "https://lh5.googleusercontent.com/p/AF1QipO8FKhBRs-ephg7Mc_dQSCCgLyO7k1nBE2B7EHP=w150-h150-k-no-p"
                    },
                    {
                        "thumbnail": "https://lh5.googleusercontent.com/p/AF1QipObrh1Bn6XmunYo657tI5lkwPMzwc2zw7plL9aQ=w150-h150-k-no-p"
                    },
                    {
                        "thumbnail": "https://lh5.googleusercontent.com/p/AF1QipOayivcoxK_gcpMcY3sim_h1D8l360LWYN68SuE=w150-h150-k-no-p"
                    }
                ],
                "date": "2 months ago"
            },
            {
                "username": "Sharky Shark",
                "rating": 5,
                "contributor_id": "101975036869796991922",
                "description": "Great place! The friendly staff helped me pick out flavors to create a bowl and it really seemed like they were excited to help. They allowed me to sample all their base flavors and were knowledgeable on the flavor profiles. Great atmosphere as well. My bowl was delicious!",
                "link": "https://www.google.com/maps/reviews/data=!4m8!14m7!1m6!2m5!1sChdDSUhNMG9nS0VJQ0FnSURyNk9mcnpBRRAB!2m1!1s0x0:0xd02feb0b450b9801!3m1!1s2@1:CIHM0ogKEICAgIDr6OfrzAE%7CCgwIpbPMtAYQsOnt5AE%7C?hl=en-US",
                "images": [
                    {
                        "thumbnail": "https://lh5.googleusercontent.com/p/AF1QipMEBIrzfmPUR15FxecXcdsDuKxt4IcQ_T_--6tX=w150-h150-k-no-p"
                    }
                ],
                "date": "4 months ago"
            },
            {
                "username": "barbara bueno",
                "rating": 5,
                "contributor_id": "103483086445226223910",
                "description": "The place is amazing. Very well decorated, friendly staff, and an a\u00e7a\u00ed with Brazil tasting. So many options and you even can make your own bowl or smoothie. Perfect place to go with friends or family for a good time.",
                "link": "https://www.google.com/maps/reviews/data=!4m8!14m7!1m6!2m5!1sChZDSUhNMG9nS0VJQ0FnSUN6aWV6NGR3EAE!2m1!1s0x0:0xd02feb0b450b9801!3m1!1s2@1:CIHM0ogKEICAgICziez4dw%7CCgsIuKP0sgYQ6PTVHQ%7C?hl=en-US",
                "images": [
                    {
                        "thumbnail": "https://lh5.googleusercontent.com/p/AF1QipPHicLCYVzsuC3Uh0X6QawdvQ-3e8nQ68mmcHFQ=w150-h150-k-no-p"
                    },
                    {
                        "thumbnail": "https://lh5.googleusercontent.com/p/AF1QipO_5NrG09D70BhVwA2xbrcy5h8mDl0y4L3LU5lS=w150-h150-k-no-p"
                    }
                ],
                "date": "5 months ago"
            }
        ]
    },
    "Services": {
        "dine_in": true,
        "takeout": true,
        "no_contact_delivery": true
    }
}