{
    "docid": 136,
    "Title": "Monahan's Seafood",
    "Price": [],
    "Place ID": "ChIJuZezxBWuPIgR4p-nIrM_F3c",
    "Type ID": [],
    "Type": [
        "Seafood market",
        "Fish & chips restaurant",
        "Fish store",
        "Lunch restaurant",
        "Oyster bar restaurant",
        "Seafood restaurant"
    ],
    "Menu": {
        "link": "http://places.singleplatform.com/monahans-seafood-market/menu?ref=google",
        "source": "places.singleplatform.com",
        "items": "12/1/24, 1:21 PM Menu - Monahan's Seafood Market | Fresh Whole Fish, Fillets, Shellfish, Recipes, Catering & Lunch Counter-Ann Arbor, Michigan\n\n\u2014 OUR MENU -\n\nOur daily lunch special is announced every day via Instagram Facebook & Twitter. Follow us there to stay\n\nup to date!\n\nLUN CH Monday \u2014 Saturday: Ilam \u20143pm Curbside pickup & takeout available\n\nBernie\u2019s Fabulous Chowder of the Monahan\u2019s Cajun Shrimp............ $10.95\n\nDay............ $5.95 $7.95pt $14.95qt Wild gulf shrimp in our zesty r\u00e9moulade sauce on a bed of\nlettuce\n\nShrimp Gazpacho (summer only).........+. $6.95\n\n$9.50pt $18.95qt Cajun Shrimp Sandwich............ $11.95\n\nhttps://monahansseafood.com/menu/ 1/4\n12/1/24, 1:21 PM\n\nMenu - Monahan's Seafood Market | Fresh Whole Fish, Fillets, Shellfish, Recipes, Catering & Lunch Counter-Ann Arbor, Michigan\n\nFish & Chips........... $11.95\nBeer-battered North Atlantic pollack with our hand-cut\n\nfries\n\nFried Jumbo Shrimp........... $15.95\n\nBeer-battered wild gulf jumbo shrimp served with our\n\ncocktail sauce\n\nPan Seared Sea Scallops........... $19.95\n\nIn brown butter sauce\n\nMonahan\u2019s Atlantic Salmon\nBurgers........... $9.95\nServed on a brioche bun with lettuce, tomato, red onion &\n\nour mustard-dill sauce\n\nSalmon Teriyaki............ $16.95\nAtlantic salmon, served with rice and Monahan\u2019s tasty\nteriyaki sauce, sprinkled with black sesame seeds and\n\nscallions\n\nFried Calamari............ $11.95\nNarragansett squid served with Monahan\u2019s Thai peanut\n\nsauce\n\nSIDES\n\nhttps://monahansseafood.com/menu/\n\nSteamed Mussels or Cape Cod\nLittlenecks........... Market Price\n\nSteamed in white wine and garlic\n\nToday\u2019s Oysters \u2014 hand shucked........... Market\nPrice\n\nServed on ice with lemon & cocktail sauce\n\nHand-peeled, fresh cooked Jumbo Wild Gulf\nshrimp........... $15.95 (6 shrimp)\n\nServed with lemon & cocktail sauce\nSingle Order Hand-cut Fries........ $4.50\nCajun Fries........ $4.70\n\nPick a Fresh Fish Fillet from the\n\ncase........... Market Price\n\nWe\u2019ll cook it up and serve it with a sauce of your choice:\ntartar, grenobloise (caper sauce), r\u00e9moulade, teriyaki, san\nremo butter (sun-dried tomatoes, white wine, basil, chives),\nmustard-mayo, mustard-dill mayo, aioli (garlic mayo), or\n\nsweet & spicy thai. We can also blacken any fish.\n\n2/4\n12/1/24, 1:21 PM\n\nMenu - Monahan's Seafood Market | Fresh Whole Fish, Fillets, Shellfish, Recipes, Catering & Lunch Counter-Ann Arbor, Michigan\n\nSide of Fries with Entr\u00e9e............ $3.00\n\nRoasted Seasonal Veggies........... $3.95\n\nBasmati Rice............ $1.50\n\nMarket Slaw........... $1.95\n\nMON AHAN ? S READY CUISIN E Entr\u00e9es to cook at home. Prepared by Monahan\u2019s,\n\ncooked by you...we won't tell if you won't!\n\nEntr\u00e9es en Papillote\n\nBake and Serve- steamed in a parchment paper pouch\n\nOR\n\nMonahan\u2019s New Wave Cuisine\n\nFast & Fresh Microwave-Ready Entr\u00e9es\n\nhttps://monahansseafood.com/menu/\n\nSalmon........... $14.50\n\nAtlantic Salmon with a mustard dill sauce\n\nTilapia San Remo........... $8.50\nCosta Rican Tilapia with sundried tomatoes, basil, white\n\nwine, chives, butter and parmesan\n\nWhitefish Grenobloise........... $10.95\n\nLake Superior Whitefish with a caper, lemon parmesan\n\nsauce\n\nSalmon Teriyaki........... $15.95\nAtlantic Salmon, rice with our tasty teriyaki sauce,\n\nsprinkled with black sesame seeds and scallions\n\nSole Grenobloise........... $13.95\n\nWith a caper, lemon parmesan sauce\n\n3/4\n"
    },
    "Address": "407 N 5th Ave, Ann Arbor, MI 48104",
    "GPS Coordinates": {
        "latitude": 42.284461,
        "longitude": -83.74636699999999
    },
    "Phone Number": "(734) 662-5118",
    "Rating": 4.7,
    "Rating Summary": [
        {
            "stars": 1,
            "amount": 8
        },
        {
            "stars": 2,
            "amount": 5
        },
        {
            "stars": 3,
            "amount": 15
        },
        {
            "stars": 4,
            "amount": 38
        },
        {
            "stars": 5,
            "amount": 265
        }
    ],
    "Opening Hours": [
        {
            "friday": "8\u202fAM\u20137\u202fPM"
        },
        {
            "saturday": "7\u202fAM\u20135\u202fPM"
        },
        {
            "sunday": "10\u202fAM\u20135\u202fPM"
        },
        {
            "monday": "8\u202fAM\u20137\u202fPM"
        },
        {
            "tuesday": "8\u202fAM\u20137\u202fPM"
        },
        {
            "wednesday": "8\u202fAM\u20137\u202fPM"
        },
        {
            "thursday": "8\u202fAM\u20137\u202fPM (Thanksgiving)"
        }
    ],
    "Description": "Imported & local seafood, plus lunch & take-home meals, from a long-standing market stall.",
    "Details": [
        {
            "from_the_business": [
                "Small business"
            ]
        },
        {
            "accessibility": [
                "Wheelchair accessible entrance",
                "Wheelchair accessible parking lot"
            ]
        },
        {
            "payments": [
                "Debit cards",
                "NFC mobile payments"
            ]
        },
        {
            "parking": [
                "Free parking lot",
                "Free street parking"
            ]
        }
    ],
    "User Reviews": {
        "summary": [
            {
                "snippet": "\"Crispy fried wild gulf shrimp with a sweet/spicy Thai sauce.\""
            },
            {
                "snippet": "\"Great service, excellent vibe and superb fish & chips at the lunch counter.\""
            },
            {
                "snippet": "\"Got home to discover the pieces of salmon were nothing but slivers of meat.\""
            }
        ],
        "most_relevant": [
            {
                "username": "Susie Crawford",
                "rating": 5,
                "contributor_id": "117159421710283533257",
                "description": "Everytime we are in the area we go here! My favorite is the skate fish, absolutely delicious! Think my husband got the fish and chips. All fresh cooked for you!",
                "link": "https://www.google.com/maps/reviews/data=!4m8!14m7!1m6!2m5!1sChZDSUhNMG9nS0VJQ0FnSUM3N1BXREhREAE!2m1!1s0x0:0x77173fb322a79fe2!3m1!1s2@1:CIHM0ogKEICAgIC77PWDHQ%7CCgwIhajttQYQoN7PrAI%7C?hl=en-US",
                "images": [
                    {
                        "thumbnail": "https://lh5.googleusercontent.com/p/AF1QipNMLb3EREOP9FEQPkrude-ZozQJqZaKgwII3N7E=w150-h150-k-no-p"
                    },
                    {
                        "thumbnail": "https://lh5.googleusercontent.com/p/AF1QipPUX7UsC7h_5X5t7SqbJ66jw3eBus6ZXFl7BrUp=w150-h150-k-no-p"
                    },
                    {
                        "thumbnail": "https://lh5.googleusercontent.com/p/AF1QipM1cNwBIVgXdsG9pgTwGrALuWlYdizUdS2i9aDs=w150-h150-k-no-p"
                    },
                    {
                        "thumbnail": "https://lh5.googleusercontent.com/p/AF1QipOB3Cv6zR0dI2h9_bM0qGcwQHAKhxe26fXSLphk=w150-h150-k-no-p"
                    }
                ],
                "date": "3 months ago"
            },
            {
                "username": "David Russell",
                "rating": 5,
                "contributor_id": "101491778566487933000",
                "description": "You can not go wrong here - try the chowder, it's delicious!!!  Try the fish and chips!!!  They are amazing.  Calamari!!  Comes with a house Thai sauce....even their tartar sauce deserves accolades!!\n\nThen the staff - friendly.....so friendly and knowledgeable!!!!\n\nOne of the few places I would give 6 stars",
                "link": "https://www.google.com/maps/reviews/data=!4m8!14m7!1m6!2m5!1sChdDSUhNMG9nS0VJQ0FnSUR0bExETWtBRRAB!2m1!1s0x0:0x77173fb322a79fe2!3m1!1s2@1:CIHM0ogKEICAgIDtlLDMkAE%7CCgwImMX0rQYQiMm31gE%7C?hl=en-US",
                "images": [
                    {
                        "thumbnail": "https://lh5.googleusercontent.com/p/AF1QipPGkktLLuN-utGOQiZhLc47Ud3ZG6oeq5Ll4lAo=w150-h150-k-no-p"
                    }
                ],
                "date": "9 months ago"
            },
            {
                "username": "Muhammad Khalifa",
                "rating": 4,
                "contributor_id": "114240438319019627677",
                "description": "Fantastic quality seafood. The 3 East coast oysters available when we visited were all excellent, and the teriyaki marinated tuna made for a fun poke-esque raw snack on its own (though the staff will tell you it's a \"searing tuna\" and not a sushi/sashimi grade cut - which should tell you how good their other cuts are!)",
                "link": "https://www.google.com/maps/reviews/data=!4m8!14m7!1m6!2m5!1sChdDSUhNMG9nS0VJQ0FnSURlaEl5Zi13RRAB!2m1!1s0x0:0x77173fb322a79fe2!3m1!1s2@1:CIHM0ogKEICAgIDehIyf-wE%7CCgsI1fzjmQYQ0Ni9KQ%7C?hl=en-US",
                "images": [
                    {
                        "thumbnail": "https://lh5.googleusercontent.com/p/AF1QipO3eCm8ch_l6Wwyp08F7i1nu-UJr4-vQqoCH9eO=w150-h150-k-no-p"
                    },
                    {
                        "thumbnail": "https://lh5.googleusercontent.com/p/AF1QipNAdZHbAjxlmKgaGshbkc7VJVkdYQ1x7LxGzfKK=w150-h150-k-no-p"
                    },
                    {
                        "thumbnail": "https://lh5.googleusercontent.com/p/AF1QipMd17W8ssVux86x3TCLooxd0N7NTBL6lo_bw_sQ=w150-h150-k-no-p"
                    },
                    {
                        "thumbnail": "https://lh5.googleusercontent.com/p/AF1QipMfH2-_z5G_ttRxnFOl8eCR-drH1VARn-BbYaR3=w150-h150-k-no-p"
                    },
                    {
                        "thumbnail": "https://lh5.googleusercontent.com/p/AF1QipOVhvByTmBjFK3nsIcO_ZvAfpOKQf6FrNMwR0oY=w150-h150-k-no-p"
                    }
                ],
                "date": "2 years ago"
            },
            {
                "username": "Lily Lee",
                "rating": 5,
                "contributor_id": "116634703802744507575",
                "description": "Ran over when I saw the post for the soft shell crab lunch special! Lightly seasoned with a dusting of batter and nicely fried... came with a side of slaw. Sooo good!\n\nGot the the salmon burger (bit thinner than expected in size) with homemade Cajun fries for someone else. Food was good, sauce was tasty and hit the spot for lunch.",
                "link": "https://www.google.com/maps/reviews/data=!4m8!14m7!1m6!2m5!1sChZDSUhNMG9nS0VJQ0FnSURLcXR1LVNREAE!2m1!1s0x0:0x77173fb322a79fe2!3m1!1s2@1:CIHM0ogKEICAgIDKqtu-SQ%7CCgwIs-3VhAYQ4ISz4gI%7C?hl=en-US",
                "images": [
                    {
                        "thumbnail": "https://lh5.googleusercontent.com/p/AF1QipO8KoIydQi4RN2mpODChiCx-k-kWWydIdOw2vE0=w150-h150-k-no-p"
                    },
                    {
                        "thumbnail": "https://lh5.googleusercontent.com/p/AF1QipPWVlkiLIPp_Z9EvphDifDQGe6Hj7Detq5rv-lx=w150-h150-k-no-p"
                    },
                    {
                        "thumbnail": "https://lh5.googleusercontent.com/p/AF1QipOTbjrFM_mpUdm1gocXCBIFEFAiBHy8Uf26JRMI=w150-h150-k-no-p"
                    }
                ],
                "date": "3 years ago"
            },
            {
                "username": "Henry Zhou",
                "rating": 3,
                "contributor_id": "113500794967992545047",
                "description": "Ordered the Fish and Chips and a cole slaw. Either I was unaware that the chips had to be added on as an extra, or the person forgot to add them",
                "link": "https://www.google.com/maps/reviews/data=!4m8!14m7!1m6!2m5!1sChZDSUhNMG9nS0VJQ0FnSURiNHNPeFBBEAE!2m1!1s0x0:0x77173fb322a79fe2!3m1!1s2@1:CIHM0ogKEICAgIDb4sOxPA%7CCgsI7Lm5tQYQ2M6fcA%7C?hl=en-US",
                "images": [
                    {
                        "thumbnail": "https://lh5.googleusercontent.com/p/AF1QipOW7y0jERChByqDtt_bGWtlYeJdxLR8BH39zSnk=w150-h150-k-no-p"
                    }
                ],
                "date": "3 months ago"
            },
            {
                "username": "Seth Galentine",
                "rating": 5,
                "contributor_id": "104827652854719320609",
                "description": "Very lively, fast-paced, open market style fresh fish spot. Choose your fillet from beds of ice and they will prepare it perfectly according to your preferences. Fun spot to grab a tasty lunch.",
                "link": "https://www.google.com/maps/reviews/data=!4m8!14m7!1m6!2m5!1sChdDSUhNMG9nS0VJQ0FnSUNLOUo3MHJBRRAB!2m1!1s0x0:0x77173fb322a79fe2!3m1!1s2@1:CIHM0ogKEICAgICK9J70rAE%7CCgwI6Y7ttgYQuJ7rmAM%7C?hl=en-US",
                "images": [
                    {
                        "thumbnail": "https://lh5.googleusercontent.com/p/AF1QipPG3suw8KgYEO5vnGQV1GnUjc3JiNKRdah-EhVJ=w150-h150-k-no-p"
                    },
                    {
                        "thumbnail": "https://lh5.googleusercontent.com/p/AF1QipOLhhnqxosfD69SB1my0IZeOGxWIP51ZbvgdDjS=w150-h150-k-no-p"
                    },
                    {
                        "thumbnail": "https://lh5.googleusercontent.com/p/AF1QipMl2FON-bamaIGN03XR4WfXvVxxDxwzBJ1WWa5a=w150-h150-k-no-p"
                    },
                    {
                        "thumbnail": "https://lh5.googleusercontent.com/p/AF1QipPiNjy6UxrwBFmaP2frEy7UhSoQ9TgaW1d0owTE=w150-h150-k-no-p"
                    },
                    {
                        "thumbnail": "https://lh5.googleusercontent.com/p/AF1QipPMJSRCHhvv4euMwxslUJAlxBMys2dbEZJ5oFlu=w150-h150-k-no-p"
                    },
                    {
                        "thumbnail": "https://lh5.googleusercontent.com/p/AF1QipPwTf94ogwaKb0gqPD9_KgweIaiE4rSKnDJhbX-=w150-h150-k-no-p"
                    },
                    {
                        "thumbnail": "https://lh5.googleusercontent.com/p/AF1QipNsFmcKY_M-IVnlcgKhlIVDs1j5eVav_2yL7ZSd=w150-h150-k-no-p"
                    },
                    {
                        "thumbnail": "https://lh5.googleusercontent.com/p/AF1QipMYnW9p5G-uv3E6ExXVmsVXLW6hs-4d5g8MQy8M=w150-h150-k-no-p"
                    },
                    {
                        "thumbnail": "https://lh5.googleusercontent.com/p/AF1QipOUKn20VzqLhIcyCAI9kD5uYWwUd-DFHjo8NCSL=w150-h150-k-no-p"
                    }
                ],
                "date": "2 months ago"
            },
            {
                "username": "Thressa Nichols",
                "rating": 5,
                "contributor_id": "106331970293061131114",
                "description": "We love Monaghan\u2019s! We try to get our 4 yr old as involved as possible in understanding food and helping cook. She wanted to wait at the counter while they prepared our Black Bass and when I came back, she had made a friend and was learning about Makerel! Always great for a quick and high quality lunch too!",
                "link": "https://www.google.com/maps/reviews/data=!4m8!14m7!1m6!2m5!1sChdDSUhNMG9nS0VJQ0FnSUM5N0picV9RRRAB!2m1!1s0x0:0x77173fb322a79fe2!3m1!1s2@1:CIHM0ogKEICAgIC97Jbq_QE%7CCgwI6JaUrwYQiJ-3qwM%7C?hl=en-US",
                "images": [
                    {
                        "thumbnail": "https://lh5.googleusercontent.com/p/AF1QipOSgSpNVx_unZxHbEOOKW8Tm7DJVtXPiJ7ict_v=w150-h150-k-no-p"
                    },
                    {
                        "thumbnail": "https://lh5.googleusercontent.com/p/AF1QipOkn2AIgENzUu86if02_Lxt244NgZC_7iGe0uR0=w150-h150-k-no-p"
                    }
                ],
                "date": "8 months ago"
            },
            {
                "username": "Ersyla Nellajoy",
                "rating": 5,
                "contributor_id": "107145497131767022238",
                "description": "Full of soul and salmon and shrimp all of your FRESH Seafood needs. I was going to tell you my latest groovy thing that I do there but then everybody will do it. There's plenty of good food to take away or eat there. If you want a hot meal you have to get there by 3:00 p.m.",
                "link": "https://www.google.com/maps/reviews/data=!4m8!14m7!1m6!2m5!1sChdDSUhNMG9nS0VJQ0FnSUM3OU5URXF3RRAB!2m1!1s0x0:0x77173fb322a79fe2!3m1!1s2@1:CIHM0ogKEICAgIC79NTEqwE%7CCgwIvaPrtQYQoIjGhAE%7C?hl=en-US",
                "date": "3 months ago"
            }
        ]
    },
    "Services": {
        "curbside_pickup": true,
        "delivery": true,
        "onsite_services": true
    }
}