{
    "docid": 13,
    "Title": "The Chop House Ann Arbor",
    "Price": [],
    "Place ID": "ChIJx0QsYTyuPIgRvk5UHo8eX4E",
    "Type ID": [],
    "Type": [
        "Steak house",
        "Restaurant"
    ],
    "Menu": {
        "link": "http://thechophouseannarbor.com/menus/",
        "source": "thechophouseannarbor.com",
        "items": "11/30/24, 1:17 PM The Chop House - Ann Arbor - Food Menu\nroasted pepper coulis\n\nCheese Plate\n\nseasoned crostini | crackers |\nwhipped honey butter | chef's\nselection of meat & cheese |\nhouse made jam | sweet pickles |\nspicy almonds | fresh fruit\n\nMaine Lobster Bisque\n\nfresh Maine lobster stock |\nbrandy | cream | sherry | chive\n\nLump Blue Crab & Lobster Cakes\ntwo crab & lobster cakes |\n\nroasted pepper coulis | basil oil |\nleeks | lemon\n\nMaine Lobster Bites\n\nsriracha aioli | crunchy\nvegetables\n\nBaked French Onion Soup\n\nhouse made beef stock |\ncaramelized sweet onions |\nfrench baguette | gruyere |\nparmesan | chive\n\nhttps://thechophouserestaurant .com/ann-arbor-the-chop-house-ann-arbor-food-menu 2/16\n11/30/24, 1:17 PM The Chop House - Ann Arbor - Food Menu\n\nHouse Salad\n\nmixed greens | candied pecans |\ngoat cheese | dried cherries |\nsherry vinaigrette\n\nCaesar Salad\"\nromaine | croutons | parmesan\n\nChilled Oysters on the Half Shell\u2019\n\nhousemade oyster dipping\nsauce\n\nPoint Judith Calamari\nflash fried | sriracha aioli\n\nChopped BLT Salad\n\nchopped iceberg lettuce |\nheirloom tomato | roquefort bleu\ncheese dressing | bacon lardons\n\nSPECIALTY PRIME\nSTEAK\n\nDry Aged New York Strip, 14 oz.\"\nPan Seared Diver Scallops\u201d dry aged 45 days\ncreamy leek & truffle ragout\n\nhttps://thechophouserestaurant .com/ann-arbor-the-chop-house-ann-arbor-food-menu 3/16\n11/30/24, 1:17 PM The Chop House - Ann Arbor - Food Menu\n\nLollipop Lamb Chops\u2019 New York Strip Steak, 15 oz.\u201d\n\nmint salsa verde | arugula salad roasted garlic | herbs | brown\nbutter\n\nJumbo Shrimp Cocktail\n\nServed over ice with our Beef Wellington\u2019\n\nhousemade cocktail sauce anda mushroom duxelle | goose liver\n\nlemon wrap. pate | medium rare\n\nhttps://thechophouserestaurant.com/ann-arbor-the-chop-house-ann-arbor-food-menu 4/16\n11/30/24, 1:17 PM\n\nSeafood Tower\u2019\nlobster claws | lobster tail |\n\njumigo bhAis Sef? RUINS E\nblue crab STEAK\n\nFilet Mignon\u2019\n8 oz | 11 oz * center-cut\n\nhttps://thechophouserestaurant.com/ann-arbor-the-chop-house-ann-arbor-food-menu\n\nThe Chop House - Ann Arbor - Food Menu\n\nSurf & Turf*\n\n6 oz. filet | butter poached Maine\nlobster tail\n\nSAUCES\n\nAdd on any of the following sauces\nto your steak\n\nSAUCES\n$4.99\nBearnaise - Cabernet Demi\n\nGlace - Porcini Mushroom Sauce\n- Cognac Peppercorn\n\nADD ONS\n\nEnhance your steak with any of the\nfollowing add ons\n\nAdd Ons\n\nAu Poivre Style $6.99 - Oscar\nStyle $15.99 - \u201cSeared Scallops\n$18.99 - Crab & Lobster Cake\n$17.99 - Crab Stuffed Jumbo\nShrimp $14.99\n\n5/16\n11/30/24, 1:17 PM\n\nCowboy Steak, 2202.\u201d\nbone-in ribeye\n\nWagyu Ribeye, 16 oz.\"\nhand cut | marble score 7-8\n\nPorterhouse Steak, 36 oz.\u201d\nserves two\n\nSEAFOOD &\n\nhttps://thechophouserestaurant.com/ann-arbor-the-chop-house-ann-arbor-food-menu\n\nThe Chop House - Ann Arbor - Food Menu\n\nPOULTRY + CHOPS\n\nThe Chop House Roasted\nChicken\n\nroasted leeks | mushrooms |\nbeurre blanc\n\n6/16\n11/30/24, 1:17 PM The Chop House - Ann Arbor - Food Menu\n\nSHELLFISH Chargrilled Berkshire Pork\n\nChops\u2019\nprized for its high marbling |\n\nbroiled to perfection | Elijah Craig\nbourbon glaze\n\nDover Sole\n\npan roasted | amandine or\nmeuniere sauce\n\nAustralian Rib Lamb Chops\u2019\ndouble cut | french boned\n\nACCOMPANIMENTS\n\nJumbo South African Lobster Tail\nbutterflied | drawn butter | lemon\n\nhttps://thechophouserestaurant.com/ann-arbor-the-chop-house-ann-arbor-food-menu TN6\n11/30/24, 1:17 PM The Chop House - Ann Arbor - Food Menu\n\nFoley's North Atlantic Salmon\u2019 Cheddar au Gratin Potatoes\n\nchargrilled | Elijah Craig bourbon cheddar cheese | cream | leeks |\n\nglaze limited quantity | prepared fresh\ndaily\n\nSalmon Oscar\u201d\n\nchargrilled salmon | lobster |\nasparagus | bearnaise sauce\n\nGarlic Smashed Potatoes\ngarlic | butter | cream | chive\n\nhttps://thechophouserestaurant.com/ann-arbor-the-chop-house-ann-arbor-food-menu 8/16\n11/30/24, 1:17 PM The Chop House - Ann Arbor - Food Menu\nFruits de Mer\"\n\nFlorida black grouper | jumbo French Fries\n\nsea scallops | shrimp | battered | fried crispy golden\nchampagne lobster sauce |\npotato puree | shaved asparagus\n\nOne Pound Baked Potato\nsalad\n\nbutter | sour cream | fresh chive\n\nTwice Baked Potato\nleeks | cheddar | chive\n\nBaked Three Cheese Macaroni\nroasted poblano chiles\n\nGrilled Asparagus\nsalsa verde | beurre blanc\n\nLA DOLCE VITA -\nDESSERTS\n\nJumbo Lump Blue Crab &\nBahatexstabaier Bread Pudding\n\nroasted pepper coulis | basil@#e.99\n\nrum caramel sauce | bruleed\nbanana | vanilla gelato\n\nAmaretto Creme Brtl\u00e9e\n\n$12.99\nalmond custard | caramelized\nsugar | whipped cream | fresh\n\nberries | almond tuile\nBrussels Sprouts\n\nhoney dijon | bacon lardons\n\nhttps://thechophouserestaurant.com/ann-arbor-the-chop-house-ann-arbor-food-menu 9/16\nCandy Bar Bomb\n\n$11.99\nchocolate brownie | peanut\nbutter mousse | caramel filling |\ndark chocolate glaze | peanut\npretzel crunch | caramel sauce |\nchocolate cigarette | chipped\ncream\n\nAffogato\n\n$6.99\ndouble espresso | vanilla gelato |\nsweet cream | crispy pearls\n\nGelato & Sorbet Trio\n$5.99\nChoose any three of today's\n\noptions to create your perfect\ntrio!\n\nToffee Blondie Sundae\n$11.99\n\nhttps://thechophouserestaurant.com/ann-arbor-the-chop-house-ann-arbor-food-menu\n\nThe Chop House - Ann Arbor - Food Menu\n\nSaut\u00e9ed Wild Mushrooms\nShiitake | cremini | oyster | sherry\n\nRoasted Broccoli\nspicy miso butter | carrot |\npeppers\n\nSauteed Spinach with Broccoli\n\nhealthy serving of greens | kick\nof flavor\n\nSOCIAL HOUR MENU\n\n- EAT\n\nAyattable In The Bar Area + Daily\n\u00b0 Ste ORT Re to 6:30 pm\n\nlobster claw meat | potato\n\ngnocchi | rich truffle cream sauce\n\nGhesieS piesaGiruimbps\n$16.95\n\nfour shrimp | herb butter | spicy\nmoroccan hot sauce\n\nSteak Salad\n$21.95\n\n10/16\nwarm coconut-pecan\nbutterscotch blondie | vanilla ice\ncream | oat streusel | white\nchocolate | rum-toffee sauce\npoured tableside\n\nGerman Chocolate Cake\n\n$13.99\nchocolate cake | dark chocolate\nfudge | coconut-pecan frosting |\nchocolate ganache | candied\npecans | dark chocolate curls |\nbrown sugar rum gelato\n\nMudslide Cheesecake\n$12.99\n\nchocolate cookie crust | Irish\ncream cheesecake | dark\nganache | Kahlua coffee mousse\n| chocolate sauce | whipped\ncream | white chocolate curls |\nbrownie bits | chocolate\ncigarette\n\nhttps://thechophouserestaurant.com/ann-arbor-the-chop-house-ann-arbor-food-menu\n\nThe Chop House - Ann Arbor - Food Menu\n\nspring mix | beef tenderloin |\nsauteed mushrooms | roquefort\ncheese | fried leeks | cabernet\ndemi-glace | sherry vinaigrette\n\nBeef Tenderloin Tips\n$16.95\n\nHorseradish cream, and brioche\ntoast.\n\nChicken Caesar\n$18.95\n\nromaine | croutons | caesar\ndressing\n\nSOCIAL HOUR MENU\n\n- DRINK\n\nAvailable In The Bar Area - Daily\nfrom Open to 6:30 pm\n\nSelect Wines by The Glass\n$9.00\n\nClassic Cocktails\n$9.00\n\n11/16\n11/30/24, 1:17 PM\n\nMOCKTAILS\n\nCaramel Apple Pie\n\n$11.99\npuff pastry | warm bourbon apple\nfilling | dulce de leche sauce |\noat streusel | salted caramel\ngelato | fresh apple\n\nGin-Spired Sparkling Water\n$9.95\n\nfresh lime juice | agave |\nPellegrino | mint leaf | lime twist\n\nhttps://thechophouserestaurant.com/ann-arbor-the-chop-house-ann-arbor-food-menu\n\nThe Chop House - Ann Arbor - Food Menu\n\nWines by The Glass\n$5 Off\n\nSEASONAL\nCOCKTAILS\n\nPrimrose\n$16.95\n\nWheatley Vodka | Rose Mint Tea\nInfused Simple | Gratien Meyer\nBrut Rose | Lemon Juice\n\n12/16\n11/30/24, 1:17 PM\n\nApple Ginger Twist\n\n$9.95\ntamarin | fresh ginger root |\norganic apple | lime juice |\ncinnamon simple | ginger beer\n\nCreme de la Fig\n$9.95\n\norganic fig butter | coconut water\n| cinnamon simple | coconut milk\n\nhttps://thechophouserestaurant.com/ann-arbor-the-chop-house-ann-arbor-food-menu\n\nThe Chop House - Ann Arbor - Food Menu\n\nGinger Gimlet\n\n$18.95\nTito's Vodka | Domaine de\nCanton | Lime Juice | Simple |\nMionetto Prosecco\n\nCrimpriss\n$18.95\n\nEmpress Gin | Comtesse | St.\nGermaine | Creme de Violette |\n\n13/16\n11/30/24, 1:17 PM The Chop House - Ann Arbor - Food Menu\n\n| fresh whipped cream Cranberry Juice | Soda\n\nAmaretto Oak Sour\n\n$18.95\nBuffalo Trace | Disaranno |\nDemerara | Lemon Juice |\nLuxardo Cherry\nSparkling Sage\n\n$16.95\n\nhttps://thechophouserestaurant.com/ann-arbor-the-chop-house-ann-arbor-food-menu 14/16\n11/30/24, 1:17 PM The Chop House - Ann Arbor - Food Menu\n\nMount Gay Black Barrel | Honey\nSyrup | Lime Juice | Mionetto\nSparkling | Sage Leaf\n\nTainted Dove\n$16.95\nLunazul Blanco Tequila |\n\nDomaine de Canton | Lime Juice\n| Soda\n\nCorazon Pomini\n\n$18.95\nCorazon Reposado |\nPomegranate Juice | Pama\n\nPomegranate Liqueure | Fresh\nLemon Juice\n\nSmokey Stairwell\n$18.95\n\nVida Mezcal | Nocino Walnut\nLiqueure | Amaro Montenegro |\n\nhttps://thechophouserestaurant.com/ann-arbor-the-chop-house-ann-arbor-food-menu 15/16\n"
    },
    "Address": "322 S Main St, Ann Arbor, MI 48104",
    "GPS Coordinates": {
        "latitude": 42.2788396,
        "longitude": -83.74890909999999
    },
    "Phone Number": "(734) 669-8826",
    "Rating": 4.6,
    "Rating Summary": [
        {
            "stars": 1,
            "amount": 37
        },
        {
            "stars": 2,
            "amount": 26
        },
        {
            "stars": 3,
            "amount": 61
        },
        {
            "stars": 4,
            "amount": 170
        },
        {
            "stars": 5,
            "amount": 973
        }
    ],
    "Opening Hours": [
        {
            "friday": "5\u201310\u202fPM"
        },
        {
            "saturday": "4\u201311\u202fPM"
        },
        {
            "sunday": "4\u20139\u202fPM"
        },
        {
            "monday": "5\u201310\u202fPM"
        },
        {
            "tuesday": "5\u201310\u202fPM"
        },
        {
            "wednesday": "5\u201310\u202fPM"
        },
        {
            "thursday": "5\u201310\u202fPM (Thanksgiving)"
        }
    ],
    "Description": "Chophouse decorated with elegant gas lamps offers premium steak, wine & interactive tablet menus.",
    "Details": [
        {
            "highlights": [
                "Fireplace",
                "Great coffee",
                "Great dessert"
            ]
        },
        {
            "popular_for": [
                "Dinner",
                "Solo dining"
            ]
        },
        {
            "accessibility": [
                "Wheelchair accessible entrance",
                "Wheelchair accessible parking lot",
                "Wheelchair accessible restroom",
                "Wheelchair accessible seating"
            ]
        },
        {
            "offerings": [
                "Alcohol",
                "Beer",
                "Cocktails",
                "Coffee",
                "Happy hour drinks",
                "Happy hour food",
                "Hard liquor",
                "Private dining room",
                "Wine"
            ]
        },
        {
            "dining_options": [
                "Lunch",
                "Dinner",
                "Dessert",
                "Seating"
            ]
        },
        {
            "amenities": [
                "Bar onsite",
                "Restroom"
            ]
        },
        {
            "atmosphere": [
                "Cozy",
                "Romantic",
                "Trendy",
                "Upscale"
            ]
        },
        {
            "crowd": [
                "Groups",
                "Tourists"
            ]
        },
        {
            "planning": [
                "Dinner reservations recommended",
                "Accepts reservations"
            ]
        },
        {
            "payments": [
                "Credit cards",
                "Debit cards",
                "NFC mobile payments"
            ]
        },
        {
            "children": [
                "High chairs"
            ]
        },
        {
            "parking": [
                "Paid parking garage",
                "Paid parking lot",
                "Paid street parking",
                "Somewhat difficult to find a space"
            ]
        }
    ],
    "User Reviews": {
        "summary": [
            {
                "snippet": "\"The food, atmosphere, and quality of service was absolutely unmatched!\""
            },
            {
                "snippet": "\"I WAS a regular customer for their awesome happy hour and appetizers.\""
            },
            {
                "snippet": "\"Tasty shrimp cocktail and bread, strong cocktails.\""
            }
        ],
        "most_relevant": [
            {
                "username": "Fritzie Funni",
                "rating": 5,
                "contributor_id": "118160674261433923663",
                "description": "\ud83d\udca5\ud83c\udf89\ud83d\udc49This is definitely as \"special event\" place. It is priced high but the quality of food and the service was worth it. I loved their bread which comes at every meal. Servers come promptly to give you more bread once you are out. I ordered a lobster gnocchi and it was divine! The sauce flavorful and the gnocchi was perfect. I had the French onion soup. I wanted to be open-minded, but I'm just not a French onion person. Lol. I think I'd try the Maine  lobster bisque next time, as well as the beef wellington. Looking forward to another special event for me to go there again. \ud83d\ude0a",
                "link": "https://www.google.com/maps/reviews/data=!4m8!14m7!1m6!2m5!1sChdDSUhNMG9nS0VJQ0FnSUQzd3JyWnRRRRAB!2m1!1s0x0:0x815f1e8f1e544ebe!3m1!1s2@1:CIHM0ogKEICAgID3wrrZtQE%7CCgsImbHSuQYQ-NKUTQ%7C?hl=en-US",
                "images": [
                    {
                        "thumbnail": "https://lh5.googleusercontent.com/p/AF1QipOl3qcI3PBbcjc54SII2gRs_4vXBElG0G3qJ3GD=w150-h150-k-no-p"
                    },
                    {
                        "thumbnail": "https://lh5.googleusercontent.com/p/AF1QipNXDf2vD94p-6v4Hsv_OMtAY_XiLv4ysEDvQ-r5=w150-h150-k-no-p"
                    },
                    {
                        "thumbnail": "https://lh5.googleusercontent.com/p/AF1QipPwkU7E7CJ3w15S4Nl7D1H8UtwXDIWLqkLYow8r=w150-h150-k-no-p"
                    },
                    {
                        "thumbnail": "https://lh5.googleusercontent.com/p/AF1QipO3N98CeyeHBqLffGXOyrNwPArPJ1jMPASh4ZjF=w150-h150-k-no-p"
                    },
                    {
                        "thumbnail": "https://lh5.googleusercontent.com/p/AF1QipMm9d3-sfRCQobSpOcQyhPufqOsMRpvdRrC7IXe=w150-h150-k-no-p"
                    }
                ],
                "date": "a week ago"
            },
            {
                "username": "Jeffery Martin",
                "rating": 5,
                "contributor_id": "114568051530699763437",
                "description": "Service and atmosphere was great!   The food was good.  Had to send back my steak when they overcooked it.  But the new one came back perfect.  Got an aggatto for dessert, which was delicious!  Ask for a wet towel.  They will come put with a lemon and towel bowl hand wash for you!  Reminded me of being back in India.\n\nUnfortunately, it still does not beat my favorite steakhouse in michigan. Boudies Chop House.",
                "link": "https://www.google.com/maps/reviews/data=!4m8!14m7!1m6!2m5!1sChdDSUhNMG9nS0VJQ0FnSUNydDRpaF9RRRAB!2m1!1s0x0:0x815f1e8f1e544ebe!3m1!1s2@1:CIHM0ogKEICAgICrt4ih_QE%7CCgsIg6XCtAYQ8OjdIA%7C?hl=en-US",
                "images": [
                    {
                        "thumbnail": "https://lh5.googleusercontent.com/p/AF1QipOrPw0mt8A39AsK69e0PVm9lchim1S8PnNVzJhz=w150-h150-k-no-p"
                    },
                    {
                        "thumbnail": "https://lh5.googleusercontent.com/p/AF1QipPA12CbSaNOzyHlhUcICMg9IbGW07DmUN6ksJKH=w150-h150-k-no-p"
                    },
                    {
                        "thumbnail": "https://lh5.googleusercontent.com/p/AF1QipOfMSeVBzw7bkjAtUIzxxElHTE-Rhi2uuap4xDG=w150-h150-k-no-p"
                    },
                    {
                        "thumbnail": "https://lh5.googleusercontent.com/p/AF1QipPfyaSEZWWU3Q8tyAvbVOH1g_KExE5qWJRw3uJI=w150-h150-k-no-p"
                    },
                    {
                        "thumbnail": "https://lh5.googleusercontent.com/p/AF1QipNyl_BXBCpxfRxQmOBGZOp9Es9BAJWnIONRSIKJ=w150-h150-k-no-p"
                    },
                    {
                        "thumbnail": "https://lh5.googleusercontent.com/p/AF1QipO8_JuAcuWtllsy_KRP7wvT2bS16-ijCNtY-jzT=w150-h150-k-no-p"
                    }
                ],
                "date": "4 months ago"
            },
            {
                "username": "Sally Moon",
                "rating": 5,
                "contributor_id": "104992158591836666872",
                "description": "Beautiful place to have meetings and dinning.\nExcellent staff, providing a truly exceptional 5 star experience.\nI'm allergic to caffeine and shellfish,  FML, and they were able to accommodate me very well.\nThank you to all the wonderful staff for an amazing job of accommodating our large group of around 25 people.",
                "link": "https://www.google.com/maps/reviews/data=!4m8!14m7!1m6!2m5!1sChZDSUhNMG9nS0VJQ0FnSUNMdTl2U1dnEAE!2m1!1s0x0:0x815f1e8f1e544ebe!3m1!1s2@1:CIHM0ogKEICAgICLu9vSWg%7CCgwIwb_gswYQ6OCb8gI%7C?hl=en-US",
                "images": [
                    {
                        "thumbnail": "https://lh5.googleusercontent.com/p/AF1QipOI0y7TbE4aMlI-TepgUHmucM_f8dZ6sYWxSPJM=w150-h150-k-no-p"
                    },
                    {
                        "thumbnail": "https://lh5.googleusercontent.com/p/AF1QipM6xZrx356iYN-IA7X-mo4qGpdLQAPfvPo5x7Hr=w150-h150-k-no-p"
                    },
                    {
                        "thumbnail": "https://lh5.googleusercontent.com/p/AF1QipN0S4XkioXfGF3i-B3xYdhpKZgPmsCCBgNLlZ79=w150-h150-k-no-p"
                    },
                    {
                        "thumbnail": "https://lh5.googleusercontent.com/p/AF1QipPzMH0090llLnyhiEoFTXGNl80p_PcpCGWX10Q3=w150-h150-k-no-p"
                    },
                    {
                        "thumbnail": "https://lh5.googleusercontent.com/p/AF1QipONRWELASmvUIYV-5xLu7Vm4SyyqY46X9i8zfdr=w150-h150-k-no-p"
                    }
                ],
                "date": "4 months ago"
            },
            {
                "username": "Brandon Adair",
                "rating": 5,
                "contributor_id": "116919942681316845621",
                "description": "If money is no issue, this place is incredible. I'd be surprised if you managed to find something not delicious here and the service is spectacular. Youre going to spend around 100 per person though so keep that in mind but for an occasion it's a fantastic place to go\n\nThe Australian Wagyu is great, and the creamed corn and bread they bring out is incredibly yummy",
                "link": "https://www.google.com/maps/reviews/data=!4m8!14m7!1m6!2m5!1sChZDSUhNMG9nS0VJQ0FnSURyeE1lVEdREAE!2m1!1s0x0:0x815f1e8f1e544ebe!3m1!1s2@1:CIHM0ogKEICAgIDrxMeTGQ%7CCgwIoqrStAYQ-PHApAM%7C?hl=en-US",
                "images": [
                    {
                        "thumbnail": "https://lh5.googleusercontent.com/p/AF1QipMYuSA9oSk4PexP7kK9HuuqdIDHZNe8KepYTm3L=w150-h150-k-no-p"
                    },
                    {
                        "thumbnail": "https://lh5.googleusercontent.com/p/AF1QipPytfum-AIVCMgaBwpBmfShA2U8V2_V6dNs-CLA=w150-h150-k-no-p"
                    }
                ],
                "date": "4 months ago"
            },
            {
                "username": "Steve P",
                "rating": 5,
                "contributor_id": "105332448971013029853",
                "description": "Wow, first time here. The staff was amazing. So friendly and helpful. Made us feel like we were the only couple there.\nThe food was excellent. I had Beef Wellington. That\u2019s a huge WOW!  My wife likes her steaks well done, no pink.  To me that usually means tough and no flavor, but it was so tender and juicy (even cooked very well done).\nThe accompaniments were great.\nThe desserts were so delicious.\n\nWords cannot describe how great our experience was.",
                "link": "https://www.google.com/maps/reviews/data=!4m8!14m7!1m6!2m5!1sChZDSUhNMG9nS0VJQ0FnSUNOOGU3Sk53EAE!2m1!1s0x0:0x815f1e8f1e544ebe!3m1!1s2@1:CIHM0ogKEICAgICN8e7JNw%7CCgwI-_WUrQYQsPSvrAM%7C?hl=en-US",
                "images": [
                    {
                        "thumbnail": "https://lh5.googleusercontent.com/p/AF1QipN83YelDEKf2wOvA3YAVbJAZBWhJOxsPGysXMO8=w150-h150-k-no-p"
                    },
                    {
                        "thumbnail": "https://lh5.googleusercontent.com/p/AF1QipNHJ51ujHutxJGJd4Y5hKBnE7FF0602U6f3UNA7=w150-h150-k-no-p"
                    },
                    {
                        "thumbnail": "https://lh5.googleusercontent.com/p/AF1QipMedGAkgudgqGtVfw_ju-6UQdSn3-e0Om-4ldaS=w150-h150-k-no-p"
                    },
                    {
                        "thumbnail": "https://lh5.googleusercontent.com/p/AF1QipPXpsL9FbAxHpXG6KYhFP7FOXOBnZbWGNG6RRhI=w150-h150-k-no-p"
                    }
                ],
                "date": "10 months ago"
            },
            {
                "username": "iconixcle",
                "rating": 5,
                "contributor_id": "102242808895627804963",
                "description": "This is the BEST Steakhouse I\u2019ve ever been to. The waitresses are super nice if you go here you should request the waitress Xia (she is super nice). They serve you these things called popovers before your food they taste delicious. The filet mingon here is my personal favorite thing to order here and if you order it make sure to get the cognac peppercorn sauce it taste the best. I also carved out a piece of the steak to make it look like a heart!",
                "link": "https://www.google.com/maps/reviews/data=!4m8!14m7!1m6!2m5!1sChZDSUhNMG9nS0VJQ0FnSURIMXA3TFZnEAE!2m1!1s0x0:0x815f1e8f1e544ebe!3m1!1s2@1:CIHM0ogKEICAgIDH1p7LVg%7CCgwIlaictwYQiLKQrgE%7C?hl=en-US",
                "images": [
                    {
                        "thumbnail": "https://lh5.googleusercontent.com/p/AF1QipM8zdGdzXOopDkuTpX8xdZT2_r_J9jUwBYYhMge=w150-h150-k-no-p"
                    }
                ],
                "date": "2 months ago"
            },
            {
                "username": "Michael Tyson",
                "rating": 5,
                "contributor_id": "103168754703349261787",
                "description": "Nestled on Main Street in Ann Arbor, The Chop House offers a pinnacle of fine dining experiences. As with many smaller cities, parking can be a challenge, so it's advisable to seek out the nearby structure, just a block away, to ensure a hassle-free arrival.\n\nUpon entering, the restaurant's grandeur becomes immediately apparent, with its expansive layout and a sophisticated cigar lounge nestled in the lower level. The establishment boasts ample space, including sizable rooms in the lower level suitable for hosting events.\n\nDuring our visit on a serene Tuesday evening, despite having made reservations, the bustling ambiance made it evident that they weren't necessary. Opting to forgo starters, we delved straight into our entr\u00e9es. Each dish, whether it was the sumptuous salmon or the delectable beef selection, impressed with its quality and flavor.\n\nService was impeccable, exemplified by the synchronized arrival of our meals, each attended to by a dedicated server. The extensive wine selection complemented the meal perfectly, and the elegance of the white tablecloths added an extra touch of refinement to the dining experience.\n\nThe side dishes, particularly the potatoes, proved to be indulgent delights, with a single serving easily satisfying the entire party. For groups of four, it's advisable to limit side orders to no more than two, especially if foregoing starters.\n\nThough tempted by dessert, we found ourselves pleasantly satiated from the generous portions and flavorsome dishes, making it an optional addition. Departing with contented palates and full stomachs, the consensus was unanimous\u2014a visit to The Chop House is an experience worth savoring.\n\nWhile the bill may reflect the upscale nature of the establishment, our $400 expenditure before gratuity was deemed well worth it for the exceptional quality of food and service received. For those seeking an unparalleled fine dining experience in Ann Arbor, I wholeheartedly recommend The Chop House!",
                "link": "https://www.google.com/maps/reviews/data=!4m8!14m7!1m6!2m5!1sChdDSUhNMG9nS0VJQ0FnSUM5aTRYQXlnRRAB!2m1!1s0x0:0x815f1e8f1e544ebe!3m1!1s2@1:CIHM0ogKEICAgIC9i4XAygE%7CCgwIs8ayrwYQsL6muAI%7C?hl=en-US",
                "images": [
                    {
                        "thumbnail": "https://lh5.googleusercontent.com/p/AF1QipPmYcQvdMyKN8jbKbcA3_Byjc47QF6J7UHdl20b=w150-h150-k-no-p"
                    },
                    {
                        "thumbnail": "https://lh5.googleusercontent.com/p/AF1QipO8nSLltC481-TaiB_rHPYscVcjx28K4hbIaQHk=w150-h150-k-no-p"
                    },
                    {
                        "thumbnail": "https://lh5.googleusercontent.com/p/AF1QipOu0Huz5vNoSCeMmhXtTD9DCaw2siXhMQZoAIpv=w150-h150-k-no-p"
                    },
                    {
                        "thumbnail": "https://lh5.googleusercontent.com/p/AF1QipPMgGL8lrHCgh9v4V5nSYJnl17hMV3gh3QGLyut=w150-h150-k-no-p"
                    },
                    {
                        "thumbnail": "https://lh5.googleusercontent.com/p/AF1QipO_ODQglqlPJBjw7TmUGinOh2SW9-EMohh1SMm7=w150-h150-k-no-p"
                    },
                    {
                        "thumbnail": "https://lh5.googleusercontent.com/p/AF1QipO8FxZbMAFPlrIFqGmv6HGE0B8qxE84Xbgekr5Q=w150-h150-k-no-p"
                    },
                    {
                        "thumbnail": "https://lh5.googleusercontent.com/p/AF1QipPU4mJ0SiZ7WSVHDK2IkUB_80150bQokIX0taTt=w150-h150-k-no-p"
                    }
                ],
                "date": "8 months ago"
            },
            {
                "username": "Dan Shoemaker",
                "rating": 5,
                "contributor_id": "114847648954913741701",
                "description": "Make no mistake about it. This is the real deal. There are world-class restaurants in every big city, mostly on the East and West Coast (and Vegas). But you rarely find a place this excellent in a small city like Ann Arbor... no matter how sophisticated it might be. The Chop House is one of those restaurants. From its complete and interesting wine list to its clever desserts the careful attention to the little things separates this place from the rest. Like, when was the last time you were able to check your coat? It isn't cheap but I have rarely gotten more value for the money. If you want superb service and an excellent meal this is the place to come.",
                "link": "https://www.google.com/maps/reviews/data=!4m8!14m7!1m6!2m5!1sChZDSUhNMG9nS0VJQ0FnSUQxZ2R5UGVBEAE!2m1!1s0x0:0x815f1e8f1e544ebe!3m1!1s2@1:CIHM0ogKEICAgID1gdyPeA%7CCgwIsvTqrAYQ-PO0jAM%7C?hl=en-US",
                "images": [
                    {
                        "thumbnail": "https://lh5.googleusercontent.com/p/AF1QipMJnJx3WuXO_X0SydEza_I-IKicNlMb7T9OnG1P=w150-h150-k-no-p"
                    },
                    {
                        "thumbnail": "https://lh5.googleusercontent.com/p/AF1QipOsPCk3_DUq7K5HX5j09TnGq7IPOQfjKWA0uNz-=w150-h150-k-no-p"
                    },
                    {
                        "thumbnail": "https://lh5.googleusercontent.com/p/AF1QipMD769b7QW0hftS_5uwKqLx5Lzj-Eg2YzcxsXBx=w150-h150-k-no-p"
                    },
                    {
                        "thumbnail": "https://lh5.googleusercontent.com/p/AF1QipNPxua_geHFFHKva6srWKkmMdA3bMN8lMH0uE96=w150-h150-k-no-p"
                    },
                    {
                        "thumbnail": "https://lh5.googleusercontent.com/p/AF1QipP42wGiJntm5oF8Ugt5pxkoHsgBc3e_lBLV5u9T=w150-h150-k-no-p"
                    }
                ],
                "date": "10 months ago"
            }
        ]
    },
    "Services": {
        "dine_in": true,
        "curbside_pickup": true,
        "no_contact_delivery": true
    }
}