{
    "docid": 145,
    "Title": "Earthen Jar",
    "Price": [],
    "Place ID": "ChIJRwd_mz6uPIgRgP6vCT_-ctw",
    "Type ID": [],
    "Type": [
        "Indian restaurant",
        "Asian restaurant",
        "Gluten-free restaurant",
        "Kosher restaurant",
        "Vegan restaurant",
        "Vegetarian restaurant"
    ],
    "Menu": {
        "link": "http://www.earthenjar.com/menu.html",
        "source": "earthenjar.com",
        "items": "BUFFET $10.99/LB\n\nBASMATI RICE (FLAVORED RICE FROM THE FOOTHILLS OF HIMALAYAS)\n\nALU BHAul (SPICY MASALA POTATOS)\n\nSAG TOFU (COMFORTING SPINACH WITH TOFU)\n\nCHANNA MASALA (CHICK PEAS IN THICK SPICY TOMATO AND HERB MASALA)\nSHAHI KORMA SABZI (BROCCOLI IN A RICH MUSHROOM MASALA SAUCE)\nMATTAR PANEER (TRADITIONAL DISH MADE WITH HOMEMADE CHEESE AND PEAS)\nSAG DAL (MOONG DAL WITH SOOTHING SPINACH)\n\nMASALA TOFU (TOFU COATED IN A RICH TOMATO AND CORRIANDER SAUCE)\nMATAR ALU (POTATOS AND PEAS IN A TRADITIONAL INDIAN CURRY)\nBAINGAN BHUJIA (EGGPLANT IN A SPICY THICK CURRY SAUCE)\n\nCHICK PEA SALAD (REFRESHING CHICK PEA WITH MINT DRESSING)\n\nBANANA PUDDING (SAVORY BANANAS IN UNFORGETTABLE PUDDING)\nEXTRA ITEMS:\n\nSAMOSA (POTATOS, PEAS AND SPICES INA FRIED PASTRY) - $1.75\nONION NAN (SOFT FLAT BREAD - $1.50\n\nLADOO (SWEET LENTIL BALL) $1.75\n\nSIMPLE PLEASURES BAKED GOODS (VEGAN AND GLUTEN FREE BARS, CAKES, PIES...)\nCOKE/DIET COKE/SPRITE - $1.00\n\nRUBICON JUICE (GUAVA/MANGO/LYCHEE) - $1.50\n\nBOTTLED WATER - $1.00\n\nMANGO LASSI (DAIRY/SOY) - $5.00\n\nHERBAL TEAS (ORGANIC INDIA TULSI FLAVORS) - 1.75\n\nFRESH JUICE (SEASONAL) - $4.00\n"
    },
    "Address": "311 S 5th Ave, Ann Arbor, MI 48104",
    "GPS Coordinates": {
        "latitude": 42.2791024,
        "longitude": -83.74588399999999
    },
    "Phone Number": "(734) 327-9464",
    "Rating": 4.5,
    "Rating Summary": [
        {
            "stars": 1,
            "amount": 13
        },
        {
            "stars": 2,
            "amount": 7
        },
        {
            "stars": 3,
            "amount": 15
        },
        {
            "stars": 4,
            "amount": 40
        },
        {
            "stars": 5,
            "amount": 228
        }
    ],
    "Opening Hours": [
        {
            "friday": "12\u20136\u202fPM"
        },
        {
            "saturday": "12\u20136\u202fPM"
        },
        {
            "sunday": "Closed"
        },
        {
            "monday": "Closed"
        },
        {
            "tuesday": "Closed"
        },
        {
            "wednesday": "Closed"
        },
        {
            "thursday": "12\u20136\u202fPM (Thanksgiving)"
        }
    ],
    "Description": "Casual self-serve restaurant priced by the pound offering vegetarian & vegan Indian fare.",
    "Details": [
        {
            "popular_for": [
                "Lunch",
                "Dinner",
                "Solo dining"
            ]
        },
        {
            "offerings": [
                "Comfort food",
                "Halal food",
                "Healthy options",
                "Quick bite",
                "Small plates",
                "Vegan options",
                "Vegetarian options"
            ]
        },
        {
            "dining_options": [
                "Lunch",
                "Dinner",
                "Catering",
                "Dessert",
                "Seating"
            ]
        },
        {
            "amenities": [
                "Restroom"
            ]
        },
        {
            "atmosphere": [
                "Casual",
                "Cozy",
                "Trendy"
            ]
        },
        {
            "crowd": [
                "College students",
                "Tourists"
            ]
        },
        {
            "payments": [
                "Credit cards",
                "Debit cards",
                "NFC mobile payments"
            ]
        },
        {
            "children": [
                "Good for kids"
            ]
        }
    ],
    "User Reviews": {
        "summary": [
            {
                "snippet": "\"Delicious vegan food with great prices, a friendly staff, and reggae music.\""
            },
            {
                "snippet": "\"I like the creamy farina and the chicken curry strawberry lassi mango lassi\""
            },
            {
                "snippet": "\"This place is great, wonderful selection despite small space.\""
            }
        ],
        "most_relevant": [
            {
                "username": "Melinda Kutchey",
                "rating": 5,
                "contributor_id": "114106615380680614146",
                "description": "I wanted to grab a little lunch to take to the Arboretum & I came across this lovely establishment \ud83e\udd29\nLiterally the best Indian cuisine I've ever eaten!\nThe staff is super friendly and helpful.\nThe Samosa is perfectly spiced and fresh with a variety of chutneys to choose from... I went with a coconut chutney & it's super yum.\nDon't forget to get some naan & the Mango Lassi!",
                "link": "https://www.google.com/maps/reviews/data=!4m8!14m7!1m6!2m5!1sChZDSUhNMG9nS0VJQ0FnSURqbHIzdkhBEAE!2m1!1s0x0:0xdc72fe3f09affe80!3m1!1s2@1:CIHM0ogKEICAgIDjlr3vHA%7CCgwIzN_PsQYQyICYmQI%7C?hl=en-US",
                "images": [
                    {
                        "thumbnail": "https://lh5.googleusercontent.com/p/AF1QipNTcI62w41GCBmAx93vSOHAoa361qfsZDBnLRKU=w150-h150-k-no-p"
                    }
                ],
                "date": "6 months ago"
            },
            {
                "username": "Angel W",
                "rating": 5,
                "contributor_id": "105724054671941249027",
                "description": "Located in an old building with lots of charm and character. The owner is very nice. I was so excited to see all the vegan options. I really appreciate that the vegan options were labeled clearly and it's eco-friendly. I love the collection of vegan desserts. I enjoyed the vegan mango lassi. The buffet is mostly vegan. From the buffet items, I recommend the sag dal and channa masala.",
                "link": "https://www.google.com/maps/reviews/data=!4m8!14m7!1m6!2m5!1sChdDSUhNMG9nS0VJQ0FnSUNabzkybzhnRRAB!2m1!1s0x0:0xdc72fe3f09affe80!3m1!1s2@1:CIHM0ogKEICAgICZo92o8gE%7CCgwIkfaZqAYQ-IDG9wI%7C?hl=en-US",
                "images": [
                    {
                        "thumbnail": "https://lh5.googleusercontent.com/p/AF1QipN8Bj-Ot4BGZxvseVjYaLExsuuS5verPq7RJPL6=w150-h150-k-no-p"
                    },
                    {
                        "thumbnail": "https://lh5.googleusercontent.com/p/AF1QipPYWetHA5V8e0VW7iVJmp0qAoC81Tarsk3jtcqz=w150-h150-k-no-p"
                    },
                    {
                        "thumbnail": "https://lh5.googleusercontent.com/p/AF1QipPPoUu93CVfUOSrC1B1Xl33xLtKBGanlBl53YMN=w150-h150-k-no-p"
                    },
                    {
                        "thumbnail": "https://lh5.googleusercontent.com/p/AF1QipMoWl3yBJPvWU65h3eXh9DpLQuAYyiYzxwdMyLm=w150-h150-k-no-p"
                    },
                    {
                        "thumbnail": "https://lh5.googleusercontent.com/p/AF1QipOJauCGjuc4H1LSv587AImQrWySVvdgDsQpt9ye=w150-h150-k-no-p"
                    }
                ],
                "date": "a year ago"
            },
            {
                "username": "Chloe F",
                "rating": 5,
                "contributor_id": "111492016095727061607",
                "description": "I\u2019ve been coming here my entire life and I can\u2019t say enough good things about Earthen Jar. They are always warm and welcoming here! Obviously the food is amazing. Pictured below is my delicious plate and a soy mango lassi on the right. They have my favorite Channa Masala of any restaurant and their Mattar Paneer is also amazing - two of my favorite items but you can\u2019t go wrong with anything else. Love it :)",
                "link": "https://www.google.com/maps/reviews/data=!4m8!14m7!1m6!2m5!1sChdDSUhNMG9nS0VJQ0FnSURCLXBlVzdBRRAB!2m1!1s0x0:0xdc72fe3f09affe80!3m1!1s2@1:CIHM0ogKEICAgIDB-peW7AE%7CCgwI8dWesQYQkLCwmgE%7C?hl=en-US",
                "images": [
                    {
                        "thumbnail": "https://lh5.googleusercontent.com/p/AF1QipOQ-5DBwDM7d-U3RKa0NeUO75W6pjTs6A9U-JVM=w150-h150-k-no-p"
                    }
                ],
                "date": "6 months ago"
            },
            {
                "username": "Lorenzo Robb",
                "rating": 5,
                "contributor_id": "102498370327162816416",
                "description": "Every single item on the menu is fantastic. The quality of the food by itself would merit Earthen Jar 5 stars, but the genuine kindness of the staff makes it a one of a kind establishment. Each meal is prepared with care, and are mostly vegan so it\u2019s an all around great place. Highly recommend!",
                "link": "https://www.google.com/maps/reviews/data=!4m8!14m7!1m6!2m5!1sChdDSUhNMG9nS0VJQ0FnSURXdUlMRm93RRAB!2m1!1s0x0:0xdc72fe3f09affe80!3m1!1s2@1:CIHM0ogKEICAgIDWuILFowE%7CCgsIr4W_kQYQwMiYZg%7C?hl=en-US",
                "images": [
                    {
                        "thumbnail": "https://lh5.googleusercontent.com/p/AF1QipPOwNG-Be0xcBiIdwKS-AN65NBNz3t309Q4hVjy=w150-h150-k-no-p"
                    },
                    {
                        "thumbnail": "https://lh5.googleusercontent.com/p/AF1QipO7o1Wx3W-gzloxKOaAlhMMqwC8vfjCE5vuqKQe=w150-h150-k-no-p"
                    }
                ],
                "date": "2 years ago"
            },
            {
                "username": "A A",
                "rating": 5,
                "contributor_id": "108426059431443238243",
                "description": "The food was wonderful and so was the staff. All but two of the dishes were vegan and they were amazing.\n\nI wish I lived closer to Ann Arbor, I'd easily become a regular.\n\nWill definitely be eating here again before the end of our vacation.",
                "link": "https://www.google.com/maps/reviews/data=!4m8!14m7!1m6!2m5!1sChZDSUhNMG9nS0VJQ0FnSUN1Z2JTSkhREAE!2m1!1s0x0:0xdc72fe3f09affe80!3m1!1s2@1:CIHM0ogKEICAgICugbSJHQ%7CCgwI_siQlwYQ6KfLkgM%7C?hl=en-US",
                "images": [
                    {
                        "thumbnail": "https://lh5.googleusercontent.com/p/AF1QipM5IuigQj7lbtTpcIoIxhugCOvHKLZDYoHlJAva=w150-h150-k-no-p"
                    }
                ],
                "date": "2 years ago"
            },
            {
                "username": "Alanna Epstein",
                "rating": 5,
                "contributor_id": "105713469177084088202",
                "description": "One of the few entirely vegetarian restaurants in the area, convenient self-serve buffet charged by weight",
                "link": "https://www.google.com/maps/reviews/data=!4m8!14m7!1m6!2m5!1sChdDSUhNMG9nS0VJQ0FnSURuaDhXMThnRRAB!2m1!1s0x0:0xdc72fe3f09affe80!3m1!1s2@1:CIHM0ogKEICAgIDnh8W18gE%7CCgwIwc2guAYQoIWitwI%7C?hl=en-US",
                "date": "a month ago"
            },
            {
                "username": "David Collins",
                "rating": 5,
                "contributor_id": "102831822444545499921",
                "description": "This place is incredible.   The food is great.  I love the buffet.\n\nHome cooked food.  Well spiced.  Very affordable.  Nutritious, and good for you. very friendly staff, always willing to help out.\n\nMy only complaint is I can't give it 6 stars.",
                "link": "https://www.google.com/maps/reviews/data=!4m8!14m7!1m6!2m5!1sChdDSUhNMG9nS0VJQ0FnSUNab0tfUHhRRRAB!2m1!1s0x0:0xdc72fe3f09affe80!3m1!1s2@1:CIHM0ogKEICAgICZoK_PxQE%7CCgwItPPKpwYQuPSGxAE%7C?hl=en-US",
                "date": "a year ago"
            },
            {
                "username": "Srini",
                "rating": 5,
                "contributor_id": "105996677645686624345",
                "description": "Serves very healthy and tasty Indian vegetarian food. This place is a hidden gem. Very friendly staff too.",
                "link": "https://www.google.com/maps/reviews/data=!4m8!14m7!1m6!2m5!1sChZDSUhNMG9nS0VJQ0FnSUN3cjgyVFh3EAE!2m1!1s0x0:0xdc72fe3f09affe80!3m1!1s2@1:CIHM0ogKEICAgICwr82TXw%7CCgwI7f6JywUQwLLfrwI%7C?hl=en-US",
                "images": [
                    {
                        "thumbnail": "https://lh5.googleusercontent.com/p/AF1QipMHHCT2fv2vVuMUcfoKHul2TZjQS2QukWuthha8=w150-h150-k-no-p"
                    },
                    {
                        "thumbnail": "https://lh5.googleusercontent.com/p/AF1QipM9TqIpFIZvov8RiFELlX9aNQ8Ca2wS0LNilUhD=w150-h150-k-no-p"
                    },
                    {
                        "thumbnail": "https://lh5.googleusercontent.com/p/AF1QipPHUSkmnW1LQ2QcpzAPpMycUl1mQGFRDPK_8j7l=w150-h150-k-no-p"
                    },
                    {
                        "thumbnail": "https://lh5.googleusercontent.com/p/AF1QipNx2X7Egoc4Zc11kYKIUwP-fYfmEYfSrPkHlFbE=w150-h150-k-no-p"
                    },
                    {
                        "thumbnail": "https://lh5.googleusercontent.com/p/AF1QipMgOKb27E7PxOAOEtndsMjCD4VRE20EyBMrVD8-=w150-h150-k-no-p"
                    },
                    {
                        "thumbnail": "https://lh5.googleusercontent.com/p/AF1QipNHOSDpnGAj-EuGDHUi-aEFjwEbqaIjlUvSqRX-=w150-h150-k-no-p"
                    },
                    {
                        "thumbnail": "https://lh5.googleusercontent.com/p/AF1QipNsYQK4nGWAS9ZIETZ2IIjTYDh2pS6WtkimElz4=w150-h150-k-no-p"
                    },
                    {
                        "thumbnail": "https://lh5.googleusercontent.com/p/AF1QipOnezR2yzuVvXZrGXxDLzerTlRbFLV3swML5Hdw=w150-h150-k-no-p"
                    }
                ],
                "date": "7 years ago"
            }
        ]
    },
    "Services": {
        "dine_in": true,
        "takeout": true,
        "no_contact_delivery": true
    }
}