{
    "docid": 153,
    "Title": "The Lunch Room - Bakery & Cafe",
    "Price": [],
    "Place ID": "ChIJCYi80ouuPIgRKrgnUD0FV8w",
    "Type ID": [],
    "Type": [
        "Vegan restaurant",
        "Bakery"
    ],
    "Menu": {
        "link": "https://thelunchroom.square.site/s/order?location=11ea27fcab8a6caa891d54ab3a4df411",
        "source": "thelunchroom.square.site",
        "items": []
    },
    "Address": "2200 Fuller Ct # 8B, Ann Arbor, MI 48105",
    "GPS Coordinates": {
        "latitude": 42.2856708,
        "longitude": -83.7176246
    },
    "Phone Number": "(734) 224-8887",
    "Rating": 4.7,
    "Rating Summary": [
        {
            "stars": 1,
            "amount": 8
        },
        {
            "stars": 2,
            "amount": 2
        },
        {
            "stars": 3,
            "amount": 5
        },
        {
            "stars": 4,
            "amount": 18
        },
        {
            "stars": 5,
            "amount": 174
        }
    ],
    "Opening Hours": [
        {
            "friday": "8\u202fAM\u20132\u202fPM"
        },
        {
            "saturday": "Closed"
        },
        {
            "sunday": "Closed"
        },
        {
            "monday": "8\u202fAM\u20132\u202fPM"
        },
        {
            "tuesday": "8\u202fAM\u20132\u202fPM"
        },
        {
            "wednesday": "8\u202fAM\u20132\u202fPM"
        },
        {
            "thursday": "Closed (Thanksgiving)"
        }
    ],
    "Description": "A plant-based menu of breakfast sandwiches, tacos, burritos, & bowls with Southwestern interiors.",
    "Details": [
        {
            "from_the_business": [
                "Identifies as women-owned"
            ]
        },
        {
            "highlights": [
                "Great coffee",
                "Great tea selection"
            ]
        },
        {
            "popular_for": [
                "Breakfast",
                "Lunch",
                "Solo dining"
            ]
        },
        {
            "accessibility": [
                "Wheelchair accessible entrance",
                "Wheelchair accessible parking lot",
                "Wheelchair accessible restroom",
                "Wheelchair accessible seating"
            ]
        },
        {
            "offerings": [
                "Coffee",
                "Comfort food",
                "Quick bite",
                "Small plates",
                "Vegan options",
                "Vegetarian options"
            ]
        },
        {
            "dining_options": [
                "Breakfast",
                "Lunch",
                "Counter service",
                "Dessert",
                "Seating"
            ]
        },
        {
            "amenities": [
                "Restroom",
                "Wi-Fi",
                "Free Wi-Fi"
            ]
        },
        {
            "atmosphere": [
                "Casual",
                "Cozy",
                "Trendy"
            ]
        },
        {
            "crowd": [
                "College students",
                "Family-friendly",
                "Groups",
                "LGBTQ+ friendly"
            ]
        },
        {
            "payments": [
                "Credit cards",
                "Debit cards",
                "NFC mobile payments"
            ]
        },
        {
            "children": [
                "Good for kids",
                "High chairs"
            ]
        },
        {
            "parking": [
                "Free parking lot",
                "Plenty of parking"
            ]
        }
    ],
    "User Reviews": {
        "summary": [
            {
                "snippet": "\"Amazing vibe, amazing staff, amazing food, amazing baked treats.\""
            },
            {
                "snippet": "\"Was in town for my husbands work thing and found this little gem for breakfast.\""
            },
            {
                "snippet": "\"A pleasant little spot with some yummy vegan dishes!\""
            }
        ],
        "most_relevant": [
            {
                "username": "Mariah Ruth",
                "rating": 5,
                "contributor_id": "105233904299639540270",
                "description": "Came here for breakfast and was able to get service quickly. I love their little two people booths. A unique feature that was so cute and cosy. Breakfast sandwich was so much smaller than the burrito but I was still pretty happy with it. Delicious and all I needed. Affordable coffee too, with a lot of milk options, including some flavored creamers.",
                "link": "https://www.google.com/maps/reviews/data=!4m8!14m7!1m6!2m5!1sChZDSUhNMG9nS0VJQ0FnSURYc2RmUFRREAE!2m1!1s0x0:0xcc57053d5027b82a!3m1!1s2@1:CIHM0ogKEICAgIDXsdfPTQ%7CCgwIxaP-uAYQ0Ne0twE%7C?hl=en-US",
                "images": [
                    {
                        "thumbnail": "https://lh5.googleusercontent.com/p/AF1QipO5tlmCzTQX7R1BM9i6n28rkRz7QmIrUNC-pB3G=w150-h150-k-no-p"
                    },
                    {
                        "thumbnail": "https://lh5.googleusercontent.com/p/AF1QipPRr0CSUdrnmSPAbpQZwinCfNK5-6z2lfnylrLZ=w150-h150-k-no-p"
                    },
                    {
                        "thumbnail": "https://lh5.googleusercontent.com/p/AF1QipPoo_OKviawb_GacDquxmEOdhC3_Ihn5zbhxa-q=w150-h150-k-no-p"
                    }
                ],
                "date": "3 weeks ago"
            },
            {
                "username": "Nat\u00e1lia Ten\u00f3rio Maia",
                "rating": 5,
                "contributor_id": "106071589315339289198",
                "description": "The bahn mi dog is delicious! The bun especially has such a nice texture. Good bread makes all the difference in a meal! The atmosphere is very chill, pleasant place to enjoy good food, high quality coffee or tea for a great price. I\u2019ll definitely be back \u2764\ufe0f",
                "link": "https://www.google.com/maps/reviews/data=!4m8!14m7!1m6!2m5!1sChdDSUhNMG9nS0VJQ0FnSUNYMThTSDB3RRAB!2m1!1s0x0:0xcc57053d5027b82a!3m1!1s2@1:CIHM0ogKEICAgICX18SH0wE%7CCgsIgOvZuAYQ4JeQOg%7C?hl=en-US",
                "images": [
                    {
                        "thumbnail": "https://lh5.googleusercontent.com/p/AF1QipMAoml5ty_34_k5YPiER902dHySnsRNzIidUW2H=w150-h150-k-no-p"
                    }
                ],
                "date": "a month ago"
            },
            {
                "username": "Yoon Choi",
                "rating": 5,
                "contributor_id": "104471639249758131234",
                "description": "Very kind staff, delicious vegan food, making it perfect for a brunch cafe. The atmosphere was cozy and the green trees outside made me feel at ease.",
                "link": "https://www.google.com/maps/reviews/data=!4m8!14m7!1m6!2m5!1sChZDSUhNMG9nS0VJQ0FnSUNYNXVXbkpnEAE!2m1!1s0x0:0xcc57053d5027b82a!3m1!1s2@1:CIHM0ogKEICAgICX5uWnJg%7CCgsIn4m9uAYQ-IfdPQ%7C?hl=en-US",
                "images": [
                    {
                        "thumbnail": "https://lh5.googleusercontent.com/p/AF1QipM5MasN8vkmTLPZykSdutTfZEXse4JF2lLhDwf5=w150-h150-k-no-p"
                    },
                    {
                        "thumbnail": "https://lh5.googleusercontent.com/p/AF1QipPGLBKSlIZlbicAbmAKxl1eP_hJnop50KIODGJL=w150-h150-k-no-p"
                    },
                    {
                        "thumbnail": "https://lh5.googleusercontent.com/p/AF1QipPBCq0x10pWr-ejoXGyYO920bbLwMUyvQHQ4Ef8=w150-h150-k-no-p"
                    },
                    {
                        "thumbnail": "https://lh5.googleusercontent.com/p/AF1QipNtTjCg2Uo8sQSysbkkRExG5YOQSMXAmeOLPkLt=w150-h150-k-no-p"
                    }
                ],
                "date": "a month ago"
            },
            {
                "username": "Stevie Lou",
                "rating": 5,
                "contributor_id": "105247541897368065053",
                "description": "Okay, hear me out, I'm not even vegan and I LOVE this place! I have friends that are vegan and I suggest The Lunch Room every time we go out. The food is amazing, the staff was great about answering questions related to my allergies and it's such a lovely little spot. Be sure to grab a cookie on the way out! 10/10 \u2764\ufe0f",
                "link": "https://www.google.com/maps/reviews/data=!4m8!14m7!1m6!2m5!1sChdDSUhNMG9nS0VJQ0FnSUNIMTZiTDdRRRAB!2m1!1s0x0:0xcc57053d5027b82a!3m1!1s2@1:CIHM0ogKEICAgICH16bL7QE%7CCgwI9ZX-tgYQ6KXypwE%7C?hl=en-US",
                "images": [
                    {
                        "thumbnail": "https://lh5.googleusercontent.com/p/AF1QipNd2OIUf-Hgoczi5BMPaV_1pX7W70HWN5MYjudi=w150-h150-k-no-p"
                    }
                ],
                "date": "2 months ago"
            },
            {
                "username": "Tim W",
                "rating": 5,
                "contributor_id": "106035293020152172791",
                "description": "The Lunch Room is a must-stop for us whenever we\u2019re driving through Ann Arbor. The food is consistently amazing\u2014delicious, creative vegan dishes that even non-vegans would love. The menu offers a great variety, and everything we\u2019ve tried has been fresh and flavorful. It\u2019s the perfect spot for a casual meal, and we always leave satisfied. Highly recommend!\u201d",
                "link": "https://www.google.com/maps/reviews/data=!4m8!14m7!1m6!2m5!1sChdDSUhNMG9nS0VJQ0FnSUNuMzhQWTBRRRAB!2m1!1s0x0:0xcc57053d5027b82a!3m1!1s2@1:CIHM0ogKEICAgICn38PY0QE%7CCgsI5b7wtwYQoOH9TA%7C?hl=en-US",
                "date": "a month ago"
            },
            {
                "username": "Cody Martin",
                "rating": 5,
                "contributor_id": "112655434877900543179",
                "description": "The top shelf that top shelf restaurants aspire to be like. 100% vegan. Amazing vibe, amazing staff, amazing food, amazing baked treats. Nothing bad to say about the place whatsoever. Took my family (5) and tried a lot of stuff. Every bite from even picky eaters was met with \u201cwowwwww!!\u201d responses. Staff suggestions and help were so thoughtful and warm. WILL return and 100% recommend. If you come to Ann Arbor once only don\u2019t miss this gem!!!",
                "link": "https://www.google.com/maps/reviews/data=!4m8!14m7!1m6!2m5!1sChZDSUhNMG9nS0VJQ0FnSUNwNjdiallREAE!2m1!1s0x0:0xcc57053d5027b82a!3m1!1s2@1:CIHM0ogKEICAgICp67bjYQ%7CCgwImt_UpgYQuOuU5wI%7C?hl=en-US",
                "images": [
                    {
                        "thumbnail": "https://lh5.googleusercontent.com/p/AF1QipN5973Fh-fB5zzju1igTkTygvPRjuq7WXHDYmd2=w150-h150-k-no-p"
                    },
                    {
                        "thumbnail": "https://lh5.googleusercontent.com/p/AF1QipPTB_V9ZjJ0XWQXBl-nb8M9mJAq5FPZo2TDSR7l=w150-h150-k-no-p"
                    },
                    {
                        "thumbnail": "https://lh5.googleusercontent.com/p/AF1QipMUVI4lVAB7TDX6eQOviCAUe9dORfsSUy-_qSb8=w150-h150-k-no-p"
                    },
                    {
                        "thumbnail": "https://lh5.googleusercontent.com/p/AF1QipP6W92TuelaZwI2iItK_WOHnLfiv6RhnZUdVA3w=w150-h150-k-no-p"
                    }
                ],
                "date": "a year ago"
            },
            {
                "username": "Sylvia Chang",
                "rating": 5,
                "contributor_id": "111651563468462501912",
                "description": "Very friendly staff, delicious vegan food, and a cozy environment! It sits right across from the VA hospital and is adjacent to an apartment building--very convenient for those who are working/living/visiting the area. I ordered breakfast tacos. Very big portions and very flavorful! Water, napkins, condiments, and utensils are self serve. The interior design is cozy with tall windows and high ceilings. Very suitable for a date or a place to chill and enjoy some alone time. I recommend this place and would definitely visit again!",
                "link": "https://www.google.com/maps/reviews/data=!4m8!14m7!1m6!2m5!1sChdDSUhNMG9nS0VJQ0FnSUNsMjlMNGdnRRAB!2m1!1s0x0:0xcc57053d5027b82a!3m1!1s2@1:CIHM0ogKEICAgICl29L4ggE%7CCgsIh9qTqwYQgLXSQA%7C?hl=en-US",
                "images": [
                    {
                        "thumbnail": "https://lh5.googleusercontent.com/p/AF1QipOxm3hVOPsWx-LtfxJlsJHu2r_sxLzCV9PQ40xz=w150-h150-k-no-p"
                    }
                ],
                "date": "11 months ago"
            },
            {
                "username": "Carol Lessure",
                "rating": 5,
                "contributor_id": "116609050320684909447",
                "description": "Come here for weekday breakfast and lunch - and enjoy a quiet oasis near North Campus of UofM. My favorite is the Grand Slam breakfast - enough for two or fuel for the whole day!",
                "link": "https://www.google.com/maps/reviews/data=!4m8!14m7!1m6!2m5!1sChdDSUhNMG9nS0VJQ0FnSUNicE42U3hRRRAB!2m1!1s0x0:0xcc57053d5027b82a!3m1!1s2@1:CIHM0ogKEICAgICbpN6SxQE%7CCgwIkO7-tAYQiPqcnwI%7C?hl=en-US",
                "images": [
                    {
                        "thumbnail": "https://lh5.googleusercontent.com/p/AF1QipO0H1DxUoOGnvCQ98SJEHDSgFmXrVFk9_o8USrE=w150-h150-k-no-p"
                    }
                ],
                "date": "3 months ago"
            }
        ]
    },
    "Services": {
        "dine_in": true,
        "curbside_pickup": true
    }
}