{
    "docid": 157,
    "Title": "Amer's Delicatessen",
    "Price": [],
    "Place ID": "ChIJvwdHnECuPIgRqypLfFtwig8",
    "Type ID": [],
    "Type": [
        "Deli",
        "Caterer",
        "Coffee shop",
        "Frozen yogurt shop",
        "Hot dog restaurant",
        "Restaurant",
        "Salad shop",
        "Sandwich shop"
    ],
    "Menu": {
        "link": "http://www.amersdeli.com/Pages/Menu.aspx?DeptID=53634",
        "source": "amersdeli.com",
        "items": "12/1/24, 1:35 PM Sandwich Menu - Amer's Deli - Restaurant in Ann Arbor, MI\n\ncorned beef, pastrami & chopped\nliver sandwiches\n\nSy Ginsberg's Premium Corned Beef & Pastrami | Over 300 pounds of Corned Beef\ncooked in our kitchen weekly\n\n#1 REUBEN #2 BROOKLYN REUBEN\nhot corned beef or pastrami, swiss hot corned beef or pastrami, swiss\ncheese, sauerkraut, amer's russian cheese, sauerkraut, amer's russian\ndressing on grilled jewish rye dressing grilled on pumpernickel\nsmall $13.99 | regular $15.99 | small $13.99 | regular $15.99 |\nsuper $17.99 super $17.99\n\nV7) Y\n\nOrder Online 5 Order Online 6\n\nhttps://www.amersdeli.com/sandwichmenu 1/17\n12/1/24, 1:35 PM Sandwich Menu - Amer's Deli - Restaurant in Ann Arbor, MI\n\n(a) 4 Reviews\n\n#3 MIKE'S MISCHIEF\n\nhot corned beef or pastrami, swiss\ncheese, coleslaw, amer's russian\ndressing on rye\n\nsmall $13.99 | regular $15.99 |\n\nsuper $17.99\nVW)\n\nOrder Online| {_) 1 Review 9\n\n#5 EASTSIDER\n\nhot corned beef or pastrami, tomato,\nonion, horseradish, mayo on twice\nbaked rye\n\nsmall $13.99 | regular $15.99 |\nsuper $17.99\n\nOrder Online 5\n\n#7 LUCKY SEVEN\n\nhot corned beef or pastrami, bacon,\nlettuce, tomato, mayo on twice\nbaked rye\n\nhttps://www.amersdeli.com/sandwichmenu\n\na) 3 Reviews\n\n#4 BARRIER BEEF\n\nhot corned beef or pastrami, swiss\ncheese, coleslaw, amer's russian\ndressing on grilled jewish rye\nsmall $13.99 | regular $15.99 |\n\nsuper $17.99\nVW)\n\nOrder Online| {_) 1 Review 5\n\n#6 DARK SIDE\n\nhot corned beef or pastrami, scallion\ncream cheese, lettuce on twice\nbaked pumpernickel\n\nsmall $13.99 | regular $15.99 |\n\nsuper $17.99\nVW)\n\nOrder Online| {_) 1 Review 3\n\n#8 DAMON'S BEST\n\nhot corned beef or pastrami, lettuce,\ntomato, amer's russian dressing on\ntwice baked rye\n\n2/17\nSandwich Menu - Amer's Deli - Restaurant in Ann Arbor, MI\n\nsmall $14.99 | regular $16.99 |\nsuper $18.99\n\neY\nOrder Online| {_) 1 Review 1\n\n#9 PLAIN JAYNE\n\nhot corned beef or pastrami served on\ntwice baked rye\n\nsmall $12.99 | regular $14.99 |\n\nsuper $16.99\n\nOrder Online| {_) 1 Review\n\niV,\n\n#11 CATCH TWO\n\nhot corned beef or pastrami, chopped\nliver, swiss cheese, coleslaw, russian\ndressing onan onion roll\n\nsmall $13.99 | regular $15.99 |\n\nsuper $17.99\n\nV7)\n7\n(a) 2 Reviews\n#52 ABOUT LAST BITE\n\nhttps://www.amersdeli.com/sandwichmenu\n\nsmall $13.99 | regular $15.99 |\n\nsuper $17.99\nVW)\n\nOrder Online| {J 1 Review 3\n\n#10 KOSHER CUT\n\nhot corned beef or pastrami, chopped\nliver, amer's russian dressing, lettuce\non twice baked rye\n\nsmall $13.99 | regular $15.99 |\n\nsuper $17.99\n\nOrder Online F\n\n#12 CHOPPED LIVER\n\nchopped liver served on rye\nsmall $12.99 | regular $14.99 |\nsuper $16.99\n\nOrder Online 5\n\n3/17\n12/1/24, 1:35 PM Sandwich Menu - Amer's Deli - Restaurant in Ann Arbor, MI\nhot corned beef, smoked turkey,\nvermont cheddar, lettuce, tomato,\nyellow mustard on sourdough\n\nregular $15.99 | super $17.99\nA\n\nOrder Online 3\n\nhttps://www.amersdeli.com/sandwichmenu 4/17\n"
    },
    "Address": "314 S State St, Ann Arbor, MI 48104",
    "GPS Coordinates": {
        "latitude": 42.2788044,
        "longitude": -83.7410697
    },
    "Phone Number": "(734) 761-6000",
    "Rating": 4.2,
    "Rating Summary": [
        {
            "stars": 1,
            "amount": 33
        },
        {
            "stars": 2,
            "amount": 15
        },
        {
            "stars": 3,
            "amount": 31
        },
        {
            "stars": 4,
            "amount": 90
        },
        {
            "stars": 5,
            "amount": 226
        }
    ],
    "Opening Hours": [
        {
            "friday": "8\u202fAM\u201310\u202fPM"
        },
        {
            "saturday": "8\u202fAM\u201310\u202fPM"
        },
        {
            "sunday": "8\u202fAM\u201310\u202fPM"
        },
        {
            "monday": "8\u202fAM\u201310\u202fPM"
        },
        {
            "tuesday": "8\u202fAM\u201310\u202fPM"
        },
        {
            "wednesday": "8\u202fAM\u201310\u202fPM"
        },
        {
            "thursday": "8\u202fAM\u201310\u202fPM (Thanksgiving)"
        }
    ],
    "Description": "",
    "Details": [
        {
            "accessibility": [
                "Wheelchair accessible entrance",
                "Wheelchair accessible parking lot"
            ]
        },
        {
            "planning": [
                "Quick visit"
            ]
        },
        {
            "payments": [
                "Credit cards",
                "Debit cards",
                "NFC mobile payments"
            ]
        }
    ],
    "User Reviews": {
        "summary": [
            {
                "snippet": "\"Great food and service, quality ingredients.\""
            },
            {
                "snippet": "\"Ambience is nice, but the brisket sandwich I ordered was too dry.\""
            },
            {
                "snippet": "\"Large menu of sandwiches, salads, and some breakfast options!\""
            }
        ],
        "most_relevant": [
            {
                "username": "Bob S",
                "rating": 5,
                "contributor_id": "103666965950963312500",
                "description": "Great find. Went here after a movie at the Michigan Theater. On a quest to try places in A2 we haven\u2019t been to. Didn\u2019t disappoint.  Super friendly staff and great food. I had Pastrami Reuben on Pumpernickel and wife had BLT with Turkey. We split fries.  Really enjoyed the Sammie\u2019s.  Will be back for sure.",
                "link": "https://www.google.com/maps/reviews/data=!4m8!14m7!1m6!2m5!1sChdDSUhNMG9nS0VJQ0FnSUNyd0pXc3FRRRAB!2m1!1s0x0:0xf8a705b7c4b2aab!3m1!1s2@1:CIHM0ogKEICAgICrwJWsqQE%7CCgwIheKStAYQ4NrrpwM%7C?hl=en-US",
                "images": [
                    {
                        "thumbnail": "https://lh5.googleusercontent.com/p/AF1QipMh_KQYVsLDMgC4Xsr2yNGeyjO7Tm43o1GDr8GL=w150-h150-k-no-p"
                    },
                    {
                        "thumbnail": "https://lh5.googleusercontent.com/p/AF1QipO749OxO1yatQ-8Pt0GPfbNpbYYf7SRW8mEsnju=w150-h150-k-no-p"
                    },
                    {
                        "thumbnail": "https://lh5.googleusercontent.com/p/AF1QipMTSLDcdM3S17achyuhkwKriqevRwzcXbTo6Nsu=w150-h150-k-no-p"
                    }
                ],
                "date": "4 months ago"
            },
            {
                "username": "Maggie Summers",
                "rating": 4,
                "contributor_id": "114052340776873538113",
                "description": "I went with my 5yo daughter. I ordered the chicken pesto sandwich and garlic parm fries. I don\u2019t think I got garlic parm fries. I told this twice to the guy that handed me my food. But he didn\u2019t listen to me and I gave up. They were excellent fries, fried appropriately and crispy.\nThe sandwich had chicken, pesto, cheese and a tomato on it. It was okay. The chicken and the tomato needed salt. There was a large portion of chicken and cheese on the sandwich. The amount of tomato and pesto on the sandwich were comparatively small. Bread was good. Sandwich was very large, pictured is 1/4 of the sandwich.\nThey did include both sweet and dill pickles with the sandwich, which was nice.",
                "link": "https://www.google.com/maps/reviews/data=!4m8!14m7!1m6!2m5!1sChdDSUhNMG9nS0VJQ0FnSUQ3amFpVmtnRRAB!2m1!1s0x0:0xf8a705b7c4b2aab!3m1!1s2@1:CIHM0ogKEICAgID7jaiVkgE%7CCgwI2rm0tgYQgMaPhgM%7C?hl=en-US",
                "images": [
                    {
                        "thumbnail": "https://lh5.googleusercontent.com/p/AF1QipNg_LJPcM3LBlZsK_JMIMJGjLTcQ1uu6iXpfJU=w150-h150-k-no-p"
                    },
                    {
                        "thumbnail": "https://lh5.googleusercontent.com/p/AF1QipPOFyNcxNiL5RWifEswrJxpI5Ay8AYkJ86tb2c=w150-h150-k-no-p"
                    }
                ],
                "date": "2 months ago"
            },
            {
                "username": "Indah Huegele",
                "rating": 4,
                "contributor_id": "116392323687382626698",
                "description": "Nice sandwiches! I got one of the club sandwiches with both pastrami and corned beef; it was great! $17 felt a little expensive, but the sandwich was easily big enough for two people to share. The staff were very helpful with reccomendations. I've had better sandwiches, but this is a pretty solid option that's close to campus!",
                "link": "https://www.google.com/maps/reviews/data=!4m8!14m7!1m6!2m5!1sChZDSUhNMG9nS0VJQ0FnSUNYdmRIX0ZREAE!2m1!1s0x0:0xf8a705b7c4b2aab!3m1!1s2@1:CIHM0ogKEICAgICXvdH_FQ%7CCgwIruDPuAYQgITHzgM%7C?hl=en-US",
                "date": "a month ago"
            },
            {
                "username": "Hank Putter",
                "rating": 4,
                "contributor_id": "110004903601536251886",
                "description": "Pretty good! Don\u2019t get the omlette it was az but the sandwiches are great, it\u2019s the garlic fries that really make it awesome. Crepe is also scrumptious. It gets busy inside though sometimes it\u2019s hard to find a place to sit, but just go picnic outside.",
                "link": "https://www.google.com/maps/reviews/data=!4m8!14m7!1m6!2m5!1sChZDSUhNMG9nS0VJQ0FnSURKcU4tdk13EAE!2m1!1s0x0:0xf8a705b7c4b2aab!3m1!1s2@1:CIHM0ogKEICAgIDJqN-vMw%7CCgsIro2upQYQ4MuRJg%7C?hl=en-US",
                "images": [
                    {
                        "thumbnail": "https://lh5.googleusercontent.com/p/AF1QipOo-W_cI4skkX73s8GnKt3Kiew-msFCrKNf8i5J=w150-h150-k-no-p"
                    },
                    {
                        "thumbnail": "https://lh5.googleusercontent.com/p/AF1QipP8LXX_BA024Wg6ZrkOIf_jJ7JYb41WF0ZJJ-v8=w150-h150-k-no-p"
                    },
                    {
                        "thumbnail": "https://lh5.googleusercontent.com/p/AF1QipOSNDXUR1lKlkmUBaUrc-nZJsyIrItLjzfgx9YS=w150-h150-k-no-p"
                    },
                    {
                        "thumbnail": "https://lh5.googleusercontent.com/p/AF1QipPah7IqTPWNIpLoeaFDE2Cdj7U_jcjnzuhJNxWl=w150-h150-k-no-p"
                    }
                ],
                "date": "a year ago"
            },
            {
                "username": "Maurielle C",
                "rating": 4,
                "contributor_id": "102013884837832721376",
                "description": "Love the crepes. They are freshly made I  front of you and are very tasty. The prices here are a bit high and you could find crepes for less, but it\u2019s nice to support a small business. They know French here, which could be helpful to you! They also have a\u00e7a\u00ed: so I\u2019d definitely recommend that! Yummy place.",
                "link": "https://www.google.com/maps/reviews/data=!4m8!14m7!1m6!2m5!1sChZDSUhNMG9nS0VJQ0FnSUNabzg2bVBREAE!2m1!1s0x0:0xf8a705b7c4b2aab!3m1!1s2@1:CIHM0ogKEICAgICZo86mPQ%7CCgsIyc-ZqAYQsIe6dQ%7C?hl=en-US",
                "images": [
                    {
                        "thumbnail": "https://lh5.googleusercontent.com/p/AF1QipOFLT9ZeenrNsbft9E4P1v6R9dTMwh6Pcj1z8sU=w150-h150-k-no-p"
                    },
                    {
                        "thumbnail": "https://lh5.googleusercontent.com/p/AF1QipNTyJvclHAOVf468Axpa-RZPRI0vO7wguyVh18x=w150-h150-k-no-p"
                    },
                    {
                        "thumbnail": "https://lh5.googleusercontent.com/p/AF1QipM5jCAX2x744OrkfN5l2RyeMDcXlK2sCk6cTYyb=w150-h150-k-no-p"
                    },
                    {
                        "thumbnail": "https://lh5.googleusercontent.com/p/AF1QipPBC7IJT9vMwFTHGtPhD5OduoFK_JPFzVrHuSLs=w150-h150-k-no-p"
                    },
                    {
                        "thumbnail": "https://lh5.googleusercontent.com/p/AF1QipODF4a4dI8h3W0vtHO1QbNoZIHgXqBC0IJDl2PA=w150-h150-k-no-p"
                    },
                    {
                        "thumbnail": "https://lh5.googleusercontent.com/p/AF1QipPtcZf04fjb5k8dC7q6CsNuCt3vlg-xjHHPnH6B=w150-h150-k-no-p"
                    },
                    {
                        "thumbnail": "https://lh5.googleusercontent.com/p/AF1QipPayOv2jXylelCpI-p7UuPmRG2t-46qLNWnD-V2=w150-h150-k-no-p"
                    },
                    {
                        "thumbnail": "https://lh5.googleusercontent.com/p/AF1QipPXLzqP9yXf5xqZBPaCJ8z9j2z6YAC7r3ZFfihl=w150-h150-k-no-p"
                    }
                ],
                "date": "a year ago"
            },
            {
                "username": "Mark Landriau",
                "rating": 5,
                "contributor_id": "110480612191317995201",
                "description": "Money well spent. I got possibly the biggest sandwich I have ever seen and it was so delicious I ate the whole thing. Mortadella, mozzarella, et cetera, et cetera. Highly recommend.",
                "link": "https://www.google.com/maps/reviews/data=!4m8!14m7!1m6!2m5!1sChZDSUhNMG9nS0VJQ0FnSUNick15SlJBEAE!2m1!1s0x0:0xf8a705b7c4b2aab!3m1!1s2@1:CIHM0ogKEICAgICbrMyJRA%7CCgsItNaCtQYQqNqbVg%7C?hl=en-US",
                "images": [
                    {
                        "thumbnail": "https://lh5.googleusercontent.com/p/AF1QipNlJJCXinTyNNAZcojWuSHsFU4x1gMDsSqsIuBq=w150-h150-k-no-p"
                    },
                    {
                        "thumbnail": "https://lh5.googleusercontent.com/p/AF1QipMb_UXJgBbdqD5WR1b2Ocb_cd6tSObm9FHX5H1v=w150-h150-k-no-p"
                    }
                ],
                "date": "3 months ago"
            },
            {
                "username": "Martina Landolt",
                "rating": 5,
                "contributor_id": "105840737777320508226",
                "description": "Wow! What an variety of sandwiches, salads and more to choose from. It takes about 20 minutes to read the chalk menus listed above the staff. Each one has a name purposefully placed there. I found both my sons names there & a middle name! Neat! Very tasty food and generous portions. Right in Michigan university zone. Came for a college tour and located this amazing place to eat! You won\u2019t be disappointed! A bit Pricy, but worth it.",
                "link": "https://www.google.com/maps/reviews/data=!4m8!14m7!1m6!2m5!1sChZDSUhNMG9nS0VJQ0FnSUNSdk42WFd3EAE!2m1!1s0x0:0xf8a705b7c4b2aab!3m1!1s2@1:CIHM0ogKEICAgICRvN6XWw%7CCgsIi6iIoQYQ-OiMaQ%7C?hl=en-US",
                "images": [
                    {
                        "thumbnail": "https://lh5.googleusercontent.com/p/AF1QipOHRSgOsAQBNOOoq8ZStrb10OywJwhUjU4WD48y=w150-h150-k-no-p"
                    },
                    {
                        "thumbnail": "https://lh5.googleusercontent.com/p/AF1QipOMaFHyqLvF10FLd4zl2pAVkywuoHKt6uZ8Muby=w150-h150-k-no-p"
                    },
                    {
                        "thumbnail": "https://lh5.googleusercontent.com/p/AF1QipPXEQQ3FuiLQL7nK7EAPSahAY33wa6fCQLjjKPI=w150-h150-k-no-p"
                    },
                    {
                        "thumbnail": "https://lh5.googleusercontent.com/p/AF1QipPiBr2tupaSX8lP0TQvXrNROkph7kAaItQE1KbJ=w150-h150-k-no-p"
                    },
                    {
                        "thumbnail": "https://lh5.googleusercontent.com/p/AF1QipPn6DRMQR_FOnealdgnrwKLCu4yk3cSwi-p0t8E=w150-h150-k-no-p"
                    },
                    {
                        "thumbnail": "https://lh5.googleusercontent.com/p/AF1QipMve7LS_tcsVVs210gqfwU2GyV-Un4xPGrROEme=w150-h150-k-no-p"
                    },
                    {
                        "thumbnail": "https://lh5.googleusercontent.com/p/AF1QipPJ8B7z4VgnMB06m8NZyMZWQLkcNGAEDHZ-W3i8=w150-h150-k-no-p"
                    },
                    {
                        "thumbnail": "https://lh5.googleusercontent.com/p/AF1QipMsy8EWcwY4issAvVNKHvZIFYyGOmhNU2zAPpIk=w150-h150-k-no-p"
                    }
                ],
                "date": "a year ago"
            },
            {
                "username": "Sarah Krantz",
                "rating": 5,
                "contributor_id": "103097695238052477163",
                "description": "The service was impeccable. He took the time to explain all the different menu boards, gave suggestions, had knowledge of all the going-ons around town, and just a super helpful person.\nThe food was fantastic.  Ordered a #83 and a #76. Both sandwiches were stacked with turkey and had excellent toppings. The bread was fresh and tasty.  They have a great selection of vegetarian items, too.\nWe'll definitely be back.",
                "link": "https://www.google.com/maps/reviews/data=!4m8!14m7!1m6!2m5!1sChZDSUhNMG9nS0VJQ0FnSUNMdElTUFB3EAE!2m1!1s0x0:0xf8a705b7c4b2aab!3m1!1s2@1:CIHM0ogKEICAgICLtISPPw%7CCgwIhNu3swYQ6ODGtwM%7C?hl=en-US",
                "date": "5 months ago"
            }
        ]
    },
    "Services": {
        "dine_in": true,
        "takeout": true,
        "delivery": true
    }
}