{
    "docid": 162,
    "Title": "Pita Kabob Grill",
    "Price": [],
    "Place ID": "ChIJlXLuVz-uPIgRyqNQN3TTRpQ",
    "Type ID": [],
    "Type": [
        "Middle Eastern restaurant",
        "Fast food restaurant",
        "Grill store"
    ],
    "Menu": {
        "link": "https://www.pitakabobgrill.com/order",
        "source": "pitakabobgrill.com",
        "items": []
    },
    "Address": "619 E William St, Ann Arbor, MI 48104",
    "GPS Coordinates": {
        "latitude": 42.2779787,
        "longitude": -83.7411264
    },
    "Phone Number": "(734) 622-8082",
    "Rating": 4.2,
    "Rating Summary": [
        {
            "stars": 1,
            "amount": 33
        },
        {
            "stars": 2,
            "amount": 24
        },
        {
            "stars": 3,
            "amount": 38
        },
        {
            "stars": 4,
            "amount": 90
        },
        {
            "stars": 5,
            "amount": 260
        }
    ],
    "Opening Hours": [
        {
            "friday": "11\u202fAM\u201311:30\u202fPM"
        },
        {
            "saturday": "11\u202fAM\u201311:30\u202fPM"
        },
        {
            "sunday": "Closed"
        },
        {
            "monday": "11\u202fAM\u201311:30\u202fPM"
        },
        {
            "tuesday": "11\u202fAM\u201311:30\u202fPM"
        },
        {
            "wednesday": "11\u202fAM\u201311:30\u202fPM"
        },
        {
            "thursday": "11\u202fAM\u201311:30\u202fPM (Thanksgiving)"
        }
    ],
    "Description": "Shawarma sandwiches, falafel & mixed platters in a tiny Mediterranean shop with veggie options.",
    "Details": [
        {
            "popular_for": [
                "Lunch",
                "Dinner",
                "Solo dining"
            ]
        },
        {
            "accessibility": [
                "Wheelchair accessible entrance"
            ]
        },
        {
            "offerings": [
                "Comfort food",
                "Halal food",
                "Healthy options",
                "Late-night food",
                "Quick bite",
                "Small plates",
                "Vegan options",
                "Vegetarian options"
            ]
        },
        {
            "dining_options": [
                "Lunch",
                "Dinner",
                "Dessert",
                "Seating"
            ]
        },
        {
            "atmosphere": [
                "Casual",
                "Trendy"
            ]
        },
        {
            "crowd": [
                "College students"
            ]
        },
        {
            "payments": [
                "Credit cards",
                "Debit cards",
                "NFC mobile payments"
            ]
        },
        {
            "children": [
                "Good for kids"
            ]
        },
        {
            "parking": [
                "Free street parking"
            ]
        },
        {
            "pets": [
                "Dogs allowed outside"
            ]
        }
    ],
    "User Reviews": {
        "summary": [
            {
                "snippet": "\"Food was tasty, portion was small for the price.\""
            },
            {
                "snippet": "\"I ordered a chicken shawarma pita, fattoush salad, and a tutti fruitti smoothie.\""
            },
            {
                "snippet": "\"My husband got the Philly wrap and enjoyed it.\""
            }
        ],
        "most_relevant": [
            {
                "username": "James Pless",
                "rating": 2,
                "contributor_id": "107951601687226208126",
                "description": "The food just sucks. The buns for the burgers are very tough. The lamb is dry and flavorless in the gyro. The chicken falafel was dry and hard. The fries are either cooked in old oil or they're cooked in stale oil. Disgusting.",
                "link": "https://www.google.com/maps/reviews/data=!4m8!14m7!1m6!2m5!1sChZDSUhNMG9nS0VJQ0FnSUNyc29qZ0VBEAE!2m1!1s0x0:0x9446d3743750a3ca!3m1!1s2@1:CIHM0ogKEICAgICrsojgEA%7CCgwIp6egtAYQ8Imw_AE%7C?hl=en-US",
                "date": "4 months ago"
            },
            {
                "username": "Amaya Hall",
                "rating": 5,
                "contributor_id": "100652235116839427742",
                "description": "The best Middle Eastern food in Ann Arbor!! It\u2019s reasonably priced, and so so good. I get the eggplant b-harr pita every time and it\u2019s always wonderful. One of the best things I\u2019ve had in my life!",
                "link": "https://www.google.com/maps/reviews/data=!4m8!14m7!1m6!2m5!1sChZDSUhNMG9nS0VJQ0FnSURlb3NEQ2V3EAE!2m1!1s0x0:0x9446d3743750a3ca!3m1!1s2@1:CIHM0ogKEICAgIDeosDCew%7CCgsIzs_3mQYQ6M7lDg%7C?hl=en-US",
                "images": [
                    {
                        "thumbnail": "https://lh5.googleusercontent.com/p/AF1QipMhkNu304ixh9B9E8Bo8DGY4KBrLwTsCjyfZl8b=w150-h150-k-no-p"
                    }
                ],
                "date": "2 years ago"
            },
            {
                "username": "Joshua Lee",
                "rating": 5,
                "contributor_id": "107783425098639923165",
                "description": "Incredibly friendly and compassionate staff, and the food is sooo good, I recommend the lamb and chicken options. As a shawarma connoisseur, it's the best and most consistent chicken shawarma wrap around easily when it comes to quality and dollar per ounce, and I say that with a large sample size.",
                "link": "https://www.google.com/maps/reviews/data=!4m8!14m7!1m6!2m5!1sChdDSUhNMG9nS0VJQ0FnSURMbkxHaXRBRRAB!2m1!1s0x0:0x9446d3743750a3ca!3m1!1s2@1:CIHM0ogKEICAgIDLnLGitAE%7CCgsI473uswYQ-PfiIQ%7C?hl=en-US",
                "date": "4 months ago"
            },
            {
                "username": "Jeff Dinakar",
                "rating": 5,
                "contributor_id": "112014242728123982922",
                "description": "Went to Pita Kabob Grill by chance one day when some friends and I had been hanging out on the Diag. Its location was super convenient, but it's easy to see how you could miss it if you weren't looking for it!\n\nFrom the moment we walked in, the experience was great, the staff was very chill, patient and helpful as we tried to make our selections from their menu. They've got a very diverse menu and there's something for basically everyone. Among my friend group we had people who were Vegan and people who were on Low Carb diets and we all found things to eat pretty easily.\n\nThere's not a ton of indoor seating as the restaurant is pretty small, but it's adequate for what it is, and there are a couple of tables with chairs outside. Once you've ordered, the food arrives fairly quickly too. Overall the food tastes great, it's a good value, and it's close to campus!\n\nLow Carb/ Keto folks: There are tons of options for you here, but they are rice heavy, so ask for a substitute or get a larger dish to compensate. Personally I ordered the Mixed Kabob plate, and it was plenty of food especially since you can get a soup or salad as a side (Be forewarned, the Chicken Curry soup has rice in it!!)",
                "link": "https://www.google.com/maps/reviews/data=!4m8!14m7!1m6!2m5!1sChZDSUhNMG9nS0VJQ0FnSUR3akktbWVBEAE!2m1!1s0x0:0x9446d3743750a3ca!3m1!1s2@1:CIHM0ogKEICAgIDwjI-meA%7CCgwItsjI3gUQ7_fCoQE%7C?hl=en-US",
                "images": [
                    {
                        "thumbnail": "https://lh5.googleusercontent.com/p/AF1QipPd60uI0cUBStB2sOu9n8_PHnNt3AziorAyuuLz=w150-h150-k-no-p"
                    }
                ],
                "date": "6 years ago"
            },
            {
                "username": "Darren C",
                "rating": 1,
                "contributor_id": "105681818054511157315",
                "description": "Got a chicken schwarama pita and it was so incredibly bland. Didn't know there would be fries in it which wouldn't be an issue if they seasoned the fries at all. Garlic paste didn't have any flavor (no idea how this is even possible). If it wasn't for the pickles this would taste like cardboard because of how bland it all is.",
                "link": "https://www.google.com/maps/reviews/data=!4m8!14m7!1m6!2m5!1sChdDSUhNMG9nS0VJQ0FnSUNheVB1NTl3RRAB!2m1!1s0x0:0x9446d3743750a3ca!3m1!1s2@1:CIHM0ogKEICAgICayPu59wE%7CCgsIiaLmhwYQwNL3YQ%7C?hl=en-US",
                "images": [
                    {
                        "thumbnail": "https://lh5.googleusercontent.com/p/AF1QipP9Mg2pFEUZXcghcp3bDt1MZ0ZhC27_oYn1OQ8c=w150-h150-k-no-p"
                    }
                ],
                "date": "3 years ago"
            },
            {
                "username": "Mike Siegwald",
                "rating": 1,
                "contributor_id": "112099103514276450261",
                "description": "$5.99 for a $2 salad.  I understand it's Ann arbor so it's excused partially. Frozen lettuce, old produce.   I'm offended it was served to me honestly.    Chicken shawarma never comes with potatoes anywhere I've been.  Great way to serve half the chicken with cheap potatoes.\n\nThe entire meal is $6.99-$8.99 anywhere else at ten times the quality.  I ended up at $20 for a horrible dinner with a drink.    Shameful that was served honestly.     What's you see in my picture was $10..         very unhappy but everyone else ordering seemed ok.  Maybe bad day for me",
                "link": "https://www.google.com/maps/reviews/data=!4m8!14m7!1m6!2m5!1sChZDSUhNMG9nS0VJQ0FnSURRcDR5bEt3EAE!2m1!1s0x0:0x9446d3743750a3ca!3m1!1s2@1:CIHM0ogKEICAgIDQp4ylKw%7CCgsI3uL11QUQgISvXw%7C?hl=en-US",
                "images": [
                    {
                        "thumbnail": "https://lh5.googleusercontent.com/p/AF1QipOEYygUSruwbpP8fQbVH0tevCFWpqKdRHtfDWJl=w150-h150-k-no-p"
                    }
                ],
                "date": "6 years ago"
            },
            {
                "username": "Carla M",
                "rating": 5,
                "contributor_id": "102048480503077791714",
                "description": "Absolutely loved everything about it! I\u2019d never gotten food from here til now, but with Covid going on, I\u2019m making a point to support local businesses. I ordered delivery online and it was SO incredibly simple. It was through the Slice delivery service and actually my first time ordering food for delivery. (I never treat myself like that). While ordering I thought the prices were fair, once I received my order \u2014 they were more than fair! The pita wraps for example are like 2 meals! & I don\u2019t know if I just happened to pick the best menu choices or if everything is so delicious, but wow! I ordered the Shawarma Chicken Feta Wrap, the cold yogurt cucumber soup, the spinach pies, pita & hummus and the Mojadara side and it was all delicious. & I have leftovers to enjoy it all again tomorrow, yippie! I\u2019m glad to have learned about such a great place (thanks Google maps!) and my delivery driver was the nicest! (& was wearing a mask). Thank you!! I\u2019d give 10 stars if I could.",
                "link": "https://www.google.com/maps/reviews/data=!4m8!14m7!1m6!2m5!1sChdDSUhNMG9nS0VJQ0FnSURTbXZYNzdRRRAB!2m1!1s0x0:0x9446d3743750a3ca!3m1!1s2@1:CIHM0ogKEICAgIDSmvX77QE%7CCgsIweKF_wUQ6O79Og%7C?hl=en-US",
                "images": [
                    {
                        "thumbnail": "https://lh5.googleusercontent.com/p/AF1QipNFIjVE-3_Qk8RCJNl1Y5MscrJ35EGq4QufWJ2x=w150-h150-k-no-p"
                    }
                ],
                "date": "3 years ago"
            },
            {
                "username": "Ashwin P.P",
                "rating": 2,
                "contributor_id": "106093155284240620866",
                "description": "I got chicken shawarma and was not expecting fries in it. It doesn't have any mediterranean flavors. Also Customer service needs improvement.",
                "link": "https://www.google.com/maps/reviews/data=!4m8!14m7!1m6!2m5!1sChZDSUhNMG9nS0VJQ0FnSUNLaTdIQU1BEAE!2m1!1s0x0:0x9446d3743750a3ca!3m1!1s2@1:CIHM0ogKEICAgICKi7HAMA%7CCgsI4IvygwYQ6MbJNA%7C?hl=en-US",
                "images": [
                    {
                        "thumbnail": "https://lh5.googleusercontent.com/p/AF1QipPj_1e5kR0B7zFuGFB0w6lkLb2VLQWqenlSaJK9=w150-h150-k-no-p"
                    },
                    {
                        "thumbnail": "https://lh5.googleusercontent.com/p/AF1QipMmKo6IKRcW4x0gSqurK_oglaEoW03SqfESASvS=w150-h150-k-no-p"
                    },
                    {
                        "thumbnail": "https://lh5.googleusercontent.com/p/AF1QipOYRka3WTcfioUQLa2IyOwhrta1xHuFHgwG_dkT=w150-h150-k-no-p"
                    },
                    {
                        "thumbnail": "https://lh5.googleusercontent.com/p/AF1QipMTm7BO3q0H2qgyZROvoxek2cJdYLlzOjWgHsx7=w150-h150-k-no-p"
                    },
                    {
                        "thumbnail": "https://lh5.googleusercontent.com/p/AF1QipNUaF2AeNxChYw61TNCXJIO09lv6I5ep7hYVM6U=w150-h150-k-no-p"
                    }
                ],
                "date": "3 years ago"
            }
        ]
    },
    "Services": {
        "dine_in": true,
        "takeout": true,
        "no_contact_delivery": true
    }
}