{
    "docid": 163,
    "Title": "No Thai! Kerrytown",
    "Price": [],
    "Place ID": "ChIJg8wM9z2uPIgRIswh8oHiLcM",
    "Type ID": [],
    "Type": [
        "Thai restaurant",
        "Fast food restaurant"
    ],
    "Menu": {
        "link": "https://nothai.com/menu/",
        "source": "nothai.com",
        "items": "12/1/24, 1:38 PM Menu | No Thai! | Thai Food | Ann Arbor, East Lansing and Brighton\n\nSELECT YOUR PROTEIN\n\n6\u00bb & 8 G&G\n\nCHICKEN BEEF TOFU SHRIMP\n\nSELEGT YOUR SPICE LEVEL\n\nhttps://nothai.com/menu/\n\n1/7\n12/1/24, 1:38 PM Menu | No Thai! | Thai Food | Ann Arbor, East Lansing and Brighton\n\nNO SPICE WEAK SAUCE MEDIUM YOGA FLAME DIM MAK\n\nSELECT YOUR ENTREE\n\nNOODLES\n\n1. Pad Thai!* 13\n\nRice noodles, green onion, sprouts, egg, with pad thai sauce topped with crushed peanuts and a lime\n\n2. Pad Seeyu* 13\n\nWide rice noodles, broccoli, sprouts, egg, with a savory sauce\n\n3. Drunken Noodles* 13\n\nhttps://nothai.com/menu/\n\n2/7\n12/1/24, 1:38 PM\n\nMenu | No Thai! | Thai Food | Ann Arbor, East Lansing and Brighton\n\nWide rice noodles, bell pepper, green onion, sprouts, egg, with basil garlic sauce\n\n4. Pad Thai Curry* @ & 13\n\nRice noodles,\n\nhttps://nothai.com/menu/\n\npineapple, green onion, sprouts, egg, with red curry sauce\n\nSTIR FRY\n\n5. Pad Prik*\n\nBell pepper, mushroom, white onion, green onion, with brown sauce\n\n6. Pad Cashew*\n\nWater chestnut, white onion, green onion, baby corn, mushroom, cashews, with brown sauce\n\n7. Pad Kana*\n\nBroccoli with brown sauce\n\n8. Pad Pak*\n\nBroccoli, carrot, mushroom, baby corn, water chestnut, with brown sauce\n\n13\n\n13\n\n13\n\n13\n\n3/7\n12/1/24, 1:38 PM\n\nhttps://nothai.com/menu/\n\nMenu | No Thai! | Thai Food | Ann Arbor, East Lansing and Brighton\ni*\n9. Pad Basil\n\nBell pepper, broccoli, white onion, with basil brown sauce\n\n10. Green Curry\n\nEggplant, white onion, broccoli, bamboo, carrot, with vegan green curry sauce\n\n11. Gang Ped*\n\nEggplant, bell pepper, white onion, mushroom, with red curry sauce\n\n12. Gang Pak*\n\nBroccoli, baby corn, mushroom, carrot, bamboo, eggplant, with red curry sauce\n\n13. Potato Curry*\n\nPotato, white onion, bell pepper, with red curry sauce\n\n14. Sweet & Spicy Chicken\n\nBattered chicken, green onion, with sweet & spicy sauce\n\n13\n\n13\n\n13\n\n13\n\n13\n\n14\n\n4/7\n12/1/24, 1:38 PM\n\nhttps://nothai.co:\n\nm/menu/\n\nMenu | No Thai! | Thai Food | Ann Arbor, East Lansing and Brighton\n\nFRIED RICE\n\n15. No Thai Fried Rice*\n\nWhite onion, green onion, peas n carrots, egg, with a savory sauce\n\n16. Curry Fried Rice*\n\nPineapple, sprouts, peas n carrots, egg, with red curry sauce\n\n17. Drunken Fried Rice*\n\nWhite onion, green onion, sprouts, peas n carrots, egg, with basil garlic sauce\n\nSIDES\n\n18. Veggie Spring rolls (2)\n\nShredded veggies fried in a wonton wrapper, with homemade plum sauce\n\n19. Nogi Rolls (2)\n\n12.5\n\n12.5\n\n12.5\n\n4.5\n\n5.5\n\n5/7\n12/1/24, 1:38 PM\n\nhttps://nothai.com/menu/\n\nMenu | No Thai! | Thai Food | Ann Arbor, East Lansing and Brighton\n\nAn Asian cheesesteak eggroll, with homemade plum sauce (Ann Arbor only)\n\n19. Satay (4) 6.5\n\nMarinated chicken tenders on a bamboo stick w/ homemade peanut sauce (East Lansing only)\n\n20. Crab Wontons (5) 55\n\nCream cheese, crabmeat, scallions in fried wonton skin, with homemade plum sauce\n\nDRINKS\n\nFountain Drink 2.5\nThai Iced Tea 5\nGluten Free Contains Dairy\n\n* The sauce in these items contains some form of animal byproduct such as: fish sauce,\nchicken stock, oyster sauce, or shrimp paste\n\n6/7\n"
    },
    "Address": "Kerrytown location, 226 N 4th Ave, Ann Arbor, MI 48104",
    "GPS Coordinates": {
        "latitude": 42.2830143,
        "longitude": -83.7467025
    },
    "Phone Number": "(734) 213-0808",
    "Rating": 4.2,
    "Rating Summary": [
        {
            "stars": 1,
            "amount": 28
        },
        {
            "stars": 2,
            "amount": 23
        },
        {
            "stars": 3,
            "amount": 60
        },
        {
            "stars": 4,
            "amount": 147
        },
        {
            "stars": 5,
            "amount": 338
        }
    ],
    "Opening Hours": [
        {
            "friday": "11\u202fAM\u201310\u202fPM"
        },
        {
            "saturday": "11\u202fAM\u201310\u202fPM"
        },
        {
            "sunday": "Closed"
        },
        {
            "monday": "11\u202fAM\u201310\u202fPM"
        },
        {
            "tuesday": "11\u202fAM\u201310\u202fPM"
        },
        {
            "wednesday": "11\u202fAM\u20134\u202fPM"
        },
        {
            "thursday": "Closed (Thanksgiving)"
        }
    ],
    "Description": "Local chain spot preparing noodles, stir-fries & other familiar Thai dishes in a low-key space.",
    "Details": [
        {
            "popular_for": [
                "Lunch",
                "Dinner",
                "Solo dining"
            ]
        },
        {
            "accessibility": [
                "Wheelchair accessible entrance",
                "Wheelchair accessible parking lot",
                "Wheelchair accessible restroom",
                "Wheelchair accessible seating"
            ]
        },
        {
            "offerings": [
                "Comfort food",
                "Healthy options",
                "Quick bite",
                "Vegan options",
                "Vegetarian options"
            ]
        },
        {
            "dining_options": [
                "Lunch",
                "Dinner",
                "Seating"
            ]
        },
        {
            "amenities": [
                "Restroom"
            ]
        },
        {
            "atmosphere": [
                "Casual",
                "Trendy"
            ]
        },
        {
            "crowd": [
                "College students",
                "Groups",
                "Tourists"
            ]
        },
        {
            "payments": [
                "Credit cards",
                "Debit cards",
                "NFC mobile payments"
            ]
        },
        {
            "children": [
                "Good for kids",
                "High chairs"
            ]
        },
        {
            "parking": [
                "Paid parking lot",
                "Paid street parking"
            ]
        },
        {
            "pets": [
                "Dogs allowed outside"
            ]
        }
    ],
    "User Reviews": {
        "summary": [
            {
                "snippet": "\"Pad Thai and drunken noodles tasty flavorful and generous portion size.\""
            },
            {
                "snippet": "\"Rude service from cooking staff and cashier.\""
            },
            {
                "snippet": "\"Delicious food, large portions, seating, bathrooms, and clean dining room.\""
            }
        ],
        "most_relevant": [
            {
                "username": "M. R.",
                "rating": 5,
                "contributor_id": "116560517218410550328",
                "description": "Want to thank them. We are big fans and it\u2019s usually spot on- specifically this location is usually tastier and more reliable than the delivery spot- but on the rare occasion it is inconsistent they have made it right. Appreciate it and love the food!! No Thai for life!",
                "link": "https://www.google.com/maps/reviews/data=!4m8!14m7!1m6!2m5!1sChdDSUhNMG9nS0VJQ0FnSUMzMDdHWDRnRRAB!2m1!1s0x0:0xc32de281f221cc22!3m1!1s2@1:CIHM0ogKEICAgIC307GX4gE%7CCgsIpsK6uQYQgMD7Pw%7C?hl=en-US",
                "date": "2 weeks ago"
            },
            {
                "username": "Sagnik Bhadury",
                "rating": 3,
                "contributor_id": "115504098550964742908",
                "description": "I've tried their Drunken Noodles, which is pretty tasty even for an Asian food palette. The sweet tea tastes very interesting, with spicy noodles, the cold sweet tea balances your taste buds well. Overall it was a good experience for ~$20. Haven't tried other dishes, probably next time I'll get something else.",
                "link": "https://www.google.com/maps/reviews/data=!4m8!14m7!1m6!2m5!1sChZDSUhNMG9nS0VJQ0FnSURKbnVldldREAE!2m1!1s0x0:0xc32de281f221cc22!3m1!1s2@1:CIHM0ogKEICAgIDJnuevWQ%7CCgwIo-jVpQYQ4MKh8gE%7C?hl=en-US",
                "images": [
                    {
                        "thumbnail": "https://lh5.googleusercontent.com/p/AF1QipPSmjKeVf1xTxCYWJmB7ToraYxOKNnLj4AaBadk=w150-h150-k-no-p"
                    },
                    {
                        "thumbnail": "https://lh5.googleusercontent.com/p/AF1QipMVI3eDT2I4f24OXWa-ff0et0OocpGIoXY_yQeQ=w150-h150-k-no-p"
                    }
                ],
                "date": "a year ago"
            },
            {
                "username": "Xavier B",
                "rating": 5,
                "contributor_id": "103510455480236147092",
                "description": "Fast and efficient service. I was in and out of there within 10 minutes. The food was made fresh and was hot and very tasty. I ordered the notai fried rice with medium spice chicken. Had very good flavor and a good spice to it\nI also had Thai tea which was nice and sweet. I would recommend this place for anyone that wants to get some quick Thai food that is reliable and tasty. This is my third time coming here and I really enjoy this place.",
                "link": "https://www.google.com/maps/reviews/data=!4m8!14m7!1m6!2m5!1sChdDSUhNMG9nS0VJQ0FnSURKdEoyOHdBRRAB!2m1!1s0x0:0xc32de281f221cc22!3m1!1s2@1:CIHM0ogKEICAgIDJtJ28wAE%7CCgwIuN22pQYQsLLZ0gI%7C?hl=en-US",
                "images": [
                    {
                        "thumbnail": "https://lh5.googleusercontent.com/p/AF1QipND82ifQE68G7ebjvsPC0GDKFa_apTnbGZ3iCUG=w150-h150-k-no-p"
                    }
                ],
                "date": "a year ago"
            },
            {
                "username": "Julia Faeth",
                "rating": 5,
                "contributor_id": "115031925338282642851",
                "description": "The Pad Thai here is absolutely delicious. I love that there\u2019s enough sauce so the noodles don\u2019t dry out, and the sauce itself is so flavorful! It\u2019s a little bit sweet, a but citrusy, and it balances well with the crushed peanuts. The green onions are cooked to tenderness, while still having a good bite. I keep coming back anytime I\u2019m in town. So good!",
                "link": "https://www.google.com/maps/reviews/data=!4m8!14m7!1m6!2m5!1sChZDSUhNMG9nS0VJQ0FnSUNKa3R5NUxBEAE!2m1!1s0x0:0xc32de281f221cc22!3m1!1s2@1:CIHM0ogKEICAgICJkty5LA%7CCgwIq_vYpAYQ4NON2AI%7C?hl=en-US",
                "images": [
                    {
                        "thumbnail": "https://lh5.googleusercontent.com/p/AF1QipPVdIiRizi1MRfxIEaxEKF1SZSSiA3RwkpoQsq8=w150-h150-k-no-p"
                    }
                ],
                "date": "a year ago"
            },
            {
                "username": "M G",
                "rating": 5,
                "contributor_id": "107090850181724085574",
                "description": "I visited 4 different No Thai in the past 7 years many many times. This place had the best drunken fried rice I have ever had. Perfect amount of sauce, ingredients, and rice. I enjoyed every single bite.",
                "link": "https://www.google.com/maps/reviews/data=!4m8!14m7!1m6!2m5!1sChdDSUhNMG9nS0VJQ0FnSUNMMXZUNjF3RRAB!2m1!1s0x0:0xc32de281f221cc22!3m1!1s2@1:CIHM0ogKEICAgICL1vT61wE%7CCgwIrpLIswYQ-JGWlgI%7C?hl=en-US",
                "date": "5 months ago"
            },
            {
                "username": "Anjali Pandey",
                "rating": 3,
                "contributor_id": "101561113932193230983",
                "description": "Okay food and friendly service. Only the green curry is vegan as all the other dishes have fish sauce, but they let us sub in the curry sauce on other dishes. (Pictured: green curry w/ tofu)",
                "link": "https://www.google.com/maps/reviews/data=!4m8!14m7!1m6!2m5!1sChZDSUhNMG9nS0VJQ0FnSURhMHVQa01BEAE!2m1!1s0x0:0xc32de281f221cc22!3m1!1s2@1:CIHM0ogKEICAgIDa0uPkMA%7CCgwIwLLVsAYQgNTgoQM%7C?hl=en-US",
                "images": [
                    {
                        "thumbnail": "https://lh5.googleusercontent.com/p/AF1QipNeg1eB8C9dzWfDSrwlqyl1BelBX8gL5SlCDRC4=w150-h150-k-no-p"
                    }
                ],
                "date": "7 months ago"
            },
            {
                "username": "Cecilia Orozco",
                "rating": 5,
                "contributor_id": "103047597713808156281",
                "description": "The food was so good,  reasonable price large portions. Excellent and quick food preparation, it was made so promptly and delicious. This was a pretty popular location in a college town. It filled up quickly, and they were fast filling the orders.",
                "link": "https://www.google.com/maps/reviews/data=!4m8!14m7!1m6!2m5!1sChZDSUhNMG9nS0VJQ0FnSURqeGMtZ0tREAE!2m1!1s0x0:0xc32de281f221cc22!3m1!1s2@1:CIHM0ogKEICAgIDjxc-gKQ%7CCgwIkq3esQYQ-IbXxAM%7C?hl=en-US",
                "date": "6 months ago"
            },
            {
                "username": "Becca Kellner",
                "rating": 4,
                "contributor_id": "110781034748232468997",
                "description": "3.5\nNo Thai! Will definitely give you your Thai fix but it\u2019s not the most authentic experience- and many of the dishes are a Chinese fusion. Don\u2019t sleep on the drunken noodles! The pad see-ew is a bit sweet! Everything was tasty and prepared quickly",
                "link": "https://www.google.com/maps/reviews/data=!4m8!14m7!1m6!2m5!1sChdDSUhNMG9nS0VJQ0FnSUMtdjl6Y29nRRAB!2m1!1s0x0:0xc32de281f221cc22!3m1!1s2@1:CIHM0ogKEICAgIC-v9zcogE%7CCgwIn8TZmwYQiL7A7QI%7C?hl=en-US",
                "images": [
                    {
                        "thumbnail": "https://lh5.googleusercontent.com/p/AF1QipOBsjvrp_yfj1_vOZk17nsAne8yN9bayp1Mr5tp=w150-h150-k-no-p"
                    },
                    {
                        "thumbnail": "https://lh5.googleusercontent.com/p/AF1QipNzVHZSnJQUPVY3GlUjJGmZBPlL8yw1FIOkIGmK=w150-h150-k-no-p"
                    }
                ],
                "date": "2 years ago"
            }
        ]
    },
    "Services": {
        "dine_in": true,
        "takeout": true
    }
}