{
    "docid": 164,
    "Title": "Scorekeepers Sports Grill and Pub",
    "Price": [],
    "Place ID": "ChIJnWc9bj-uPIgRWS8eGrYQqjs",
    "Type ID": [],
    "Type": [
        "Bar & grill",
        "Bar"
    ],
    "Menu": {
        "link": "http://places.singleplatform.com/scorekeepers-4/menu?ref=google",
        "source": "places.singleplatform.com",
        "items": "12/1/24, 1:38 PM\nHappy Hour, dinner, or dancing it\u2019s\n\nstill the place to be....\n\nVIP CARDS\n\nSd ed\n\nChicken Fingers \u2014 8\nBasket of Fries \u2014 6\n\nMac N\u2019 Cheese Wedges \u2014 7\nFried Pickles \u2014 6\n\nPretzel Sticks \u2014 6\n\nWings \u2014 8\n\nLoaded Tater Tots \u2014 8\nChips & Salsa \u2014 4\n\nSauces:\n\nBuffalo, Guinness BBQ, Sriracha Bourbon, Two Hearted Beer Cheese,\n\nBourbon Mustard, Honey Mustard,\n\nRanch, Sour Cream\n\nSalads or Wraps\n\nRestaurant Menu \u2014 SCOREKEEPERS\n\nROOM RENTALS\n\nAll salads can be turned into wraps at no extra charge. Wraps come w/ fries\n\nSCOREKEEPERS\n\nscorekeepersa2 .com/restaurant-menu/\n\nHOME RESTAURANT MENU\n\nPHOTO GALLERY\n\nABOUT US\n\nHours: 5 p.m. \u2014 Zam\nTuesday \u2014 Saturday\nSaturday- Football\nOpen at 11 AM\nCALL TODAY TO BOOK\nyour Party or SPECIAL\nEVENT\n\non\n\nSPORCLE LIVE TRIVIA\n\nCHARITIES SPECIALS\n\n2/7\n12/1/24, 1:38 PM Restaurant Menu - SCOREKEEPERS\nHappy Hour, dinner, or dancing it\u2019s\nstill the place to be....\nUTINS VINUNCIT DICAdl, VIcallly vac IS\nChicken Bacon Ranch -\u2014 10 VIP CARDS ROOM RENTALS\nGrilled Chicken Breast, Bacon,\n\nCreamy Ranch Dressing\n\nBig House \u2014 10\n\nGrilled Chicken Breast, Bacon, Onions, Tomato, Cheddar Cheeese, Croutons\nBuild-A-Burger \u2014 10\n\nBurger comes w/ fries\n\nFreebies:\n\nLettuce, Tomato, Onion, Mayo\n\nToppings (add $1):\n\nBacon, Sauteed Onions, Sauteed Mushrooms, Jalapenos, Onion Ring Cheese (add $1):\nAmerican, Blue Cheese, Cheddar, Nacho\n\nCheese, Pepper Jack, Swiss\n\nEntrees\n\nGrilled Chicken Sandwich \u2014 10\n\nGrilled Chicken Breast, Lettuce, Tomato, Onion, Brioche Bun. Comes w/ fries\n\nSCOREKEEPERS\n\nscorekeepersa2 .com/restaurant-menu/\n\nHOME RESTAURANT MENU PHOTO GALLERY ABOUT US CHARITIES SPECIALS\n12/1/24, 1:38 PM Restaurant Menu - SCOREKEEPERS\nHappy Hour, dinner, or dancing it\u2019s\n\nstill the place to be..\n\nPUUIIUGIS VIILly Dastaiu Devil Dial, WI\n\nBastard Sauerkraut, Bourbon Mustar\nVIP CARDS ROOM RENTALS\n\nSkeeps Dog \u2014 7\n100% Angus Stout Soaked Hot dog, Vuiey\n\nChili, Bourbon Mustard, Raw Onion\n\nFried Chicken Sandwich \u2014 9\n\nFried Chicken Tenders, Lettuce, Tomato, Onion, Brioche Bun. Comes w/ fries\nScorekeepers\u2019 Famous Nachos -\u2014 12\nFeeds 2-3 People.\n\nChicken or Beef, Nacho Cheese, Onions, Tomato, Salsa, Sour Cream\n\nWhat\u2019s going on?\n\nTuesday\n$2 Tacos and $1.75 Bottled Beer 5-7pm\nLive DJ with great drink specials after 99m\n\nWednesday\n\nSCOREKEEPERS\n\nscorekeepersa2 .com/restaurant-menu/\n\nHOME RESTAURANT MENU PHOTO GALLERY ABOUT US\n\nCHARITIES\n\nSPECIALS\n\n4/7\n"
    },
    "Address": "310 Maynard St, Ann Arbor, MI 48104",
    "GPS Coordinates": {
        "latitude": 42.2789442,
        "longitude": -83.74217519999999
    },
    "Phone Number": "(734) 995-0100",
    "Rating": 3.5,
    "Rating Summary": [
        {
            "stars": 1,
            "amount": 65
        },
        {
            "stars": 2,
            "amount": 23
        },
        {
            "stars": 3,
            "amount": 37
        },
        {
            "stars": 4,
            "amount": 70
        },
        {
            "stars": 5,
            "amount": 131
        }
    ],
    "Opening Hours": [
        {
            "friday": "5\u202fPM\u20132\u202fAM"
        },
        {
            "saturday": "5\u202fPM\u20132\u202fAM"
        },
        {
            "sunday": "Closed"
        },
        {
            "monday": "Closed"
        },
        {
            "tuesday": "Closed"
        },
        {
            "wednesday": "Closed"
        },
        {
            "thursday": "5\u202fPM\u20132\u202fAM (Thanksgiving)"
        }
    ],
    "Description": "Boisterous hangout featuring draft brews, American plates & many sports TVs, plus DJs & dancing.",
    "Details": [
        {
            "highlights": [
                "Fast service",
                "Live performances",
                "Sports",
                "Trivia night"
            ]
        },
        {
            "popular_for": [
                "Lunch"
            ]
        },
        {
            "accessibility": [
                "Wheelchair accessible entrance",
                "Wheelchair accessible restroom",
                "Wheelchair accessible seating"
            ]
        },
        {
            "offerings": [
                "Alcohol",
                "Beer",
                "Cocktails",
                "Comfort food",
                "Dancing",
                "Food",
                "Food at bar",
                "Happy hour drinks",
                "Happy hour food",
                "Hard liquor",
                "Late-night food",
                "Private dining room",
                "Wine"
            ]
        },
        {
            "dining_options": [
                "Dinner"
            ]
        },
        {
            "amenities": [
                "Bar onsite",
                "Restroom"
            ]
        },
        {
            "atmosphere": [
                "Casual",
                "Trendy"
            ]
        },
        {
            "crowd": [
                "College students",
                "Groups"
            ]
        },
        {
            "payments": [
                "Credit cards",
                "Debit cards",
                "NFC mobile payments"
            ]
        }
    ],
    "User Reviews": {
        "summary": [
            {
                "snippet": "\"Great staff, great food, and the best place to be for a game or Saturday night!\""
            },
            {
                "snippet": "\"Terrible service, took over 2 hours to sit down and eat bar food!!\""
            },
            {
                "snippet": "\"They have great music and decent service for drinks.\""
            }
        ],
        "most_relevant": [
            {
                "username": "Daniel Slone",
                "rating": 3,
                "contributor_id": "104094059732673206833",
                "description": "So, we stopped by for a drink before a show at the Michigan Theater. Great experience great beer and drinks but the bartender was straight up picking his nose and did not wash his hands. Go for an authentic dive experience. Love the place",
                "link": "https://www.google.com/maps/reviews/data=!4m8!14m7!1m6!2m5!1sChZDSUhNMG9nS0VJQ0FnSURuenFmdlFBEAE!2m1!1s0x0:0x3baa10b61a1e2f59!3m1!1s2@1:CIHM0ogKEICAgIDnzqfvQA%7CCgwIh5SHuAYQyKK-ywM%7C?hl=en-US",
                "date": "a month ago"
            },
            {
                "username": "Brandon Luckas",
                "rating": 3,
                "contributor_id": "115076084624343973992",
                "description": "Localized dive bar experience. Good for new students to party together. But can get really dirty by the end of the night. And everything can be sticky from time to time. Only go if your looking to drink on the weekend.",
                "link": "https://www.google.com/maps/reviews/data=!4m8!14m7!1m6!2m5!1sChdDSUhNMG9nS0VJQ0FnSUNua3RmaGx3RRAB!2m1!1s0x0:0x3baa10b61a1e2f59!3m1!1s2@1:CIHM0ogKEICAgICnktfhlwE%7CCgwI6fHKtwYQ6O2R5gI%7C?hl=en-US",
                "date": "a month ago"
            },
            {
                "username": "Stephanie Brown",
                "rating": 5,
                "contributor_id": "107375132100413976264",
                "description": "It'd just bar food nothing to write a restaurant review for but it sobered me up and was perfectly cooked. Nicest staff they always take care of me!!",
                "link": "https://www.google.com/maps/reviews/data=!4m8!14m7!1m6!2m5!1sChZDSUhNMG9nS0VJQ0FnSUNYMk5EWEZREAE!2m1!1s0x0:0x3baa10b61a1e2f59!3m1!1s2@1:CIHM0ogKEICAgICX2NDXFQ%7CCgsI0KusuAYQsLX0JQ%7C?hl=en-US",
                "date": "a month ago"
            },
            {
                "username": "Liam Nowlin",
                "rating": 5,
                "contributor_id": "104161634348928548411",
                "description": "This is the best bar in the world. Great staff, great food, and the best place to be for a game or Saturday night!",
                "link": "https://www.google.com/maps/reviews/data=!4m8!14m7!1m6!2m5!1sChdDSUhNMG9nS0VJQ0FnSURIOV9lZWdRRRAB!2m1!1s0x0:0x3baa10b61a1e2f59!3m1!1s2@1:CIHM0ogKEICAgIDH9_eegQE%7CCgsI1o64twYQqInnHA%7C?hl=en-US",
                "date": "2 months ago"
            },
            {
                "username": "Maxwell Sanders",
                "rating": 5,
                "contributor_id": "115488235090172159873",
                "description": "Awesome place! Super fun dance atmosphere and a great place to watch a game!!! Also the chicken fingers are the best!!!!",
                "link": "https://www.google.com/maps/reviews/data=!4m8!14m7!1m6!2m5!1sChZDSUhNMG9nS0VJQ0FnSURIZ3FHOE9REAE!2m1!1s0x0:0x3baa10b61a1e2f59!3m1!1s2@1:CIHM0ogKEICAgIDHgqG8OQ%7CCgsIutOStwYQ2JSgBw%7C?hl=en-US",
                "date": "2 months ago"
            },
            {
                "username": "Sara Way",
                "rating": 2,
                "contributor_id": "103115066160569965144",
                "description": "We went to Ann Arbor for a bar crawl and this was one of the stops. While the staff wasn't rude, I guess, they definitely were not friendly. The drinks might have well been water. We each got a mix drink pitcher(32oz) and left more sober than we arrived. Wasting money and time.",
                "link": "https://www.google.com/maps/reviews/data=!4m8!14m7!1m6!2m5!1sChdDSUhNMG9nS0VJQ0FnSUNEaE5tR2x3RRAB!2m1!1s0x0:0x3baa10b61a1e2f59!3m1!1s2@1:CIHM0ogKEICAgICDhNmGlwE%7CCgwIy7CAsAYQ0J2F2AI%7C?hl=en-US",
                "date": "7 months ago"
            },
            {
                "username": "akarsha kodali",
                "rating": 1,
                "contributor_id": "118096211490866851805",
                "description": "this bar is so extremely racist. we got in line and waited 1.5 hours only for us to get in the front and tell us THAT WE CUT. we waited fair and square for so long and they assumed based on race. if you are anything but white DO NOT COME HERE. skeeps is racist and rude.",
                "link": "https://www.google.com/maps/reviews/data=!4m8!14m7!1m6!2m5!1sChZDSUhNMG9nS0VJQ0FnSURqOXU3VEpBEAE!2m1!1s0x0:0x3baa10b61a1e2f59!3m1!1s2@1:CIHM0ogKEICAgIDj9u7TJA%7CCgwI8LPRsQYQuMaqywE%7C?hl=en-US",
                "date": "6 months ago"
            },
            {
                "username": "William \u201cBill\u201d",
                "rating": 5,
                "contributor_id": "106879351913813518425",
                "description": "Fun, honest, all-American bar, doesn't get any better than this",
                "link": "https://www.google.com/maps/reviews/data=!4m8!14m7!1m6!2m5!1sChZDSUhNMG9nS0VJQ0FnSURuek5fcU5nEAE!2m1!1s0x0:0x3baa10b61a1e2f59!3m1!1s2@1:CIHM0ogKEICAgIDnzN_qNg%7CCgsI_pX8twYQgITjJA%7C?hl=en-US",
                "date": "a month ago"
            }
        ]
    },
    "Services": {
        "dine_in": true,
        "takeout": false,
        "delivery": false
    }
}