{
    "docid": 16,
    "Title": "Detroit Street Filling Station",
    "Price": [],
    "Place ID": "ChIJWbu34xWuPIgRXrErOhj9_e8",
    "Type ID": [],
    "Type": [
        "Vegan restaurant"
    ],
    "Menu": {
        "link": "https://www.toasttab.com/detroit-street-filling-station",
        "source": "toasttab.com",
        "items": "DETROIT STREET FILLING STATION\n\n300 Detroit St. 734-224-2161 * 100% vegan\nAsk about our specials!\n\nSOUP & CHILI\n\nDETROIT ST. HEARTY CHILI cup $5\u00ae /bowl $8\nSweet potatoes, black & kidney beans, tomatillo,\nbutternut squash, w/ tortilla chips. GF NF, SF\n\nSOUP DU JOUR cup $5 /bowl $8\nServed with corn tortilla chips. Ask for allergens\n\nSNACKS\n\nBUFFALO CAULIFLOWER WINGS\n\nRanch dressing. Full order $14/ half order $8\n\nNF; contains soy & gluten\n\nSPINACH ARTICHOKE DIP w/ tortilla chips $8\nGF, contains soy, contains nuts (cashews)\n\nNACHOS tortilla chips, black beans, cashew nacho\ncheese, guacamole, pico de gallo $12 GF SF\ncontains nuts (cashews)\n\nTATER TOTS with yum yum sauce $6\n\nAdd to any sandwich +$4 NF; contains soy & gluten\n\nCHIK\u2019N FRIED TOFU FINGERS with maple-\ndijon & SW ranch dressings. Full order (8 pcs) $13\u00b0%/\nhalf order (4 pcs) $8 NF; contains soy & gluten\n\nSALADS\n\nLUMBERJACK Salad $13 Baby greens, pickled\ncarrot-radish, marinated baked tofu, avocado,\ntomato, kalamata olive, cucumber, red bell pepper,\nred onion & walnuts with balsamic vinaigrette. GF;\ncontains nuts & soy; can be made NF & SF\n\nTACO \u2018BOUT IT Salad $13 Greens, cabbage,\ngrilled tofu, seasoned corn tortilla crumbles, pico de\ngallo & avocado with cashew nacho cheese &\n\nSW ranch. GF; contains nuts & soy. Can be NF.\nCAN BE ORDERED AS A WRAP (then contains gluten, nuts & soy)\n\nSOUTHWEST Salad $12 Cabbage, black beans,\nbrown rice, avocado, pico de gallo, tortilla chips, SW\nranch. GF, NF, dressing contains soy\n\nGARDEN Salad $10 Baby greens, red pepper,\ntomato, cucumber, red onion & avocado with\nbalsamic vinaigrette on the side. GF NF, dressing\n\ncontains soy\nAdd grilled tofu or grilled tempeh +$2.50\n\nSANDWICHES & WRAPS\n\nServed with potato chips + pickle spear or upgrade to\n\ntots (+$4), soup, chili or a side salad for $3!\n\nChk\u2019n Fried Wild Mushroom Sandwich $14\u00b0\nCrispy lion\u2019s mane mushrooms, creamy slaw, spicy\nyum-yum sauce, and bread and butter pickles on a\ngrilled house-made Hawaiian bun.\n\nNF; contains gluten & soy\n\nTLT Sandwich $12 The Brinery tempeh\n(marinated and grilled), with lettuce, tomato & herbed\nmayo on our house-made rye. NF; contains gluten &\nSoy.\n\n*Allergen notice: Please tell us of any food allergies when ordering. While we do our best to avoid\ncross-contact, we cannot 100% guarantee that an allergen will not be present in your food.\n\nTREETOWN TEMPEH Reuben $13\u00b0 Marinated\ntempeh & sauerkraut by The Brinery & caramelized\nonions on house-made rye bread with Russian\ndressing, served with potato chips & a pickle. NF;\ncontains soy & gluten. Can be made GF as a SALAD.\n\nBANH MI in exile $13\u00b0 Baked tofu, pickled\ncarrot-radish, jalapenos & fresh cilantro with garlic\nmayo on house-made peasant bread. NF; contains\ngluten & soy. Can be made GF as a SALAD.\n\nRASPBERRY BASIL Grilled Cheese $13\u00b0\u00b0\nRaspberry jam, cashew cream cheese,\nprovolone-style cheese, fresh basil, spinach. SF:\ncontains nuts & gluten\n\nTHE WORLD\u2019S GREATEST Wrap $14\n\nGrilled tempeh, melted provolone-style cheese,\nshredded cabbage, pickled carrot-radish, tomato,\ngrilled red onion, guacamole & garlic mayo on a\nwhole-wheat tortilla. NF; contains soy & gluten. Can be\nmade GF as a SALAD.\n\nGRILLED QUESO Burrito $13 Cuban black\nbeans & corn, brown rice, pico de gallo, cashew\nnacho cheese, SW ranch, guacamole, greens & red\nbell pepper, whole wheat tortilla, served with tortilla\nchips. Contains nuts, soy, & gluten. Can be made NF or\nSF/GF as a BURRITO BOWL.\n\nBUFFALO Wrap $13 Buffalo soy curls, baby\ngreens, tomato, cucumber, red onion, celery,\ncabbage & homemade ranch on a wheat tortilla. NF;\ncontains gluten & soy. Can be made GF as a SALAD.\n\nENTREES\n\nFRIED RICE w/ GENERAL TSO\u2019S TOFU $15\nLightly fried brown rice with carrots, yellow onion,\ncorn, peas, scallions & sesame seeds. Substitute\ncauliflower topping +$1 GF; contains soy\n\nPAD THAI $15 Rice noodles stir-fried in a\ntamarind-soy sauce with saut\u00e9ed red onion, red bell\npepper & marinated tofu, with cabbage, cilantro,\npeanuts & lime. GF; contains peanuts & soy\n\nPOWER UP Bowl $15 Brown rice, kale, grilled\nred pepper & onion, marinated tofu, walnuts,\navocado, maple-dijon dressing.\n\nGF; contains nuts (walnuts) & soy\n\nBAKED GOODS\n\nProduced by our sister location, The Lunch Room Bakery & Caf\u00e9\nCookies: Monster, Snickerdoodle,\n\nGinger Molasses, GF Fudgy $2\n\nFudge Brownie $3.\u201d\n\nCornbread with Maple Butter $4\n\nAsk about our rotating selection of additional baked\ngoods\n\nBEVERAGE MENU\n\n100% VEGAN\n\nAll cocktail and mocktail syrups are housemade\n\nDETROIT STREET SWAG\nShort-sleeve T $20 * Hoodie $45\n\nBEVERAGES\n\nHyperion Coffee (Hot or Iced) $3\n\nRotating Coffee Specials (Hot or Iced) $5\nHyperion Cold Brew Coffee (12 oz.) $5\nHot Mulled Cider $6\n\nHousemade Hot Cocoa $5\n\nHot Tea $3 Pitta, Chamomile, Peppermint, Almond Fruit,\n\nSweet & Spicy, China Gunpowder (Green), Earl Grey,\nEnglish Breakfast, Chai & Winter Magic\n\nTeaHaus Black Iced Tea (caffeinated) $4\n\nDetroit City Soda $3 Cola, Lemon Lime,\nGinger Ale, Lemonade, Cream Soda, Tonic\n\nFever Tree Ginger Beer (6.8 oz.) $3\n\nBarritt\u2019s Sugar Free Ginger Beer (12 0z.) $4\nHousemade Chai Bubble Tea $6\n\nHousemade Lavender London Fog $6 \u201c7 $5\"\nHousemade Horchata $6\n\nHouse Arnold Palmer $5 TeaHaus\u2019 English\nBreakfast black iced tea and lemonade\n\nBoochy Mama\u2019s Kombucha (12 oz.) $5\nRotating flavors - ask server\n\nCultured Kombucha (16 02.) $6\nRotating flavors - ask server\n\nMOCKTAILS\n\nHouse Lemonade $5 Your choice of housemade\nsyrup (ask server for options), lemon juice, soda or flat\nwater\n\nFruit Sparkler Soda $5 Your choice of housemade\nsyrup (ask server for options), soda water\n\nShirley Temple $5 Lemon-lime soda, grenadine,\nmaraschino cherries (no HFCS or Red Dye 40)\nSunnyside $6 Orange juice, cardamom syrup,\nlemon juice, soda water\n\nSandman $6 Pomegranate juice, grenadine, tart\ncherry juice, lemon juice, soda water\n\nHarvest Bash $6 Orange juice, local apple cider,\ncranberry juice, ginger syrup, lime juice\n\nN/A Apple Cran Mule $6 Local apple cider,\ncranberry juice, Fever Tree Ginger Beer, lime juice\nN/A Rosemary Grapefruit Margarita $6 Grapefruit\njuice, rosemary syrup, lime juice, agave, soda water\nN/A Ginger Toddy $5 Minced ginger, lemon juice,\nginger syrup, hot water, cinnamon stick\n\nChardonnay Girasole 11/28\nPinot Grigio Il Colle 9/23\n\nPinot Noir The Pinot Project 11/28\nCabernet Sauvignon Lone Birch 11/28\n\u2014---------- Sparkling\u2014-------------\n\nBrut Methode Domaine Laurier (187mL) 10\nBrut Prestige Charles Lafitte (750 mL) 30\n\nCOCKTAILS\n\nSpiked Lemonade $9 Vodka, lemon juice,\nyour choice of housemade syrup (ask server for\noptions), sparkling or flat water\n\nApple Cran Moscow Mule $10 Vodka, local\napple cider, cranberry juice, lime juice, ginger beer\nRosemary Grapefruit Margarita $12 Tequila\nreposado, grapefruit juice, rosemary syrup, lime\njuice\n\nCynar Negroni $12 Gin, Cynar aperitif, sweet\nvermouth, expressed orange swath\n\nDevil\u2019s Marg $12 House-infused habafiero\ntequila, lime juice, triple sec, agave\n\nCold Brew Martini $12 Vodka, Tia Maria\ncoffee liqueur, Hyperion cold brew coffee\nStargazer $10 Aperol, passion fruit nectar, Left\nFoot Charley Cinnamon Girl Hard Cider\n\nVelvet Ropes $13 Mezcal, grenadine, lime\njuice, Angostura bitters\n\nGinger Toddy $9 Whiskey, minced ginger,\nlemon juice, ginger syrup, hot water, cinnamon\nstick\n\nSpiked Horchata $11 House-made horchata,\ndark rum, amaretto\n\nSpiked Mulled Cider $11 Mulled local apple\ncider spiked with your choice of liquor/liqueur\n\nSpiked Hot Cocoa $10 House-made hot\ncocoa spiked with your choice of liquor/liqueur\n*Add vegan marshmallows for $1\n\nSpiked Coffee $9 Hyperion coffee spiked with\nyour choice of liquor/liqueur\n\nHighballs $8 Your choice of liquor with your\nchoice of mixer\n\nBEER & CIDER (*16 oz. Draft)\n\n*Arbor Classic Blonde (4.5%) Arbor Brewing Co. $8\n*51K IPA (7%) Blackrocks Brewery $8\n\n*Eliot Ness Amber (6.1%) Great Lakes Brewing $8\n*Flying Machine Hazy IPA (5.5%) Ore Dock $8\n\u201cBellaire Brown (7%) Short\u2019s Brewing $8\n*Cinnamon Girl Cider (5.2%) Left Foot Charley $9\nCitra Pale Ale (5.8%) Odd Side Ales $6\n\nGen Pop Pilsner (4.5%) Dark Horse Brewing $6\nOberon Eclipse Wheat (6.3%) Bell\u2019s $6\n\nSoft Parade Fruit Beer (7.5%) Short\u2019s Brewing $6\nEdmund Fitzgerald Porter (6%) Great Lakes $6\nMayan Mocha Stout (6%) Odd Side Ales $7\n\nPulsar Dry Cider (GF, 6.4%) Starcut Ciders $6\nHard Kombucha (rotating, 8%+) Unity Vibration $9\nRun Wild IPA NON-ALCOHOLIC Athletic Brewing $5\n\nAsk your server about our rotating selection of specials\n\nand seasonal offerings!\nDETROIT STREET FILLING STATION\n\n300 Detroit St. 734-224-2161 * 100% vegan\nAsk about our specials!\n\nSOUP & CHILI\n\nDETROIT ST. HEARTY CHILI cup $5\u00ae /bowl $8\nSweet potatoes, black & kidney beans, tomatillo,\nbutternut squash, w/ tortilla chips. GF NF, SF\n\nSOUP DU JOUR cup $5 /bowl $8\nServed with corn tortilla chips. Ask for allergens\n\nSNACKS\n\nBUFFALO CAULIFLOWER WINGS\n\nRanch dressing. Full order $14/ half order $8\n\nNF; contains soy & gluten\n\nSPINACH ARTICHOKE DIP w/ tortilla chips $8\nGF, contains soy, contains nuts (cashews)\n\nNACHOS tortilla chips, black beans, cashew nacho\ncheese, guacamole, pico de gallo $12 GF SF\ncontains nuts (cashews)\n\nTATER TOTS with yum yum sauce $6\n\nAdd to any sandwich +$4 NF; contains soy & gluten\n\nCHIK\u2019N FRIED TOFU FINGERS with maple-\ndijon & SW ranch dressings. Full order (8 pcs) $13\u00b0%/\nhalf order (4 pcs) $8 NF; contains soy & gluten\n\nSALADS\n\nLUMBERJACK Salad $13 Baby greens, pickled\ncarrot-radish, marinated baked tofu, avocado,\ntomato, kalamata olive, cucumber, red bell pepper,\nred onion & walnuts with balsamic vinaigrette. GF;\ncontains nuts & soy; can be made NF & SF\n\nTACO \u2018BOUT IT Salad $13 Greens, cabbage,\ngrilled tofu, seasoned corn tortilla crumbles, pico de\ngallo & avocado with cashew nacho cheese &\n\nSW ranch. GF; contains nuts & soy. Can be NF.\nCAN BE ORDERED AS A WRAP (then contains gluten, nuts & soy)\n\nSOUTHWEST Salad $12 Cabbage, black beans,\nbrown rice, avocado, pico de gallo, tortilla chips, SW\nranch. GF, NF, dressing contains soy\n\nGARDEN Salad $10 Baby greens, red pepper,\ntomato, cucumber, red onion & avocado with\nbalsamic vinaigrette on the side. GF NF, dressing\n\ncontains soy\nAdd grilled tofu or grilled tempeh +$2.50\n\nSANDWICHES & WRAPS\n\nServed with potato chips + pickle spear or upgrade to\n\ntots (+$4), soup, chili or a side salad for $3!\n\nChk\u2019n Fried Wild Mushroom Sandwich $14\u00b0\nCrispy lion\u2019s mane mushrooms, creamy slaw, spicy\nyum-yum sauce, and bread and butter pickles on a\ngrilled house-made Hawaiian bun.\n\nNF; contains gluten & soy\n\nTLT Sandwich $12 The Brinery tempeh\n(marinated and grilled), with lettuce, tomato & herbed\nmayo on our house-made rye. NF; contains gluten &\nSoy.\n\n*Allergen notice: Please tell us of any food allergies when ordering. While we do our best to avoid\ncross-contact, we cannot 100% guarantee that an allergen will not be present in your food.\n\nTREETOWN TEMPEH Reuben $13\u00b0 Marinated\ntempeh & sauerkraut by The Brinery & caramelized\nonions on house-made rye bread with Russian\ndressing, served with potato chips & a pickle. NF;\ncontains soy & gluten. Can be made GF as a SALAD.\n\nBANH MI in exile $13\u00b0 Baked tofu, pickled\ncarrot-radish, jalapenos & fresh cilantro with garlic\nmayo on house-made peasant bread. NF; contains\ngluten & soy. Can be made GF as a SALAD.\n\nRASPBERRY BASIL Grilled Cheese $13\u00b0\u00b0\nRaspberry jam, cashew cream cheese,\nprovolone-style cheese, fresh basil, spinach. SF:\ncontains nuts & gluten\n\nTHE WORLD\u2019S GREATEST Wrap $14\n\nGrilled tempeh, melted provolone-style cheese,\nshredded cabbage, pickled carrot-radish, tomato,\ngrilled red onion, guacamole & garlic mayo on a\nwhole-wheat tortilla. NF; contains soy & gluten. Can be\nmade GF as a SALAD.\n\nGRILLED QUESO Burrito $13 Cuban black\nbeans & corn, brown rice, pico de gallo, cashew\nnacho cheese, SW ranch, guacamole, greens & red\nbell pepper, whole wheat tortilla, served with tortilla\nchips. Contains nuts, soy, & gluten. Can be made NF or\nSF/GF as a BURRITO BOWL.\n\nBUFFALO Wrap $13 Buffalo soy curls, baby\ngreens, tomato, cucumber, red onion, celery,\ncabbage & homemade ranch on a wheat tortilla. NF;\ncontains gluten & soy. Can be made GF as a SALAD.\n\nENTREES\n\nFRIED RICE w/ GENERAL TSO\u2019S TOFU $15\nLightly fried brown rice with carrots, yellow onion,\ncorn, peas, scallions & sesame seeds. Substitute\ncauliflower topping +$1 GF; contains soy\n\nPAD THAI $15 Rice noodles stir-fried in a\ntamarind-soy sauce with saut\u00e9ed red onion, red bell\npepper & marinated tofu, with cabbage, cilantro,\npeanuts & lime. GF; contains peanuts & soy\n\nPOWER UP Bowl $15 Brown rice, kale, grilled\nred pepper & onion, marinated tofu, walnuts,\navocado, maple-dijon dressing.\n\nGF; contains nuts (walnuts) & soy\n\nBAKED GOODS\n\nProduced by our sister location, The Lunch Room Bakery & Caf\u00e9\nCookies: Monster, Snickerdoodle,\n\nGinger Molasses, GF Fudgy $2\n\nFudge Brownie $3.\u201d\n\nCornbread with Maple Butter $4\n\nAsk about our rotating selection of additional baked\ngoods\n\nBEVERAGE MENU\n\n100% VEGAN\n\nAll cocktail and mocktail syrups are housemade\n\nDETROIT STREET SWAG\nShort-sleeve T $20 * Hoodie $45\n\nBEVERAGES\n\nHyperion Coffee (Hot or Iced) $3\n\nRotating Coffee Specials (Hot or Iced) $5\nHyperion Cold Brew Coffee (12 oz.) $5\nHot Mulled Cider $6\n\nHousemade Hot Cocoa $5\n\nHot Tea $3 Pitta, Chamomile, Peppermint, Almond Fruit,\n\nSweet & Spicy, China Gunpowder (Green), Earl Grey,\nEnglish Breakfast, Chai & Winter Magic\n\nTeaHaus Black Iced Tea (caffeinated) $4\n\nDetroit City Soda $3 Cola, Lemon Lime,\nGinger Ale, Lemonade, Cream Soda, Tonic\n\nFever Tree Ginger Beer (6.8 oz.) $3\n\nBarritt\u2019s Sugar Free Ginger Beer (12 0z.) $4\nHousemade Chai Bubble Tea $6\n\nHousemade Lavender London Fog $6 \u201c7 $5\"\nHousemade Horchata $6\n\nHouse Arnold Palmer $5 TeaHaus\u2019 English\nBreakfast black iced tea and lemonade\n\nBoochy Mama\u2019s Kombucha (12 oz.) $5\nRotating flavors - ask server\n\nCultured Kombucha (16 02.) $6\nRotating flavors - ask server\n\nMOCKTAILS\n\nHouse Lemonade $5 Your choice of housemade\nsyrup (ask server for options), lemon juice, soda or flat\nwater\n\nFruit Sparkler Soda $5 Your choice of housemade\nsyrup (ask server for options), soda water\n\nShirley Temple $5 Lemon-lime soda, grenadine,\nmaraschino cherries (no HFCS or Red Dye 40)\nSunnyside $6 Orange juice, cardamom syrup,\nlemon juice, soda water\n\nSandman $6 Pomegranate juice, grenadine, tart\ncherry juice, lemon juice, soda water\n\nHarvest Bash $6 Orange juice, local apple cider,\ncranberry juice, ginger syrup, lime juice\n\nN/A Apple Cran Mule $6 Local apple cider,\ncranberry juice, Fever Tree Ginger Beer, lime juice\nN/A Rosemary Grapefruit Margarita $6 Grapefruit\njuice, rosemary syrup, lime juice, agave, soda water\nN/A Ginger Toddy $5 Minced ginger, lemon juice,\nginger syrup, hot water, cinnamon stick\n\nChardonnay Girasole 11/28\nPinot Grigio Il Colle 9/23\n\nPinot Noir The Pinot Project 11/28\nCabernet Sauvignon Lone Birch 11/28\n\u2014---------- Sparkling\u2014-------------\n\nBrut Methode Domaine Laurier (187mL) 10\nBrut Prestige Charles Lafitte (750 mL) 30\n\nCOCKTAILS\n\nSpiked Lemonade $9 Vodka, lemon juice,\nyour choice of housemade syrup (ask server for\noptions), sparkling or flat water\n\nApple Cran Moscow Mule $10 Vodka, local\napple cider, cranberry juice, lime juice, ginger beer\nRosemary Grapefruit Margarita $12 Tequila\nreposado, grapefruit juice, rosemary syrup, lime\njuice\n\nCynar Negroni $12 Gin, Cynar aperitif, sweet\nvermouth, expressed orange swath\n\nDevil\u2019s Marg $12 House-infused habafiero\ntequila, lime juice, triple sec, agave\n\nCold Brew Martini $12 Vodka, Tia Maria\ncoffee liqueur, Hyperion cold brew coffee\nStargazer $10 Aperol, passion fruit nectar, Left\nFoot Charley Cinnamon Girl Hard Cider\n\nVelvet Ropes $13 Mezcal, grenadine, lime\njuice, Angostura bitters\n\nGinger Toddy $9 Whiskey, minced ginger,\nlemon juice, ginger syrup, hot water, cinnamon\nstick\n\nSpiked Horchata $11 House-made horchata,\ndark rum, amaretto\n\nSpiked Mulled Cider $11 Mulled local apple\ncider spiked with your choice of liquor/liqueur\n\nSpiked Hot Cocoa $10 House-made hot\ncocoa spiked with your choice of liquor/liqueur\n*Add vegan marshmallows for $1\n\nSpiked Coffee $9 Hyperion coffee spiked with\nyour choice of liquor/liqueur\n\nHighballs $8 Your choice of liquor with your\nchoice of mixer\n\nBEER & CIDER (*16 oz. Draft)\n\n*Arbor Classic Blonde (4.5%) Arbor Brewing Co. $8\n*51K IPA (7%) Blackrocks Brewery $8\n\n*Eliot Ness Amber (6.1%) Great Lakes Brewing $8\n*Flying Machine Hazy IPA (5.5%) Ore Dock $8\n\u201cBellaire Brown (7%) Short\u2019s Brewing $8\n*Cinnamon Girl Cider (5.2%) Left Foot Charley $9\nCitra Pale Ale (5.8%) Odd Side Ales $6\n\nGen Pop Pilsner (4.5%) Dark Horse Brewing $6\nOberon Eclipse Wheat (6.3%) Bell\u2019s $6\n\nSoft Parade Fruit Beer (7.5%) Short\u2019s Brewing $6\nEdmund Fitzgerald Porter (6%) Great Lakes $6\nMayan Mocha Stout (6%) Odd Side Ales $7\n\nPulsar Dry Cider (GF, 6.4%) Starcut Ciders $6\nHard Kombucha (rotating, 8%+) Unity Vibration $9\nRun Wild IPA NON-ALCOHOLIC Athletic Brewing $5\n\nAsk your server about our rotating selection of specials\n\nand seasonal offerings!\n"
    },
    "Address": "300 Detroit St, Ann Arbor, MI 48104",
    "GPS Coordinates": {
        "latitude": 42.283411099999995,
        "longitude": -83.7463361
    },
    "Phone Number": "(734) 224-8262",
    "Rating": 4.7,
    "Rating Summary": [
        {
            "stars": 1,
            "amount": 26
        },
        {
            "stars": 2,
            "amount": 17
        },
        {
            "stars": 3,
            "amount": 47
        },
        {
            "stars": 4,
            "amount": 144
        },
        {
            "stars": 5,
            "amount": 1063
        }
    ],
    "Opening Hours": [
        {
            "friday": "11:30\u202fAM\u20138\u202fPM"
        },
        {
            "saturday": "12\u20138\u202fPM"
        },
        {
            "sunday": "12\u20138\u202fPM"
        },
        {
            "monday": "11:30\u202fAM\u20138\u202fPM"
        },
        {
            "tuesday": "11:30\u202fAM\u20138\u202fPM"
        },
        {
            "wednesday": "11:30\u202fAM\u20138\u202fPM"
        },
        {
            "thursday": "Closed (Thanksgiving)"
        }
    ],
    "Description": "Casual cafe with art-lined walls serving creative comfort fare, plenty of vegan dishes & cocktails.",
    "Details": [
        {
            "from_the_business": [
                "Identifies as women-owned"
            ]
        },
        {
            "highlights": [
                "Fast service",
                "Great dessert",
                "Great tea selection",
                "Live music"
            ]
        },
        {
            "popular_for": [
                "Lunch",
                "Dinner",
                "Solo dining"
            ]
        },
        {
            "accessibility": [
                "Wheelchair accessible entrance",
                "Wheelchair accessible parking lot",
                "Wheelchair accessible restroom",
                "Wheelchair accessible seating"
            ]
        },
        {
            "offerings": [
                "Alcohol",
                "Beer",
                "Cocktails",
                "Coffee",
                "Comfort food",
                "Hard liquor",
                "Healthy options",
                "Quick bite",
                "Small plates",
                "Vegan options",
                "Vegetarian options",
                "Wine"
            ]
        },
        {
            "dining_options": [
                "Brunch",
                "Lunch",
                "Dinner",
                "Dessert",
                "Seating"
            ]
        },
        {
            "amenities": [
                "Bar onsite",
                "Gender-neutral restroom",
                "Restroom",
                "Wi-Fi",
                "Free Wi-Fi"
            ]
        },
        {
            "atmosphere": [
                "Casual",
                "Cozy",
                "Trendy"
            ]
        },
        {
            "crowd": [
                "College students",
                "Family-friendly",
                "Groups",
                "LGBTQ+ friendly",
                "Tourists",
                "Transgender safespace"
            ]
        },
        {
            "payments": [
                "Credit cards",
                "Debit cards",
                "NFC mobile payments"
            ]
        },
        {
            "children": [
                "Good for kids",
                "High chairs"
            ]
        },
        {
            "parking": [
                "Free street parking",
                "Paid parking lot",
                "Paid street parking",
                "Plenty of parking"
            ]
        },
        {
            "pets": [
                "Dogs allowed outside"
            ]
        }
    ],
    "User Reviews": {
        "summary": [
            {
                "snippet": "\"We ordered the Best Wrap, fried tofu, spinach and artichoke dip and a salad.\""
            },
            {
                "snippet": "\"Super friendly staff, great-tasting dishes, and nice indoor and outdoor seating!\""
            },
            {
                "snippet": "\"Excellent food, great portions, amazing service, and serene atmosphere.\""
            }
        ],
        "most_relevant": [
            {
                "username": "Roshini Rohra",
                "rating": 5,
                "contributor_id": "111841930987792583068",
                "description": "It is a cute place decorated with lots of art and plants. We are vegetarians and had been wanting to try this place since a long time! We went basis the reviews and it did not disappoint!\nWe ordered\n1. Buffalo Cauliflower Wings - This is a must try!\n2. Spinach Artichoke Dip - The dip is amazing!  We ordered it again.\n3. Chk'n Fried Wild Mushroom Sandwich - Mushrooms were a great filler!\n4. The World's Greatest Wrap - The name says it all!\n5. Pad Thai - It was good but the other items we tried were even better!\n\nThe server was very friendly and was always ready to clarify our doubts. The service was fairly quick too.\n\nLot more options to try from! We would definitely go again!",
                "link": "https://www.google.com/maps/reviews/data=!4m8!14m7!1m6!2m5!1sChdDSUhNMG9nS0VJQ0FnSUQ3MjVtVWdnRRAB!2m1!1s0x0:0xeffdfd183a2bb15e!3m1!1s2@1:CIHM0ogKEICAgID725mUggE%7CCgwIkL2-tgYQ2JzDrwE%7C?hl=en-US",
                "images": [
                    {
                        "thumbnail": "https://lh5.googleusercontent.com/p/AF1QipPUhWiok1ZIDVufmBPKDjQKjt5_Sd2mJqFOAxRA=w150-h150-k-no-p"
                    },
                    {
                        "thumbnail": "https://lh5.googleusercontent.com/p/AF1QipOdPt-WjZOU3wHgK9nvlzZuiB4wFQuBIO3AO8Io=w150-h150-k-no-p"
                    },
                    {
                        "thumbnail": "https://lh5.googleusercontent.com/p/AF1QipOPLZTK_Ca6qeqjgZtdtS-Xdx1SzNczc9KH3Gfl=w150-h150-k-no-p"
                    }
                ],
                "date": "2 months ago"
            },
            {
                "username": "Kathleen LaTosch",
                "rating": 5,
                "contributor_id": "110400335464876100080",
                "description": "Lovely mid-September late lunch at the 100% vegan street side cafe.  Waiter recommended a customer favorite - the Reuben - which was delicious, especially the sauerkraut!  He also brought me a complimentary sampler cup of Chana masala soup since it was my first time there.  I could have had more - also delicious.  Highly recommend and will come back!  Lots of gluten free options too.",
                "link": "https://www.google.com/maps/reviews/data=!4m8!14m7!1m6!2m5!1sChZDSUhNMG9nS0VJQ0FnSUNIXzhic0ZnEAE!2m1!1s0x0:0xeffdfd183a2bb15e!3m1!1s2@1:CIHM0ogKEICAgICH_8bsFg%7CCgsIhoCDtwYQ4OnFOw%7C?hl=en-US",
                "images": [
                    {
                        "thumbnail": "https://lh5.googleusercontent.com/p/AF1QipOUiGrIy4UDOFIxz6cmnHUJlMvYuTfoZxeOVJH8=w150-h150-k-no-p"
                    },
                    {
                        "thumbnail": "https://lh5.googleusercontent.com/p/AF1QipMNx-wpz7Rz202RxkXukxrZgUieh728aS_PzXZI=w150-h150-k-no-p"
                    },
                    {
                        "thumbnail": "https://lh5.googleusercontent.com/p/AF1QipP9xQ-LLs1k3EMe5cvihCzMQSVncvX2p14KAhDA=w150-h150-k-no-p"
                    },
                    {
                        "thumbnail": "https://lh5.googleusercontent.com/p/AF1QipPPAlN0FRmmYPxSBule2Mjiv2klD0jslOY96m8Q=w150-h150-k-no-p"
                    },
                    {
                        "thumbnail": "https://lh5.googleusercontent.com/p/AF1QipMMQVaBQn5nrftCgq9pDOlwXzhStrTmdYCnJuC6=w150-h150-k-no-p"
                    },
                    {
                        "thumbnail": "https://lh5.googleusercontent.com/p/AF1QipMNwNjepKdPm9QCbJMXXGDrBJPdq6VCfMbaFWH0=w150-h150-k-no-p"
                    }
                ],
                "date": "2 months ago"
            },
            {
                "username": "Elicia P",
                "rating": 5,
                "contributor_id": "112416246612925227968",
                "description": "Lovely restaurant located on a corner. Street seating as well as open air seating (indoor too).\nOrdering can be done on the phone via qr code or in person with server.\nStaff is very attentive and are knowledgeable in menu items.\nMany items can be modified to your liking or dietary. Love that they ask if need be gf, soy, nut free.\nThe food was very tasty and appealing looking. The portion sizes are definitely enough.\nOverall, loved this restaurant,  the staff, the vibe, and the food. Would come again.",
                "link": "https://www.google.com/maps/reviews/data=!4m8!14m7!1m6!2m5!1sChZDSUhNMG9nS0VJQ0FnSUNYbUpMQk9nEAE!2m1!1s0x0:0xeffdfd183a2bb15e!3m1!1s2@1:CIHM0ogKEICAgICXmJLBOg%7CCgsI9firuAYQ0JL2Ag%7C?hl=en-US",
                "images": [
                    {
                        "thumbnail": "https://lh5.googleusercontent.com/p/AF1QipNjTTcePvHRJ35hE8InVXPH2UlMLGRpXQQHFFmi=w150-h150-k-no-p"
                    },
                    {
                        "thumbnail": "https://lh5.googleusercontent.com/p/AF1QipP58u8WAU9vgrnW5VtmLYKYf-RLmbrwulMVIMDF=w150-h150-k-no-p"
                    }
                ],
                "date": "a month ago"
            },
            {
                "username": "Ben Blue",
                "rating": 5,
                "contributor_id": "103954947471376750790",
                "description": "Awesome spot for vegan food. Menu is 100% plant based. I\u2019ve got a weak spot for a vegan Reuben (this one is tempeh Reuben) and the one here did not disappoint!",
                "link": "https://www.google.com/maps/reviews/data=!4m8!14m7!1m6!2m5!1sChZDSUhNMG9nS0VJQ0FnSURYN0wzdmNnEAE!2m1!1s0x0:0xeffdfd183a2bb15e!3m1!1s2@1:CIHM0ogKEICAgIDX7L3vcg%7CCgsItMfruAYQ6MuQfg%7C?hl=en-US",
                "images": [
                    {
                        "thumbnail": "https://lh5.googleusercontent.com/p/AF1QipOkVMe_hqsTMTIs0q11HJpE0v6MksOTntDMYK8N=w150-h150-k-no-p"
                    },
                    {
                        "thumbnail": "https://lh5.googleusercontent.com/p/AF1QipN0AkpuJoSotRYE8BgGQOBt_a3VkorVbJ7JmFhO=w150-h150-k-no-p"
                    },
                    {
                        "thumbnail": "https://lh5.googleusercontent.com/p/AF1QipNq0jwNjKriPRnieMednjNQbgrnHxhJ8wIy0dMr=w150-h150-k-no-p"
                    },
                    {
                        "thumbnail": "https://lh5.googleusercontent.com/p/AF1QipORD-vfFTnjZyRjfuvpZ44IeUok29qdZANorM0y=w150-h150-k-no-p"
                    },
                    {
                        "thumbnail": "https://lh5.googleusercontent.com/p/AF1QipPnowlQlAr6Hww8hJq1FyKQsJCX4B1mB8loInlo=w150-h150-k-no-p"
                    },
                    {
                        "thumbnail": "https://lh5.googleusercontent.com/p/AF1QipMXHJdr1joiDxO3ikzZU7gXmjMMZn9jpDksZ-St=w150-h150-k-no-p"
                    }
                ],
                "date": "4 weeks ago"
            },
            {
                "username": "Dirty Souf Yankee",
                "rating": 5,
                "contributor_id": "113427137643909466176",
                "description": "I literally wish I could have ordered everything on the menu. Every plate I saw on every person's table looked absolutely delicious!!!! Staff was all super helpful, friendly and kind. The items I *did* order were very yummy. I got the gazpacho soup and raspberry basil cashew grilled cheese. So freaking good!!!",
                "link": "https://www.google.com/maps/reviews/data=!4m8!14m7!1m6!2m5!1sChdDSUhNMG9nS0VJQ0FnSUNILUxXd3RRRRAB!2m1!1s0x0:0xeffdfd183a2bb15e!3m1!1s2@1:CIHM0ogKEICAgICH-LWwtQE%7CCgsI8MTPtgYQ-MGmOw%7C?hl=en-US",
                "images": [
                    {
                        "thumbnail": "https://lh5.googleusercontent.com/p/AF1QipOlsnPWeAoBP4eoGS5zPcj70KZg8xNbBnX1pUiO=w150-h150-k-no-p"
                    },
                    {
                        "thumbnail": "https://lh5.googleusercontent.com/p/AF1QipMqVU2498btmOdPRxi3QJ7wXzUQz66Uq-oOuY-Z=w150-h150-k-no-p"
                    },
                    {
                        "thumbnail": "https://lh5.googleusercontent.com/p/AF1QipMVRKWFJ7H27GAFUmn821JtfEM-LsZe05yId0K8=w150-h150-k-no-p"
                    }
                ],
                "date": "2 months ago"
            },
            {
                "username": "Yuliang Hu",
                "rating": 5,
                "contributor_id": "110046364390822301973",
                "description": "All the dishes we tried so far have been flavorful and the portion sizes were very filling for the price. Easy way to order on the QR code and reasonably efficient service. Nice environment to hangout. Hope they can stay open until later in the evening in the future.",
                "link": "https://www.google.com/maps/reviews/data=!4m8!14m7!1m6!2m5!1sChZDSUhNMG9nS0VJQ0FnSURIblp6YVpREAE!2m1!1s0x0:0xeffdfd183a2bb15e!3m1!1s2@1:CIHM0ogKEICAgIDHnZzaZQ%7CCgwIzPGttwYQyNSUlAE%7C?hl=en-US",
                "images": [
                    {
                        "thumbnail": "https://lh5.googleusercontent.com/p/AF1QipMvPGvkBlxV65RqQ78xOYIaDd3e50Dr1cNLQMQ-=w150-h150-k-no-p"
                    },
                    {
                        "thumbnail": "https://lh5.googleusercontent.com/p/AF1QipOygx1CddRWZaI7b9_fpsuQ3qiBH9Ig8QdTuB54=w150-h150-k-no-p"
                    }
                ],
                "date": "2 months ago"
            },
            {
                "username": "Chelsea",
                "rating": 5,
                "contributor_id": "117722672748674964062",
                "description": "So good my meat-eating friend gave it 4.5/5 stars. The buffalo cauliflower app and \"the greatest wrap\" were especially good; the fun tots were just ok. Super cute ambiance too!",
                "link": "https://www.google.com/maps/reviews/data=!4m8!14m7!1m6!2m5!1sChZDSUhNMG9nS0VJQ0FnSURUazV6WVRREAE!2m1!1s0x0:0xeffdfd183a2bb15e!3m1!1s2@1:CIHM0ogKEICAgIDTk5zYTQ%7CCgsIzPPRsgYQiNylTw%7C?hl=en-US",
                "images": [
                    {
                        "thumbnail": "https://lh5.googleusercontent.com/p/AF1QipNg8WOEHNJ54o9E9NuG4eqs_f9t7fOXBQeAdZzD=w150-h150-k-no-p"
                    },
                    {
                        "thumbnail": "https://lh5.googleusercontent.com/p/AF1QipMmblmvtBuO022YEvw_ACrNP3PSZw34rHJlZZYE=w150-h150-k-no-p"
                    },
                    {
                        "thumbnail": "https://lh5.googleusercontent.com/p/AF1QipP0dn9IQ-x3BV1d8orGC5cIcAcPkO1mtgEwA1X-=w150-h150-k-no-p"
                    }
                ],
                "date": "5 months ago"
            },
            {
                "username": "sandraknight1",
                "rating": 5,
                "contributor_id": "105015091473576106122",
                "description": "You don\u2019t even need to be vegan to love this place. Simply delicious food with a perfect light & airy ambiance adorned with interesting plants and art. My Taco \u2018Bout It Salad was exceptional and my son throughly enjoyed his Grilled Queso Burrito. Our server was wonderful. Thank you Detroit Street Filling Station for creating such a splendid eatery for everyone (vegans and all!) Can\u2019t wait to return",
                "link": "https://www.google.com/maps/reviews/data=!4m8!14m7!1m6!2m5!1sChZDSUhNMG9nS0VJQ0FnSURENU1QU1dREAE!2m1!1s0x0:0xeffdfd183a2bb15e!3m1!1s2@1:CIHM0ogKEICAgIDD5MPSWQ%7CCgwIw6XCsAYQoJnwggE%7C?hl=en-US",
                "images": [
                    {
                        "thumbnail": "https://lh5.googleusercontent.com/p/AF1QipP14CVQEHr4i5Hh9eqq30u_g19-B2fuNflRQJJz=w150-h150-k-no-p"
                    },
                    {
                        "thumbnail": "https://lh5.googleusercontent.com/p/AF1QipO27wF_mGsi-yKV_SNz9y9tjryn7xqDCa6U323L=w150-h150-k-no-p"
                    },
                    {
                        "thumbnail": "https://lh5.googleusercontent.com/p/AF1QipPkNuahSaySkOKn4m3Yrn9MSB5BXBbgofojtxGF=w150-h150-k-no-p"
                    },
                    {
                        "thumbnail": "https://lh5.googleusercontent.com/p/AF1QipNaiKztt7j0sS6zaFbfC7jNd1gqFl_I0pPAjVKC=w150-h150-k-no-p"
                    },
                    {
                        "thumbnail": "https://lh5.googleusercontent.com/p/AF1QipPtaUWmJfMF0P4DtlxV3_hPddmm4XZjyPFIU4pJ=w150-h150-k-no-p"
                    },
                    {
                        "thumbnail": "https://lh5.googleusercontent.com/p/AF1QipNAqjZl5P-yx41tbRPlY0SVz5v6LL52t0_Spfl1=w150-h150-k-no-p"
                    },
                    {
                        "thumbnail": "https://lh5.googleusercontent.com/p/AF1QipPpCjJa9vn6lHmWrzeJvU9I6o9veefpyW6f5Hm_=w150-h150-k-no-p"
                    },
                    {
                        "thumbnail": "https://lh5.googleusercontent.com/p/AF1QipPeMj9gxcbOyW9kp4fevDklU1VZPjB1b7MdJfL1=w150-h150-k-no-p"
                    },
                    {
                        "thumbnail": "https://lh5.googleusercontent.com/p/AF1QipNv7uQ35wRENA14JUHj8RfujLbx3-wr_5uj-FzP=w150-h150-k-no-p"
                    }
                ],
                "date": "7 months ago"
            }
        ]
    },
    "Services": {
        "dine_in": true,
        "curbside_pickup": true,
        "delivery": false
    }
}