{
    "docid": 173,
    "Title": "PizzaPazza Restaurant in Ann Arbor",
    "Price": [],
    "Place ID": "ChIJY0AVbgCvPIgRIYH-tvnq33A",
    "Type ID": [],
    "Type": [
        "Pizza restaurant"
    ],
    "Menu": {
        "link": "https://pizzapazzaa2.com/menu/",
        "source": "pizzapazzaa2.com",
        "items": "12/1/24, 1:42 PM\n\n&\n\nPizzaPazza Wood Fired & Crazy Good\n\nhttps://pizzapazzaa2 .com/menu/\n\nMenu | PizzaPazza At Kerrytown\nPizzaPazzaAtKerrytown v\n\nPizzaPazzaFoodtruck w\n\nOrder Online\n\nPizzapazza Menu\n\nElevated Cheese $12\nPizza sauce, mozzarella, fresh mozzarella, grana\nPepperoni $13\nPizza sauce, mozzarella, pepperoni, oregano\nSausage & Peppers $14\nPizza sauce, mozzarella, Italian sausage, roast mild peppers & red onion\nMargherita $13\nPizza sauce, fresh mozzarella, basil, extra virgin olive oil\nVegetali (white pizza) $14\n\nGarlic, EVOO, Swiss chard, Kalamata, roast tomato, mozzarella, ricotta\n\nCall to Order\n\n1/4\n12/1/24, 1:42 PM\n\nhttps://pizzapazzaa2 .com/menu/\n\nMenu | PizzaPazza At Kerrytown\nFunghi (white pizza) $14\nWild mushrooms, rosemary-gatlic oil, mozzarella, ricotta\nHerb Cheese Bread $12\n\nRosemary-garlic oil, mozzarella, fresh mozzarella, grana\n\nFocaccia $9\nGarlic oil, grana, fresh herbs, sea salt & cracked black pepper, side of\npizza sauce\nGarden Salad $6\nRomaine, tomato, cukes, carrots, mozzarella, herb vinaigrette\nChop Salad $6\n\nRomaine, radicchio, arugula, tomato, cukes, sherry vinaigrette\n\nOrder Online Call to order\n\n2/4\n12/1/24, 1:42 PM Menu | PizzaPazza At Kerrytown\n\nhttps://pizzapazzaa2 .com/menu/ 3/4\n"
    },
    "Address": "410 N 4th Ave, Ann Arbor, MI 48104",
    "GPS Coordinates": {
        "latitude": 42.284337699999995,
        "longitude": -83.7464894
    },
    "Phone Number": [],
    "Rating": 4.4,
    "Rating Summary": [
        {
            "stars": 1,
            "amount": 4
        },
        {
            "stars": 2,
            "amount": 1
        },
        {
            "stars": 3,
            "amount": 3
        },
        {
            "stars": 4,
            "amount": 4
        },
        {
            "stars": 5,
            "amount": 39
        }
    ],
    "Opening Hours": [
        {
            "friday": "11\u202fAM\u20137\u202fPM"
        },
        {
            "saturday": "11\u202fAM\u20137\u202fPM"
        },
        {
            "sunday": "11\u202fAM\u20135\u202fPM"
        },
        {
            "monday": "11\u202fAM\u20137\u202fPM"
        },
        {
            "tuesday": "11\u202fAM\u20137\u202fPM"
        },
        {
            "wednesday": "11\u202fAM\u20137\u202fPM"
        },
        {
            "thursday": "11\u202fAM\u20137\u202fPM (Thanksgiving)"
        }
    ],
    "Description": "",
    "Details": [
        {
            "popular_for": [
                "Lunch",
                "Dinner",
                "Solo dining"
            ]
        },
        {
            "accessibility": [
                "Wheelchair accessible entrance"
            ]
        },
        {
            "offerings": [
                "Comfort food",
                "Quick bite",
                "Vegetarian options"
            ]
        },
        {
            "dining_options": [
                "Lunch",
                "Dinner"
            ]
        },
        {
            "atmosphere": [
                "Casual",
                "Trendy"
            ]
        },
        {
            "crowd": [
                "College students"
            ]
        },
        {
            "payments": [
                "Credit cards"
            ]
        },
        {
            "children": [
                "Good for kids"
            ]
        },
        {
            "parking": [
                "Free parking lot",
                "Free street parking",
                "Paid parking lot",
                "Plenty of parking"
            ]
        }
    ],
    "User Reviews": {
        "summary": [
            {
                "snippet": "\"Delicious wood fired pizza with fresh tasty toppings.\""
            },
            {
                "snippet": "\"The dough and the cheese were both tough.\""
            },
            {
                "snippet": "\"Excellent personal pizzas at reasonable prices.\""
            }
        ],
        "most_relevant": [
            {
                "username": "Todd McLeod",
                "rating": 5,
                "contributor_id": "102058450286415797711",
                "description": "This is the best pizza in Michigan. I have no idea why this place is only rated 4.3. This restaurant should be a straight up 5.0. The pizza is great. I had the sausage and peppers. Fantastic. The owner, Jeff, it's a friendly guy and well-versed in pizza: he's been a chef for 30 years. Great food. Great atmosphere. Absolutely make it a point to eat here, and more than once. Then, when you are completely satisfied, satiated, happy, and full of delicious pizza, write Pizza Pazza a Five Star review. They deserve it. Consider yourself lucky to have found this place - you're going to have a great meal.",
                "link": "https://www.google.com/maps/reviews/data=!4m8!14m7!1m6!2m5!1sChdDSUhNMG9nS0VJQ0FnSUN6bk42QnFRRRAB!2m1!1s0x0:0x70dfeaf9b6fe8121!3m1!1s2@1:CIHM0ogKEICAgICznN6BqQE%7CCgsIxfHnsgYQiM26IA%7C?hl=en-US",
                "images": [
                    {
                        "thumbnail": "https://lh5.googleusercontent.com/p/AF1QipP1F8afWiTLRcDjPTsHbbUd84nB4_hPfVHwYNiG=w150-h150-k-no-p"
                    },
                    {
                        "thumbnail": "https://lh5.googleusercontent.com/p/AF1QipPco6E5iSCHQXrIt3EWo5KVHfQv9xNqjfQ5fYyl=w150-h150-k-no-p"
                    },
                    {
                        "thumbnail": "https://lh5.googleusercontent.com/p/AF1QipOlxvhI2NljODbN7PTvx_vRVM0S6dRslVgInhrg=w150-h150-k-no-p"
                    },
                    {
                        "thumbnail": "https://lh5.googleusercontent.com/p/AF1QipOCakYVECzJa7KCN3RDfQWRk3Qmi7-mDwI6BfJ3=w150-h150-k-no-p"
                    },
                    {
                        "thumbnail": "https://lh5.googleusercontent.com/p/AF1QipNyADKyIaRVWuMOMYQkfPzuq1_705mXFt9NmMMq=w150-h150-k-no-p"
                    },
                    {
                        "thumbnail": "https://lh5.googleusercontent.com/p/AF1QipMwNyJr4GQcdih_DctkgplvaJQUan5dQjnhFqvQ=w150-h150-k-no-p"
                    },
                    {
                        "thumbnail": "https://lh5.googleusercontent.com/p/AF1QipMPPqLf3BAV53q8soBL1G16FDpWZz8URmltRUYm=w150-h150-k-no-p"
                    },
                    {
                        "thumbnail": "https://lh5.googleusercontent.com/p/AF1QipPvO61jZ1DV1YxsuNIBD2MY9pvsCP8pukNB8-XX=w150-h150-k-no-p"
                    },
                    {
                        "thumbnail": "https://lh5.googleusercontent.com/p/AF1QipM8C9jh5nsmgjSdPCAsLs0VIawaxBqd0aWYKz29=w150-h150-k-no-p"
                    },
                    {
                        "thumbnail": "https://lh5.googleusercontent.com/p/AF1QipMXXfbhw-0VlDcuzOlZGP-xH2FQHfwL_awezrKh=w150-h150-k-no-p"
                    }
                ],
                "date": "5 months ago"
            },
            {
                "username": "Amanda Paskell",
                "rating": 5,
                "contributor_id": "114916064409654569957",
                "description": "PizzaPazza's Margherita pizza is so tasty and fresh.  It is a perfectly sized personal pizza.  Their pizza dough recipe has clearly been perfected.  It has great flavor and is hand stretched to the perfect proportion.   The pizza base is thin but remains soft, and the crust rises nicely and has great chew.  Again, super fresh cheese, sauce and basil.  After eating the whole thing, I am left wanting just one more slice... but if it were any bigger, I would certainly be over-full.",
                "link": "https://www.google.com/maps/reviews/data=!4m8!14m7!1m6!2m5!1sChdDSUhNMG9nS0VJQ0FnSURYeGNPanNRRRAB!2m1!1s0x0:0x70dfeaf9b6fe8121!3m1!1s2@1:CIHM0ogKEICAgIDXxcOjsQE%7CCgwIjIuEuQYQ8MrUxwM%7C?hl=en-US",
                "images": [
                    {
                        "thumbnail": "https://lh5.googleusercontent.com/p/AF1QipPPDGTOhre0bHLc-VzbWuDbgiDF3KOsCX6OIVZr=w150-h150-k-no-p"
                    }
                ],
                "date": "3 weeks ago"
            },
            {
                "username": "Maurielle C",
                "rating": 5,
                "contributor_id": "102013884837832721376",
                "description": "Love this place! They opened after Christmas 2023 and have been doing well since. The employees are nice and the atmosphere is open. Pricing isn\u2019t bad, as the pizzas are $13 and the salads are priced fairly, too. The oven fired flavor is great. Would highly recommend trying it if you haven\u2019t been yet!",
                "link": "https://www.google.com/maps/reviews/data=!4m8!14m7!1m6!2m5!1sChZDSUhNMG9nS0VJQ0FnSUQ5XzR5eWNBEAE!2m1!1s0x0:0x70dfeaf9b6fe8121!3m1!1s2@1:CIHM0ogKEICAgID9_4yycA%7CCgsIlaP4rwYQyKCMVw%7C?hl=en-US",
                "images": [
                    {
                        "thumbnail": "https://lh5.googleusercontent.com/p/AF1QipMTSUteEy8_kmm6HpuqknMLeUmB7hBuRhZrfOM6=w150-h150-k-no-p"
                    },
                    {
                        "thumbnail": "https://lh5.googleusercontent.com/p/AF1QipN9dJT7xxOlIOiezKYgCY3IGezdTz1WVSoCnbzR=w150-h150-k-no-p"
                    },
                    {
                        "thumbnail": "https://lh5.googleusercontent.com/p/AF1QipOGLPgyGSwhALZq2ut8svl_lOfaSV9KMDQsqalF=w150-h150-k-no-p"
                    },
                    {
                        "thumbnail": "https://lh5.googleusercontent.com/p/AF1QipNs6sQYkbZ0kH2KkSH_GxwOt4nK_g_lRH2rKoJ7=w150-h150-k-no-p"
                    },
                    {
                        "thumbnail": "https://lh5.googleusercontent.com/p/AF1QipO_1Cbj7G2In7iBcnL-VTL0EDWhCavTkltaqpJT=w150-h150-k-no-p"
                    },
                    {
                        "thumbnail": "https://lh5.googleusercontent.com/p/AF1QipNtZPwR9liFzIUQ-kmKL1KmL9oHjkQJ9fMB7OPB=w150-h150-k-no-p"
                    }
                ],
                "date": "7 months ago"
            },
            {
                "username": "Brad Berg",
                "rating": 4,
                "contributor_id": "109700498655975943643",
                "description": "Oh my! The day I visited, the special was a pie so unique that I had to try it: barbacoa lamb, butternut squash, Gorgonzola DOP, pine nuts, rosemary. Autumn on a well-baked crust!",
                "link": "https://www.google.com/maps/reviews/data=!4m8!14m7!1m6!2m5!1sChZDSUhNMG9nS0VJQ0FnSURuOVpHNmJnEAE!2m1!1s0x0:0x70dfeaf9b6fe8121!3m1!1s2@1:CIHM0ogKEICAgIDn9ZG6bg%7CCgwIt7OUuAYQ2LH3xQE%7C?hl=en-US",
                "images": [
                    {
                        "thumbnail": "https://lh5.googleusercontent.com/p/AF1QipMgN4FJs7KUiIVJ5qC9OCsqCvwuI6-38izjlYpZ=w150-h150-k-no-p"
                    }
                ],
                "date": "a month ago"
            },
            {
                "username": "J Hill",
                "rating": 3,
                "contributor_id": "103175150429783591716",
                "description": "This Pizza is fine. It's kind of cool to watch it get made in front of you and then put in wood burning oven. I was just really put off by how rude the man, who I think is the owner, was to his employees. There was a young man working who seemed like he was fairly new, and the owner was just so condescending to him over every little issue. And then the owner made me the wrong Pizza. He just made a different type of pizza. And I was totally fine with that and laid back and couldn't care less but it was just interesting to see him be so dismissive of his employees for minor mistakes and then he makes the completely wrong pizza. And I was the only one there.\n\nAlso, I've probably had the wrong order made for me at a pizza place or somewhere similar a dozen times in my life. And when that happens, they always give or offer to give you the wrong order as well as your correct one. I understand he's under no obligation to do that, but like what are you going to do with that pizza you made by accident? Maybe give it to me for my time, let me try it out? It's not like you're going to hand it to someone else if they happen to walk in and order that particular style lol.",
                "link": "https://www.google.com/maps/reviews/data=!4m8!14m7!1m6!2m5!1sChZDSUhNMG9nS0VJQ0FnSUQzeTdXY1lnEAE!2m1!1s0x0:0x70dfeaf9b6fe8121!3m1!1s2@1:CIHM0ogKEICAgID3y7WcYg%7CCgwI5p7vuQYQ8JmbnQI%7C?hl=en-US",
                "date": "4 days ago"
            },
            {
                "username": "Sonya Royzenblat",
                "rating": 4,
                "contributor_id": "101631122575208860643",
                "description": "Wonderful crust, the flavor of the wood fire is really good and they've nailed down the dough recipe. I think the toppings could do with a bit of tweaking to be more flavorful. Would recommend a visit here!",
                "link": "https://www.google.com/maps/reviews/data=!4m8!14m7!1m6!2m5!1sChdDSUhNMG9nS0VJQ0FnSUNUb2J6UG53RRAB!2m1!1s0x0:0x70dfeaf9b6fe8121!3m1!1s2@1:CIHM0ogKEICAgICTobzPnwE%7CCgwI8byTsgYQuNacwAE%7C?hl=en-US",
                "images": [
                    {
                        "thumbnail": "https://lh5.googleusercontent.com/p/AF1QipOJs3d5XQPn0wAuRgQqdX7vid8zuCL0zz7zjhqw=w150-h150-k-no-p"
                    }
                ],
                "date": "6 months ago"
            },
            {
                "username": "Jose Leonardo Albanese",
                "rating": 5,
                "contributor_id": "103651930649255044802",
                "description": "The pizzeria is super practical and open, you can watch how they prepare your pizza in Neapolitan style. The pizza and focaccia are excellent\u2026",
                "link": "https://www.google.com/maps/reviews/data=!4m8!14m7!1m6!2m5!1sChdDSUhNMG9nS0VJQ0FnSURucDdEcXB3RRAB!2m1!1s0x0:0x70dfeaf9b6fe8121!3m1!1s2@1:CIHM0ogKEICAgIDnp7DqpwE%7CCgsIuamhuAYQqLqmSA%7C?hl=en-US",
                "images": [
                    {
                        "thumbnail": "https://lh5.googleusercontent.com/p/AF1QipP58VKrDxoPyajZHeEBe3seVUeemlT4So641WLA=w150-h150-k-no-p"
                    },
                    {
                        "thumbnail": "https://lh5.googleusercontent.com/p/AF1QipNOQbs5hU82wQPjza_vBP017L88jKUXqB9OWibs=w150-h150-k-no-p"
                    }
                ],
                "date": "a month ago"
            },
            {
                "username": "Peter G",
                "rating": 5,
                "contributor_id": "108998455203033467250",
                "description": "Just tried this place and I am very impressed. The pizza was great, far superior to the other Neapolitan style places I've tried in Michigan. Glad we now have some good pizzerias in Ann Arbor. Also a fan of Joe's for New York style but their sauce is a little two sweet for my tastes.",
                "link": "https://www.google.com/maps/reviews/data=!4m8!14m7!1m6!2m5!1sChdDSUhNMG9nS0VJQ0FnSUNYcHN2V3JBRRAB!2m1!1s0x0:0x70dfeaf9b6fe8121!3m1!1s2@1:CIHM0ogKEICAgICXpsvWrAE%7CCgsI3cm8uAYQqIuhQQ%7C?hl=en-US",
                "date": "a month ago"
            }
        ]
    },
    "Services": {
        "dine_in": true,
        "drive_through": true,
        "delivery": true
    }
}