{
    "docid": 180,
    "Title": "Panera Bread",
    "Price": [],
    "Place ID": "ChIJSTjK1yGvPIgRDhymO56oL6M",
    "Type ID": [],
    "Type": [
        "Cafe",
        "Bakery",
        "Breakfast restaurant",
        "Caterer",
        "Coffee shop",
        "Delivery service",
        "Takeout Restaurant",
        "Salad shop",
        "Sandwich shop",
        "Soup restaurant"
    ],
    "Menu": {
        "link": "https://www.panerabread.com/en-us/menu.html?utm_source=google&utm_medium=local&utm_campaign=dpm-dist&utm_term=600876&utm_content=menu",
        "source": "panerabread.com",
        "items": "NEW! Bacon\nDouble Take\n\n@& EGG SANDWICHES\n\n(2) Bacon Double Take\n\nApplewood Smoked Bacon (x2!), Scrambled Egg,\nMelty American & Provolone cheese on Black Pepper Focaccia\n\n540 Cal\n(2 Steak & Wake Limited Time!\n\nMarinated Steak, Scrambled Egg, Melty White Cheddar on Ciabatta\n470 Cal\n\n(2 Sausage CinnaScramble Limited Time!\nSavory Sausage, Scrambled Egg, Melty American Cheese on Cinnamon Roll\n790 Cal\n\nAsiago Sausage & Egg - NewRecipe\n\nSavory Sausage, Scrambled Egg, Melty American Cheese,\nGarlic Aioli Drizzle on Asiago Bagel\n820 Cal\n\nGarden Avo & Egg White *)\n\nScrambled Egg White, Melty White Cheddar, Avocado,\nTomatoes on Multigrain Bagel Flat\n\n340 Cal\n\nChipotle Chicken, Egg & Avo 550cal\n(2 Ham, Egg & Cheese 10 cal\nBacon, Egg & Cheese 430 cal\nSausage, Egg & Cheese 590 cal\n(2% CinnaScramble Limited Time!\n\nScrambled Egg, Melty American Cheese on Cinnamon Roll\n580 Cal\n\nEgg & Cheese ?) 380 cal\n\nChoose your bread 110-270 Cal, try our NEW! Croissant 270 Cal,\nor upgrade to a bagel for an additional cost\n\n2,000 calories a day is used for general nutrition advice, but calorie needs vary.\nAdditional nutritional information available upon request.\nEverything Bagel\nwith Plain Cream\nCheese Spread\n\nPlain Blueberry\n\n280 Cal 290 Cal\n\nEverything Cinnamon Swirl & Raisin\n290 Cal 320 Cal\n\nSesame Cinnamon Crunch\n\n300 Cal 430 Cal\n\nMultigrain Flat Asiago\n\n180 Cal 320 Cal\n\nPlain Cream Honey Walnut Cream\nCheese Spread Cheese Spread\n180 Cal/1.75 oz container Reduced Fat\n110 Cal/1 oz serving, 8 oz tub 140 Cal/1.75 oz container\n80 Cal/1 oz serving, 8 oz tub\n\nBagel\n\nBagel with Cream Cheese Spread 1.75 oz\nBagel Pack: 13 Bagels with 2 tubs of Cream Cheese Spread\nDozen & A Half: 13 Bagels\n\nHalf Dozen: 6 Bagels\n\nBaker\u2019s Dozen: 13 Bagels\n\n1 tub of Cream Cheese Spread 8 oz\n2 tubs of Cream Cheese Spread 8 oz/ea.\n\n2,000 calories a day is used for general nutrition advice, but calorie needs vary.\nAdditional nutritional information available upon request.\nNEW! Garden Avo Aye er 4 PP ae\n\n@) AVOCADO TOAST\n\n(2 Garden Avo })\n\nChunky Avocado Spread, Garlic Aioli Drizzle, Tomato,\nEverything Bagel Seasoning on Country Rustic Sourdough\n\n320 Cal\n\n(2% Classic Avo })\n\nChunky Avocado Spread, Everything Bagel Seasoning\non Country Rustic Sourdough\n\ntins SOUFFLES\n\nSpinach & Bacon 550 cal\nFour Cheese #) 470 cal\n\n@ FEEL GOOD STARTS\n\nSteel Cut Oatmeal #\u00bb >\n\nwith Strawberries, Pecans & Cinnamon Crunch Topping\n370 Cal\n\nGreek Yogurt Parfait #\u00bb\n\nwith Mixed Berries\n250 Cal\n\nFruit Cup d - New Recipe 60 Cal\nApple #80 cal\nBanana (90 cal\n\nBreakfast available until 10:30 AM weekdays/11 AM weekends\n\n2,000 calories a day is used for general nutrition advice, but calorie needs vary.\nAdditional nutritional information available upon request.\n\nNEW! Cranberry\nOrange Slice\n\n\u201c7 BAKERY\n\n(72% Cherry Pastry 340 cal\n\n(2 Almond Pastry 4\u00bb 480 cal\n\n(2) Coconut Macaroon 4190 cai\n(2% Chocolate Macaroon 4190 cai\n(2) Cranberry Orange Slice 360 cai\nArtisan Pastries &\u00bb 410-520 cal\nBrownie 470 cal\n\nOrange Scone 550 cal\n\nMuffins & Muffies 510/340 cal\nCookies 100-820 Cal\n\nBREAKFAST FEASTS\n\nEgg Sandwich Feast\n\nBreakfast for the whole family: includes 4 Egg Sandwiches.\nExclusions Apply.\n\nBaked Goods Feast\n\nIncludes 6 pastries: choose from a Blueberry Muffin, Cinnamon Roll,\nOrange Scone, Chocolate Croissant or Almond Pastry Pe\n\n2,000 calories a day is used for general nutrition advice, but calorie needs vary.\nAdditional nutritional information available upon request.\nNEW! Spicy\nFiesta Chicken -\n\n= HOT SANDWICHES\n\nChoose a FREE SIDE*: Baguette / Chips / Apple\n\nToasted Italiano\n\nBlack Forest Ham, Soppressata, Melty Provolone, Romaine &\nLettuce Blend, Red Onions, Pepperoncini Peppers, Greek Dressing,\nGarlic Aioli Drizzle on French Baguette\n\nYOU PICK 2\u00b0 640 Cal / WHOLE 1280 Cal\nCiabatta Cheesesteak\n\nMarinated Steak, Melty Provolone, Caramelized Onions,\nZesty Sweet Peppers, Garlic Aioli Drizzle on Ciabatta\n\nYOU PICK 2\u00b0 520 Cal / WHOLE 1040 Cal\n(7% Spicy Fiesta Chicken\n\nGrilled Chicken, Creamy Salsa Verde Spread, Melty White Cheddar,\nZesty Sweet Peppers, Roasted Corn, and Cilantro on Ciabatta\n\nYOU PICK 2\u00b0 420 Cal / WHOLE 840 Cal\n\nChicken Bacon Rancher\nYOU PICK 2\u00b0\u00ae 450 Cal / WHOLE 900 Cal\n\nToasted Frontega Chicken\u00ae\nYOU PICK 2\u00b0 390 Cal / WHOLE 790 Cal\n\nChipotle Chicken Avo Melt\nYOU PICK 2\u00b0 460 Cal / WHOLE 920 Cal\n\n(2 Toasted Garden Caprese /)\n\nMelty Mozzarella, Tomatoes, Basil, Romaine & Lettuce Blend,\nBalsamic Vinaigrette, Garlic Aioli Drizzle on Ciabatta\n\nYOU PICK 2\u00b0 440 Cal / WHOLE 890 Cal\n\nSmokehouse BBQ Chicken\nYOU PICK 2\u00b0 370 Cal / WHOLE 730 Cal\n\nGrilled Cheese () - New Recipe\nYOU PICK 2\u00b0 450 Cal / WHOLE 890 Cal\n\n(2%) Kickin\u2019 Grilled Cheese Limited Time! ()\n\nMelty American Cheese, White Cheddar, Creamy Salsa\nVerde Spread on Classic White Miche\nYOU PICK 2\u00b0 420 Cal / WHOLE 840 Cal\n\n2,000 calories a day is used for general nutrition advice, but calorie needs vary.\nAdditional nutritional information available upon request.\nTomato\nBasil BLT\n\n= COLD SANDWICHES\n\nChoose a FREE SIDE\u2019: Baguette | Chips | Apple\n\nGrilled Chicken & Avo BLT\n\nGrilled Chicken, Applewood Smoked Bacon, White Cheddar, Mixed Greens,\nTomatoes, Avocado, Garlic Aioli Drizzle on Country Rustic Sourdough\n\nYOU PICK 2\u00b0 450 Cal / WHOLE 900 Cal\n\nBacon Turkey Bravo - New Recipe\n\nOven Roasted Turkey, Black Forest Ham, Applewood Smoked Bacon, White\nCheddar, Mixed Greens, Tomatoes, Bravo Sauce Drizzle on Tomato Basil Miche\n\nYOU PICK 2\u00b0 430 Cal / WHOLE 870 Cal\nTuna Salad #\n\nYOU PICK 2\u00b0 270 Cal / WHOLE 550 Cal\n\nTurkey & Cheddar\nYOU PICK 2\u00b0 390 Cal / WHOLE 770 Cal\n\nTomato Basil BLT\n\nApplewood Smoked Bacon, Mixed Greens, Tomatoes,\nGarlic Aioli Drizzle on Tomato Basil Miche\n\nYOU PICK 2\u00b0 370 Cal / WHOLE 750 Cal\n\nMediterranean Veggie\nYOU PICK 2\u00b0 250 Cal / WHOLE 490 Cal\n\nIndividual whole cold sandwiches served with a pickle 5 Cal\n\n2,000 calories a day is used for general nutrition advice, but calorie needs vary.\nAdditional nutritional information available upon request.\nMediterranean\nGreens with Grains\n\nw SALADS\n\nChoose a FREE SIDE*: Baguette / Chips / Apple\n\nGreen Goddess Chicken Cobb\nYOU PICK 2\u00b0 260 Cal / WHOLE 510 Cal\n\nMediterranean Chicken Greens with Grains\n\nWhole Grain Blend, Grilled Chicken, Hummus, Feta, Red Onions, Zesty Sweet\nPeppers, Cucumbers, Shawarma Seasoning, Greek Dressing\n\nYOU PICK 2\u00b0 330 Cal / WHOLE 660 Cal\nWithout Chicken d YOU PICK 2\u00b0 270 Cal / WHOLE 540 Cal\n\nSouthwest Chicken Ranch\n\nGrilled Chicken, Avocado, Grape Tomatoes, Roasted Corn, Cilantro, Blue Corn\nTortilla Strips, Ranch Dressing, Chipotle Aioli Drizzle\n\nYOU PICK 2\u00b0 320 Cal / WHOLE 650 Cal\nBalsamic Chicken Greens with Grains\n\nWhole Grain Blend, Grilled Chicken, Cucumbers, Pepperoncini Peppers, Avocado,\nFeta, Pumpkin Seeds, Balsamic Vinaigrette, Green Goddess Dressing Drizzle\n\nYOU PICK 2\u00b0 290 Cal / WHOLE 580 Cal\nWithout Chicken d YOU PICK 2\u00b0 230 Cal / WHOLE 450 Cal\n\nCaesar with Chicken #\nYOU PICK 2\u00b0 270 Cal / WHOLE 540 Cal\nWithout Chicken # YOu PICK 2\u00b0 210 Cal / WHOLE 410 Cal\n\nFuji Apple Chicken &\nYOU PICK 2\u00b0 280 Cal / WHOLE 550 Cal\n\nGreek with Chicken\nYOU PICK 2\u00b0 270 Cal / WHOLE 540 Cal\nWithout Chicken d YOU PICK 2\u00b0 210 Cal / WHOLE 420 Cal\n\nRanch Cobb\n\nGrape Tomatoes, Pickled Red Onions, Feta, Applewood Smoked Bacon,\nHard Boiled Egg, Ranch Dressing\n\nYOU PICK 2\u00b0 230 Cal / WHOLE 470 Cal\n\n2,000 calories a day is used for general nutrition advice, but calorie needs vary.\nAdditional nutritional information available upon request.\nIN SEASON! Autumn Squash\n\n@ SOUPS & MAC\n\nChoose a FREE SIDE\u2018: Baguette | Chips / Apple\n\nBacon Mac & Cheese\nYOU PICK 2\u00b0 530 Cal / BOWL 1060 Cal\n\nMac & Cheese ()\nYOU PICK 2\u00b0 480 Cal / BOWL 960 Cal\n\n(2%) Hearty Fireside Chili\n\nA rich chunky chili with beef, kidney beans, fire roasted tomatoes and green chili\npeppers, simmered in a broth flavored with a blend of chilis, and cilantro\nYOU PICK 2\u00b0 270 Cal / BOWL 400 Cal\n\n(2 Rustic Baked Potato\nYOU PICK 2\u00b0 250 Cal / BOWL 380 Cal\n\nIN SEASON! Autumn Squash\nYOU PICK 2\u00b0 210 Cal / BOWL 330 Cal\n\nCream of Chicken & Wild Rice\nYOU PICK 2\u00b0 190 Cal / BOWL 280 Cal\n\nHomestyle Chicken Noodle\nYOU PICK 2\u00b0 120 Cal / BOWL 180 Cal\n\nBroccoli Cheddar\nYOU PICK 2\u00b0 240 Cal / BOWL 360 Cal\n\nCreamy Tomato /\nYOU PICK 2\u00b0 260 Cal / BOWL 370 Cal\n\nBistro French Onion\nYOU PICK 2\u00b0 190 Cal / BOWL 290 Cal\n\nMake it a Bread Bowl! Upgrade a cup of Soup or Mac\nAdds 670 Cal\n\n2,000 calories a day is used for general nutrition advice, but calorie needs vary.\nAdditional nutritional information available upon request.\n@ DRINKS\n\n(2) Blueberry Lavender Lemonade - naturally Flavored\nREG 20 FL 07 220 Cal / LG 30 FLOZ 330 Cal\n\nAgave Lemonade\nREG 20 FL OZ 210 Cal / LG 30 FL 01 320 Cal\n\nNEW! | Citrus Punch - naturally Flavored\nREG 20 FL OZ 260 Cal / LG 30 FLOZ 390 Cal\n\nPomegranate Hibiscus Tea - naturally Flavored\nREG 20 FL 02 15 Cal / LG 30 FLOZ 25 Cal\n\nPassion Papaya Iced Green Tea - naturally Flavored\nREG 20 FL 02 150 Cal / LG 30 FLOZ 220 Cal\n\nUnsweetened Iced Tea\nREG 20 FL OZ 5 Cal / LG 30 FLOZ 10 Cal\n\nIced Coffee\nREG 20 FL OZ 5 Cal / LG 30 FLOZ 10 Cal\n\nSoft Drinks\nREG 20 FL 02 0-290 Cal / L@ 30 FL 01 0-420 Cal\n\nHOT COFFEE & TEA\n\nHot Coffee\nREG 16 FLOZ O-5 Cal / LG 20 FL 01 0-5 Cal\n\nHot Tea\nREG 16 FLOZ 0 Cal\n\n2,000 calories a day is used for general nutrition advice, but calorie needs vary.\nAdditional nutritional information available upon request.\nO DRINKS\nESPRESSO & CRAFT DRINKS\n\nMadagascar Vanilla Latte\nREG 16 FL0Z 250 Cal / LG 20 FL 01 300 Cal (Iced 280 Cal)\n\nCaramel Latte\nREG 16 FLOZ 330 Cal / L@ 20 FL 02 400 Cal (Iced 360 Cal)\n\nChai Tea Latte\nREG 16 FLOZ 230 Cal / LG 20 FLOZ 280 Cal (Iced 230 Cal)\n\nCaffe Latte\nREG 16 FLOZ 130 Cal / LG 20 FL OZ 160 Cal (Iced 160 Cal)\n\nCappuccino\nREG 16 FL0Z 130 Cal / LG 20 FLOZ 160 Cal\n\nAmericano\nREG 16 FLOZ 5 Cal\n\nEspresso\n2FLO15 Cal\n\nSMOOTHIES & FROZEN DRINKS\n\nTropical Green Smoothie - New Recipe\nREG 16 FL0Z 370 Cal\n\nMango Smoothie with Greek Yogurt\nREG 16 FL0Z 300 Cal\n\nStrawberry Banana Smoothie with Greek Yogurt\nREG 16 FLOZ 250 Cal\n\nStrawberry Smoothie with Greek Yogurt\nREG 16 FLOZ 260 Cal\n\n2,000 calories a day is used for general nutrition advice, but calorie needs vary.\nAdditional nutritional information available upon request.\n"
    },
    "Address": "3205 Washtenaw Ave, Ann Arbor, MI 48104",
    "GPS Coordinates": {
        "latitude": 42.25806,
        "longitude": -83.69720799999999
    },
    "Phone Number": "(734) 677-0400",
    "Rating": 4,
    "Rating Summary": [
        {
            "stars": 1,
            "amount": 96
        },
        {
            "stars": 2,
            "amount": 29
        },
        {
            "stars": 3,
            "amount": 88
        },
        {
            "stars": 4,
            "amount": 225
        },
        {
            "stars": 5,
            "amount": 413
        }
    ],
    "Opening Hours": [
        {
            "friday": "6\u202fAM\u20139\u202fPM"
        },
        {
            "saturday": "6\u202fAM\u20139\u202fPM"
        },
        {
            "sunday": "7\u202fAM\u20139\u202fPM"
        },
        {
            "monday": "6\u202fAM\u20139\u202fPM"
        },
        {
            "tuesday": "6\u202fAM\u20139\u202fPM"
        },
        {
            "wednesday": "6\u202fAM\u20139\u202fPM"
        },
        {
            "thursday": "6\u202fAM\u20139\u202fPM (Thanksgiving)"
        }
    ],
    "Description": "Counter-serve bakery/cafe chain serving sandwiches, salads & more, known for its bread & free WiFi.",
    "Details": [
        {
            "highlights": [
                "Fireplace",
                "Great coffee",
                "Great dessert",
                "Great tea selection"
            ]
        },
        {
            "popular_for": [
                "Breakfast",
                "Lunch",
                "Dinner",
                "Solo dining",
                "Good for working on laptop"
            ]
        },
        {
            "accessibility": [
                "Wheelchair accessible entrance",
                "Wheelchair accessible parking lot",
                "Wheelchair accessible restroom",
                "Wheelchair accessible seating"
            ]
        },
        {
            "offerings": [
                "Coffee",
                "Comfort food",
                "Quick bite",
                "Small plates",
                "Vegan options",
                "Vegetarian options"
            ]
        },
        {
            "dining_options": [
                "Breakfast",
                "Brunch",
                "Lunch",
                "Dinner",
                "Catering",
                "Dessert",
                "Seating"
            ]
        },
        {
            "amenities": [
                "Restroom",
                "Wi-Fi",
                "Free Wi-Fi"
            ]
        },
        {
            "atmosphere": [
                "Casual",
                "Cozy",
                "Trendy"
            ]
        },
        {
            "crowd": [
                "College students",
                "Family-friendly",
                "Groups",
                "Tourists"
            ]
        },
        {
            "payments": [
                "Credit cards",
                "Debit cards",
                "NFC mobile payments"
            ]
        },
        {
            "children": [
                "Good for kids",
                "High chairs",
                "Kids' menu"
            ]
        },
        {
            "parking": [
                "Free parking lot",
                "Free street parking"
            ]
        },
        {
            "pets": [
                "Dogs allowed outside"
            ]
        }
    ],
    "User Reviews": {
        "summary": [
            {
                "snippet": "\"Good service and sandwiches, but iced green tea is really bad.\""
            },
            {
                "snippet": "\"Good breakfast I hope one day they can serve tomato soup in the morning\""
            },
            {
                "snippet": "\"Cleanest salads and best creamy mac & cheese!\""
            }
        ],
        "most_relevant": [
            {
                "username": "Neil Thammavijitdej",
                "rating": 4,
                "contributor_id": "114423031303826254260",
                "description": "In between of Barnes & Noble and Whole Food. Always people walking in and out. Restroom is somewhat clean",
                "link": "https://www.google.com/maps/reviews/data=!4m8!14m7!1m6!2m5!1sChdDSUhNMG9nS0VJQ0FnSUNYaHNIRjhnRRAB!2m1!1s0x0:0xa32fa89e3ba61c0e!3m1!1s2@1:CIHM0ogKEICAgICXhsHF8gE%7CCgwI05e7uAYQsJCYpgI%7C?hl=en-US",
                "images": [
                    {
                        "thumbnail": "https://lh5.googleusercontent.com/p/AF1QipPEyUMus-xcTJK2LOMwxNGRC08imxLW_hQUjZuk=w150-h150-k-no-p"
                    },
                    {
                        "thumbnail": "https://lh5.googleusercontent.com/p/AF1QipPdVngGYNM3uAYZOZDpUmI57kYOyyZ3NFotECYW=w150-h150-k-no-p"
                    },
                    {
                        "thumbnail": "https://lh5.googleusercontent.com/p/AF1QipNGCScq1UdZIwfSzudOe18zwDrB-wnq2ceV6rJJ=w150-h150-k-no-p"
                    },
                    {
                        "thumbnail": "https://lh5.googleusercontent.com/p/AF1QipOXamjopbWQwCCd773ycMH5ubl74gxLXYYwslKr=w150-h150-k-no-p"
                    }
                ],
                "date": "a month ago"
            },
            {
                "username": "ANGEL ROSE",
                "rating": 1,
                "contributor_id": "111623154814004972745",
                "description": "We waited 45 mins for the order just to be told it never came up on their screen so he weary of using the kiosk. Manager said it happens all the time, didn\u2019t offer us a free treat or anything\u2026 the staff was really rude except for one girl who apologized. Just make sure you don\u2019t rely on the beeper and make sure you see your name on their board! Bc you\u2019ll get no sympathy from the manager. Idk if Donald was him or if that\u2019s just who the register was under when the girl took our order.",
                "link": "https://www.google.com/maps/reviews/data=!4m8!14m7!1m6!2m5!1sChZDSUhNMG9nS0VJQ0FnSURuak15ME5BEAE!2m1!1s0x0:0xa32fa89e3ba61c0e!3m1!1s2@1:CIHM0ogKEICAgIDnjMy0NA%7CCgwIwbn7twYQ8JeO5wI%7C?hl=en-US",
                "date": "a month ago"
            },
            {
                "username": "jay hamad",
                "rating": 1,
                "contributor_id": "112124273857973723577",
                "description": "I ordered my bagels last night, got an email saying my order is ready for pick up this morning. When i got there they stated that they didnt have the bagels i requested. They were sold out. WTH why did you send me an email stating its ready. This is the 2nd time this happened. I spoke to a lady named Emily and i ask for the GM name so I can ask to speak to him she said she couldnt give me his name. If you want good customer services and get the food you ordered, please stay away from this place. Very disappointing with the structure of this business. I wish i can give this place a rating lower than 1.",
                "link": "https://www.google.com/maps/reviews/data=!4m8!14m7!1m6!2m5!1sChdDSUhNMG9nS0VJQ0FnSUQ3c00tQXpRRRAB!2m1!1s0x0:0xa32fa89e3ba61c0e!3m1!1s2@1:CIHM0ogKEICAgID7sM-AzQE%7CCgwI6o2StgYQ4IvWmwM%7C?hl=en-US",
                "date": "3 months ago"
            },
            {
                "username": "Lisa Honour",
                "rating": 1,
                "contributor_id": "105631853902204708181",
                "description": "Food doesn\u2019t match description. Burnt bread. Disappointing \u201csandwich\u201d for $14.",
                "link": "https://www.google.com/maps/reviews/data=!4m8!14m7!1m6!2m5!1sChdDSUhNMG9nS0VJQ0FnSUR6OGRUMGp3RRAB!2m1!1s0x0:0xa32fa89e3ba61c0e!3m1!1s2@1:CIHM0ogKEICAgIDz8dT0jwE%7CCgwI_aqeswYQsMiFtwE%7C?hl=en-US",
                "images": [
                    {
                        "thumbnail": "https://lh5.googleusercontent.com/p/AF1QipMiB_EyKJKtTptESQE4qnp2XqiqmokMHtkivk-K=w150-h150-k-no-p"
                    },
                    {
                        "thumbnail": "https://lh5.googleusercontent.com/p/AF1QipMLevYQXqDRwKJVwx3H8WbY2KkGEhuIxHhCWSZN=w150-h150-k-no-p"
                    }
                ],
                "date": "5 months ago"
            },
            {
                "username": "Rashmi Rai",
                "rating": 1,
                "contributor_id": "103513252116015357054",
                "description": "Did a quick little stop to pick up some chicken noodle soup because I wasn\u2019t feeling very well. Only for me me to find out when I came home that they scammed me with just the soup broth with no noodles or the vegetables and if I just needed the broth I could\u2019ve just bought the chicken stock from the store!!!",
                "link": "https://www.google.com/maps/reviews/data=!4m8!14m7!1m6!2m5!1sChZDSUhNMG9nS0VJQ0FnSUNuOXFfN2JnEAE!2m1!1s0x0:0xa32fa89e3ba61c0e!3m1!1s2@1:CIHM0ogKEICAgICn9q_7bg%7CCgwI5tHStwYQyMfxqAM%7C?hl=en-US",
                "date": "a month ago"
            },
            {
                "username": "Vicki Orr",
                "rating": 2,
                "contributor_id": "106188847720357599906",
                "description": "I have gotten the strawberry poppy seed salad three times and every time there was little fruit in it. I mean 4 strawberries 4 blueberries! The price that they charge, there should be more fruit. I go to other Panera bread locations and there is a tone of fruit. Very disappointed.",
                "link": "https://www.google.com/maps/reviews/data=!4m8!14m7!1m6!2m5!1sChdDSUhNMG9nS0VJQ0FnSUR6b2FEdWdnRRAB!2m1!1s0x0:0xa32fa89e3ba61c0e!3m1!1s2@1:CIHM0ogKEICAgIDzoaDuggE%7CCgwI7M6cswYQ4NOV_wI%7C?hl=en-US",
                "date": "5 months ago"
            },
            {
                "username": "Bruce Popejoy",
                "rating": 1,
                "contributor_id": "117597168777128374149",
                "description": "Why do I even bother... went to this location because it was having a fundraiser for my school... second week in a row. Had a simple order, pizza and soda for now...half tuna and soup to go for tomorrow.  Showed the flier, shown in the picture below, and was told I was set.\n\nGot to the back and everything was on a plater once finished and I stated that the sandwich and soup was to go, pizza was going to be ate at the location.  Young lady behind the counter found me annoying but slowly complied with my wished.  I then asked to make sure my school was credited the amount that me, and one of my students behind me, had spent for the fundraiser...I was quickly hit with that was only for orders.  I then showed the flier to the young lady and pointed out it said providing a copy in person was accepted...then was told the manager had to approve it.  The annoyed young lady then said to her coworker what a ****** I was...sorry for expecting things to be done right.  I stopped asking questions as I did not want to appear to be rude, remember I had students in the store.\n\nI went to the table to eat my now cold pizza and have my soda. I had to use napkins and a sanitizer to clean my table. After clearing my table and cleaning it again for the next person, I said goodbye to my students and headed home.\n\nOnce home I deconstructed my sandwich... pictured below.  There was more veggies on the sandwich than tuna.  I am also trying to figure out why it had a slice of bacon as well.\n\nStill not sure if the school will get any proceeds of mine or the students sales as that was never answered.  I work closely with the teacher who was having the fundraiser so I will be sharing this story with her as well.",
                "link": "https://www.google.com/maps/reviews/data=!4m8!14m7!1m6!2m5!1sChZDSUhNMG9nS0VJQ0FnSUNnZ3A2M1FnEAE!2m1!1s0x0:0xa32fa89e3ba61c0e!3m1!1s2@1:CIHM0ogKEICAgICggp63Qg%7CCgwI-bOwowYQsJvAzAM%7C?hl=en-US",
                "images": [
                    {
                        "thumbnail": "https://lh5.googleusercontent.com/p/AF1QipMjo7Dec0VhNp8V-xt_ZlEkuO-sWbsOYdt8XR7a=w150-h150-k-no-p"
                    },
                    {
                        "thumbnail": "https://lh5.googleusercontent.com/p/AF1QipNXaE5fxMD5QRoUiUM9xMwALiAULxS2pmwJB31Q=w150-h150-k-no-p"
                    },
                    {
                        "thumbnail": "https://lh5.googleusercontent.com/p/AF1QipNKP3aktvu8UZKWrISNYEkyQHQHGfeZvM3GGP9U=w150-h150-k-no-p"
                    }
                ],
                "date": "a year ago"
            },
            {
                "username": "Grace Trombley",
                "rating": 1,
                "contributor_id": "109294876856842006705",
                "description": "They forgot both of my sides and the kiosk didn\u2019t have large cups available, despite that being the size that I ordered. So I paid $30 for meals with no sides, no utensils, and the wrong size drink. Didn\u2019t catch it until I was home because I was in a rush. It shouldn\u2019t have happened anyways \ud83e\udd37\ud83c\udffb\u200d\u2640\ufe0f Definitely not worth. Also the picture below is how my bowl came, not even filled up.",
                "link": "https://www.google.com/maps/reviews/data=!4m8!14m7!1m6!2m5!1sChdDSUhNMG9nS0VJQ0FnSURSdUwtU193RRAB!2m1!1s0x0:0xa32fa89e3ba61c0e!3m1!1s2@1:CIHM0ogKEICAgIDRuL-S_wE%7CCgsIytP1oQYQuK7pEg%7C?hl=en-US",
                "images": [
                    {
                        "thumbnail": "https://lh5.googleusercontent.com/p/AF1QipPGmXF4zvzH8Zg67OpwmMrOXurxCXkkP624sTGo=w150-h150-k-no-p"
                    }
                ],
                "date": "a year ago"
            }
        ]
    },
    "Services": {
        "dine_in": true,
        "takeout": true,
        "no_contact_delivery": true
    }
}