{
    "docid": 182,
    "Title": "Cottage Inn Pizza Ann Arbor Packard",
    "Price": [],
    "Place ID": "ChIJW9gy9DeuPIgREn-NRb_nbJY",
    "Type ID": [],
    "Type": [
        "Pizza delivery",
        "Caterer",
        "Italian restaurant",
        "Pizza restaurant",
        "Pizza Takeout",
        "Sandwich shop"
    ],
    "Menu": {
        "link": "https://order.cottageinn.com/?uniqueStoreIdentifier=PACKARD&y_source=1_MTU1NDQzNDAtNzE1LWxvY2F0aW9uLm1lbnVfdXJs#/",
        "source": "order.cottageinn.com",
        "items": "12/1/24, 1:48 PM\n\n@\n\nPIZZA SIDES & DESSERTS\n\nhttps://order.cottageinn.com/?uniqueStoreldentifier=PACKARD#/\n\n7\n\nCottage Inn Pizza Online Order\n\nFeatured Items\n\nChicken Artichoke\n\nOlive oil base, minced\ngarlic, grilled chicken,\nartichoke, spinach,\nshredded Parmesan\ncheese, and Italian\nseasoning.\n\nSALADS CALZONE SUBS &\nLASAGNA\n\ng\n\nSPECIALS\n\n2/18\n12/1/24, 1:48 PM Cottage Inn Pizza Online Order\n\nBuild Your Own Pizza\n\nPlant-Based Build Your Own Pizza\n\nGluten Free Build Your Own Pizza\n\nUltimate Pepperoni\n\nNew Ultimate Pepperoni comes with Gourmet Cheese Blend, Pepperoni, Old World\nPepperoni, and Shredded Parmesan Cheese.\n\nAll Meat\n\nPepperoni, ham, Italian sausage, beef, and bacon.\n\nBLT\n\nNo sauce base, bacon, tomato, lettuce, drizzled with homemade ranch.\n\nhttps://order.cottageinn.com/?uniqueStoreldentifier=PACKARD#/ 3/18\n12/1/24, 1:48 PM\n\nhttps://order.cottageinn.com/?uniqueStoreldentifier=PACKARD#/\n\nCottage Inn Pizza Online Order\n\nBBQ Chicken\n\nSweet Baby Ray's BBQ sauce, grilled chicken, red onion, and bacon, drizzled with\nSweet Baby Ray's BBQ sauce.\n\nChicken Alfredo\n\nAlfredo sauce base, grilled chicken, tomato, and fresh mushrooms.\n\nChicken Artichoke\n\nOlive oil base, minced garlic, grilled chicken, artichoke, spinach, shredded Parmesan\ncheese, and Italian seasoning.\n\nChicken Bacon Ranch\n\nHomemade ranch dressing base, topped with grilled chicken, our gourmet cheese\nblend, and finished with a mouth-watering dose of bacon.\n\nChicken Mediterranean\nGrilled chicken, banana pepper rings, feta cheese, olive oil, and Italian seasoning.\n\nDeluxe\nPepperoni, Italian sausage, red onion, green pepper, and fresh mushrooms.\n\n4/18\n12/1/24, 1:48 PM Cottage Inn Pizza Online Order\n\nGreek\n\nFeta cheese, black olives, banana pepper rings, tomato, red onion, olive oil, and Italian\nseasoning.\n\nHawaiian\nHam, pineapple, and bacon.\n\nHot Honey Chicken\n\nMango Habanero sauce, topped with our gourmet cheese blend, breaded chicken,\nbacon, and finished with a drizzle of Mike's Hot Honey.\n\nMotor City Meatball\n\nMeatballs, pepperoni, Italian sausage, shredded Parmesan cheese, and Italian\nseasoning.\n\nPhilly Steak Supreme\n\nSteak, red onion, green pepper, and sweet red pepper.\n\nPricebuster\n\nPepperoni, ham, Italian sausage, red onion, green pepper, fresh mushrooms, beef,\ngreen and black olives.\n\nhttps://order.cottageinn.com/?uniqueStoreldentifier=PACKARD#/ 5/18\n12/1/24, 1:48 PM\n\nhttps://order.cottageinn.com/?uniqueStoreldentifier=PACKARD#/\n\nCottage Inn Pizza Online Order\n\nRoma Pesto\n\nSun-dried tomato, spinach, tomato, and feta cheese, topped with a swirl of pesto (nut-\nfree).\n\nSmokehouse BBQ\n\nFeatures Sweet Baby Ray's BBQ base sauce, topped with pulled pork, our gourmet\ncheese blend, onions, and bacon.\n\nSpicy Mediterranean\nBanana pepper rings, feta cheese, olive oil, and Italian seasoning.\n\nSpinach Alfredo\n\nAlfredo sauce base, spinach, fresh mushrooms, and tomato.\n\nThe Cuban\n\nCarolina Tangy Gold BBQ sauce base, pulled pork, ham, and bread & butter pickles,\ndrizzled with Carolina Tangy Gold BBQ sauce.\n\nThe Favorite\n\nPepperoni, Italian sausage, fresh mushrooms, shredded Parmesan cheese, and Italian\nseasoning.\n\n6/18\n12/1/24, 1:48 PM Cottage Inn Pizza Online Order\n\nTraditional Vegetarian\nFresh mushrooms, red onion, green pepper, black olives, and tomato.\n\nVegan Supreme\n\nVegan Cheese, Banana Pepper Rings, Mushrooms, Vegan Sausage, and Pizza Sauce\nas the base sauce.\n\nFlavorful Vegetarian\n\nChoose up to five vegetable items topped with feta and shredded Parmesan cheese,\nolive oil, and Italian seasoning\n\nDownload our App Today! Click here Now! (https://engagement.punchh.com/b/cottageinnpizza)\n\nmok\n\n(https://ww (hfe book tanhssegtesiitencdjodttigegenpigza/?\nLocations (https://cottageinn.com/drdet/find-a-location/) Contact Us\n\nPrivacy Policy Terms of Use\n\nCopyright \u00a9 2024. All rights reserved.\n\nPowered by (http://www.speedlinesolutions.com/)\n\nhttps://order.cottageinn.com/?uniqueStoreldentifier=PACKARD#/ TN8\n"
    },
    "Address": "546 Packard St, Ann Arbor, MI 48104",
    "GPS Coordinates": {
        "latitude": 42.2719737,
        "longitude": -83.74213929999999
    },
    "Phone Number": "(734) 769-5555",
    "Rating": 3.9,
    "Rating Summary": [
        {
            "stars": 1,
            "amount": 50
        },
        {
            "stars": 2,
            "amount": 11
        },
        {
            "stars": 3,
            "amount": 14
        },
        {
            "stars": 4,
            "amount": 34
        },
        {
            "stars": 5,
            "amount": 150
        }
    ],
    "Opening Hours": [
        {
            "friday": "10\u202fAM\u20134\u202fAM"
        },
        {
            "saturday": "10\u202fAM\u20134\u202fAM"
        },
        {
            "sunday": "10\u202fAM\u20132\u202fAM"
        },
        {
            "monday": "10\u202fAM\u20132\u202fAM"
        },
        {
            "tuesday": "10\u202fAM\u20132\u202fAM"
        },
        {
            "wednesday": "10\u202fAM\u20132\u202fAM"
        },
        {
            "thursday": "10\u202fAM\u20134\u202fAM (Thanksgiving)"
        }
    ],
    "Description": "Long-running Midwestern chain serving deep-dish & thin-crust pizzas, plus subs, salads & more.",
    "Details": [
        {
            "from_the_business": [
                "Identifies as women-owned"
            ]
        },
        {
            "accessibility": [
                "Wheelchair accessible entrance",
                "Wheelchair accessible parking lot"
            ]
        },
        {
            "payments": [
                "Credit cards",
                "Debit cards",
                "NFC mobile payments"
            ]
        }
    ],
    "User Reviews": {
        "summary": [
            {
                "snippet": "\"Good Pizza , nice people, had to wait a bit.\""
            },
            {
                "snippet": "\"Not to mention the feta bread I had ordered was absolutely delicious.\""
            },
            {
                "snippet": "\"Crust burnt, cheese minimal, definitely not like it used to be.\""
            }
        ],
        "most_relevant": [
            {
                "username": "Louis Diana",
                "rating": 1,
                "contributor_id": "110776759410377484783",
                "description": "I mean, let\u2019s be honest, at its best, it\u2019s corporate mass-produced pizza. My issues are the people that run it. Every orders 15 to 20 minutes late because they just sit around getting high next to all of the food equipment. Photo attached thanks for playing.",
                "link": "https://www.google.com/maps/reviews/data=!4m8!14m7!1m6!2m5!1sChZDSUhNMG9nS0VJQ0FnSURMX3JlaUtBEAE!2m1!1s0x0:0x966ce7bf458d7f12!3m1!1s2@1:CIHM0ogKEICAgIDL_reiKA%7CCgwI6__4swYQ-LWNlQI%7C?hl=en-US",
                "images": [
                    {
                        "thumbnail": "https://lh5.googleusercontent.com/p/AF1QipN270snsHkJpsH28ccn4ERxLgVlle14FKkrk0f8=w150-h150-k-no-p"
                    }
                ],
                "date": "4 months ago"
            },
            {
                "username": "Gary Buttyan",
                "rating": 5,
                "contributor_id": "117203022244753896942",
                "description": "I walked in, ordered my pizza to go (take-out only), 15 minutes later, I walked out the door.  (This was a Thursday evening.  Might be different on the weekend). Pizza was excellent.  I would go back next time I'm in town.",
                "link": "https://www.google.com/maps/reviews/data=!4m8!14m7!1m6!2m5!1sChZDSUhNMG9nS0VJQ0FnSUQ3cHJ2U1JREAE!2m1!1s0x0:0x966ce7bf458d7f12!3m1!1s2@1:CIHM0ogKEICAgID7prvSRQ%7CCgwIieiktgYQwL625QI%7C?hl=en-US",
                "date": "2 months ago"
            },
            {
                "username": "Christopher Van Buren",
                "rating": 5,
                "contributor_id": "100040163676406840891",
                "description": "I ordered a pizza \ud83c\udf55 while at work. I picked it up before closing. The service was excellent, and the pizza was fresh and hot. 5 Stars \ud83c\udf1f",
                "link": "https://www.google.com/maps/reviews/data=!4m8!14m7!1m6!2m5!1sChZDSUhNMG9nS0VJQ0FnSUNuNGJ6akd3EAE!2m1!1s0x0:0x966ce7bf458d7f12!3m1!1s2@1:CIHM0ogKEICAgICn4bzjGw%7CCgsIsf_WtwYQgL3Ieg%7C?hl=en-US",
                "date": "a month ago"
            },
            {
                "username": "Chris Logan",
                "rating": 2,
                "contributor_id": "100936891312373014689",
                "description": "A couple of weeks or so ago I ordered one of the specials that included garlic cream cheese and didn't get it so I called them up and told them and they said that they would send me some when the driver got back I never got it !! And tonight I ordered something at 1:29am which was supposed to be delivered at 2:07an at 2:07am II got an email saying that it was on the way and would be delivered at 2:14am and that my driver was Billy  C but it never came and of course I got no answer from the store because they were closed so I want my 200 reward points back and whatever compensation for making me starve !!!",
                "link": "https://www.google.com/maps/reviews/data=!4m8!14m7!1m6!2m5!1sChdDSUhNMG9nS0VJQ0FnSUNYZ2NtNjJnRRAB!2m1!1s0x0:0x966ce7bf458d7f12!3m1!1s2@1:CIHM0ogKEICAgICXgcm62gE%7CCgwImIfDuAYQ6MbI2AI%7C?hl=en-US",
                "date": "a month ago"
            },
            {
                "username": "Tiffany Henry",
                "rating": 5,
                "contributor_id": "114703771914382719034",
                "description": "Honestly, the BEST pizza I have ever had. The BBQ Chicken will blow your mind!!! 11/10 would drive 2 hours to eat here again.",
                "link": "https://www.google.com/maps/reviews/data=!4m8!14m7!1m6!2m5!1sChZDSUhNMG9nS0VJQ0FnSUNieXZlT0hREAE!2m1!1s0x0:0x966ce7bf458d7f12!3m1!1s2@1:CIHM0ogKEICAgICbyveOHQ%7CCgwIlrSKtQYQgMCurAE%7C?hl=en-US",
                "date": "3 months ago"
            },
            {
                "username": "Jill Loebbaka",
                "rating": 1,
                "contributor_id": "116877762684920940840",
                "description": "I'm not sure why they never have my order lately?! Past few weeks go in and they're like, \"sorry I don't have that order or sorry our system is down\". It's so bad that I'm not gonna go there anymore! Like 4 times! Which sucks cuz I LOVE Cottage Inn and especially because this location is supposed to be open until 4am on U of M campus area",
                "link": "https://www.google.com/maps/reviews/data=!4m8!14m7!1m6!2m5!1sChZDSUhNMG9nS0VJQ0FnSUREc2V6R1pnEAE!2m1!1s0x0:0x966ce7bf458d7f12!3m1!1s2@1:CIHM0ogKEICAgIDDsezGZg%7CCgwIkdrcsAYQkPD0lQI%7C?hl=en-US",
                "date": "7 months ago"
            },
            {
                "username": "Lanika B",
                "rating": 2,
                "contributor_id": "117839506282044902620",
                "description": "I usually don\u2019t leave reviews but the employees here are so rude and petty. Had a problem both times we have ordered. They didn\u2019t even cut our pizza",
                "link": "https://www.google.com/maps/reviews/data=!4m8!14m7!1m6!2m5!1sChZDSUhNMG9nS0VJQ0FnSUNMMUxTSmN3EAE!2m1!1s0x0:0x966ce7bf458d7f12!3m1!1s2@1:CIHM0ogKEICAgICL1LSJcw%7CCgsIsI-3swYQsKOMIA%7C?hl=en-US",
                "date": "5 months ago"
            },
            {
                "username": "Anthony Zahm",
                "rating": 4,
                "contributor_id": "112184337068671832504",
                "description": "Cottage Inn Pizza has always been an American institution. In my opinion. Their pizza and other options are fitted to fit even the most picky eater. With easy to please menu items such as the cinnamon Inn sticks and the ever so lovable Motor City meatball pizza. With much to offer and at affordable prices, is no loss of great quality. This is the pizza choice you want to make.",
                "link": "https://www.google.com/maps/reviews/data=!4m8!14m7!1m6!2m5!1sChdDSUhNMG9nS0VJQ0FnSUMwMUxIaDFnRRAB!2m1!1s0x0:0x966ce7bf458d7f12!3m1!1s2@1:CIHM0ogKEICAgIC01LHh1gE%7CCgwIodn76wUQ6L3hpwI%7C?hl=en-US",
                "images": [
                    {
                        "thumbnail": "https://lh5.googleusercontent.com/p/AF1QipPCLqqu-Ry9r0h0BtMgX1wFzO9MMEnUcxVu_9zh=w150-h150-k-no-p"
                    },
                    {
                        "thumbnail": "https://lh5.googleusercontent.com/p/AF1QipOVhnMYWSR9LMz-zBPvX0hPVK0Fc5zu_7ygevNE=w150-h150-k-no-p"
                    },
                    {
                        "thumbnail": "https://lh5.googleusercontent.com/p/AF1QipOfVN4AYqWfSzG-7ddoxo6zY4QxJu2U4uGnwrTz=w150-h150-k-no-p"
                    }
                ],
                "date": "5 years ago"
            }
        ]
    },
    "Services": {
        "curbside_pickup": true,
        "no_contact_delivery": true,
        "dine_in": false
    }
}