{
    "docid": 184,
    "Title": "Bill's Beer Garden",
    "Price": [],
    "Place ID": "ChIJWZZ75DyuPIgR83ns15nVxaA",
    "Type ID": [],
    "Type": [
        "Beer garden",
        "Bar"
    ],
    "Menu": {
        "link": "https://www.billsbeergarden.com/drink-menu",
        "source": "billsbeergarden.com",
        "items": "12/1/24, 1:49 PM Drink Menu | Bill's Beer Garden\n\nBeer, Wine & Mixed Drinks\nbill's\n\nral0 $. Ashley Street\nfinn Arbor, MI 48104\n\nUpdate\n\nU24 On Tap: 10 | Bottles: 10 | Cans: 6\n\nSEASONAL BEERS\n\nGreat Lakes Christmas Ale\nSpiced Beer - 7.5% - Cleveland, OH\n\n160z Draft $6\n640z Draft $24\n\nDo not open \u2018til Christmas? Whoever coined that phrase obviously hasn't tasted Christmas Ale\u2019s fresh honey, cinnamon,\nand ginger flavors.\n\nSouthern Tier Caramel Pumking\nSpiced Beer - 8.6% - Lakewood, NY\n1202 Draft $7\n\nSmooth, rich, luscious caramel intertwines with cinnamon, nutmeg, and pie crust notes to deliver a chubby little slice of\nPumking heaven oozing with confectionary delight.\n\nLAGER/PILS\nWolverine State Bill's Pils\n\nDileonoar .R10/.. Ann Arhar AMAl\nhttps://www.billsbeergarden.com/drink-menu 1/12\n\n12/1/24, 1:49 PM Drink Menu | Bill's Beer Garden\nTHOUGH JU. 7U AL APUUT, IV\n\n160z Draft $5.50\n640z Draft $22 ee\n\nanagers put their heads together with Wolverine's owner and head brewer to come up with this\nbill's Shable pilsner that you can only find here. Enjoy Bill's Pils\n\nbeer\ngarden\n\n210. Ashley Street\n\nfinn Arbor, MI 48104\n\nKasteel Vonker\n\nQuadrupel - 11.0% - Ingelmunster, Belgium\n160z Can $8\n\nThis Belgian Strong ale is a rusty brown color and exhibits heavy aromas of fruits, including figs and dark cherries.\n\nWHEAT/BLONDE\n\nWeihenstephaner Hefeweissbier\nGerman Hefeweizen - 5.4% - Freising, Germany\n\n160z Draft $7\n640z Draft $28\n\nOur amber wheat beer, with its fine-poured white foam, smells of cloves and impresses consumers with its refreshing\nbanana flavor.\n\nIPA/PALE ALE\n\nBell's Hopslam\nDouble IPA - 10.0% - Comstock, MI\n160z Draft $8\n\nhttps://www.billsbeergarden.com/drink-menu 2/12\n12/1/24, 1:49 PM ; 7 Drink Menu | Bill's Beer Garden\nStarting with six different hop varietals added to the brew kettle & culminating with a massive dry-hop addition of\nSimcoe hops, Bell's Hopslam\u00ae Ale possesses the most complex hopping schedule in the Bell's repertoire...\n\nQ.\n>\ncD\n\ngarden\n\n210 $. Ashley Street\n\nDae entennial hops from the Pacific Northwest and named after the Two Hearted River in Michigan\u2019s\nUpper Peninsula, this IPA is bursting with hop aromas ranging from pine to grapefruit.\n\nBurn \u2018Em Hipster Juicebag\nNE/Hazy IPA - 6.5% - Michigan City, IN\n\n160z Draft $7.50\n640z Draft $30\n\nNew England style IPA brewed with Citra and Idaho? hops and triple dryhopped with Mosaic, Idaho/, Citra, and Lemondrop\nHops\n\nStone Delicious Citrus Ipa\nIPA - 7.7% - Escondido, CA\n120z Can $6\n\nExtra citrusy, extra juicy and extra Delicious. Gluten Reduced\n\nSOUR/GOSE\n\nMothfire Sunburst Mist\nBerliner Weisse - 5.0% - Ann Arbor, MI\n1202 Draft $8\n\nhttps://www.billsbeergarden.com/drink-menu 3/12\n12/1/24, 1:49 PM Drink Menu | Bill's Beer Garden\n\nBerliner Weisse sour with Mango & Strawberry pur\u00e9e + lemon zest\n\ngarden ) offer nuances of sweet fruit & a sharp tang of tartness, this exhilarating combinations of flavors\n210. Ashley Street onkey all it\u2019s own.\n\nfinn Arbor, MI 48104\n\nCIDER\n\nArtifact Feels Like Home\nDry Cider - 5.7% - Florence, MA\n\n160z Draft $7\n640z Draft $28\n\nFeels like home is fermented on rum soaked oak chips & blended w/ fresh unfiltered juice.\n\nSPECIALTY\n\nNew Holland The Dutch Taller\nLong Drink - 6.0% - Holland, MI\n1202 Can $6\n\nCarbonated gin drink made with grapefruit soda. Citrus notes and balanced juniper aroma.\n\nThe Finnish Long Drink Peach\nCocktail - 5.5% - Utica, NY\n120z Can $6\n\na 1 fn 1 oe . 1 on a\n\nhttps://www.billsbeergarden.com/drink-menu 4/12\n12/1/24, 1:49 PM Drink Menu | Bill's Beer Garden\nGin with natural Peach and Juniper berry tlavors & Carbonation.\n\nSELTZER\n\nda Seltzer Blackberry Agave\n\neae - Waunakee, WI\n\ngarden\n\nAlan Arbor. mi 48104 kberry summer seltzer\n\nFLIGHTS\nMike's Flights\n\n$18\nFour 8 oz Pours of any DRAFT beer!\n\nNON ALCOHOLIC BEER\n\nGreat Central Ted Segers\nNon-Alcoholic - 0.33% - Chicago, IL\n1202 Can $5.50\n\nUnleaded Regal Brew Lager\n\nCOCKTAILS\nDark & Stormy\n$10\n\nhttps://www.billsbeergarden.com/drink-menu 5/12\n12/1/24, 1:49 PM\n\nDrink Menu | Bill's Beer Garden\n\nHOT: Gliihwein Mulled Wine\nGlass $10\n\nand German! Served with a cinnamon stick.\n\nbill's\n\nbeer\ngarden\n\n210. Ashley Street\nfinn Arbor, MI 48104\nU 5 4 4\n\nd Irish with whipped cream on top!\n\nHOT: Mulled Hot Cider\nGlass $10\n\nHot home-made apple cider with a generous shot of spiced rum, served with a cinnamon stick.\n\nMoscow Mule\n\n$10\n\nOld Fashioned\n$10\n\nRotating Gin and Tonic\nGlass $10\n\nA refreshing summer classic with a twist - we rotate cool gins to keep you on your toes!\n\nRED WINE\n\nParducci Pinot Noir\n\nn fo tare anrni pnbee og ma\n\nhttps://www.billsbeergarden.com/drink-menu\n\n6/12\n12/1/24, 1:49 PM Drink Menu | Bill's Beer Garden\nKEd WINE: 15.0% \u00ab UKIaN, LA _\n\nGlass $7\nBottle $32\n\nBlend Pinot Noir offers aromas of juicy, ripe raspberries and strawberries.\nbill's\nbeer ca\n\ngarden uscany, Italy\n\n210. Ashley Street\nfinn Arbor, MI 48104\n\nBottle $35\n\nA red blend with fresh notes of plums, cherry, rose & spice. Soft & elegant with savory minerality.\n\nROSE WINE\n\nChateau Ste. Michelle Ros\u00e9\nRos\u00e9 - 12.5% - Columbia Valley, WA\n\n5oz Glass $8\nBottle $35\n\nA dry elegant style ros\u00e9 with a beautiful light pale pink color. The fresh and lively wine offers bright aromas of\nwatermelon and raspberry with flavors of wild strawberry, citrus zest and hints of melon...\n\nWHITE WINE\n\nCaposaldo Pinot Grigio\nPinot Grigio - 12.5% - Italy\n50z Glass $8\n\nBottle $35\n\nFeatures a dry, crisp, vibrant texture and delicate aromas of white fruit, flowers and almonds.\n\nhttps://www.billsbeergarden.com/drink-menu TN2\n12/1/24, 1:49 PM Drink Menu | Bill's Beer Garden\n\nKendall-Jackson Vintners Reserve Chardonnay\n\nChardonnay - 13.5% - Santa Rosa, CA ae\npe\na\nbill's\nbeer , barrel-fermented wine offers light, toasted oak aromas, attractive baked apple flavors and accents\n\ngarden\n\n210. Ashley Street\n\nfinn Arbor, MI 48104\n\nKono Sauvignon Blanc\n\nSauvignon Blanc - 13.0% - Marlborough, New Zealand\n\n5oz Glass $8\nBottle $35\n\nNotes of northern gooseberries, crushed white peaches, pomelo flesh, chalky minerals, fresh lime rind, Key lime pie,\nGranny Smith apples and some gardenia floral character.\n\nNON-ALCOHOLIC DRINKS\n\nApple Juice\n\n$1\n\nGinger Beer\n\n$3\n\nRed Bull\n\n$4\n\nRootbeer\n\nhttps://www.billsbeergarden.com/drink-menu 8/12\n"
    },
    "Address": "218 S Ashley St, Ann Arbor, MI 48104",
    "GPS Coordinates": {
        "latitude": 42.2797607,
        "longitude": -83.75024309999999
    },
    "Phone Number": "(734) 369-8001",
    "Rating": 4.7,
    "Rating Summary": [
        {
            "stars": 1,
            "amount": 3
        },
        {
            "stars": 2,
            "amount": 8
        },
        {
            "stars": 3,
            "amount": 19
        },
        {
            "stars": 4,
            "amount": 130
        },
        {
            "stars": 5,
            "amount": 489
        }
    ],
    "Opening Hours": [],
    "Description": "Seasonal beer courtyard features local craft brews & wine in the evenings with picnic table seating.",
    "Details": [
        {
            "highlights": [
                "Bar games",
                "Fast service",
                "Fireplace"
            ]
        },
        {
            "accessibility": [
                "Wheelchair accessible entrance",
                "Wheelchair accessible restroom",
                "Wheelchair accessible seating"
            ]
        },
        {
            "offerings": [
                "Alcohol",
                "Beer",
                "Cocktails",
                "Coffee",
                "Hard liquor",
                "Wine"
            ]
        },
        {
            "dining_options": [
                "Outside food allowed",
                "Seating"
            ]
        },
        {
            "amenities": [
                "Bar onsite",
                "Restroom",
                "Wi-Fi",
                "Free Wi-Fi"
            ]
        },
        {
            "atmosphere": [
                "Casual",
                "Trending",
                "Trendy"
            ]
        },
        {
            "crowd": [
                "College students",
                "Family-friendly",
                "Groups",
                "LGBTQ+ friendly",
                "Tourists"
            ]
        },
        {
            "payments": [
                "Credit cards",
                "Debit cards",
                "NFC mobile payments"
            ]
        },
        {
            "children": [
                "Good for kids",
                "Has changing table(s)"
            ]
        },
        {
            "pets": [
                "Dogs allowed"
            ]
        }
    ],
    "User Reviews": {
        "summary": [
            {
                "snippet": "\"Place gets packed, so getting a spot to sit for a bigger group can be tough.\""
            },
            {
                "snippet": "\"The staff are always super friendly and the margaritas just can\u2019t be beat!\""
            },
            {
                "snippet": "\"Unbeatable people watching and atmosphere.\""
            }
        ],
        "most_relevant": [
            {
                "username": "Emma Correia",
                "rating": 4,
                "contributor_id": "114911501806286339397",
                "description": "A very popular location, good luck getting a seat if you arrive later in the night. They move the line for drinks along incredibly fast, don't be intimidated. Prices are quite reasonable for a nice draft beer. Young and energetic scene but some of everything in the crowd. Good beer, make some friends due to close proximity.",
                "link": "https://www.google.com/maps/reviews/data=!4m8!14m7!1m6!2m5!1sChZDSUhNMG9nS0VJQ0FnSUNIa0k2cWZBEAE!2m1!1s0x0:0xa0c5d599d7ec79f3!3m1!1s2@1:CIHM0ogKEICAgICHkI6qfA%7CCgwIwezJtgYQ6MPV0QM%7C?hl=en-US",
                "images": [
                    {
                        "thumbnail": "https://lh5.googleusercontent.com/p/AF1QipPhZnBaOGQkbomZbsWS-LbgB8FNcBCfGZSQTdxt=w150-h150-k-no-p"
                    }
                ],
                "date": "2 months ago"
            },
            {
                "username": "Gerson Balza",
                "rating": 5,
                "contributor_id": "107222384348065849291",
                "description": "Awesome beer garden in Ann Arbor. They didn\u2019t have food, but you can take anything there. The beer selection was good as well as cocktails.",
                "link": "https://www.google.com/maps/reviews/data=!4m8!14m7!1m6!2m5!1sChdDSUhNMG9nS0VJQ0FnSUQ3bWNUWXpBRRAB!2m1!1s0x0:0xa0c5d599d7ec79f3!3m1!1s2@1:CIHM0ogKEICAgID7mcTYzAE%7CCgwIuM2utgYQ-PyilAI%7C?hl=en-US",
                "images": [
                    {
                        "thumbnail": "https://lh5.googleusercontent.com/p/AF1QipPpZDeOEuXOhoVA5tCbchb3dL3s2vhBfwbMPrcf=w150-h150-k-no-p"
                    },
                    {
                        "thumbnail": "https://lh5.googleusercontent.com/p/AF1QipOcM6itPRYpVqIKsVsOiOvV7a1xGkzfHNF6ytzC=w150-h150-k-no-p"
                    },
                    {
                        "thumbnail": "https://lh5.googleusercontent.com/p/AF1QipNuMXrOVlwgM6TnXwSXlftdzk4jkn6Hnd_1ORjD=w150-h150-k-no-p"
                    },
                    {
                        "thumbnail": "https://lh5.googleusercontent.com/p/AF1QipM-VEzpBOF_IuZE7KarFylOrkgV6NkvZmjxoUuI=w150-h150-k-no-p"
                    }
                ],
                "date": "2 months ago"
            },
            {
                "username": "Wendy Smigielski",
                "rating": 5,
                "contributor_id": "102334395040130770509",
                "description": "My first time there, October 50's outside, they have warming areas so it was very comfortable sitting outside. The staff was amazing!! So nice!! They made the experience! \ud83d\udc4d\ud83c\udffc Oh and the free donut with hot cider",
                "link": "https://www.google.com/maps/reviews/data=!4m8!14m7!1m6!2m5!1sChdDSUhNMG9nS0VJQ0FnSUNGeGVxRmx3RRAB!2m1!1s0x0:0xa0c5d599d7ec79f3!3m1!1s2@1:CIHM0ogKEICAgICFxeqFlwE%7CCgwI5Zb7qQYQwKGnjwE%7C?hl=en-US",
                "images": [
                    {
                        "thumbnail": "https://lh5.googleusercontent.com/p/AF1QipPLniZIqZMHNRGrXZ8wr9oK1Wlaq_5EmXcPMBZW=w150-h150-k-no-p"
                    },
                    {
                        "thumbnail": "https://lh5.googleusercontent.com/p/AF1QipPJzpNxGfxxorTcFIrdfJlWbd9ITRD3t5IrV42P=w150-h150-k-no-p"
                    },
                    {
                        "thumbnail": "https://lh5.googleusercontent.com/p/AF1QipO7bAbVjNTJICsRiBmM0g9t3O-I3spnaZlAwO_E=w150-h150-k-no-p"
                    },
                    {
                        "thumbnail": "https://lh5.googleusercontent.com/p/AF1QipOr4XHwRt-I1TKjpBod5PBYjqBajtbv6nvWUGQG=w150-h150-k-no-p"
                    },
                    {
                        "thumbnail": "https://lh5.googleusercontent.com/p/AF1QipNDyrtI1QQDA6PKSSnqyEqdcLUUmcL0OEsuM66c=w150-h150-k-no-p"
                    },
                    {
                        "thumbnail": "https://lh5.googleusercontent.com/p/AF1QipNFTB-4mSzljc_TA3CX0Oa88mYHSR4jKun1WqzJ=w150-h150-k-no-p"
                    },
                    {
                        "thumbnail": "https://lh5.googleusercontent.com/p/AF1QipMmBAMeyIeIN6L7LeRFYABlx0HLXB4OJ0ukdiIm=w150-h150-k-no-p"
                    }
                ],
                "date": "a year ago"
            },
            {
                "username": "Ellice Clark",
                "rating": 5,
                "contributor_id": "105990339859370077889",
                "description": "Best bar in Ann Arbor! Amazing rotating selection of local craft beer",
                "link": "https://www.google.com/maps/reviews/data=!4m8!14m7!1m6!2m5!1sChZDSUhNMG9nS0VJQ0FnSUNYdzgzTEJ3EAE!2m1!1s0x0:0xa0c5d599d7ec79f3!3m1!1s2@1:CIHM0ogKEICAgICXw83LBw%7CCgwI4ITRuAYQ0LWM0wI%7C?hl=en-US",
                "images": [
                    {
                        "thumbnail": "https://lh5.googleusercontent.com/p/AF1QipNG3BOgTYCR2MQXzrjnUFj-EyHsgopZgKaDgxtj=w150-h150-k-no-p"
                    }
                ],
                "date": "a month ago"
            },
            {
                "username": "Amy",
                "rating": 5,
                "contributor_id": "100630121857528530153",
                "description": "Outdoor beer garden, bring your own food in, great atmosphere. Always a line to get in or to get a drink most days. Picnic table seating, huge selection of beers, seltzers and cocktails. Heat lamps as the weather starts to get cold at night. Always take out of town visitors here.",
                "link": "https://www.google.com/maps/reviews/data=!4m8!14m7!1m6!2m5!1sChdDSUhNMG9nS0VJQ0FnSUNydjdfVDBnRRAB!2m1!1s0x0:0xa0c5d599d7ec79f3!3m1!1s2@1:CIHM0ogKEICAgICrv7_T0gE%7CCgsI-YjFtAYQkLrmeQ%7C?hl=en-US",
                "date": "4 months ago"
            },
            {
                "username": "L.N. Hitsman",
                "rating": 5,
                "contributor_id": "111980434138534378166",
                "description": "We went here for the first time last weekend, and we loved it. Great beer selection, friendly staff, wonderful atmosphere, and  the perfect spot for a hot day.\n\nWalking through a cool mist with beers in hand, right before you find a place to sit, was welcomed on a 90+ degree day.(I went on Amazon and bought this amazing misting hose attachment while we sat and drank our beers. Message me if you want the product details)\n\nYou can rent games such as chess, checkers, Jenga, etc. And set up shop at a picnic table with friends.\n\nHighly recommend!",
                "link": "https://www.google.com/maps/reviews/data=!4m8!14m7!1m6!2m5!1sChdDSUhNMG9nS0VJQ0FnSUNROWJiMzRBRRAB!2m1!1s0x0:0xa0c5d599d7ec79f3!3m1!1s2@1:CIHM0ogKEICAgICQ9bb34AE%7CCgwIiu2A2gUQgMXh0gE%7C?hl=en-US",
                "images": [
                    {
                        "thumbnail": "https://lh5.googleusercontent.com/p/AF1QipMf3hJvOiaQ7tkRg3twtRpJHdkQj0hc0tCcC6C-=w150-h150-k-no-p"
                    },
                    {
                        "thumbnail": "https://lh5.googleusercontent.com/p/AF1QipNramVCPbp3eHvVeMoY-A7CQxyn5_iCZ6skTRem=w150-h150-k-no-p"
                    }
                ],
                "date": "6 years ago"
            },
            {
                "username": "Sport Mom",
                "rating": 4,
                "contributor_id": "104851335979632387902",
                "description": "A great outdoor patio area. Picnic tables with solo stoves. A fun time on a Summer evening! The Raspy Cat is my favorite beer on tap. Also, bc it\u2019s outdoors it is animal friendly. There would be 5 stars if this place had an indoor area so it could be open all year.",
                "link": "https://www.google.com/maps/reviews/data=!4m8!14m7!1m6!2m5!1sChZDSUhNMG9nS0VJQ0FnSURCbzlqb0dREAE!2m1!1s0x0:0xa0c5d599d7ec79f3!3m1!1s2@1:CIHM0ogKEICAgIDBo9joGQ%7CCgsI-JreoAYQ0IauRQ%7C?hl=en-US",
                "images": [
                    {
                        "thumbnail": "https://lh5.googleusercontent.com/p/AF1QipOL-LzEXPNKvkPIua1cmTSlnC9Lv-eIPhXnLJMJ=w150-h150-k-no-p"
                    }
                ],
                "date": "a year ago"
            },
            {
                "username": "Vikram Bala",
                "rating": 5,
                "contributor_id": "118263460813448768909",
                "description": "The atmosphere is phenomenal and there are so many choices for drinks... And there are so many unique ones too!! I had a lot of fun here - it's the perfect place for a nice summer evening. Pro tip: bring some cards / games to play; it'll greatly enhance your experience!! My only wish is that they had food options, maybe some light appetizers??",
                "link": "https://www.google.com/maps/reviews/data=!4m8!14m7!1m6!2m5!1sChdDSUhNMG9nS0VJQ0FnSURqMk9INWpRRRAB!2m1!1s0x0:0xa0c5d599d7ec79f3!3m1!1s2@1:CIHM0ogKEICAgIDj2OH5jQE%7CCgsIi6-8sQYQ0IKEDg%7C?hl=en-US",
                "date": "6 months ago"
            }
        ]
    },
    "Services": {
        "outdoor_seating": true,
        "dine_in": true,
        "delivery": false
    }
}