{
    "docid": 185,
    "Title": "Cottage Inn Pizza Ann Arbor Stadium",
    "Price": [],
    "Place ID": "ChIJy47UdsaxPIgRkX1EOBoC67c",
    "Type ID": [],
    "Type": [
        "Pizza delivery",
        "Caterer",
        "Italian restaurant",
        "Pizza restaurant",
        "Pizza Takeout",
        "Sandwich shop"
    ],
    "Menu": {
        "link": "https://order.cottageinn.com/?uniqueStoreIdentifier=STADIUM&y_source=1_MTU1NDQzMzgtNzE1LWxvY2F0aW9uLm1lbnVfdXJs#/",
        "source": "order.cottageinn.com",
        "items": "12/1/24, 1:48 PM\n\n@\n\nPIZZA SIDES & DESSERTS\n\nhttps://order.cottageinn.com/?uniqueStoreldentifier=PACKARD#/\n\n7\n\nCottage Inn Pizza Online Order\n\nFeatured Items\n\nChicken Artichoke\n\nOlive oil base, minced\ngarlic, grilled chicken,\nartichoke, spinach,\nshredded Parmesan\ncheese, and Italian\nseasoning.\n\nSALADS CALZONE SUBS &\nLASAGNA\n\ng\n\nSPECIALS\n\n2/18\n12/1/24, 1:48 PM Cottage Inn Pizza Online Order\n\nBuild Your Own Pizza\n\nPlant-Based Build Your Own Pizza\n\nGluten Free Build Your Own Pizza\n\nUltimate Pepperoni\n\nNew Ultimate Pepperoni comes with Gourmet Cheese Blend, Pepperoni, Old World\nPepperoni, and Shredded Parmesan Cheese.\n\nAll Meat\n\nPepperoni, ham, Italian sausage, beef, and bacon.\n\nBLT\n\nNo sauce base, bacon, tomato, lettuce, drizzled with homemade ranch.\n\nhttps://order.cottageinn.com/?uniqueStoreldentifier=PACKARD#/ 3/18\n12/1/24, 1:48 PM\n\nhttps://order.cottageinn.com/?uniqueStoreldentifier=PACKARD#/\n\nCottage Inn Pizza Online Order\n\nBBQ Chicken\n\nSweet Baby Ray's BBQ sauce, grilled chicken, red onion, and bacon, drizzled with\nSweet Baby Ray's BBQ sauce.\n\nChicken Alfredo\n\nAlfredo sauce base, grilled chicken, tomato, and fresh mushrooms.\n\nChicken Artichoke\n\nOlive oil base, minced garlic, grilled chicken, artichoke, spinach, shredded Parmesan\ncheese, and Italian seasoning.\n\nChicken Bacon Ranch\n\nHomemade ranch dressing base, topped with grilled chicken, our gourmet cheese\nblend, and finished with a mouth-watering dose of bacon.\n\nChicken Mediterranean\nGrilled chicken, banana pepper rings, feta cheese, olive oil, and Italian seasoning.\n\nDeluxe\nPepperoni, Italian sausage, red onion, green pepper, and fresh mushrooms.\n\n4/18\n12/1/24, 1:48 PM Cottage Inn Pizza Online Order\n\nGreek\n\nFeta cheese, black olives, banana pepper rings, tomato, red onion, olive oil, and Italian\nseasoning.\n\nHawaiian\nHam, pineapple, and bacon.\n\nHot Honey Chicken\n\nMango Habanero sauce, topped with our gourmet cheese blend, breaded chicken,\nbacon, and finished with a drizzle of Mike's Hot Honey.\n\nMotor City Meatball\n\nMeatballs, pepperoni, Italian sausage, shredded Parmesan cheese, and Italian\nseasoning.\n\nPhilly Steak Supreme\n\nSteak, red onion, green pepper, and sweet red pepper.\n\nPricebuster\n\nPepperoni, ham, Italian sausage, red onion, green pepper, fresh mushrooms, beef,\ngreen and black olives.\n\nhttps://order.cottageinn.com/?uniqueStoreldentifier=PACKARD#/ 5/18\n12/1/24, 1:48 PM\n\nhttps://order.cottageinn.com/?uniqueStoreldentifier=PACKARD#/\n\nCottage Inn Pizza Online Order\n\nRoma Pesto\n\nSun-dried tomato, spinach, tomato, and feta cheese, topped with a swirl of pesto (nut-\nfree).\n\nSmokehouse BBQ\n\nFeatures Sweet Baby Ray's BBQ base sauce, topped with pulled pork, our gourmet\ncheese blend, onions, and bacon.\n\nSpicy Mediterranean\nBanana pepper rings, feta cheese, olive oil, and Italian seasoning.\n\nSpinach Alfredo\n\nAlfredo sauce base, spinach, fresh mushrooms, and tomato.\n\nThe Cuban\n\nCarolina Tangy Gold BBQ sauce base, pulled pork, ham, and bread & butter pickles,\ndrizzled with Carolina Tangy Gold BBQ sauce.\n\nThe Favorite\n\nPepperoni, Italian sausage, fresh mushrooms, shredded Parmesan cheese, and Italian\nseasoning.\n\n6/18\n12/1/24, 1:48 PM Cottage Inn Pizza Online Order\n\nTraditional Vegetarian\nFresh mushrooms, red onion, green pepper, black olives, and tomato.\n\nVegan Supreme\n\nVegan Cheese, Banana Pepper Rings, Mushrooms, Vegan Sausage, and Pizza Sauce\nas the base sauce.\n\nFlavorful Vegetarian\n\nChoose up to five vegetable items topped with feta and shredded Parmesan cheese,\nolive oil, and Italian seasoning\n\nDownload our App Today! Click here Now! (https://engagement.punchh.com/b/cottageinnpizza)\n\nmok\n\n(https://ww (hfe book tanhssegtesiitencdjodttigegenpigza/?\nLocations (https://cottageinn.com/drdet/find-a-location/) Contact Us\n\nPrivacy Policy Terms of Use\n\nCopyright \u00a9 2024. All rights reserved.\n\nPowered by (http://www.speedlinesolutions.com/)\n\nhttps://order.cottageinn.com/?uniqueStoreldentifier=PACKARD#/ TN8\n"
    },
    "Address": "2301 W Stadium Blvd, Ann Arbor, MI 48103",
    "GPS Coordinates": {
        "latitude": 42.276077799999996,
        "longitude": -83.77827549999999
    },
    "Phone Number": "(734) 663-2822",
    "Rating": 4,
    "Rating Summary": [
        {
            "stars": 1,
            "amount": 48
        },
        {
            "stars": 2,
            "amount": 14
        },
        {
            "stars": 3,
            "amount": 30
        },
        {
            "stars": 4,
            "amount": 68
        },
        {
            "stars": 5,
            "amount": 199
        }
    ],
    "Opening Hours": [
        {
            "friday": "10\u202fAM\u20131\u202fAM"
        },
        {
            "saturday": "10\u202fAM\u20131\u202fAM"
        },
        {
            "sunday": "10\u202fAM\u201312\u202fAM"
        },
        {
            "monday": "10\u202fAM\u201312\u202fAM"
        },
        {
            "tuesday": "10\u202fAM\u201312\u202fAM"
        },
        {
            "wednesday": "10\u202fAM\u201312\u202fAM"
        },
        {
            "thursday": "10\u202fAM\u201312\u202fAM (Thanksgiving)"
        }
    ],
    "Description": "Long-running Midwestern chain serving deep-dish & thin-crust pizzas, plus subs, salads & more.",
    "Details": [
        {
            "accessibility": [
                "Wheelchair accessible entrance",
                "Wheelchair accessible parking lot",
                "Wheelchair accessible restroom",
                "Wheelchair accessible seating"
            ]
        },
        {
            "payments": [
                "Credit cards",
                "Debit cards",
                "NFC mobile payments"
            ]
        },
        {
            "parking": [
                "Free parking lot",
                "Free street parking"
            ]
        }
    ],
    "User Reviews": {
        "summary": [
            {
                "snippet": "\"A local pizza legend, everything from deep dish, standard round, sides and more.\""
            },
            {
                "snippet": "\"Hire better employees and offer the service I expect for a 23$ pizza!\""
            },
            {
                "snippet": "\"Loving the $7 meal deal staff super friendly and the pizza is always great\""
            }
        ],
        "most_relevant": [
            {
                "username": "Lizzie Shorter",
                "rating": 3,
                "contributor_id": "105440262243661824077",
                "description": "Getting it hot and dining in was the best choice. We spent roughly $38 and some change on cheese bread and a half and half pizza which was traditional pep and supreme w/o mushroom. The cheese bread was so stringy and was ok, not as flavorful as it could have been. The pizza was decent, the traditional pep was good and recommended.  As you chewed/ate more of a slice, it was as though the pizza wasn't cooked all the way, like borderline doughy.",
                "link": "https://www.google.com/maps/reviews/data=!4m8!14m7!1m6!2m5!1sChZDSUhNMG9nS0VJQ0FnSUNqeHFxY0xnEAE!2m1!1s0x0:0xb7eb021a38447d91!3m1!1s2@1:CIHM0ogKEICAgICjxqqcLg%7CCgsI-dCQsQYQ6LzLbA%7C?hl=en-US",
                "images": [
                    {
                        "thumbnail": "https://lh5.googleusercontent.com/p/AF1QipOgg2QAy-jzbE_idQTI8L7uFK9Go8IozJANfVFj=w150-h150-k-no-p"
                    },
                    {
                        "thumbnail": "https://lh5.googleusercontent.com/p/AF1QipOXpHsESlXNUAJEsf5vNGTvEztUJiUngBj3zlb6=w150-h150-k-no-p"
                    },
                    {
                        "thumbnail": "https://lh5.googleusercontent.com/p/AF1QipMu1XXwCO2llAHrnCJmQSv1z2QUHtH02G5RFJ5T=w150-h150-k-no-p"
                    },
                    {
                        "thumbnail": "https://lh5.googleusercontent.com/p/AF1QipMZ8ELSCm7SGeWQM-mxjqGpInI7Rm7Nn4Acigpd=w150-h150-k-no-p"
                    },
                    {
                        "thumbnail": "https://lh5.googleusercontent.com/p/AF1QipP8Ax-h0jxpCkZIfN6U8epZzqDVbbbZ7FnVxspT=w150-h150-k-no-p"
                    },
                    {
                        "thumbnail": "https://lh5.googleusercontent.com/p/AF1QipOKCK_dWZEEPGYKdV6IpYT3qoj_3k5yf0vqBiKD=w150-h150-k-no-p"
                    },
                    {
                        "thumbnail": "https://lh5.googleusercontent.com/p/AF1QipPLiIGh1ldmwRsc-ViUhLf3ZZp9Kty7U93WSFW6=w150-h150-k-no-p"
                    }
                ],
                "date": "7 months ago"
            },
            {
                "username": "Jason Hanson",
                "rating": 5,
                "contributor_id": "116565960079747412310",
                "description": "Good Greek salad came back few days later and ordered it again. They used to add carrots and cucumbers but that was in 1997. And they use Romaine lettuce now not iceberg",
                "link": "https://www.google.com/maps/reviews/data=!4m8!14m7!1m6!2m5!1sChZDSUhNMG9nS0VJQ0FnSUQ5anB1RUF3EAE!2m1!1s0x0:0xb7eb021a38447d91!3m1!1s2@1:CIHM0ogKEICAgID9jpuEAw%7CCgsI0pXirwYQoNikQQ%7C?hl=en-US",
                "images": [
                    {
                        "thumbnail": "https://lh5.googleusercontent.com/p/AF1QipPowG1YeHW0DDi2pdl7G_r0UOKq00FPSFzMnBN4=w150-h150-k-no-p"
                    },
                    {
                        "thumbnail": "https://lh5.googleusercontent.com/p/AF1QipP_oMdpn6gGyUDKnV1HX_lP4hlo8LtAsBIYBNIC=w150-h150-k-no-p"
                    }
                ],
                "date": "8 months ago"
            },
            {
                "username": "Grant Lawrence",
                "rating": 2,
                "contributor_id": "110814464652935054170",
                "description": "Possibly the smallest wings I've ever seen.  Some the size of a pinky finger.\n\nStaff were nice enough; and it's not their fault.  But the wings should be taken off the menu.  They are barely there.\n\nHorrible value.",
                "link": "https://www.google.com/maps/reviews/data=!4m8!14m7!1m6!2m5!1sChZDSUhNMG9nS0VJQ0FnSURIajdDX1VREAE!2m1!1s0x0:0xb7eb021a38447d91!3m1!1s2@1:CIHM0ogKEICAgIDHj7C_UQ%7CCgwI_JW4twYQqKfpjwM%7C?hl=en-US",
                "date": "2 months ago"
            },
            {
                "username": "Ash",
                "rating": 4,
                "contributor_id": "117515409001456559628",
                "description": "Cottage Inn is by far the best pizza around. I've never had a bad pizza there.\n\nJust be aware if you're visiting this specific location: we always end up waiting another 10-20 minutes on top of our scheduled pickup time. I know that everyone is short staffed. And I'm definitely not complaining. Just trying to get the word out there.\n\nOur pizza was hot and super fresh. Always made exactly how we want.",
                "link": "https://www.google.com/maps/reviews/data=!4m8!14m7!1m6!2m5!1sChdDSUhNMG9nS0VJQ0FnSURtak4zSjN3RRAB!2m1!1s0x0:0xb7eb021a38447d91!3m1!1s2@1:CIHM0ogKEICAgIDmjN3J3wE%7CCgwImOmmjwYQ-Orf2AE%7C?hl=en-US",
                "images": [
                    {
                        "thumbnail": "https://lh5.googleusercontent.com/p/AF1QipM22gw5FNCJd2ligHJyp6UWwCaUnMOzYs5id4An=w150-h150-k-no-p"
                    }
                ],
                "date": "2 years ago"
            },
            {
                "username": "David Stone",
                "rating": 4,
                "contributor_id": "115547032827978723434",
                "description": "Cottage Inn has a great crust and excellent gormet pizza specialities. Standouts include the Price Buster, Chicken Mediterranean, and the Cuban. Some locations offer milkshakes and some good cheese bread options. A step above the national chains, especially in the non-Detroit style category. Lots of locations around town. The stadium location is super convenient on the west side of Ann Arbor. This location has a good sized dining area.",
                "link": "https://www.google.com/maps/reviews/data=!4m8!14m7!1m6!2m5!1sChZDSUhNMG9nS0VJQ0FnSURCbFp1eEZREAE!2m1!1s0x0:0xb7eb021a38447d91!3m1!1s2@1:CIHM0ogKEICAgIDBlZuxFQ%7CCgsI9eXBngYQiIPpXg%7C?hl=en-US",
                "images": [
                    {
                        "thumbnail": "https://lh5.googleusercontent.com/p/AF1QipNz9PIHNWh3-DPR6oTClH4YaqzKT6p3tRT8qKhR=w150-h150-k-no-p"
                    },
                    {
                        "thumbnail": "https://lh5.googleusercontent.com/p/AF1QipOLwlXO2ByIWBscAQWIM0t4PHYgyJMpYaxuy5lq=w150-h150-k-no-p"
                    }
                ],
                "date": "a year ago"
            },
            {
                "username": "Phyl H",
                "rating": 5,
                "contributor_id": "106934887499395568292",
                "description": "So, two friends and I had to make a trip up to Ann Arbor for a funeral this weekend and after being in the car for almost five hours, we decided just to order in. The concensus landed on pizza, because why not?! So instead of getting something from a larger chain, we opted for Cottage Inn. Let me just say that we were ECSTATIC we did! Happy pizza dances were had!\n\nWe did a split, round, medium pizza with breadsticks and two oreo shakes. The breadsticks are SO GOOD!! We're partial to soft, doughy, garlicky breadsticks so if you're not in that club, you won't like these. If you are, you'll LOVE them! The buttery goodness lifted our spirits.\n\nFor our pizza, we split half with pepperoni and feta, the other half sausage and onion, with mushrooms on the whole thang. The veggies are under the cheese, which was more than abundant and gooey and overall the topping ratio was impressive. Now, the shakes were a random move but turned out to be a great decision. I called ahead to see what the dirty shamrock consisted of, so if you're curious it's chocolate and mint. But yes, the shakes were delicious as well. If there were a Cottage Inn near us in Indianapolis, consider me a return customer.\n\nWe were staying at the Wyndham hotel nearby and our driver actually called to ensure he was able to find us. He delivered to our room! Which is such a small, but nice gesture that saved us some convenience. So big thank you to our driver for that extra effort.\n\nFood can make or break your night and we were already having a rough one, so the fact that Cottage Inn delivered quickly and our order was not only accurate, but delicious made our night much better. 10/10 recommend.",
                "link": "https://www.google.com/maps/reviews/data=!4m8!14m7!1m6!2m5!1sChZDSUhNMG9nS0VJQ0FnSURLd0tYLUxnEAE!2m1!1s0x0:0xb7eb021a38447d91!3m1!1s2@1:CIHM0ogKEICAgIDKwKX-Lg%7CCgsIxMSYhAYQkPGuTg%7C?hl=en-US",
                "images": [
                    {
                        "thumbnail": "https://lh5.googleusercontent.com/p/AF1QipP1BUOu5f130Sy6MOSJ909_4z59jzPOpeWav9Tb=w150-h150-k-no-p"
                    },
                    {
                        "thumbnail": "https://lh5.googleusercontent.com/p/AF1QipMqReLUaL19tYMHbNK6K-6ns4H4NNLl7gDaQ8vk=w150-h150-k-no-p"
                    },
                    {
                        "thumbnail": "https://lh5.googleusercontent.com/p/AF1QipO304x2qULibctroOCKNTg6X-n3O9SSsoaqeSYH=w150-h150-k-no-p"
                    }
                ],
                "date": "3 years ago"
            },
            {
                "username": "Dylan Furlong",
                "rating": 5,
                "contributor_id": "104828739529689828492",
                "description": "This location is consistently FIRE! Never had a bad pizza from here. Never had an order made wrong. Wish you could sit down and get a pitcher though!",
                "link": "https://www.google.com/maps/reviews/data=!4m8!14m7!1m6!2m5!1sChZDSUhNMG9nS0VJQ0FnSUR6OFptZlZBEAE!2m1!1s0x0:0xb7eb021a38447d91!3m1!1s2@1:CIHM0ogKEICAgIDz8ZmfVA%7CCgwIlMCeswYQ8LicuAE%7C?hl=en-US",
                "date": "5 months ago"
            },
            {
                "username": "Kristina Collins",
                "rating": 5,
                "contributor_id": "109592534184943663561",
                "description": "The young man that took my order was very nice and he also made my after work 12hrs Nino perfect.   Thanks man really appreciate it the all around great service\u2026 Kristina",
                "link": "https://www.google.com/maps/reviews/data=!4m8!14m7!1m6!2m5!1sChdDSUhNMG9nS0VJQ0FnSUNGcGVEeDN3RRAB!2m1!1s0x0:0xb7eb021a38447d91!3m1!1s2@1:CIHM0ogKEICAgICFpeDx3wE%7CCgwIkOX7qQYQyPie2gM%7C?hl=en-US",
                "images": [
                    {
                        "thumbnail": "https://lh5.googleusercontent.com/p/AF1QipM5b-xMCxgKVQtQQNx6LwDI2DORzbEmEQSagv4c=w150-h150-k-no-p"
                    }
                ],
                "date": "a year ago"
            }
        ]
    },
    "Services": {
        "dine_in": true,
        "curbside_pickup": true,
        "no_contact_delivery": true
    }
}