{
    "docid": 188,
    "Title": "Poke Poke - Sushi Unrolled",
    "Price": [],
    "Place ID": "ChIJbYoAS0WvPIgRYIx-o2hX2kQ",
    "Type ID": [],
    "Type": [
        "Sushi restaurant",
        "Asian restaurant",
        "Fast food restaurant",
        "Hawaiian restaurant",
        "Japanese restaurant",
        "Poke bar",
        "Raw food restaurant",
        "Restaurant",
        "Sushi takeaway"
    ],
    "Menu": {
        "link": "https://eatpokepoke.com/menu/?utm_source=GoogleBusinessProfile&utm_medium=organic&utm_campaign=gmb-menu-link",
        "source": "eatpokepoke.com",
        "items": "12/1/24, 1:52 PM 9 Signature Poke Bowls & Unlimited 'Build Your Own' Menu | Poke Poke Sushi Unrolled\n\nPOKE POKE\n\nSUSHI UNROLLED\nONLINE MENU\n\nMENU HIGHLIGHTS\n\nhttps://eatpokepoke.com/menu/ 2/13\n12/1/24, 1:52 PM\n\nCALIFORNIA CRUNCH BOWL\n\nShrimp - Crab - Cucumber - Green\nOnion -\nCarrot - Edamame - Avocado - Soy\nSauce -\nTempura Flakes - Spicy Mayo Drizzle\n\nhttps://eatpokepoke.com/menu/\n\n9 Signature Poke Bowls & Unlimited 'Build Your Own' Menu | Poke Poke Sushi Unrolled\n\nSIGNATURE BOWLS\n\nBuild your own bowl or go on an adventure with one of our\nSignature Bowls. There\u2019s something for everyone (including\n\ngluten-free and vegan options)!\n\nTUNA LOVER\u2019S BOWL\n\nTuna* - Ground Spicy Tuna* -\nAvocado - Carrot -Cucumber -\nEdamame - Watermelon - Radish -\nCitrus Ponzu - Furikake - Spicy Mayo\nDrizzle\n\nRAINBOW BOWL SPICY TUNA CRUNCH BOWL\nCrab - Salmon* + Avocado - Ground Spicy Tuna* - Cucumber -\nCucumber - Jalapeno - Red Onion - Avocado -\nPineapple - Carrot - Sesame Seeds - Tempura Flakes - Spicy Mayo\n\nHouse Sauce\n\n3/13\n12/1/24, 1:52 PM\n\n9 Signature Poke Bowls & Unlimited 'Build Your Own' Menu | Poke Poke Sushi Unrolled\n\nDYNAMITE BOWL\n\nAhi Tuna* + Shrimp + Carrot - Mango -\nJalapeno - Cucumber - Chili Flakes -\nSesame Seeds - Sweet Chili\nGochujang\n\nhttps://eatpokepoke.com/menu/\n\nVOLCANO BOWL PACIFIC CHICKEN BOWL\nSpicy Salmon* - Spicy Tuna* + Green Chicken - Corn - Edamame - Carrot -\nOnion - Cabbage - Cucumber - Cilantro - Red Onion - Sesame Seeds\nCarrot - - Sesame Ginger\n\nJalapeno - Ginger - House Sauce\n\nmixed with light sriracha - Furikake\n\nALOHA VEGAN BOWL\n\nTofu - Avocado - Carrot - Cabbage -\nEdamame - Watermelon Radish -\n\nRed Onion - Ginger - Sesame Seeds -\n\nTamari-GF&V\n\n4/13\n12/1/24, 1:52 PM 9 Signature Poke Bowls & Unlimited 'Build Your Own' Menu | Poke Poke Sushi Unrolled\n\nCHICKEN TERIYAKI BOWL\n\nTeriyaki Chicken - Carrot - Pineapple\n- Edamame - Red Onion - Crispy\n\nOnion - Teriyaki Sauce\n\nORDER NOW\n(HTTPS://ORDER.EATPOKEPOKE.COM/)\n\n*Food is served raw or undercooked, or contains, or may contain, raw or uncooked ingredients.\n\nCHOOSE ME\n\nhttps://eatpokepoke.com/menu/ 5/13\n12/1/24, 1:52 PM 9 Signature Poke Bowls & Unlimited 'Build Your Own' Menu | Poke Poke Sushi Unrolled\n\nBUILD YOUR OWN BOWL\n\nVegan - VG Gluten Free - GF Spicy item -\nWHITE RICE BROWN RICE CABBAGE MIX SPRING MIX\nGF & VG GF &VG GF & VG GF &VG\nSTEP 02 AHI TUNA* cr SHRIMP cr\nSCO 0 P M E SPICY GROUND TUNA* cr CHICKEN cr\nSALMON* cr TOFU crave\n\nhttps://eatpokepoke.com/menu/\n\n6/13\n12/1/24, 1:52 PM 9 Signature Poke Bowls & Unlimited 'Build Your Own' Menu | Poke Poke Sushi Unrolled\n\nHAWAIIAN SALMON* cr SPICY SALMON* cr\nCRAB SPICY TUNA* cr\nTERIYAKI CHICKEN\n\n*Food is served raw or undercooked, or\ncontains, or may contain, raw or uncooked\ningredients.\n\nMANGO CABBAGE\nCARROT CILANTRO\n\nhttps://eatpokepoke.com/menu/ TN3\n12/1/24, 1:52 PM 9 Signature Poke Bowls & Unlimited 'Build Your Own' Menu | Poke Poke Sushi Unrolled\n\nEDAMAME JALAPENO\n\nALL\nRED ONION CUCUMBER\nGREEN ONION PINEAPPLE\nWATERMELON RADDISH CORN\nGINGER crave SESAME SEEDS cr a vc\nWASABI cr \u00ab vc TEMPURA FLAKES vc\nMASAGO NORI STRIPS ce\nCHILI FLAKES crave FURIKAKE cr 2 vc\nCRISPY ONION vc AVOCADO cr & vo (extra\nSEAWEED SALAD cr (extra CHARGE)\nCHARGE) PICKELED RED ONION crave\nSPICY CRAB SALAD (extra\nCHARGE)\n\nhttps://eatpokepoke.com/menu/ 8/13\n12/1/24, 1:52 PM\n\nhttps://eatpokepoke.com/menu/\n\nCITRUS PONZU\n\nClassic Pok\u00e9 sauce with\n\ncitrus undertones\n\nWASABI SOY vc\n\nSoy sauce infused with wasabi\n\nSESAME GINGER\n\nZesty Asian dressing\n\nSOY\n\nLow Sodium\n\nTAMARI GF & vc\n\nGluten free and low sodium soy\n\nsauce\n\n9 Signature Poke Bowls & Unlimited 'Build Your Own' Menu | Poke Poke Sushi Unrolled\n\nEEL\n\nSweet teriyaki-like sauce\n\nHOUSE\n\nSriracha-infused soy sauce\n\nSPICY MAYO cr\n\nCreamy sriracha dressing\n\nSWEET CHILI GOCHUJANG cr & vc\n\nA fusion of Thai and Korean chilis\n\nCUSABI cF\n\nCucumber mayo with hints of wasabi.\n\nTERIYAKI\n\nSweet & savory AN)\n\n9/13\n12/1/24, 1:52 PM\n\nMISO SOUP\n\nhttps://eatpokepoke.com/menu/\n\n9 Signature Poke Bowls & Unlimited 'Build Your Own' Menu | Poke Poke Sushi Unrolled\n\nSTEP 06\n\nADD ME LATER\n\nSEAWEED GINGER SALAD _\u2014 SPICY CRAB MOCHI GF DOUBLE CHOCOLATE\nSALAD GF SALAD CHOCOLATE CHUNK COOKIE\nBROWNIE GF GF\n\nSALTED\nCARMEL\nCOOKIE GF\n\n\u00a9\n\n10/13\n"
    },
    "Address": "312 S State St, Ann Arbor, MI 48104",
    "GPS Coordinates": {
        "latitude": 42.278871099999996,
        "longitude": -83.7410319
    },
    "Phone Number": "(734) 263-2155",
    "Rating": 4,
    "Rating Summary": [
        {
            "stars": 1,
            "amount": 15
        },
        {
            "stars": 2,
            "amount": 9
        },
        {
            "stars": 3,
            "amount": 15
        },
        {
            "stars": 4,
            "amount": 28
        },
        {
            "stars": 5,
            "amount": 81
        }
    ],
    "Opening Hours": [
        {
            "friday": "10:30\u202fAM\u20139\u202fPM"
        },
        {
            "saturday": "10:30\u202fAM\u20139\u202fPM"
        },
        {
            "sunday": "12\u20139\u202fPM"
        },
        {
            "monday": "10:30\u202fAM\u20139\u202fPM"
        },
        {
            "tuesday": "10:30\u202fAM\u20139\u202fPM"
        },
        {
            "wednesday": "10:30\u202fAM\u20139\u202fPM"
        },
        {
            "thursday": "10:30\u202fAM\u20139\u202fPM (Thanksgiving)"
        }
    ],
    "Description": "",
    "Details": [
        {
            "popular_for": [
                "Lunch",
                "Dinner",
                "Solo dining"
            ]
        },
        {
            "accessibility": [
                "Wheelchair accessible entrance",
                "Wheelchair accessible restroom",
                "Wheelchair accessible seating"
            ]
        },
        {
            "offerings": [
                "Healthy options",
                "Organic dishes",
                "Quick bite",
                "Vegetarian options"
            ]
        },
        {
            "dining_options": [
                "Lunch",
                "Dinner",
                "Catering",
                "Dessert",
                "Seating"
            ]
        },
        {
            "amenities": [
                "Gender-neutral restroom",
                "Restroom",
                "Wi-Fi",
                "Free Wi-Fi"
            ]
        },
        {
            "atmosphere": [
                "Casual",
                "Trendy"
            ]
        },
        {
            "crowd": [
                "College students",
                "Family-friendly"
            ]
        },
        {
            "planning": [
                "Accepts reservations"
            ]
        },
        {
            "payments": [
                "Credit cards",
                "Debit cards",
                "NFC mobile payments"
            ]
        },
        {
            "children": [
                "Good for kids",
                "High chairs",
                "Kids' menu"
            ]
        },
        {
            "pets": [
                "Dogs allowed outside"
            ]
        }
    ],
    "User Reviews": {
        "summary": [
            {
                "snippet": "\"Prices could be a bit lower but the bowl was great and it was pretty filling.\""
            },
            {
                "snippet": "\"Fresh ingredients with incredible flavors and great texture combinations.\""
            },
            {
                "snippet": "\"Staff is cool beans all around food is great too!\""
            }
        ],
        "most_relevant": [
            {
                "username": "a new yorker",
                "rating": 3,
                "contributor_id": "117488137664604134936",
                "description": "Food: 3\nStaff: 4\nEnvironment: 4\n\nNot the best or good poke but it is what it is for Ann Arbor standards and options. The name of the establishment is\u2026 inaccurate but I\u2019ll just leave it at that. Staff were nice though and there\u2019s lots of indoor seating with free self-service water!",
                "link": "https://www.google.com/maps/reviews/data=!4m8!14m7!1m6!2m5!1sChdDSUhNMG9nS0VJQ0FnSURtd3NiaDNnRRAB!2m1!1s0x0:0x44da5768a37e8c60!3m1!1s2@1:CIHM0ogKEICAgIDmwsbh3gE%7CCgsIn_axjwYQkIzMaw%7C?hl=en-US",
                "images": [
                    {
                        "thumbnail": "https://lh5.googleusercontent.com/p/AF1QipPcEBGfauJ0h1dbgOiGlIXHLmAPKbj5aHGg7JsA=w150-h150-k-no-p"
                    }
                ],
                "date": "2 years ago"
            },
            {
                "username": "James Moon Beats",
                "rating": 2,
                "contributor_id": "105556789686777315055",
                "description": "If you\u2019re looking for a job I don\u2019t recommend you working here. Francis (hiring area manager) is sketchy and makes false promises when you\u2019re hired (ie: you\u2019ll be training as a manager and get stuck as a dishwasher/ line helper), Laurence (area training manager) is the only decent person there but he\u2019s barely there, And the shift lead sahad, she\u2019s just unpleasant and will regularly bump into you without saying excuse me. Honestly one of the worst group of people and working experiences I\u2019ve come across.",
                "link": "https://www.google.com/maps/reviews/data=!4m8!14m7!1m6!2m5!1sChZDSUhNMG9nS0VJQ0FnSUNYdnNfaUNnEAE!2m1!1s0x0:0x44da5768a37e8c60!3m1!1s2@1:CIHM0ogKEICAgICXvs_iCg%7CCgwI_q_CuAYQoOuPsgI%7C?hl=en-US",
                "date": "a month ago"
            },
            {
                "username": "Steve Adams",
                "rating": 5,
                "contributor_id": "107605365591009102721",
                "description": "Went for the first time today after saying \"I should go in there\" since it opened last year. I was pleasantly surprised at the quality of the bowl. I got the Tuna lover bowl and it was just awesome. Loved the spicy tuna and spicy mayo on top. And the worker who served me was super helpful after I told her it was my first time. Definitely going back to try more things and maybe I'll get adventurous and try to create my own.\n\nThe only bad thing I could say is that this large bowl was $15. Pricy, but expected given it's sushi grade tuna.",
                "link": "https://www.google.com/maps/reviews/data=!4m8!14m7!1m6!2m5!1sChZDSUhNMG9nS0VJQ0FnSURDOGI2c2J3EAE!2m1!1s0x0:0x44da5768a37e8c60!3m1!1s2@1:CIHM0ogKEICAgIDC8b6sbw%7CCgwIlfDX-wUQuIrA8QI%7C?hl=en-US",
                "images": [
                    {
                        "thumbnail": "https://lh5.googleusercontent.com/p/AF1QipNIR79h1URCEyxCvE2y085ryip3KwXGxHdo58xf=w150-h150-k-no-p"
                    }
                ],
                "date": "4 years ago"
            },
            {
                "username": "Joey Pistonetti",
                "rating": 5,
                "contributor_id": "106770050754566101863",
                "description": "Great food and great customer service. The workers, Francis and Leanna, are amazing and my friends and I got along with them (and my friend bought a second bowl after that).",
                "link": "https://www.google.com/maps/reviews/data=!4m8!14m7!1m6!2m5!1sChdDSUhNMG9nS0VJQ0FnSURIcVAydDlnRRAB!2m1!1s0x0:0x44da5768a37e8c60!3m1!1s2@1:CIHM0ogKEICAgIDHqP2t9gE%7CCgsI8_eItwYQ6KGXLQ%7C?hl=en-US",
                "date": "2 months ago"
            },
            {
                "username": "Subhendu Pramanik",
                "rating": 5,
                "contributor_id": "106118869630899562540",
                "description": "They have some good foods with lots of natural flavours.",
                "link": "https://www.google.com/maps/reviews/data=!4m8!14m7!1m6!2m5!1sChdDSUhNMG9nS0VJQ0FnSUN6dGJMQndnRRAB!2m1!1s0x0:0x44da5768a37e8c60!3m1!1s2@1:CIHM0ogKEICAgICztbLBwgE%7CCgwIjs_4sgYQ0LSOigM%7C?hl=en-US",
                "images": [
                    {
                        "thumbnail": "https://lh5.googleusercontent.com/p/AF1QipPiHjYW_bjY4UMdTbhJpOdHRZeTGvnW0zV3ujCF=w150-h150-k-no-p"
                    }
                ],
                "date": "5 months ago"
            },
            {
                "username": "Alexandrea Pang",
                "rating": 5,
                "contributor_id": "117051586960245115083",
                "description": "I got a large spicy tuna crunch bowl. It was wonderfully scrumptious, although I should note did ask to replace the onion with watermelon radish. They let me freely adjust or add anything you want. The people working here were really nice in showing newcomers in how it all works too, so don't be shy!",
                "link": "https://www.google.com/maps/reviews/data=!4m8!14m7!1m6!2m5!1sChdDSUhNMG9nS0VJQ0FnSUM0NjhYc2dBRRAB!2m1!1s0x0:0x44da5768a37e8c60!3m1!1s2@1:CIHM0ogKEICAgIC468XsgAE%7CCgwI0KCA6AUQsJebwwE%7C?hl=en-US",
                "images": [
                    {
                        "thumbnail": "https://lh5.googleusercontent.com/p/AF1QipNvrAQulMW_KC1zR34UPFrepfGWqRYaufZhGQ6q=w150-h150-k-no-p"
                    },
                    {
                        "thumbnail": "https://lh5.googleusercontent.com/p/AF1QipPQHR3eKDyCtyYme3PXAyo_61aVYTuPTfcGpnhU=w150-h150-k-no-p"
                    }
                ],
                "date": "5 years ago"
            },
            {
                "username": "Donovan Cogswell",
                "rating": 5,
                "contributor_id": "112497670618676721777",
                "description": "Awesome. Everything tasted fantastic and the service was perfect. Francis and Leonna are amazing people. Love it!",
                "link": "https://www.google.com/maps/reviews/data=!4m8!14m7!1m6!2m5!1sChdDSUhNMG9nS0VJQ0FnSURIcUlQcTFnRRAB!2m1!1s0x0:0x44da5768a37e8c60!3m1!1s2@1:CIHM0ogKEICAgIDHqIPq1gE%7CCgwIqPiItwYQwN_ipgM%7C?hl=en-US",
                "date": "2 months ago"
            },
            {
                "username": "dew",
                "rating": 5,
                "contributor_id": "102442805108159984398",
                "description": "Francis and Leonna provided an A-1 dining experience. would definitely recommend.",
                "link": "https://www.google.com/maps/reviews/data=!4m8!14m7!1m6!2m5!1sChZDSUhNMG9nS0VJQ0FnSURIcVAyU1VREAE!2m1!1s0x0:0x44da5768a37e8c60!3m1!1s2@1:CIHM0ogKEICAgIDHqP2SUQ%7CCgwI0veItwYQqKjq1wI%7C?hl=en-US",
                "date": "2 months ago"
            }
        ]
    },
    "Services": {
        "dine_in": true,
        "takeout": true,
        "no_contact_delivery": true
    }
}