{
    "docid": 191,
    "Title": "Ben & Jerry\u2019s",
    "Price": "$$",
    "Place ID": "ChIJCVm4nECuPIgRkjc368SEm2Y",
    "Type ID": [],
    "Type": [
        "Ice cream shop",
        "Bakery",
        "Candy store",
        "Caterer",
        "Snack bar"
    ],
    "Menu": {
        "link": "https://www.benjerry.com/annarbor/menu",
        "source": "benjerry.com",
        "items": "12/1/24, 1:54 PM Our Menu | Ben & Jerry\u2019s\n\n<l-\n\nSundaes\n\nShakes\n\nFlavors\n\nhttps://www.benjerry.com/scoop-shops/menu 9/28\n12/1/24, 1:54 PM Our Menu | Ben & Jerry\u2019s\n\nNon-Dairy (Oat Milk)\n\ne Strawberry Cheezecake New!\nStrawberry Cheesecake Non-Dairy Frozen Dessert with a Thick Graham Cracker Swirl\n\u00a2 Chocolate Chip Cookie Dough\nVanilla Non-Dairy Frozen Dessert with Gobs of Chocolate Chip Cookie Dough & Fudge Flakes\nNon-Dairy (Almond Milk)\n\u00a2 Chocolate Chip Cookie Dough\nVanilla Non-Dairy Frozen Dessert with Gobs of Chocolate Chip Cookie Dough & Fudge Flakes\nNon-Dairy (Sunflower Butter)\ne Colin Kaepernick\u2019s Change the Whirled\u2122\nCaramel Non-Dairy Frozen Dessert With Fudge Chips, Graham Cracker Swirls & Chocolate Cookie Swirls\n\ne Strawberry Marshmallow\n\nhttps://www.benjerry.com/scoop-shops/menu 10/28\n12/1/24, 1:54 PM Our Menu | Ben & Jerry\u2019s\nStrawberry non-dairy frozen dessert with strawberry & marshmallow swirls.\n\nOriginal Ice Cream\ne Churn Out the Vote! New!\nVanilla Ice Cream with Pretzel Swirls, Fudge Chips & Swirls of Chocolate Mousse\n* Impretzively Fudged\u2122 New!\nChocolate Ice Cream with Fudge-Covered Pretzel Pieces & Pretzel Swirls\ne Mango New!\nMango Ice Cream Swirled with Sweet Cream Ice Cream\ne PB S'more New!\nToasted Marshmallow Ice Cream with Peanut Butter Cups, Graham Cracker Pieces & Marshmallow Swirls\ne Americone Dream\u00ae\nVanilla Ice Cream with Fudge-Covered Waffle Cone Pieces & a Caramel Swirl\ne Butter Pecan\nRich Buttery Ice Cream with Roasted Pecans\n\u00a2 Butterscotch'd\nButterscotch Ice Cream with Butterscotch Swirls & Fudge-Covered Pretzel Pieces\n\ne Cherry Garcia\u00ae\n\nCherry Ice Cream with Cherries & Fudge Flakes\n\u00a2 Chocolate\nChocolate Ice Cream\n\n\u00a2 Chocolate Chip Cookie Dough\n\nVanilla Ice Cream with Gobs of Chocolate Chip Cookie Dough\n* Chocolate Fudge Brownie\n\nChocolate Ice Cream with Fudge Brownies\n\nhttps://www.benjerry.com/scoop-shops/menu 11/28\n12/1/24, 1:54 PM Our Menu | Ben & Jerry\u2019s\n\u00a2 Chocolate PB Chunk\n\nChocolate Peanut Butter Ice Cream with Peanut Butter Swirls & Fudge Flakes\n\u00a2 Chocolate Therapy\u00ae\nChocolate Ice Cream with Chocolate Cookies & Swirls of Chocolate Pudding Ice Cream\n\ne Chunky Monkey\u00ae\n\nBanana Ice Cream with Fudge Chunks & Walnuts\ne Churray for Churros!\u2122\nButtery Cinnamon Ice Cream with Churro Pieces & Crunchy Cinnamon Swirls\n\u00a2 Coconut Seven Layer Bar\nCoconut Ice Cream with Coconut & Fudge Flakes, Walnuts and Swirls of Graham Cracker & Butterscotch\n\ne Coffee, Coffee BuzzBuzzBuzz\u00ae\n\nCoffee Ice Cream with Espresso Bean Fudge Chunks\ne Dirt Cake\nVanilla Pudding Ice Cream with Chocolate Sandwich Cookies & Chocolate Cookie Swirls\n\ne Gimme S'more!\u2122\n\nToasted Marshmallow Ice Cream with Chocolate Cookie Swirls, Graham Cracker Swirls & Fudge Flakes\ne Half Baked\u00ae\nChocolate & Vanilla Ice Creams mixed with Gobs of Chocolate Chip Cookie Dough & Fudge Brownies\ne Lights! Caramel! Action!\u2122\nVanilla Ice Cream with Salted Caramel Swirls, Graham Cracker Swirls & Gobs of Chocolate Chip Cookie Dough\ne Marshmallow Sky\nMarshmallow ice cream with marshmallow swirls & gobs of chocolate chip cookie dough & chocolate chocolate chip cookie dough\ne Milk & Cookies\n\nVanilla Ice Cream with a Chocolate Cookie Swirl, Chocolate Chip & Chocolate Chocolate Chip Cookies\n\nhttps://www.benjerry.com/scoop-shops/menu 12/28\n12/1/24, 1:54 PM Our Menu | Ben & Jerry\u2019s\ne Mint Chocolate Chunk\n\nMint Ice Cream with Fudge Chunks\n\n\u00a2 New York Super Fudge Chunk\u00ae\n\nChocolate Ice Cream with White & Dark Fudge Chunks, Pecans, Walnuts & Fudge-Covered Almonds\n\u00a2 Oatmeal Dream Pie\u2122\n\nOatmeal Cr\u00e9me Pie Ice Cream with Gluten-Free Oatmeal Cookies & Marshmallow Swirls\ne Phish Food\u00ae\n\nChocolate Ice Cream with Gooey Marshmallow & Caramel Swirls & Fudge Fish\ne Salted Caramel Blondie\n\nSweet Cream Ice Cream with Blonde Brownies & a Salted Caramel Swirl\ne Strawberry\n\nStrawberry Ice Cream with chunks of Strawberries\ne Strawberry Cheesecake\n\nStrawberry Cheesecake Ice Cream with Strawberries & a Thick Graham Cracker Swirl\n\ne Sweet Cream & Cookies\n\nSweet Cream Ice Cream with Chocolate Sandwich Cookies\ne The Tonight Dough\u00ae\n\nCaramel & Chocolate Ice Creams with Chocolate Cookie Swirls & Gobs of Chocolate Chip Cookie Dough & Peanut Butter Cookie Dough\ne Triple Caramel Chunk\u00ae\n\nCaramel Ice Cream with Swirls of Caramel and Fudge-Covered Chunks of Caramel\ne Vanilla\n\nVanilla Ice Cream\n\nSorbet\ne Berry Berry Extraordinary\u00ae Sorbet\n\nhttps://www.benjerry.com/scoop-shops/menu 13/28\n12/1/24, 1:54 PM Our Menu | Ben & Jerry\u2019s\n\nSwirls of Blueberry Fruit Sorbet and Raspberry Fruit Sorbet\nLemonade Sorbet\n\nLemon Sorbet\n\nSundaes\n\nBanana Split\n\nThree scoops of ice cream atop a split banana, hot fudge, caramel, fresh whipped cream, and your choice of two toppings. It's a boatload!\nBelgian Waffle Sundae\n\nAny flavour of ice cream with hot fudge, fresh whipped cream & any topping of your choice, served in a fresh baked waffle cone!\nBrownie Special\n\nChunks of brownie topped with your choice of ice cream, hot fudge, fresh whipped cream & any topping of your choice.\n\nCookie Cookie Sundae\n\nPieces of chocolate chunk cookies topped with your choice of ice cream, hot fudge, fresh whipped cream & any topping of your choice.\n\nDulce De-lish\n\nhttps://www.benjerry.com/scoop-shops/menu 14/28\n12/1/24, 1:54 PM Our Menu | Ben & Jerry\u2019s\ne Hot Fudge Sundae\n\nAny two flavors of ice cream topped with hot fudge and fresh whipped cream & any topping of your choice.\ne Mini-Vermonster\u2122\n\nFour scoops of ice cream topped with fresh baked brownie, chocolate chip cookie, banana, hot fudge, whipped cream plus 4 more toppings! Great to share... or\neat it all if you dare!\n\ne Vermonster\u2122\nA monster of a sundae - 20 scoops of ice cream, hot fudge, banana, cookies, brownies, and all of your favorite toppings.\ne Waffle Cone Sundae\n\nAny flavor of ice cream with hot fudge, fresh whipped cream & any topping of your choice, served in a fresh baked waffle cone!\n\nShakes\n\ne Addicted to Chocolate\n\nChocolate Fudge Brownie & Chocolate Therapy\u00ae ice creams blended into every chocolate lover's dream.\ne Caramel Macchiato\n\nhttps://www.benjerry.com/scoop-shops/menu 15/28\n12/1/24, 1:54 PM\n\nCoffee, Coffee BuzzBuzzBuzz\u00ae and Triple Caramel Chunk\u00ae ice creams.\ne Cookie Cookie\n\nChocolate Chip Cookie Dough and Milk & Cookies\ne Create Your Own\nPick two of your favorite flavors and we'll make them into a shake!\ne Half Baked\u00ae\nChocolate Chip Cookie Dough and Milk & Cookies ice creams.\n\u00a2 Mint Cookie\nMint Chocolate Chunk and Sweet Cream & Cookies.\ne Strawberry Cheesecake\n\nStrawberry and Strawberry Cheesecake ice creams.\n\nWe love making ice cream - but using our business to make the world a better place gives our work its\n\nmeaning\n\nOe\n\nThoughtful Ingredients\n\nOur ingredients support positive change and make our ice cream taste sensational!\n\nProduct Sourcing\n\nShared Success\n\nhttps://www.benjerry.com/scoop-shops/menu\n\nOur Menu | Ben & Jerry\u2019s\n\n16/28\n"
    },
    "Address": "304 S State St, Ann Arbor, MI 48104",
    "GPS Coordinates": {
        "latitude": 42.279075999999996,
        "longitude": -83.7410659
    },
    "Phone Number": "(734) 665-4440",
    "Rating": 4.1,
    "Rating Summary": [
        {
            "stars": 1,
            "amount": 31
        },
        {
            "stars": 2,
            "amount": 5
        },
        {
            "stars": 3,
            "amount": 26
        },
        {
            "stars": 4,
            "amount": 79
        },
        {
            "stars": 5,
            "amount": 176
        }
    ],
    "Opening Hours": [
        {
            "friday": "12:30\u201311\u202fPM"
        },
        {
            "saturday": "12:30\u201311\u202fPM"
        },
        {
            "sunday": "1\u201310:30\u202fPM"
        },
        {
            "monday": "1\u201310:30\u202fPM"
        },
        {
            "tuesday": "1\u201310:30\u202fPM"
        },
        {
            "wednesday": "1\u201310:30\u202fPM"
        },
        {
            "thursday": "1\u201310:30\u202fPM (Thanksgiving)"
        }
    ],
    "Description": "Iconic Vermont-based ice cream parlor chain, known for its creative, cleverly named flavors.",
    "Details": [
        {
            "accessibility": [
                "Wheelchair accessible entrance"
            ]
        },
        {
            "amenities": [
                "Wi-Fi",
                "Free Wi-Fi"
            ]
        },
        {
            "crowd": [
                "Family-friendly",
                "LGBTQ+ friendly"
            ]
        },
        {
            "planning": [
                "Quick visit"
            ]
        },
        {
            "payments": [
                "Credit cards",
                "Debit cards",
                "NFC mobile payments"
            ]
        }
    ],
    "User Reviews": {
        "summary": [
            {
                "snippet": "\"Loads of flavors and dairy free options (if that's more your speed).\""
            },
            {
                "snippet": "\"Great ice cream, and the fastest service I've ever experienced.\""
            },
            {
                "snippet": "\"Love waffle cones, and the kids love the selection here, too.\""
            }
        ],
        "most_relevant": [
            {
                "username": "Nina Ayers",
                "rating": 5,
                "contributor_id": "107318552924143045716",
                "description": "Ben & Jerry's is a delightful ice cream parlor that offers a wide variety of decadent flavors. From classic favorites to unique creations, there is something for everyone. The custom cone options add a personalized touch to your sweet treat experience. The abundance of indoor seating makes it a comfortable place to enjoy your ice cream, whether alone or with friends. Conveniently located near a parking garage, getting to Ben & Jerry's is a breeze. The staff is not only welcoming but also friendly, providing top-notch customer service that enhances the overall experience.",
                "link": "https://www.google.com/maps/reviews/data=!4m8!14m7!1m6!2m5!1sChZDSUhNMG9nS0VJQ0FnSURMdHNPeGNnEAE!2m1!1s0x0:0x669b84c4eb373792!3m1!1s2@1:CIHM0ogKEICAgIDLtsOxcg%7CCgwI05_2swYQiNvzwAE%7C?hl=en-US",
                "images": [
                    {
                        "thumbnail": "https://lh5.googleusercontent.com/p/AF1QipPRB-I07W0x5d2Ht7kZ7B2GRC2lzvci96Fq2KFw=w150-h150-k-no-p"
                    },
                    {
                        "thumbnail": "https://lh5.googleusercontent.com/p/AF1QipOWTQK9DBjqoSTEaFloUw_PUNCJrwiWLdoki9TY=w150-h150-k-no-p"
                    },
                    {
                        "thumbnail": "https://lh5.googleusercontent.com/p/AF1QipMbNCTLPq0qgWgojkV8LBtxUq5tEmXjcPCpm2O2=w150-h150-k-no-p"
                    },
                    {
                        "thumbnail": "https://lh5.googleusercontent.com/p/AF1QipMeUyQyyVY9cJO2SrdKuI_7SjmDR-Oxj-6DrcjA=w150-h150-k-no-p"
                    },
                    {
                        "thumbnail": "https://lh5.googleusercontent.com/p/AF1QipONemZ3i5ktIN_l_N7BxhLwsMJE3yFoalxUCtUC=w150-h150-k-no-p"
                    },
                    {
                        "thumbnail": "https://lh5.googleusercontent.com/p/AF1QipM-oExO9-KBIFtaTrKrjw6JGHzULUOtiDUMip0w=w150-h150-k-no-p"
                    },
                    {
                        "thumbnail": "https://lh5.googleusercontent.com/p/AF1QipMO1O5Wxxny2lmqVpwEY8h7l750WYiMSxheHsCl=w150-h150-k-no-p"
                    },
                    {
                        "thumbnail": "https://lh5.googleusercontent.com/p/AF1QipMj4pyaOcxrHDztxBfUvomVAbIAARMtUgBnLLvf=w150-h150-k-no-p"
                    }
                ],
                "date": "4 months ago"
            },
            {
                "username": "Mark Landriau",
                "rating": 4,
                "contributor_id": "110480612191317995201",
                "description": "Good ice cream and sundaes. Very cartoonish, colorful atmosphere, and nice staff. The flavor selection is pretty standard but you still have plenty of options to choose from.",
                "link": "https://www.google.com/maps/reviews/data=!4m8!14m7!1m6!2m5!1sChdDSUhNMG9nS0VJQ0FnSUNiektlTjh3RRAB!2m1!1s0x0:0x669b84c4eb373792!3m1!1s2@1:CIHM0ogKEICAgICbzKeN8wE%7CCgsIw8KCtQYQiL3_bA%7C?hl=en-US",
                "images": [
                    {
                        "thumbnail": "https://lh5.googleusercontent.com/p/AF1QipOQieYUVEc9ohdp1XChYTL6E5tng9cLweMKWLdw=w150-h150-k-no-p"
                    }
                ],
                "date": "3 months ago"
            },
            {
                "username": "Maurielle C",
                "rating": 5,
                "contributor_id": "102013884837832721376",
                "description": "Great experience with even better ice cream flavors and tastes. Would recommend again and again. Clean space. Extremely friendly and accommodating employees. Good I\u2019ve cream. Portions good for price. And lots of variety! Come by for a good treat- right next to the Michigan creamery so there\u2019s competition but Ben and Jerry\u2019s is so good.",
                "link": "https://www.google.com/maps/reviews/data=!4m8!14m7!1m6!2m5!1sChdDSUhNMG9nS0VJQ0FnSUNlLUtEOHBBRRAB!2m1!1s0x0:0x669b84c4eb373792!3m1!1s2@1:CIHM0ogKEICAgICe-KD8pAE%7CCgwIjofamAYQkJH-uwE%7C?hl=en-US",
                "images": [
                    {
                        "thumbnail": "https://lh5.googleusercontent.com/p/AF1QipO4cxDRmj5myTxFo1p5lvUqMhIF4tW-bCLUbN3M=w150-h150-k-no-p"
                    },
                    {
                        "thumbnail": "https://lh5.googleusercontent.com/p/AF1QipM0d7y__xcj3qTZQ_OVQ_go_tlTWE-9-kEwGZC9=w150-h150-k-no-p"
                    },
                    {
                        "thumbnail": "https://lh5.googleusercontent.com/p/AF1QipM__25bJqFAOZxPDfcVR4ZEoGnlBujidDiY_A80=w150-h150-k-no-p"
                    },
                    {
                        "thumbnail": "https://lh5.googleusercontent.com/p/AF1QipPvn9tbf1eIz-go0AZUVDErT6b5SEADM7lK-HSZ=w150-h150-k-no-p"
                    }
                ],
                "date": "2 years ago"
            },
            {
                "username": "Manda Poll",
                "rating": 5,
                "contributor_id": "115400810176485226568",
                "description": "Shift manager went over and beyond yesterday. We received a Partial uber order and the manager called us before we even got the order to report that he would be delivering this himself.\n\nHonestly the best customer service we have ever received.\nThanks so much to him !!\n\nAlso we purchase ice cream almost weekly from uber eats with B+J. our order is ALWAYS correct and receive fresh ice cream and nice portions. we love ben and jerrys in A2.",
                "link": "https://www.google.com/maps/reviews/data=!4m8!14m7!1m6!2m5!1sChZDSUhNMG9nS0VJQ0FnSURYOC1lZ1FBEAE!2m1!1s0x0:0x669b84c4eb373792!3m1!1s2@1:CIHM0ogKEICAgIDX8-egQA%7CCgwI28qLuQYQkJH64wI%7C?hl=en-US",
                "date": "3 weeks ago"
            },
            {
                "username": "AJ Jero",
                "rating": 2,
                "contributor_id": "108465704782826917131",
                "description": "They didn't have the oce cream i wanted, and the staff was neither helpful nor were they remorseful. They basically ignored me after they told me they didn't have my ice cream. Boo!",
                "link": "https://www.google.com/maps/reviews/data=!4m8!14m7!1m6!2m5!1sChdDSUhNMG9nS0VJQ0FnSURYMFllcHdRRRAB!2m1!1s0x0:0x669b84c4eb373792!3m1!1s2@1:CIHM0ogKEICAgIDX0YepwQE%7CCgwIger9uAYQyOr-igE%7C?hl=en-US",
                "date": "3 weeks ago"
            },
            {
                "username": "Jason Shen",
                "rating": 5,
                "contributor_id": "108627937796265149756",
                "description": "The staff is really nice! Love the ice cream here. Had cookies and cream but it was a bit too sweet for me, will try a different flavor next time.",
                "link": "https://www.google.com/maps/reviews/data=!4m8!14m7!1m6!2m5!1sChZDSUhNMG9nS0VJQ0FnSUM5bm9qUldnEAE!2m1!1s0x0:0x669b84c4eb373792!3m1!1s2@1:CIHM0ogKEICAgIC9nojRWg%7CCgwI6e6erwYQqNbA0gI%7C?hl=en-US",
                "images": [
                    {
                        "thumbnail": "https://lh5.googleusercontent.com/p/AF1QipNJ2LNlKxs0WdXZkf00FOT7hWaeyP-DfpwhxfWe=w150-h150-k-no-p"
                    }
                ],
                "date": "8 months ago"
            },
            {
                "username": "Victor Santana Jr.",
                "rating": 5,
                "contributor_id": "117506240420033956821",
                "description": "This Ben & Jerry's was a great little late night treat! They have all the classic favors there to pick from! The Tonight Dough is still my favorite out of them all!  You can also get it in a waffle bowl or cone here!",
                "link": "https://www.google.com/maps/reviews/data=!4m8!14m7!1m6!2m5!1sChZDSUhNMG9nS0VJQ0FnSUNaMlp5VFhREAE!2m1!1s0x0:0x669b84c4eb373792!3m1!1s2@1:CIHM0ogKEICAgICZ2ZyTXQ%7CCgsI8--HqAYQuMyfUQ%7C?hl=en-US",
                "images": [
                    {
                        "thumbnail": "https://lh5.googleusercontent.com/p/AF1QipOo5pRvoQUjkJqoT5aDUBlMjfmCWthSJw5pwERw=w150-h150-k-no-p"
                    }
                ],
                "date": "a year ago"
            },
            {
                "username": "Vikram Bala",
                "rating": 4,
                "contributor_id": "118263460813448768909",
                "description": "Nothing special, but definitely above average. The line was long and moved kinda slow. The ice cream \ud83c\udf66 was a tad bit expensive but it was really good (I got the dirt cake flavor - highly recommend). I devoured it in a jiffy \ud83d\udca8\ud83d\udca8",
                "link": "https://www.google.com/maps/reviews/data=!4m8!14m7!1m6!2m5!1sChdDSUhNMG9nS0VJQ0FnSURqMk5tMTdBRRAB!2m1!1s0x0:0x669b84c4eb373792!3m1!1s2@1:CIHM0ogKEICAgIDj2Nm17AE%7CCgsIm7W8sQYQwJjveA%7C?hl=en-US",
                "date": "6 months ago"
            }
        ]
    },
    "Services": {
        "dine_in": true,
        "curbside_pickup": true,
        "no_contact_delivery": true
    }
}