{
    "docid": 193,
    "Title": "QDOBA Mexican Eats",
    "Price": [],
    "Place ID": "ChIJE3sZtu2vPIgRstKowKfp-qY",
    "Type ID": [],
    "Type": [
        "Mexican restaurant",
        "Bar & grill",
        "Box lunch supplier",
        "Brunch restaurant",
        "Caterer",
        "Delivery service",
        "Fast food restaurant",
        "Restaurant",
        "Tex-Mex restaurant"
    ],
    "Menu": {
        "link": "https://www.qdoba.com/menu-nutrition?utm_source=Listings",
        "source": "qdoba.com",
        "items": "CREATE YOUR OWN\n\nSTEP1 |\nCHOOSE YOUR ENTREE\nBowl cal 310-330 3-Cheese Nachos \u00abal/30- 740\nBurrito cal 590-640 Salad picanre ranch on cirrus vinaicrerre cal 100-500\n\nCheese-Crusted Quesadilla cal 940-970 3 Tacos coanorrioun toaruas cal 70-210\n\nSTEP 2\n\nCHOOSE YOUR PROTEIN\nVeggie alll Pulled Pork call\nskip the protein and choose your flavorful toppings slow-braised and shredded by hand\nGrilled Adobo Chicken all/0 Grilled Steak ca 260\nmarinated in chiles, garlic and spices marinated in chiles, garlic and spices\nGround Beef all) Brisket Birria calld)\nseasoned with chiles, onion and garlic shredded beef slow-cooked with chiles and garlic\n\nCholula\u2019 Hot & Sweet Chicken call/0\n\nmade with Cholula\u2019 original hot sauce & real honey\n\nSaher eS\nCHOOSE YOUR FLAVORS\nfree on all entr\u00e9es - yes, even queso & guac\nPREMIUM FLAVORS\n3-Cheese Queso \u00ablfl Hand-Crafted Guacamole \u00ablf\ni) Queso Diablo \u00ab4 Fajita Veggies wl!\nSMLSAS TOPPINCS\n) Pico de Gallo \u00abli Pickled Red Onions \u00ablll\n) Chile Corn Salsa wll Pickled Jalapenos alli\n) Roasted Tomato Salsa wii Tortilla Strips cal70\ni) Salsa Verde ulll Cotija Cheese \u00ab2\n1) Chile Crema call Shredded Cheese uillll\nIN) Salsa Roja cls Sour Cream cil\n1) Habanero Salsa \u00aballl Fresh Cilantro all\n\n) wo <> spo 999)\nROUND OUT YOUR MEAL\n\nSMALL BITES & DESSERTS\n\nSignature Queso & Chips \u00ab1 80-410\nchoose from our 3-cheese queso or fiery queso diablo\nHand-Crafted Guacamole & Chips ca/30-900\n\nfreshly made in-house with Hass avocados\n\nSalsa & Chips ca 580-800\n\nMini Bowl cal220-300\na smaller version of our popular bow!\n\nTaco conn onFLoun roRri.ta cal 60 - 200\ncreate your own taco with your choice of one of our flavorful proteins\n\nChocolate Chunk Cookie \u00ablil\nChocolate Brownie \u00ablil Cea,\n\nDRINKS\n\nChoose from our flavorful selection\nof fountain drinks, iced teas,\nand bottled beverages. call-4d0\n\nKIDS MEAL\nAGES 12 & UNDER\nincludes kids side and drink\n\nKIDS 2 TACO KIT cali70-690\n\nbuild your own tacos with choice of protein & 3 toppings\nKIDS QUESADILLA cal 370-500\nKIDS 3-CHEESE NACHOS cal 360-500\n\nSIDES: rice, beans, applesauce 2 tortilla chips cal50-260\nDRINKS: 100% juice 221% milk cal80-100\n\n1,200 to 1,400 calories a day is used for general nutrition advice for children ages 4 to 8 years\nand 1,400 to 2,000 calories a day for children ages 9 to 13 years, but calorie needs vary.\n\n2,000 calories a day is used for general nutrition advice, but calorie needs vary. Additional nutrition information\navailable upon request. Pricing and menu varies by location. Visit QDOBA.COM for your favorite QDOBA location's\nprices and menu. Online ordering valid only at participating QDOBA locations.\nSIGNATURE EATS\n\nONLINE EXCLUSIVE FAN FAVORITES\n\nChicken Queso Burrito 22 Bowl cal/40-104\ngrilled chicken, 3-cheese queso,\npico de gallo, corn salsa, shredded cheese,\ncilantro lime rice, black beans\n\nChicken Protein Bowl cili/(\ndouble chicken, double fajita veggies,\nguacamole, pico de gallo, salsa verde,\n\nromaine, black beans\n\nSouthwest Steak Burrito cll\ngrilled steak, chile crema,\nchile corn salsa, crunchy tortilla strips,\ncilantro lime rice, black beans\n\n3 Street Style Chicken Tacos cal/\u00a7)-i40\ngrilled chicken, guacamole,\nsalsa verde, pickled red onions, cotija cheese\noncorn or flour tortillas\n\nQuesaBirria Quesadilla \u00ablla\nbrisket birria, 3-cheese queso,\nshredded cheese, pico de gallo\n\nwith side of guacamole and sour cream\n\nORDER DELIVERY, CATERING & PICK-UP AT QDOBA.COM\n\n"
    },
    "Address": "530 S State St Student Union, Ann Arbor, MI 48109",
    "GPS Coordinates": {
        "latitude": 42.2751271,
        "longitude": -83.741547
    },
    "Phone Number": "(734) 356-8484",
    "Rating": 2.9,
    "Rating Summary": [
        {
            "stars": 1,
            "amount": 7
        },
        {
            "stars": 2,
            "amount": 1
        },
        {
            "stars": 3,
            "amount": 2
        },
        {
            "stars": 4,
            "amount": 1
        },
        {
            "stars": 5,
            "amount": 6
        }
    ],
    "Opening Hours": [
        {
            "friday": "10:30\u202fAM\u201310\u202fPM"
        },
        {
            "saturday": "10:30\u202fAM\u201310\u202fPM"
        },
        {
            "sunday": "10:30\u202fAM\u201310\u202fPM"
        },
        {
            "monday": "10:30\u202fAM\u201310\u202fPM"
        },
        {
            "tuesday": "10:30\u202fAM\u201310\u202fPM"
        },
        {
            "wednesday": "10:30\u202fAM\u201310\u202fPM"
        },
        {
            "thursday": "Closed (Thanksgiving)"
        }
    ],
    "Description": "A menu of customizable Mexican food served in a modern restaurant, plus takeout & catering.",
    "Details": [
        {
            "highlights": [
                "Fast service"
            ]
        },
        {
            "popular_for": [
                "Lunch",
                "Dinner",
                "Solo dining"
            ]
        },
        {
            "accessibility": [
                "Wheelchair accessible entrance",
                "Wheelchair accessible parking lot",
                "Wheelchair accessible restroom",
                "Wheelchair accessible seating"
            ]
        },
        {
            "offerings": [
                "Alcohol",
                "Comfort food",
                "Healthy options",
                "Quick bite",
                "Vegetarian options"
            ]
        },
        {
            "dining_options": [
                "Lunch",
                "Dinner",
                "Catering",
                "Seating"
            ]
        },
        {
            "amenities": [
                "Restroom"
            ]
        },
        {
            "atmosphere": [
                "Casual"
            ]
        },
        {
            "crowd": [
                "College students",
                "Groups",
                "Tourists"
            ]
        },
        {
            "payments": [
                "Credit cards"
            ]
        },
        {
            "children": [
                "Good for kids",
                "High chairs"
            ]
        }
    ],
    "User Reviews": {
        "summary": [
            {
                "snippet": "\"Great service and good tasting food!\""
            },
            {
                "snippet": "\"I would much rather walk two blocks down the street to Chipotle.\""
            },
            {
                "snippet": "\"The bowl was delicious and the staff was really helpful!\""
            }
        ],
        "most_relevant": [
            {
                "username": "Justin Day",
                "rating": 1,
                "contributor_id": "103648785315038929693",
                "description": "I want to start by saying I am normally a HUGE fan of QDoba and think they typically offer a better product than Chipotle... But this QDoba needs help. I realize they just opened but their service and care is incredibly lacking. The place is FILTHY and it just opened a few weeks ago. There was food spilled everywhere and no one seems to care. In addition, they still don't offer all of their products so I just ordered chips and queso.... I don't mean to sound stingy but this cup is not even close to filled up. I hope they can figure it out because I was very excited about having QDoba in the Michigan Union and as of right now I can never go back to this particular location. I would much rather walk two blocks down the street to Chipotle.",
                "link": "https://www.google.com/maps/reviews/data=!4m8!14m7!1m6!2m5!1sChdDSUhNMG9nS0VJQ0FnSURaMWFPOWpBRRAB!2m1!1s0x0:0xa6fae9a7c0a8d2b2!3m1!1s2@1:CIHM0ogKEICAgIDZ1aO9jAE%7CCgwInM37qAYQuMS4jwE%7C?hl=en-US",
                "images": [
                    {
                        "thumbnail": "https://lh5.googleusercontent.com/p/AF1QipOI-C_rEJo2agxRjdKvZDZ4WdeQSaY4_-WmNij_=w150-h150-k-no-p"
                    }
                ],
                "date": "a year ago"
            },
            {
                "username": "Addiena Nicolaou",
                "rating": 5,
                "contributor_id": "100686700935262713635",
                "description": "To the employee who was so kind today, I wish I knew his name; people like you restore my faith in humanity.",
                "link": "https://www.google.com/maps/reviews/data=!4m8!14m7!1m6!2m5!1sChdDSUhNMG9nS0VJQ0FnSUNYcnVXYnh3RRAB!2m1!1s0x0:0xa6fae9a7c0a8d2b2!3m1!1s2@1:CIHM0ogKEICAgICXruWbxwE%7CCgwIyKLAuAYQ0OvCuwI%7C?hl=en-US",
                "date": "a month ago"
            },
            {
                "username": "Kevin Mcmahan",
                "rating": 1,
                "contributor_id": "100927339848046064931",
                "description": "Went for the second time ever today to a Qdoba. Wow, do those workers inside the Union dislike their jobs and it's clear this is not a one off. Yelling and arguing with each other (both times I visited) and skimping on food - big time. Ordered a steak bowl both times and each time she filled a spoon with steak, leveled it and dumped out half back into the container.  The bowl had hardly anything in it for $13.  It will be a short walk, but I'll be going to Chipotle from now on.",
                "link": "https://www.google.com/maps/reviews/data=!4m8!14m7!1m6!2m5!1sChZDSUhNMG9nS0VJQ0FnSUNsLXRYQ2R3EAE!2m1!1s0x0:0xa6fae9a7c0a8d2b2!3m1!1s2@1:CIHM0ogKEICAgICl-tXCdw%7CCgwI9sPaqgYQ-Mm2kwI%7C?hl=en-US",
                "date": "a year ago"
            },
            {
                "username": "Isaiah Thomas",
                "rating": 1,
                "contributor_id": "112071533939314614085",
                "description": "Regrettably, it's time to don the critic's hat for this culinary adventure, though I must say, it had more twists and surprises than a soap opera plot! I ventured into this establishment with high hopes, having ordered a bowl of deliciousness.\n\nPicture this: I'm savoring every bite, reveling in the flavors, when suddenly, a produce sticker makes an unexpected cameo on one of my peppers! Yes, my dear reader, I couldn't help but wonder if I had stumbled into a culinary version of Willy Wonka's chocolate factory, only with a produce twist.\n\nSummoning my courage, I marched back to the cashier, sticker in hand, and showed him the star of the show. The staff promptly took center stage, recreating my order. It was like a live-action performance, and I was the honored audience member.\n\nEagerly, I returned to my apartment, ready to give the meal another whirl. This time, as I indulged, I felt a peculiar sensation in my mouth. Lo and behold, it was a hair that decided to join the dinner party! It was as though the universe conspired to turn my meal into a culinary circus act.\n\nWhile I appreciate the establishment's commitment to providing surprise entertainment, I must confess that I came for a meal, not a magic show. Alas, I left with my taste buds bewildered and my sense of adventure fully satisfied. In the end, this dining experience was more eventful than a rollercoaster ride \u2013 a real hair-raising experience, you might say!\n\n1 out of 5.",
                "link": "https://www.google.com/maps/reviews/data=!4m8!14m7!1m6!2m5!1sChdDSUhNMG9nS0VJQ0FnSUM1MFktVDlBRRAB!2m1!1s0x0:0xa6fae9a7c0a8d2b2!3m1!1s2@1:CIHM0ogKEICAgIC50Y-T9AE%7CCgsIpZatqQYQoJmCfQ%7C?hl=en-US",
                "date": "a year ago"
            },
            {
                "username": "Nathalie O'Hernandez",
                "rating": 3,
                "contributor_id": "112087282047083624695",
                "description": "Place is on the rise, doing what they can with a learning staff and being just opened. So be kind. Gary did a great job and go to him for all your bowl and burrito needs!",
                "link": "https://www.google.com/maps/reviews/data=!4m8!14m7!1m6!2m5!1sChdDSUhNMG9nS0VJQ0FnSURaeHBPajZRRRAB!2m1!1s0x0:0xa6fae9a7c0a8d2b2!3m1!1s2@1:CIHM0ogKEICAgIDZxpOj6QE%7CCgwIw-rcqAYQqJ7EzAE%7C?hl=en-US",
                "date": "a year ago"
            },
            {
                "username": "Ace Place",
                "rating": 5,
                "contributor_id": "112635742603826925321",
                "description": "Very friendly, patient, and accommodating employees. Food is just as fantastic too! 10/10 would eat again",
                "link": "https://www.google.com/maps/reviews/data=!4m8!14m7!1m6!2m5!1sChdDSUhNMG9nS0VJQ0FnSUNqME11YzdBRRAB!2m1!1s0x0:0xa6fae9a7c0a8d2b2!3m1!1s2@1:CIHM0ogKEICAgICj0Muc7AE%7CCgwI6KL8sAYQ4J_AsQI%7C?hl=en-US",
                "date": "7 months ago"
            },
            {
                "username": "love yourself",
                "rating": 4,
                "contributor_id": "106499540275367936674",
                "description": "short walk and conveniently in the union.  place is pretty good and staff is nice!  don\u2019t know about the previous reviews since i just started going pretty recently but not nearly as bad as people make it out to be \ud83d\ude2d",
                "link": "https://www.google.com/maps/reviews/data=!4m8!14m7!1m6!2m5!1sChZDSUhNMG9nS0VJQ0FnSUM5ck1tWU1REAE!2m1!1s0x0:0xa6fae9a7c0a8d2b2!3m1!1s2@1:CIHM0ogKEICAgIC9rMmYMQ%7CCgwI8Z-TrwYQ-Jug1wI%7C?hl=en-US",
                "date": "8 months ago"
            },
            {
                "username": "Lauren fernando",
                "rating": 1,
                "contributor_id": "104441616586197137361",
                "description": "I ordered a chicken bowl and got about 4 pieces of chicken in it even after asking the worker to add a little more. On top of that my food was completely cold - like just pulled leftovers out of the fridge cold.",
                "link": "https://www.google.com/maps/reviews/data=!4m8!14m7!1m6!2m5!1sChZDSUhNMG9nS0VJQ0FnSURsbTZUbkRnEAE!2m1!1s0x0:0xa6fae9a7c0a8d2b2!3m1!1s2@1:CIHM0ogKEICAgIDlm6TnDg%7CCgwImsa0qwYQiJD1mwI%7C?hl=en-US",
                "date": "11 months ago"
            }
        ]
    },
    "Services": {
        "dine_in": true,
        "takeout": true
    }
}