{
    "docid": 194,
    "Title": "Sweetwaters Coffee & Tea",
    "Price": [],
    "Place ID": "ChIJO4hAez-uPIgRS14xSs3zP8M",
    "Type ID": [],
    "Type": [
        "Coffee shop",
        "Breakfast restaurant",
        "Cafe",
        "Tea house"
    ],
    "Menu": {
        "link": "https://www.sweetwaterscafe.com/menu/coffee/",
        "source": "sweetwaterscafe.com",
        "items": "Espresso\nChoose between our bold House espresso or our premium European style, smooth\nAbianno espresso.\nSingleOcal\nDouble5cal\nTriple5cal\nCappuccino\nOne, two, or three shots of espresso with foamed milk gently layered on top. A tasty treat\nthat\u2019s sure to warm your heart.\nSingle90cal\nDouble120cal\nTriple150cal\nHouse, Decaf, Organic & Fair Trade Coffees\nA superb collection of daily brews. Call or visit the store nearest you.\nSingle5cal\nDouble5cal\nTriple10cal\nLatte\nFreshly brewed espresso & perfectly steamed milk. Try this classic with our premium\nAbianno Espresso!\nSingle120cal\nDouble170cal\nTriple200cal\nMocha\nA perfect mix of espresso, chocolate, and steamed milk topped with whipped cream. We\ndare you not to drink it in one gulp.\nSingle260cal\nDouble350cal\nTriple430cal\n\nCold Brew Coffees\n\nDirty\nThe perfect combination of our signature Straight Up Cold Brew, fresh espresso,\nluxurious chocolate sauce & rich cream.\n\nTriple180cal\n\nQuad285cal\nDreamy\nOur most popular Cold Brew. Our smooth as silk Straight Up Cold Brew with vanilla\nsyrup & swirled with rich cream.\n\nTriple190cal\n\nQuad300cal\nStraight Up\nBrewed with love for 18 hours, our Straight Up Cold Brew is a naturally sweet &\nincredibly smooth coffee. Nothing added, nothing needed.\n\nTriple5cal\n\nQuad10cal\n\nSignature Coffees\n\nCr\u00e9me Caramel\nA delicious caramel coated vanilla latte topped with whipped cream. The perfect mix of\nsweet and rich.\n\nSingle320cal\n\nDouble380cal\n\nTriple430cal\nDragon Eye\nA hypnotizing blend of our House coffee and sweetened condensed milk. A tribute to the\nYear of the Dragon.\n\nSingle130cal\n\nDouble200cal\n\nTriple270cal\nFrench Vietnamese Au Lait\nA masterpiece of Sweetwaters\u2019 dark roasted French chicory coffee and sweetened\ncondensed milk. It\u2019s an Asian finish to a French coffee.\n\nSingle150cal\n\nDouble190cal\n\nTriple240cal\n\nQuad380cal\n\nSelect Teas\n\nChamomile\nHerbal\nEgyptian blossoms with a strong, fresh scent reminiscent of green apples. The perfect\nsoothing tea.\nTripleOcal\nMandarin Orange Rooibos\nHerbal\nNaturally sweet & pleasantly fruity South African red tea. All natural mandarin orange\nflavors makes this tea pleasantly fruity and sweet. All herbal - no caffeine.\nTripleOcal\nIron Goddess\nOolong\nLight in a cup and rich in aroma, this famous Chinese tea is browner than most oolongs.\nTripleOcal\nEnglish Breakfast\n\nBlack\n\nBright, coppery Ceylon Blend that's not overpowering. A perfect early morning tea.\nTripleOcal\n\nImperial Black\n\nBlack\n\nAlluringly dark & mildly sweet orange pekoe black tea from China. An excellent black\n\ntea!\nTripleOcal\n\nCinnamon Spice\n\nBlack\n\nA black tea blend with 3 types of cinnamon, orange peels & cloves... tea with a kick!\nTripleOcal\n\nPassion Fruit\n\nBlack\n\nA fruity black tea.\nTripleOcal\n\nPomegranate Green\n\nGreen\n\nPomegranate flavored sencha green tea decorated with pink rose petals.\nTripleOcal\n\nSencha\n\nGreen\n\nA green tea with a clean finish and a bright, fresh taste. Our most popular green tea.\nTripleOcal\n\nJasmine\n\nGreen\n\nScented green tea with actual jasmine blossoms.\nTripleOcal\n\nSignature Teas\n\nChai\nHOT or ICED Our Royal Chai, a custom spiced black tea, is brewed in-house daily,\nlightly sweetened, & combined with milk.\n\nSingle150cal\n\nDouble200cal\n\nTriple280cal\nGinger Lemon Tea\nHOT or ICED A zesty, all-natural, herbal infusion made with ginger, lemon, and honey. A\nSweetwaters\u2019 original handcrafted daily.\n\nSingle140cal\n\nDouble190cal\n\nTriple240cal\nGinger Raspberry Tea\nHOT or ICED Raspberry, ginger, lemon, and honey combine to make an all-natural,\nherbal tea with a sweet twist. A Sweetwaters\u2019 original handcrafted daily.\nDouble200cal\nIced Tea Lemonades\nReal Tea Lemonade mixed with your choice of our most popular brewed teas.\nTriple90cal\nQuad145cal\nImperial Milk Tea\nHOT or ICED Inspired by Hong Kong teahouses, our Imperial Milk blends sweetened\nblack tea & velvety steamed milk for a classic tea with an Asian twist.\nSingle119cal\nDouble 159cal\nTriple199cal\nMatcha Latte\nHOT or ICED Our premium Japanese matcha tea, vanilla & creamy milk.\nSingle110cal\nDouble 180cal\nTriple220cal\nIced Tea\nImperial Black, Jasmine, Orange Rooibos, Pomegranate Green, and Passion Fruit.\nTripleOcal\nQuadOcal\nThai Iced Tea\nA blend of black tea, vanilla, and cinnamon poured over ice and topped with half & half.\nDouble 140cal\nTriple180cal\nQuad280cal\n\nPremium Teas\n\nDragon Pearl Jasmine\nGreen\nAn exceptional green tea made from hand-rolled silvery tips, dried amidst fresh jasmine\nblossoms for an exquisite aroma and taste.\nTripleOcal\nEarl Grey\nBlack\nHearty black tea flavored with 100% real bergamot oil. The most elegant Earl Grey we\u2019ve\ntasted!\nTripleOcal\nEmerald Matcha Blend\nGreen\nJapanese Matcha blended with classic green tea & roasted, popped rice. A wonderfully\nunique & beautiful tea.\nTripleOcal\nGreek Mint\nHerbal\nAromatic, smooth, and buttery but not sharp. From the central mainland of Greece.\nTripleOcal\nWinter Blossom\nBlend\nA hint of mint & spice blended with our Dragon Pearl Jasmine tea. Aromatic, mildly\nsweet with a 'lil zest.\nTripleOcal\n\nIce Dragons\n\nMatcha\nPremium Japanese matcha green tea blended with vanilla, sweet cream, & ice, topped\nwith housemade whipped cream. A Dragon green with envy!\nDouble340cal\nTriple460cal\nMocha\nA luxurious Dragon wrapped in chocolate, espresso, cream, and ice with a finishing\ntouch of whipped cream.\nDouble440cal\nTriple570cal\nCaramel\nThe sweetest Dragon of them all\u2014caramel, espresso, cream, and ice blended and\ntopped with whipped cream.\nDouble460cal\nTriple600cal\nStrawberry Bliss\nReal strawberries, yogurt, and vanilla cream blended into the perfect frozen treat.\n(coffee-free)\nDouble240cal\nTriple410cal\nStrawberry Lemon Freeze\nFresh strawberries and lemonade adorn our cutest Dragon. Sweet and tart! (coffee-free)\nDouble280cal\nTriple400cal\nShakes\n\nFrappe\nEspresso, milk, vanilla ice cream, and housemade whipped cream. A Sweetwaters'\nclassic.\nDouble560cal\nTriple690cal\nCoco Cafe\nA shot of espresso, chocolate, & creamy vanilla ice cream, topped with housemade\nwhipped cream. A rewarding pick me up!\nDouble660cal\nTriple840cal\nChocolate milkshake\nRich chocolate milkshake made with ice cream & chocolate.\nDouble670cal\nTriple870cal\nNapali Brew\nInspired by the sandy beaches of Hawaii's Napali Coast. Vanilla ice cream, espresso &\nhazelnut syrup, topped with housemade whipped cream. A taste of tropical paradise.\nDouble630cal\nTriple780cal\nGinger Fizz\nSweetwaters\u2019 exclusive in-house ginger ale, handcrafted & deliciously refreshing. A\nsparkling combination that will dazzle your taste buds.\nTriple180cal\nLemonade\nSavor summer all year with this refreshing classic.\nTriple180cal\nQuad290cal\nHot Chocolate\nRich chocolate blended with perfectly steamed milk & topped with housemade whipped\ncream.\nSingle290cal\nDouble380cal\nTriple490cal\nPup Cup\nOur housemade whipped cream over ice. The perfect treat for your pup!\nSingle100cal\n\nDrink 6 Packs\n\nDreamy Cold Brew Kit\nEverything you need to make your own Dreamy at home, or on the go.\nStraight-Up Cold Brew5cal\nCream100cal\nVanilla90cal\nJuicy Lemonades 6 Pack\nRefreshingly real lemonade, raspberry lemonade and blackberry lemonade.\nRaspberry210cal\nBlackberry215cal\nClassic150cal\nGlobal Traveler 6 Pack\n\nExplore these globally inspired drinks that you can only get at Sweetwaters.\n\nDreamy Cold Brew190cal\nChai200cal\nFrench Vietnamese 190cal\nImperial Milk159cal\nThai Iced Tea180cal\nMatcha Latte180cal\n\nReal Iced Tea 6 Pack\n\nExplore our best selling black, green and herbal iced teas - no sugar added.\nOcal\n\nPastries Menu\n\nCoffee\n\nTeas\nFrozen\nMore Drinks\nPastries\nDesserts\nLight Fare\n\nScones\n\nBlueberry Scone\n\nWild blueberries studded in a buttery scone.\n360cal\n\nCinnamon Scone\n\nCinnamon sugar topped buttery cream scone.\n410cal\n\nCranOrange Scone\n\nCranberry and orange pair perfectly in this buttery scone.\n370cal\n\nChocolate Croissant\n\nFlaky croissant filled perfectly with chocolate.\n310cal\n\nButter Croissant\n\nA classic French butter croissant. Light, airy & golden.\n300cal\n\nBagel\n\nVariety of bagels. Toasted to order.\n290-300cal\n\nDesserts\n\nLemon Bar\n\nRefreshing lemon curd atop a buttery shortbread.\n400cal\n\nMini French Donut\n\nPlain, Berry and Chocolate\n70-110cal\n\nMacaron\n\nPistachio, Strawberry Cream, Passion Fruit, Dark Chocolate, Orange Citrus, Cafe Latte\n40cal\n\nJoy Nut Bar\n\nChunks of chocolate, coconut, butterscotch & walnuts. A big bar of deliciousness.\n380cal\n\nChocolate Chunk Cookie\n\nChocolate chunks & crunchy pretzel bites.\n380cal\n\nCharlie Brownie\n\nBittersweet & semi-sweet chocolate chunks with cute lil\u2019 chocolate drops.\n320cal\n\nCarrot Cake\n\nLayers of incredibly moist carrot cake studded with raisins, walnuts, & pineapple, topped\n\nwith a smooth cream cheese frosting.\n900cal\n\nOMG Chocolate Cake\n\nChocolate pudding is layered between dark, moist chocolate cake. Truly magical!\n750cal\n\nTiramisu\n\nLight mascarpone & coffee brandy soaked lady fingers, dusted with cocoa.\n425cal\n"
    },
    "Address": "604 E Liberty St, Ann Arbor, MI 48104",
    "GPS Coordinates": {
        "latitude": 42.279211,
        "longitude": -83.7416989
    },
    "Phone Number": "(734) 929-2398",
    "Rating": 4.4,
    "Rating Summary": [
        {
            "stars": 1,
            "amount": 9
        },
        {
            "stars": 2,
            "amount": 6
        },
        {
            "stars": 3,
            "amount": 25
        },
        {
            "stars": 4,
            "amount": 88
        },
        {
            "stars": 5,
            "amount": 219
        }
    ],
    "Opening Hours": [],
    "Description": "Local chain serving coffee, tea & shakes, plus pastries & light eats, in a stylish, relaxed space.",
    "Details": [
        {
            "from_the_business": [
                "Identifies as women-owned"
            ]
        },
        {
            "accessibility": [
                "Wheelchair accessible entrance",
                "Wheelchair accessible restroom",
                "Wheelchair accessible seating"
            ]
        },
        {
            "offerings": [
                "Coffee",
                "Comfort food",
                "Prepared foods"
            ]
        },
        {
            "dining_options": [
                "Breakfast",
                "Lunch",
                "Dinner",
                "Catering",
                "Dessert",
                "Seating"
            ]
        },
        {
            "amenities": [
                "Gender-neutral restroom",
                "Restroom",
                "Wi-Fi",
                "Free Wi-Fi"
            ]
        },
        {
            "crowd": [
                "Family-friendly",
                "LGBTQ+ friendly"
            ]
        },
        {
            "payments": [
                "Credit cards",
                "Debit cards",
                "NFC mobile payments"
            ]
        },
        {
            "children": [
                "Good for kids",
                "High chairs"
            ]
        }
    ],
    "User Reviews": {
        "summary": [
            {
                "snippet": "\"I ordered myself the Roasted Pistachio Latte, with almond milk to make it vegan.\""
            },
            {
                "snippet": "\"There\u2019s a lot of seating to work or read and the service was friendly and fast!\""
            },
            {
                "snippet": "\"The barista gave me a great suggestion on a cooling summer iced tea!\""
            }
        ],
        "most_relevant": [
            {
                "username": "Phoebe Matthews",
                "rating": 5,
                "contributor_id": "117200966031915698530",
                "description": "Every time I visit it has been an amazing experience. The atmosphere is calming, which always picks up my spirits after attending my classes. The music definitely matches the calm vibes as well as the interior design too. The staff have always done an amazing job, quickly delivering my order to me. Every now and then I'll get a doodle from the baristas, which makes my day. While it can be a bit busy around late afternoon, it's worth the wait for a good cup of chai or coffee.",
                "link": "https://www.google.com/maps/reviews/data=!4m8!14m7!1m6!2m5!1sChRDSUhNMG9nS0VJQ0FnSUN6eDQ0YhAB!2m1!1s0x0:0xc33ff3cd4a315e4b!3m1!1s2@1:CIHM0ogKEICAgICzx44b%7CCgwIt_aCswYQ4Orq7gI%7C?hl=en-US",
                "images": [
                    {
                        "thumbnail": "https://lh5.googleusercontent.com/p/AF1QipMIYHRJN3UosIZsA3HQzbm2-r4Dj_TCuZhPL4DR=w150-h150-k-no-p"
                    },
                    {
                        "thumbnail": "https://lh5.googleusercontent.com/p/AF1QipMreb-Ml_181oHpKXgl_RdU_I479HGtEEqnJ-rA=w150-h150-k-no-p"
                    }
                ],
                "date": "5 months ago"
            },
            {
                "username": "danicajhey",
                "rating": 4,
                "contributor_id": "103162754583557699675",
                "description": "Very cute, busy place. Prices above average, which necessitates an absolutely perfect latte. It was good, not spectacular. I\u2019d still go back!",
                "link": "https://www.google.com/maps/reviews/data=!4m8!14m7!1m6!2m5!1sChZDSUhNMG9nS0VJQ0FnSUREaUplOEN3EAE!2m1!1s0x0:0xc33ff3cd4a315e4b!3m1!1s2@1:CIHM0ogKEICAgIDDiJe8Cw%7CCgwIzO28sAYQoOjdwgI%7C?hl=en-US",
                "images": [
                    {
                        "thumbnail": "https://lh5.googleusercontent.com/p/AF1QipOnsGghNxvzFtnf1onkT24oF27U5Hh8tRQRFlwj=w150-h150-k-no-p"
                    },
                    {
                        "thumbnail": "https://lh5.googleusercontent.com/p/AF1QipPCn-T9NaiiJXYK3wJdC6bb_ftxfneSd2BnKGHy=w150-h150-k-no-p"
                    },
                    {
                        "thumbnail": "https://lh5.googleusercontent.com/p/AF1QipPPOL-hnx8O_p-MC0rCA-4m0wFeUIE3LoejhXd9=w150-h150-k-no-p"
                    },
                    {
                        "thumbnail": "https://lh5.googleusercontent.com/p/AF1QipM7BxYgCbuEvphx3R1nnoJBvfrmr-TwEmEDUKCN=w150-h150-k-no-p"
                    },
                    {
                        "thumbnail": "https://lh5.googleusercontent.com/p/AF1QipMRLzXt2Ss9YqhjJBNfcFzR9yMj7cnpyNwnRotC=w150-h150-k-no-p"
                    },
                    {
                        "thumbnail": "https://lh5.googleusercontent.com/p/AF1QipMFf_jJC-5OHv6K3B1zK2YAErDdZhbDCzMZegNC=w150-h150-k-no-p"
                    }
                ],
                "date": "7 months ago"
            },
            {
                "username": "Martina Landolt",
                "rating": 5,
                "contributor_id": "105840737777320508226",
                "description": "A great tasting lavender latte provided the right touch on a windy colder day. Just around the main campus at the University of Michigan. This sweetwater coffee & tea shop will not disappoint. Can\u2019t speak on all that they offer, but the coffee is great. First time coming to this chain store. Much preferred over larger chains.",
                "link": "https://www.google.com/maps/reviews/data=!4m8!14m7!1m6!2m5!1sChZDSUhNMG9nS0VJQ0FnSUNSdkxHSlV3EAE!2m1!1s0x0:0xc33ff3cd4a315e4b!3m1!1s2@1:CIHM0ogKEICAgICRvLGJUw%7CCgwI6qyIoQYQuKutygI%7C?hl=en-US",
                "images": [
                    {
                        "thumbnail": "https://lh5.googleusercontent.com/p/AF1QipPZHXj_e2p41eYcPSYJb3qbKLWkvwqzNR65IPx3=w150-h150-k-no-p"
                    },
                    {
                        "thumbnail": "https://lh5.googleusercontent.com/p/AF1QipO0MlnE1qVgEoss4ZtAtjQvovInpQJFPwzLGbwA=w150-h150-k-no-p"
                    },
                    {
                        "thumbnail": "https://lh5.googleusercontent.com/p/AF1QipO96YPVTaw-CDSMl5bcXrXQGIWLAd176S6A9C2L=w150-h150-k-no-p"
                    },
                    {
                        "thumbnail": "https://lh5.googleusercontent.com/p/AF1QipNhpdRxCcrYr1PVpSbauIPJEfTLXtqg-D_hzZWE=w150-h150-k-no-p"
                    },
                    {
                        "thumbnail": "https://lh5.googleusercontent.com/p/AF1QipMDjMep9gfgI56-SNkNOamYTw_Yl-Kp0rpjzCnq=w150-h150-k-no-p"
                    },
                    {
                        "thumbnail": "https://lh5.googleusercontent.com/p/AF1QipMafO9S0FO3txHjfNOz7nGClRgIKHX7hXrQwAA5=w150-h150-k-no-p"
                    },
                    {
                        "thumbnail": "https://lh5.googleusercontent.com/p/AF1QipNnHtS3NGGqrhAh-TOat-LmheHg6OlfrbUQSPT_=w150-h150-k-no-p"
                    },
                    {
                        "thumbnail": "https://lh5.googleusercontent.com/p/AF1QipMDY_KYWvMzyb4-bGpC0pncdEALfJbtNOY_46gG=w150-h150-k-no-p"
                    },
                    {
                        "thumbnail": "https://lh5.googleusercontent.com/p/AF1QipNdthhM6vB5Ibgfl7mIfb2wDO3u4q7u7yDa4zUS=w150-h150-k-no-p"
                    },
                    {
                        "thumbnail": "https://lh5.googleusercontent.com/p/AF1QipPJ7eKGtzLBySE67k6AoeKXLxSPCDnnCEoX8VJ2=w150-h150-k-no-p"
                    },
                    {
                        "thumbnail": "https://lh5.googleusercontent.com/p/AF1QipPLrspU3W1QKLVjvqiDIFXMuMySFRbE1jw03r9Z=w150-h150-k-no-p"
                    },
                    {
                        "thumbnail": "https://lh5.googleusercontent.com/p/AF1QipN1TOOCiu0RXRyYsklz8RRggdVEjF5uL3VD-XpI=w150-h150-k-no-p"
                    }
                ],
                "date": "a year ago"
            },
            {
                "username": "Gurleen Kaur",
                "rating": 5,
                "contributor_id": "115510005265661826798",
                "description": "Nice little coffee/tea shop! There\u2019s a lot of seating to work or read and the service was friendly and fast! I got the matcha latte which was amazing. I could really taste the matcha (which was good quality) so I would definitely recommend. We also got the ice passion fruit tea that was great too. I would definitely recommend stopping in if you\u2019re in the area.",
                "link": "https://www.google.com/maps/reviews/data=!4m8!14m7!1m6!2m5!1sChZDSUhNMG9nS0VJQ0FnSUNKbFlPVUN3EAE!2m1!1s0x0:0xc33ff3cd4a315e4b!3m1!1s2@1:CIHM0ogKEICAgICJlYOUCw%7CCgwIiN6BpQYQsKCtuQI%7C?hl=en-US",
                "images": [
                    {
                        "thumbnail": "https://lh5.googleusercontent.com/p/AF1QipMyXVPuhpDs07Ve66PQR_er_JStx6pBTcuNlX1g=w150-h150-k-no-p"
                    },
                    {
                        "thumbnail": "https://lh5.googleusercontent.com/p/AF1QipMEGPL__PY1OyO311aLR_BWJl4PjOiVAs5FhE60=w150-h150-k-no-p"
                    },
                    {
                        "thumbnail": "https://lh5.googleusercontent.com/p/AF1QipO4hVBNfwZJc-KZ2xPomnx5DcpipsvkwOlBIW1R=w150-h150-k-no-p"
                    }
                ],
                "date": "a year ago"
            },
            {
                "username": "James",
                "rating": 5,
                "contributor_id": "103709142064275707609",
                "description": "Was in Ann Arbor for vacation, and felt the need to start my day with a jolt of caffeine.  After a bit of looking around, I decided on Sweetwaters Coffee & Tea to kickstart my engine.  I ordered myself the Roasted Pistachio Latte, with almond milk to make it vegan.  The drink had a really nutty flavor, but softened just enough by the milk to be a lovely, warm sipper to wake up to.\n\nThe atmosphere inside felt just as warm and cozy as the drink in my hand, with local art along the walls and comfortable seats to cradle you close.  By the time I finished my drink and headed out the door I was more than ready for the day.",
                "link": "https://www.google.com/maps/reviews/data=!4m8!14m7!1m6!2m5!1sChZDSUhNMG9nS0VJQ0FnSUNSd3B1ZUNBEAE!2m1!1s0x0:0xc33ff3cd4a315e4b!3m1!1s2@1:CIHM0ogKEICAgICRwpueCA%7CCgsIxtyLoQYQwJauAw%7C?hl=en-US",
                "images": [
                    {
                        "thumbnail": "https://lh5.googleusercontent.com/p/AF1QipMm7RrOeFiLxT2qjNLmU53B2GvSVHDvSR_XJZWe=w150-h150-k-no-p"
                    },
                    {
                        "thumbnail": "https://lh5.googleusercontent.com/p/AF1QipNrMcVlsQ3hmt0mfX-m1yJg0VWrvX-PwGSEhv7P=w150-h150-k-no-p"
                    }
                ],
                "date": "a year ago"
            },
            {
                "username": "Katar\u00edna Kme\u0165ov\u00e1",
                "rating": 5,
                "contributor_id": "109840439722701664593",
                "description": "visiting sweetwaters made my day today, they are always in goid mood and happy to explain what is in the drinks. and i got my pastry in a bag with this cute hand drawen picture. thank you sweetwaters!\ni love the atmosphere in this particular location, it is tiny, but somehow it feels cosy, and they have a pretty wall covered in pothos, it makes it feel more cosy.",
                "link": "https://www.google.com/maps/reviews/data=!4m8!14m7!1m6!2m5!1sChdDSUhNMG9nS0VJQ0FnSUROLUszWHdRRRAB!2m1!1s0x0:0xc33ff3cd4a315e4b!3m1!1s2@1:CIHM0ogKEICAgIDN-K3XwQE%7CCgwI-6awrQYQqMWT1QI%7C?hl=en-US",
                "images": [
                    {
                        "thumbnail": "https://lh5.googleusercontent.com/p/AF1QipM8abOB-t5RCYO92n0sJvAQ8MTyYfL1V05VSnvw=w150-h150-k-no-p"
                    }
                ],
                "date": "10 months ago"
            },
            {
                "username": "Jeremiah Zug",
                "rating": 4,
                "contributor_id": "104475311213183269073",
                "description": "Sweetwaters is a great place to get a decent cup of coffee and have a clean and bright environment to go! One thing I would appreciate more of is bigger macaroons. A plus of this location is that sitting by the door doesn't mean freezing to death.",
                "link": "https://www.google.com/maps/reviews/data=!4m8!14m7!1m6!2m5!1sChZDSUhNMG9nS0VJQ0FnSUN3bWJLaVp3EAE!2m1!1s0x0:0xc33ff3cd4a315e4b!3m1!1s2@1:CIHM0ogKEICAgICwmbKiZw%7CCgwIxprixQUQwKvBmwM%7C?hl=en-US",
                "images": [
                    {
                        "thumbnail": "https://lh5.googleusercontent.com/p/AF1QipMT7RUq6kxS3g0ltd1URR7se5uDhxcGlpPZlYL8=w150-h150-k-no-p"
                    },
                    {
                        "thumbnail": "https://lh5.googleusercontent.com/p/AF1QipOyRRb2xB2KP5cfbCxAt4dqp_Ney8aGLgIRYzDy=w150-h150-k-no-p"
                    }
                ],
                "date": "7 years ago"
            },
            {
                "username": "Karina Evora",
                "rating": 4,
                "contributor_id": "112457249358587685719",
                "description": "I ordered a double hot lavender oat milk latte which came out fairly quick. So tasty! Friendly staff, nice music and good volume. Lots of seating options even though it's a small space. Not too crowded either, they did a good job with arranging furniture. The high top seats are not very comfortable though. Overall good space for studying or reading.",
                "link": "https://www.google.com/maps/reviews/data=!4m8!14m7!1m6!2m5!1sChdDSUhNMG9nS0VJQ0FnSUQ1c2I3bnlBRRAB!2m1!1s0x0:0xc33ff3cd4a315e4b!3m1!1s2@1:CIHM0ogKEICAgID5sb7nyAE%7CCgwIlvPmqQYQ2PirjgI%7C?hl=en-US",
                "date": "a year ago"
            }
        ]
    },
    "Services": {
        "curbside_pickup": true,
        "no_contact_delivery": true,
        "delivery": true,
        "takeout": true,
        "dine_in": true
    }
}