{
    "docid": 21,
    "Title": "Knight's Steakhouse",
    "Price": "$$",
    "Place ID": "ChIJKZsHcD-uPIgRWNPeLQKzGis",
    "Type ID": [],
    "Type": [
        "Steak house",
        "American restaurant",
        "Bar",
        "Family restaurant",
        "Restaurant",
        "Seafood restaurant",
        "Wine bar"
    ],
    "Menu": {
        "link": "http://www.knightsrestaurants.com/downtown-ann-arbor/",
        "source": "knightsrestaurants.com",
        "items": "11/30/24, 12:15 PM\n\nMenus: Knight's Steakhouse Downtown Ann Arbor | Knight's Restaurants\n\nDOWNTOWN ANN ARBOR\n\nMENUS\n\nLUNCH\n\nAPPETIZERS\n\nSHRIMP COCKTAIL\n5 jumbo shrimp, cocktail sauce, horseradish, &\nfresh lemon\n\nBLACK BEAN HUMMUS\n\nHouse made with fresh lemon, roasted garlic &\nextra virgin olive oil ~ served with pita chips and\nvegetable crudit\u00e9\n\nSANDWICHES\n\nFRENCH DIP*\n\nSliced to order & served on a toasted hoagie roll\nwith a side of au jus\n\nSmothered with Swiss cheese, caramelized\nonions, & mushrooms 19\n\nBUFFALO CHICKEN TACOS\nThree flour tortillas filled with fried buffalo\nchicken, lettuce, red onion, & ranch dressing\n\nhttps://knightsrestaurants.com/downtown-menu\n\n16\n\n13\n\n16\n\n15\n\nSHRIMP & CALAMARI\n\nFlash fried squid rings & baby shrimp, wasabi-\nblack pepper sauce, scallions, toasted sesame\nseeds, & sriracha\n\nFILET MIGNON SLIDERS*\n\nGarlic buttered buns, beef tenderloin,\ncaramelized onions, & baby arugula\n\n1 for 9| 3 for 24\n\nFRIED CHICKEN\n\nHand breaded seasoned Amish chicken breast,\ndouble Swiss cheese, maple-sriracha sauce, red\nonions, house made bread & butter pickles, bibb\nlettuce, toasted pretzel roll\n\n19\n\n16\n\n1/6\n11/30/24, 12:15 PM\n\nMenus: Knight's Steakhouse Downtown Ann Arbor | Knight's Restaurants\n\nSALADS\n\nBUFFALO CHICKEN 19\nGrilled or fried chicken breast over mixed greens\ntossed with crumbled blue cheese, roasted\nalmonds, diced red onion, roasted corn,\n\ntomatoes, & ranch dressing\n\nSTEAKHOUSE WEDGE 14\nWedge of iceberg lettuce, tomato, onion,\n\nchopped bacon, blue cheese, & blue cheese\ndressing\n\nChopped upon request\n\nKNIGHT'S CAESAR 14\nRomaine hearts, shaved parmesan, croutons,\ngrape tomatoes, & Caesar dressing\n\nPRIME BUTCHER BURGERS*\n\nPRETZEL BURGER 17\nAle spiked maple-mustard sauce, cheddar\n\ncheese, Smith's bacon, red onions, Bibb lettuce,\nhouse made bread & butter pickles, toasted\n\npretzel roll\n\nBACON JAM & GOAT CHEESE BURGER 18\nBacon jam, goat cheese, baby arugula, & crispy\nonions on a brioche roll\n\nALL AMERICAN BURGER 15\nDouble American cheese, lettuce, tomato, onion,\n& mayonnaise ~ grilled brioche bun\n\nhttps://knightsrestaurants.com/downtown-menu\n\nALYSSA 15\nMixed greens, roasted almonds, crumbled blue\ncheese, green apples, dried cranberries, tomato,\nonion, & cucumber\n\nADD TO YOUR SALAD\n\nGrilled or Blackened Prime Sirloin* 5 oz. 14/15\nGrilled Faroe Island Salmon* 4 oz. 11/8 oz. 19\nGrilled or Fried Chicken Breast 7\n\n\"TREAT FOR THE KITCHEN CREW\" $10\n\n100% of this tip goes directly to our back of the\nhouse non-tipped kitchen employees. This idea\nwas recommended many years ago by the\nHammonds, two of our most cherished long-\ntime friends and customers. Thank you!\n\nBYO BURGER 13\nOur premium prime butcher burger is ground\n\nfresh daily at Knight's Market ~ enjoy this 7 oz.\n\npatty on our butter toasted brioche roll with your\nfavorite toppings\n\nBUILD YOUR OWN BURGER\n\nAmerican, Cheddar, Provolone, Swiss, or Blue\nCheese 1\n\nDeluxe: Bibb Lettuce, Tomato, & Mayo N/C\nOnions, Pickles, Mayonnaise, or BBQ N/C\nGreen Olives or Avocado 15\n\nCaramelized Onions 1.5\n\n2/6\n11/30/24, 12:15 PM\nSaut\u00e9ed Mushrooms 1.5\n\nSmith's Bacon\n\nPRIME STEAKS*\n\nMenus: Knight's Steakhouse Downtown Ann Arbor | Knight's Restaurants\n\nPretzel Bun\n\nWE PROUDLY SERVE KNIGHT'S MARKET, HAND-CUT, PRIME BLACK ANGUS BEEF\n\nKNIGHT'S COWBOY STEAK\nOur signature cut! 20-22 oz. bone-in ribeye ~ rich\nflavor from fine marbling\n\nTOP SIRLOIN\n\nVery lean steak, subtle marbling provides great\nflavor, best prepared medium to medium rare to\nmaintain tenderness.\n\n9 oz. Cut 29 | 5 oz. Cut 18\n\nFILET MIGNON\n\nThe most tender of all of our steaks, cut from the\ncenter of the tenderloin\n\n8 oz. Cut 52 | 6 oz. Cut 39\n\nSIDES\n\nFrench Fries\n\n~Truffle Fries w/ House Aioli\n\nSOUPS\nSOUP OF THE DAY\n\n> CREDIT OR DEBIT SURCHARGE\n\n3% surcharge will be applied for use of a debit or\n\ncredit card.\n\n59\n\nCUP 6 | BOWL8\n\n3%\n\nNEW YORK STRIP\n\nThick cut, excellent balance of flavor &\ntenderness\n\n14-15 oz. Cut 48 | 8-9 oz. Cut 32\n\nENHANCE YOUR STEAK\n\nSaut\u00e9ed Mushrooms or Caramelized Onions\nGarlic Compound Butter & Crispy Onions\nHalf Pound King Crab Legs\n\nKnight's House Steak Seasoning\n\nHouse-made Potato Chips\n\nBaked Potato 4\n\nKnight's Public Wi-FiSSID: Knights Restaurant Public WifiPW: knightsguest\n\n2.5\n\nMKT\n\nN/C\n\n* These items are cooked to order. The consumption of raw orundercooked meats, fish, eggs, or shellfish may\nincrease your risk offood-borne illness.\n\nhttps://knightsrestaurants.com/downtown-menu\n\n3/6\n11/30/24, 12:16 PM\n\nMenus: Knight's Steakhouse Downtown Ann Arbor | Knight's Restaurants\n\nDOWNTOWN ANN ARBOR\n\nMENUS\n\nLUNCH\n\nDINNER\n\nAPPETIZERS\n\nFILET MIGNON SLIDERS*\n\nGarlic buttered buns, beef tenderloin,\ncaramelized onions, & baby arugula\n\n1 for 9| 3 for 24\n\nBABY BACK RIBS 16\nSlow cooked pork ribs, house made sweet &\n\nspicy soy-coffee glaze, scallions, & toasted\n\nsesame seeds\n\nFRIED BRUSSELS SPROUTS 12\nFlash fried fresh cut Brussels sprouts, ale spiked\nmaple-mustard, balsamic reduction, & crushed\npistachios\n\nhttps://knightsrestaurants.com/downtown-menu\n\nSHRIMP & CALAMARI\n\nFlash fried squid rings & baby shrimp, wasabi-\nblack pepper sauce, scallions, toasted sesame\nseeds, & sriracha\n\nBUFFALO CHICKEN TACOS\nThree flour tortillas filled with fried buffalo\nchicken, lettuce, red onion, & ranch dressing\n\nSHRIMP COCKTAIL\n5 jumbo shrimp, cocktail sauce, horseradish, &\nfresh lemon\n\nBLACK BEAN HUMMUS\nVegetable crudit\u00e9 & flash fried pita chips\n\n19\n\n15\n\n16\n\n13\n\n1/8\n11/30/24, 12:16 PM\n\nMenus: Knight's Steakhouse Downtown Ann Arbor | Knight's Restaurants\n\nSALADS\n\nBUFFALO CHICKEN\n\nGrilled or fried chicken breast over mixed greens\ntossed with crumbled blue cheese, roasted\nalmonds, diced red onion, roasted corn,\ntomatoes, & ranch dressing\n\nSTEAKHOUSE WEDGE\n\nWedge of iceberg lettuce, tomato, onion,\nchopped bacon, blue cheese, & blue cheese\ndressing\n\nChopped upon request\n\nKNIGHT'S CAESAR\nRomaine hearts, shaved parmesan, croutons,\ngrape tomatoes, & Caesar dressing\n\nSANDWICHES*\n\nFRENCH DIP*\n\nSliced to order & served on a toasted hoagie roll\nwith a side of au jus\n\nSmothered with Swiss cheese, caramelized\nonions, & mushrooms 19\n\nBLACKENED SALMON\n\nBlackened Faroe Island salmon, baby arugula,\nhouse aioli, & thinly sliced red onion on grilled\nmulti grain bread\n\nhttps://knightsrestaurants.com/downtown-menu\n\n19\n\n14\n\n14\n\n16\n\n18\n\nALYSSA\n\nMixed greens, roasted almonds, crumbled blue\ncheese, green apples, dried cranberries, tomato,\nonion, & cucumber\n\nADD TO YOUR SALAD\n\nFour Jumbo Shrimp (tempura fried, grilled, or\nchilled) 12\n\nGrilled or Blackened Prime Sirloin* 5 oz. 14/15\nGrilled Faroe Island Salmon* 4 oz. 11/8 oz. 19\n\nGrilled or Fried Chicken Breast\n\nFRIED CHICKEN\n\nHand breaded seasoned Amish chicken breast,\ndouble Swiss cheese, maple-sriracha sauce, red\nonions, house made bread & butter pickles, bibb\nlettuce, toasted pretzel roll\n\n15\n\n16\n\n2/8\n11/30/24, 12:16 PM\n\nMenus: Knight's Steakhouse Downtown Ann Arbor | Knight's Restaurants\n\nPRIME BUTCHER BURGERS\n\nPRETZEL BURGER\nAle spiked maple-mustard sauce, cheddar\n\ncheese, Smith's bacon, red onions, Bibb lettuce,\n\nhouse made bread & butter pickles, toasted\npretzel roll\n\nBACON JAM & GOAT CHEESE BURGER\nBacon jam, goat cheese, baby arugula, & crispy\nonions on a brioche roll\n\nALL AMERICAN BURGER\n\nDouble American cheese, lettuce, tomato, onion,\n\n& mayonnaise ~ grilled brioche bun\n\nBYO BURGER\nOur premium prime butcher burger is ground\nfresh daily at Knight's Market ~ enjoy this 7 oz.\n\npatty on our butter toasted brioche roll with your\n\nfavorite toppings\n\n17\n\n18\n\n15\n\n13\n\nBUILD YOUR OWN BURGER\n\nAmerican, Cheddar, Provolone, Swiss, or Blue\nCheese 1\n\nDeluxe: Bibb Lettuce, Tomato, & Mayo\nOnions, Pickles, Mayonnaise, or BBQ N/C\nGreen Olives or Avocado\n\nCaramelized Onions 1.5\n\nSaut\u00e9ed Mushrooms 1.5\n\nGluten-Free Bun 3\n\nSmith's Bacon\n\nPretzel Bun\n\nBURGERS & SANDWICHES COME WITHHOUSE MADE POTATO CHIPS\n\nSOUPS\n\nFRENCH ONION\nTopped with croutons & melted Swiss cheese\n\nSOUP OF THE DAY\n\nhttps://knightsrestaurants.com/downtown-menu\n\nCUP 8 | BOWL 10\n\nCUP 6 | BOWL8\n\nN/C\n\n15\n\n2.5\n\n3/8\n11/30/24, 12:16 PM\n\nMenus: Knight's Steakhouse Downtown Ann Arbor | Knight's Restaurants\n\nPRIME STEAKS*\n\nWE PROUDLY SERVE KNIGHT'S MARKET, HAND CUT, PRIME BLACK ANGUS BEEF\n\nKNIGHT'S COWBOY STEAK\nOur signature cut! 20-22 oz. bone-in ribeye ~ rich\nflavor from fine marbling\n\nFILET MIGNON\n\nThe most tender of all of our steaks, cut from the\ncenter of the tenderloin\n\n8 oz. Cut 52 | 6 oz. Cut 39\n\nNEW YORK STRIP\n\nThick cut, excellent balance of flavor &\ntenderness\n\n14-15 oz. Cut 48 | 8-9 oz. Cut 32\n\nTOP SIRLOIN\n\nVery lean steak, subtle marbling provides great\nflavor, best prepared medium to medium rare to\nmaintain tenderness.\n\n9 oz. Cut 29 | 5 oz. Cut 18\n\n59\n\nPRIME RIB (OFFERED FRIDAY-SUNDAY)\nSlow Roasted for exceptional flavor & tenderness\n\nENHANCE YOUR STEAK\n\nHalf Pound King Crab Legs MKT\nGarlic Compound Butter & Crispy Onions 5\nSaut\u00e9ed Mushrooms or Caramelized Onions 3\nFour Jumbo Grilled or Fried Shrimp 12\nKnight's House Steak Seasoning N/C\nBlackened 2\nCajun N/C\n\nALL ENTREES & STEAKS COME WITH A SIDE, A VEGETABLE GARNISH, & A SMALL HOUSE SALAD OR CUP OF\nSOUP(ADDITIONAL CHARGE FOR FRENCH ONION OR CAESAR SALAD) (~INDICATES UP-CHARGE FOR SIDE)\n\nSEAFOOD\n\nFAROE ISLAND SALMON*\n\nFrom the North Atlantic, Faroe Island salmon is\nknown for it's pure, rich & intense flavor with a\nsupple, creamy texture. 8 oz. filet simply grilled\nto order and served with your choice of side ~\naccompanied with steamed vegetables\n\nBRONZINI\n\nFresh Bronzini fillet saut\u00e9ed & finished with a\ngrape tomato herb cucumber relish served over\nrice pilaf ~ accompanied with asparagus\n\nhttps://knightsrestaurants.com/downtown-menu\n\n30\n\n29\n\nALASKAN KING CRAB\n\nSteamed, cracked, & ready to eat MERUS section,\nthe rich sweet tenderloin of King Crab legs ~\nserved with lemon, drawn butter, & a baked\npotato\n\n% Pound MKT | Full Pound MKT\n\n4/8\n11/30/24, 12:16 PM\n\nMenus: Knight's Steakhouse Downtown Ann Arbor | Knight's Restaurants\n\nFAVORITES\n\nBABY BACK RIBS 27\nRubbed with a special blend of spices, slow\n\nroasted until fork tender, brushed with Sweet\n\nBaby Ray's barbecue sauce ~ served with French\nfries\n\nCAJUN CHICKEN ALFREDO 25\nAmish chicken tossed in a rich creamy Alfredo\n\nsauce with Cajun seasonings over Penne pasta ~\nserved with two toast points\n\nSubstitute jumbo shrimp for chicken N/C\n\nSIDES\n\n~Grilled Asparagus with Olive Oil, Lemon Juice,& 7\nParmesan\n\nPotatoes Au Gratin | Baked Potato 5\nRice Pilaf | Steamed Vegetables 4\nHouse-made Potato Chips 3\n~Truffle Fries w/ House Aioli 7\nYukon Mashed Potatoes 4\n\nROMESCO \"HANGER STEAK\"* 36\n8-9 oz. prized butcher cut, sliced, red pepper\nalmond Romesco sauce, Yukon gold potatoes,\ngrilled asparagus\n\nFrench Fries 4\n\n\"TREAT FOR THE KITCHEN CREW\" $10\n\n100% of this tip goes directly to our back of the\nhouse non-tipped kitchen employees. This idea\nwas recommended many years ago by the\nHammonds, two of our most cherished long-\ntime friends and customers. Thank you!\n\n+> CREDIT OR DEBIT SURCHARGE 3%\n3% surcharge will be applied for use of a debit or\ncredit card.\n\nKnight's Public Wi-FiSSID: Knights Restaurant Public WifiPW: knightsguest\n\nHouse Made Salad Dressings: Blue Cheese, Ranch, Firehouse, Honey Ale Mustard, Creamy Caesar, Balsamic\nVinaigrette\n\n* These items are cooked to order. The consumption of raw orundercooked meats, fish, eggs, or shellfish may\nincrease your risk offood-borne illness.\n\n(https://imenupro.com/)\n\nPOWERED BY iMENUPRO\n\nhttps://knightsrestaurants.com/downtown-menu\n\n5/8\n"
    },
    "Address": "600 E Liberty St, Ann Arbor, MI 48104",
    "GPS Coordinates": {
        "latitude": 42.2791591,
        "longitude": -83.74180679999999
    },
    "Phone Number": "(734) 887-6899",
    "Rating": 4.4,
    "Rating Summary": [
        {
            "stars": 1,
            "amount": 50
        },
        {
            "stars": 2,
            "amount": 51
        },
        {
            "stars": 3,
            "amount": 123
        },
        {
            "stars": 4,
            "amount": 347
        },
        {
            "stars": 5,
            "amount": 1139
        }
    ],
    "Opening Hours": [
        {
            "friday": "11:30\u202fAM\u201311\u202fPM"
        },
        {
            "saturday": "11\u202fAM\u201311\u202fPM"
        },
        {
            "sunday": "11\u202fAM\u201310\u202fPM"
        },
        {
            "monday": "Closed"
        },
        {
            "tuesday": "11:30\u202fAM\u201310\u202fPM"
        },
        {
            "wednesday": "11:30\u202fAM\u201310\u202fPM"
        },
        {
            "thursday": "11:30\u202fAM\u201310\u202fPM (Thanksgiving)"
        }
    ],
    "Description": "Old-school outfit serving a variety of steaks, seafood & burgers in a comfy setting with a full bar.",
    "Details": [
        {
            "highlights": [
                "Fast service",
                "Great dessert"
            ]
        },
        {
            "popular_for": [
                "Lunch",
                "Dinner",
                "Solo dining"
            ]
        },
        {
            "accessibility": [
                "Wheelchair accessible entrance",
                "Wheelchair accessible parking lot",
                "Wheelchair accessible restroom",
                "Wheelchair accessible seating"
            ]
        },
        {
            "offerings": [
                "Alcohol",
                "Beer",
                "Cocktails",
                "Coffee",
                "Comfort food",
                "Happy hour drinks",
                "Happy hour food",
                "Hard liquor",
                "Late-night food",
                "Vegetarian options",
                "Wine"
            ]
        },
        {
            "dining_options": [
                "Brunch",
                "Lunch",
                "Dinner",
                "Catering",
                "Dessert",
                "Seating"
            ]
        },
        {
            "amenities": [
                "Bar onsite",
                "Restroom"
            ]
        },
        {
            "atmosphere": [
                "Casual",
                "Cozy",
                "Trendy",
                "Upscale"
            ]
        },
        {
            "crowd": [
                "Groups",
                "LGBTQ+ friendly",
                "Tourists",
                "Transgender safespace"
            ]
        },
        {
            "planning": [
                "Dinner reservations recommended",
                "Accepts reservations"
            ]
        },
        {
            "payments": [
                "Credit cards",
                "Debit cards"
            ]
        },
        {
            "children": [
                "High chairs",
                "Kids' menu"
            ]
        },
        {
            "parking": [
                "Paid parking garage",
                "Paid parking lot",
                "Paid street parking",
                "Plenty of parking"
            ]
        }
    ],
    "User Reviews": {
        "summary": [
            {
                "snippet": "\"Nice people-watching from the window seats, tasty food\""
            },
            {
                "snippet": "\"All entrees were perfect, burger, prime rib, surf and turf, salmon and pasta.\""
            },
            {
                "snippet": "\"Good place; service and quality could be better especially for the price.\""
            }
        ],
        "most_relevant": [
            {
                "username": "Ahmed",
                "rating": 5,
                "contributor_id": "109902249534369525206",
                "description": "Good food, good service-\n\nOrdered a blackened salmon sandwich and honestly was pleasantly surprised. The salmon was just cooked to perfection, being charred and seasoned on the outside, but creamy all the way through. The side of mashed potatoes complemented the dish nicely.\n\nThe restaurant ambiance is pretty nice too. More of a pub-like feel, and definitely not filled with your typical college student crowd. Prices range hover in the medium range ($20-$30 for a meal), but can really get up there.\n\nEnjoyed dining here!",
                "link": "https://www.google.com/maps/reviews/data=!4m8!14m7!1m6!2m5!1sChdDSUhNMG9nS0VJQ0FnSUNuN01xNDV3RRAB!2m1!1s0x0:0x2b1ab3022dded358!3m1!1s2@1:CIHM0ogKEICAgICn7Mq45wE%7CCgwIiqrGtwYQ8IWI7gE%7C?hl=en-US",
                "images": [
                    {
                        "thumbnail": "https://lh5.googleusercontent.com/p/AF1QipNeYiyIL3pAlcFNLANUAKlTmERSJuYYB30iwdwM=w150-h150-k-no-p"
                    }
                ],
                "date": "a month ago"
            },
            {
                "username": "Evan boyd",
                "rating": 5,
                "contributor_id": "105833484926437529621",
                "description": "Wow. Packed house and was expecting a long wait for everything. Ethan knocked it out of the park with sincere efficiency. Good advice with our questions, was there are the right time - each time. Super impressed with every aspect of our meal that honestly would have settled for less since it was so busy. Way to go Ethan- please be sure to recognize him. Will recommend to others!",
                "link": "https://www.google.com/maps/reviews/data=!4m8!14m7!1m6!2m5!1sChZDSUhNMG9nS0VJQ0FnSUMzZ3RMQkh3EAE!2m1!1s0x0:0x2b1ab3022dded358!3m1!1s2@1:CIHM0ogKEICAgIC3gtLBHw%7CCgwI47KguQYQ4Kqs7gI%7C?hl=en-US",
                "images": [
                    {
                        "thumbnail": "https://lh5.googleusercontent.com/p/AF1QipOdMmo9bHR8prWGHQPhoJYwu4fICW2oEgpRQ779=w150-h150-k-no-p"
                    }
                ],
                "date": "2 weeks ago"
            },
            {
                "username": "Jacqueline M. Upshur",
                "rating": 5,
                "contributor_id": "103331377108837135559",
                "description": "Favorite burger in town. Juicy, perfectly cooked with saut\u00e9ed mushrooms and onions on a toasted brioche bun. Nice atmosphere. Bartenders are great and attentive.",
                "link": "https://www.google.com/maps/reviews/data=!4m8!14m7!1m6!2m5!1sChZDSUhNMG9nS0VJQ0FnSUNyZzZmWFZnEAE!2m1!1s0x0:0x2b1ab3022dded358!3m1!1s2@1:CIHM0ogKEICAgICrg6fXVg%7CCgwI7oG7tAYQoIL9mQI%7C?hl=en-US",
                "images": [
                    {
                        "thumbnail": "https://lh5.googleusercontent.com/p/AF1QipNXdWnHkQSovHzRF2L-GxWdzia0mWXvHI64l-5H=w150-h150-k-no-p"
                    },
                    {
                        "thumbnail": "https://lh5.googleusercontent.com/p/AF1QipNBDXiQuWQyi4llcDhFbqCqyv3YgMEloArXSRmP=w150-h150-k-no-p"
                    }
                ],
                "date": "4 months ago"
            },
            {
                "username": "Gurleen Kaur",
                "rating": 4,
                "contributor_id": "115510005265661826798",
                "description": "Such a cute place to eat in Ann Arbor! It seems great for families or a fancy meal. We got the Caesar salad, Canadian bacon soup, NY strip, and the southern burger. They were all really good, especially the soup and the steak! I will say I wasn\u2019t as big a fan of the veggies that came with the steak, it felt a little plain and the home made chips were a bit too hard for my taste but overall we have such a great experience! The meat was cooked to perfection and the service was fast and friendly. The atmosphere was great as well!",
                "link": "https://www.google.com/maps/reviews/data=!4m8!14m7!1m6!2m5!1sChZDSUhNMG9nS0VJQ0FnSURsbTRpNllBEAE!2m1!1s0x0:0x2b1ab3022dded358!3m1!1s2@1:CIHM0ogKEICAgIDlm4i6YA%7CCgwI3sK0qwYQ4OzP2wI%7C?hl=en-US",
                "images": [
                    {
                        "thumbnail": "https://lh5.googleusercontent.com/p/AF1QipMqE-ky2Dsecv_-gFFpnEtrxWf2-VpPX9FNmHTg=w150-h150-k-no-p"
                    },
                    {
                        "thumbnail": "https://lh5.googleusercontent.com/p/AF1QipNwcTXYUM7rxE377uETVKIe-mqUOf-LkTvcp2yT=w150-h150-k-no-p"
                    },
                    {
                        "thumbnail": "https://lh5.googleusercontent.com/p/AF1QipOP408Nu3Rjlo_gJu-VCdeoz-3R69oMI9vubUTk=w150-h150-k-no-p"
                    },
                    {
                        "thumbnail": "https://lh5.googleusercontent.com/p/AF1QipPSzFSE0v2PWmx0OiUXzBdsf50rAMHXKXWuHZ9C=w150-h150-k-no-p"
                    },
                    {
                        "thumbnail": "https://lh5.googleusercontent.com/p/AF1QipN3PfdSA_9_j2dgN_JqWg40rXj2d_nbjuhewQBx=w150-h150-k-no-p"
                    },
                    {
                        "thumbnail": "https://lh5.googleusercontent.com/p/AF1QipMWHR89P5mKYikIYP3BUBem84ArT5WauCZetDzH=w150-h150-k-no-p"
                    },
                    {
                        "thumbnail": "https://lh5.googleusercontent.com/p/AF1QipN_7XPDrAbXf5hx45buG_VFVzV-0Y2NY_TuwT1r=w150-h150-k-no-p"
                    }
                ],
                "date": "11 months ago"
            },
            {
                "username": "bon kas-mikha",
                "rating": 4,
                "contributor_id": "112956059978767548828",
                "description": "Had the filet steak bruchetta for appetizer.  The filet minon was very tender.  Temp was not hot. Would've tasted better if it was.  I had the lemon caper cod fish with vegetables and rice pilaf.  It wasn't very good but the waitress was very nice and did try resolve with an alternative.  By husband had the burger with chips he said was delicious. My son had the steak vodka penne and he loved it.  We all had the cream of potato which was tasty and creamy.  The creme brulee was good. Great atmosphere. Nice and bright in there.  Tvs to watch the game.  Great bar",
                "link": "https://www.google.com/maps/reviews/data=!4m8!14m7!1m6!2m5!1sChdDSUhNMG9nS0VJQ0FnSUNseEphTzdBRRAB!2m1!1s0x0:0x2b1ab3022dded358!3m1!1s2@1:CIHM0ogKEICAgIClxJaO7AE%7CCgYI8L3KtwY%7C?hl=en-US",
                "images": [
                    {
                        "thumbnail": "https://lh5.googleusercontent.com/p/AF1QipMCBDDCuXgRtuuDtWDJ3e6P8LzQo7DI80x8pcz_=w150-h150-k-no-p"
                    },
                    {
                        "thumbnail": "https://lh5.googleusercontent.com/p/AF1QipO5sLICd9PUPH76BwHG830sHAiypmc-mHc5jYiI=w150-h150-k-no-p"
                    },
                    {
                        "thumbnail": "https://lh5.googleusercontent.com/p/AF1QipPBB8lRv9GRl-RfLX4Oh4AKjtdMIyMsx2Z8pzwB=w150-h150-k-no-p"
                    },
                    {
                        "thumbnail": "https://lh5.googleusercontent.com/p/AF1QipN_VNIr-PxtBp90S7jEXmYoNWtOAu33vI8cCu5F=w150-h150-k-no-p"
                    },
                    {
                        "thumbnail": "https://lh5.googleusercontent.com/p/AF1QipPhTdaVcXQbb1oqn-yvcu4G09okc8VwjIwxeE9b=w150-h150-k-no-p"
                    }
                ],
                "date": "a month ago"
            },
            {
                "username": "Linda Monroe",
                "rating": 5,
                "contributor_id": "104455657888720686324",
                "description": "I was really pleased with this steakhouse. I wanted a great steak at a lower price point and they did not disappoint. The waitress even cut my steak as I have a broken wrist.",
                "link": "https://www.google.com/maps/reviews/data=!4m8!14m7!1m6!2m5!1sChdDSUhNMG9nS0VJQ0FnSUQ3ejlxaWhRRRAB!2m1!1s0x0:0x2b1ab3022dded358!3m1!1s2@1:CIHM0ogKEICAgID7z9qihQE%7CCgwI59rWuAYQgNTn9QI%7C?hl=en-US",
                "images": [
                    {
                        "thumbnail": "https://lh5.googleusercontent.com/p/AF1QipPFE7ei0Km5J1OGa67F6tX0uhsXkwO4D8f3q0Mr=w150-h150-k-no-p"
                    },
                    {
                        "thumbnail": "https://lh5.googleusercontent.com/p/AF1QipOPVQOyjx8fAMdyqBo3ubV6xwM0TXN5jduws5OJ=w150-h150-k-no-p"
                    },
                    {
                        "thumbnail": "https://lh5.googleusercontent.com/p/AF1QipOvkkXzrM9la2pH39ut0HZVeV81hZ42-LVdnXO1=w150-h150-k-no-p"
                    },
                    {
                        "thumbnail": "https://lh5.googleusercontent.com/p/AF1QipP7f83IS0rSbElmS7XxFJTjb9_WDj-D9N7Yw6Tu=w150-h150-k-no-p"
                    },
                    {
                        "thumbnail": "https://lh5.googleusercontent.com/p/AF1QipP1Bt2OwWEnj_LvnxPO1k43wETwqh9Cq4RJnCG1=w150-h150-k-no-p"
                    }
                ],
                "date": "a month ago"
            },
            {
                "username": "Gilbert Grape",
                "rating": 1,
                "contributor_id": "116617372698664670924",
                "description": "Wanted a perfect night out as always but tonight was a particularly important night so it would have been real nice. Had a reservation and was seated right away, in the middle of two aisle ways. Plenty of open tables, you would think this spot would have been a last sat section type of area, nope, right away place is wide open. People flying by both sides of us the whole time. Server was on point besides lying to us about the asparagus, said they were skinny like my pinky no bigger I said great I don't like it when they are as big as my thumb. He wasn't right though because what do we get, large asparagus one of which bigger than my thumb! This stuff was so hard you could only eat the top 3rd of it at most and not seasoned at all not even a hint of something. Ordered our bourbon butter hanger steak medium rare came out rare, the 5 slices there was. Had to get what sauce we could before it was a bloody mess. Steak came out all cut up also can't stand that. It should have been sent back right away and we didn't. Still can't believe this. I can do rare, wife can't so was trying to give her the more done outside bit. So I bought better looking asparagus at Kroger for 99 cents a bunch and I know how to season and marinade it I'll actually include a pic of that.. Expected for $34 theirs would be better... Yeah $34 for 5 slices of steak and 5 asparagus, ridiculous. Don't know where the Yukon gold potatoes were. The ceaser salads we ordered had practically no dressing on them. We got a bread basket about halfway through our stay, was a surprise and would have been nice if it was brought out like 30 minutes earlier... What a mess, server kept telling us he could have a manager come over and it's like no that's not what we want, if you can't handle it I'm not going to make a scene. And since he wasn't going to just bring something I did tell him while my wife was in the restroom that if he could bring us a dessert that would be real nice since it was our anniversary.. Oh and not sure why the table was covered in lint or dust but it was all over it that and salt. Can see in the one pics. Beast steak knives here and they do have Eagle Rare 10 year, $14 a hit though, kinda steep for something that's $37 a bottle and they don't have the right ice here either. No big round or square, so no old fashioned. Who wants an old fashioned with a bunch of little ice cubes.",
                "link": "https://www.google.com/maps/reviews/data=!4m8!14m7!1m6!2m5!1sChdDSUhNMG9nS0VJQ0FnSUQ5ODd2MW1RRRAB!2m1!1s0x0:0x2b1ab3022dded358!3m1!1s2@1:CIHM0ogKEICAgID987v1mQE%7CCgwI9b_4rwYQ4LjKmgM%7C?hl=en-US",
                "images": [
                    {
                        "thumbnail": "https://lh5.googleusercontent.com/p/AF1QipPq6FxBySyifzNunJJKVTg5Q2VLHC7tyfd71pu7=w150-h150-k-no-p"
                    },
                    {
                        "thumbnail": "https://lh5.googleusercontent.com/p/AF1QipMBWLY7xN4d67-iF7IigagPqPc0nDHE1Of6BsgE=w150-h150-k-no-p"
                    },
                    {
                        "thumbnail": "https://lh5.googleusercontent.com/p/AF1QipPTS4TNNG2Km6fAIhSzmKgBuY3HCZ-lvj9OEzGZ=w150-h150-k-no-p"
                    },
                    {
                        "thumbnail": "https://lh5.googleusercontent.com/p/AF1QipOgnzrv8gY2EkZYgJuzlISZzziApdEXAVT0_FHZ=w150-h150-k-no-p"
                    },
                    {
                        "thumbnail": "https://lh5.googleusercontent.com/p/AF1QipMVGpE1YXsphe2_g1eJqf_kwInjmrvExwJ3v7tX=w150-h150-k-no-p"
                    },
                    {
                        "thumbnail": "https://lh5.googleusercontent.com/p/AF1QipNloUmvqIbO5LN79h3lOsoACu3Yc4N8P_I9V6lN=w150-h150-k-no-p"
                    },
                    {
                        "thumbnail": "https://lh5.googleusercontent.com/p/AF1QipOHA5yeR3Ez3t3Eb5HZeqmgUYHB4BiOg8yhvFOU=w150-h150-k-no-p"
                    },
                    {
                        "thumbnail": "https://lh5.googleusercontent.com/p/AF1QipNQegoYBdVLcrgifYL-SJ--OArfuUkng_7jOvOK=w150-h150-k-no-p"
                    },
                    {
                        "thumbnail": "https://lh5.googleusercontent.com/p/AF1QipPkc7U7pPtU0QkG-Z5AmlAidGiTZxTbgSAkQ052=w150-h150-k-no-p"
                    },
                    {
                        "thumbnail": "https://lh5.googleusercontent.com/p/AF1QipP3VOAIXmgqwFYJCLdHL9CS2HCLanqzeMRRIThJ=w150-h150-k-no-p"
                    },
                    {
                        "thumbnail": "https://lh5.googleusercontent.com/p/AF1QipNmJ_xOGbGT-pAQxEClsO96HXCFcCey2yXWmUhU=w150-h150-k-no-p"
                    },
                    {
                        "thumbnail": "https://lh5.googleusercontent.com/p/AF1QipO9nSAEw5GbHhSf8ejiX_nQMEpQeC8rUFGcFQ4D=w150-h150-k-no-p"
                    },
                    {
                        "thumbnail": "https://lh5.googleusercontent.com/p/AF1QipMdiZSlq1e3oilsCqhxUCT4u_PgG_qGu3tEkAj-=w150-h150-k-no-p"
                    },
                    {
                        "thumbnail": "https://lh5.googleusercontent.com/p/AF1QipOngAOUIsX9WFX7Y6xfIXeVCfjj3k83TFamlexc=w150-h150-k-no-p"
                    },
                    {
                        "thumbnail": "https://lh5.googleusercontent.com/p/AF1QipPjPXNQjinQYVpHLkppQ_ZmYYn7rZKuyPIe018Y=w150-h150-k-no-p"
                    },
                    {
                        "thumbnail": "https://lh5.googleusercontent.com/p/AF1QipNTeYKRkGKdHnFtclAQqWUOgwRe67-00WUsMEjI=w150-h150-k-no-p"
                    },
                    {
                        "thumbnail": "https://lh5.googleusercontent.com/p/AF1QipP4Ur5RPMh1pzMSnEULCOeZx5WiAN5RRHEgf7Gl=w150-h150-k-no-p"
                    },
                    {
                        "thumbnail": "https://lh5.googleusercontent.com/p/AF1QipP-QRgpOQMtpDxWqMqGFpGfHwX3s04i5I0WVp1w=w150-h150-k-no-p"
                    },
                    {
                        "thumbnail": "https://lh5.googleusercontent.com/p/AF1QipNU5lOGMl13_cHLlqrnjC2t9-yiOFuWkUMi3D21=w150-h150-k-no-p"
                    },
                    {
                        "thumbnail": "https://lh5.googleusercontent.com/p/AF1QipPNp2ZVsvqVqNg6GMSvn8ldirNW2XBbl4GJY4gb=w150-h150-k-no-p"
                    },
                    {
                        "thumbnail": "https://lh5.googleusercontent.com/p/AF1QipNaxNK2ZjMMo5g4yJKiCaXcTfJH8Fm1z4i8afsa=w150-h150-k-no-p"
                    },
                    {
                        "thumbnail": "https://lh5.googleusercontent.com/p/AF1QipO1X_io3DP-M09yEGG5doi5ducl6-4hLEEf-FXM=w150-h150-k-no-p"
                    },
                    {
                        "thumbnail": "https://lh5.googleusercontent.com/p/AF1QipMwgxcbNr5O7otZ3OJ6YGA7tk7ygJlPaSjMUDKx=w150-h150-k-no-p"
                    },
                    {
                        "thumbnail": "https://lh5.googleusercontent.com/p/AF1QipN9QpU4SvldmZkOueZULY1b3aW-CCiL9naCITxW=w150-h150-k-no-p"
                    },
                    {
                        "thumbnail": "https://lh5.googleusercontent.com/p/AF1QipMYbZmZf-DqBSJbgO_BSA8iVDFJ7uFs9--17fHi=w150-h150-k-no-p"
                    },
                    {
                        "thumbnail": "https://lh5.googleusercontent.com/p/AF1QipMhAkoxirgN19AfqaZr8nMk_C8ssQGvdCkZtvT5=w150-h150-k-no-p"
                    },
                    {
                        "thumbnail": "https://lh5.googleusercontent.com/p/AF1QipP95C3vp7y7hgi7DKyW3iijCLuYJqn1T6QLEd94=w150-h150-k-no-p"
                    },
                    {
                        "thumbnail": "https://lh5.googleusercontent.com/p/AF1QipM3RktJRnQuZGeYrS9VjyiL-kMkCBntQs8k1kev=w150-h150-k-no-p"
                    },
                    {
                        "thumbnail": "https://lh5.googleusercontent.com/p/AF1QipNAuN5-xl9xEUYKPOI_Qb6fRVRKxA2OmVbJNCTo=w150-h150-k-no-p"
                    },
                    {
                        "thumbnail": "https://lh5.googleusercontent.com/p/AF1QipOaYS0vO8tUGjVlFrJVVHKw_22ttdT7q67dm28Z=w150-h150-k-no-p"
                    },
                    {
                        "thumbnail": "https://lh5.googleusercontent.com/p/AF1QipO0GBZ-goYVt-LCqzAWo7DxXBlkITiC4d-h6btk=w150-h150-k-no-p"
                    },
                    {
                        "thumbnail": "https://lh5.googleusercontent.com/p/AF1QipPyHkbnMI_w8VmzLUTVMFLIQbgIrScfEt7llFih=w150-h150-k-no-p"
                    },
                    {
                        "thumbnail": "https://lh5.googleusercontent.com/p/AF1QipMCJFlzrQlh4H-OzL-CSllF83OX686g8vc1uolL=w150-h150-k-no-p"
                    }
                ],
                "date": "7 months ago"
            },
            {
                "username": "Jackie Rodriguez",
                "rating": 5,
                "contributor_id": "113014348286078656896",
                "description": "They have an amazing brunch menu, I had the hashed steak with potatoes and it was sooo good!",
                "link": "https://www.google.com/maps/reviews/data=!4m8!14m7!1m6!2m5!1sChdDSUhNMG9nS0VJQ0FnSUQ3dWVPa253RRAB!2m1!1s0x0:0x2b1ab3022dded358!3m1!1s2@1:CIHM0ogKEICAgID7ueOknwE%7CCgsIt4GwtgYQ8I_MdQ%7C?hl=en-US",
                "images": [
                    {
                        "thumbnail": "https://lh5.googleusercontent.com/p/AF1QipOtjzteQa1iw6_IeRB7zRKFxHyThH-CCtjVbTnH=w150-h150-k-no-p"
                    },
                    {
                        "thumbnail": "https://lh5.googleusercontent.com/p/AF1QipMbJ65rKuwNcTxrJxovONA_NYkOyAlt-4SNjyiB=w150-h150-k-no-p"
                    },
                    {
                        "thumbnail": "https://lh5.googleusercontent.com/p/AF1QipMkJ8D9NO8BPCRv5OND9FAtJvkNYpnxGtez4XNt=w150-h150-k-no-p"
                    },
                    {
                        "thumbnail": "https://lh5.googleusercontent.com/p/AF1QipPOujYlYh1f9Vgb-0-MzFFTETU83elOrOgCQPxY=w150-h150-k-no-p"
                    },
                    {
                        "thumbnail": "https://lh5.googleusercontent.com/p/AF1QipMc0T-byoOb0zwRg0cUM3esV8m9gqUJ_D4XYerX=w150-h150-k-no-p"
                    }
                ],
                "date": "2 months ago"
            }
        ]
    },
    "Services": {
        "dine_in": true,
        "takeout": true,
        "delivery": true
    }
}