{
    "docid": 2,
    "Title": "Mani Osteria and Bar",
    "Price": [],
    "Place ID": "ChIJZZG58j6uPIgR1ohn-NPf_Jw",
    "Type ID": [],
    "Type": [
        "Italian restaurant",
        "Bar",
        "Pizza restaurant"
    ],
    "Menu": {
        "link": "http://mani-a2.com/",
        "source": "mani-a2.com",
        "items": "MANI\n\nOSTERIA & BAR\n\nMANI-A2.COM @MANI_OSTERIA @MANIOSTERIABAR\n\nPLEASE INFORM YOUR SERVER ABOUT ANY ALLERGIES OR DIETARY RESTRICTIONS,\nAS MENU ITEMS MAY CONTAIN INGREDIENTS THAT ARE NOT LISTED.\n\nSPUNTINI & PANE\n\nHOUSEMADE FOCACCIA 10\n\nrosemary, sea salt, honey butter\n\nextra virgin olive oil\n\nDAILY TOAST 10\n\nprosciutto, roasted garlic cream\n\ncheese, basil, aged balsamic\n\nARANCINI 12\n\ntomato, basil, mozzarella, romesco\u2019\n\n\u2018contains almonds\n\nPICKLED TOMATOES 15\n\nwhipped ricotta, tapenade, crostini\n\nFRITTI 12\n\ncrostini\n\nANTIPASTI\n\nartichoke heart, lemon aioli\n\nSHRIMP SCAMPI 18\nlemon, calabrian chili, garlic,\n\nROASTED CARROTS 13\nbourbon agrodolce,\nwhipped ricotta, walnut\n\nCREAMY POLENTA 18\nshort rib ragu, mushroom,\nchive\n\nCALAMARI 16\nspicy tomato sauce,\nlemon aioli\n\nISABEL\u2019S MEATBALLS 15\nbeef, pork, tomato,\nbasil, crostini\n\nROASTED MUSHROOMS 12\nbutton, garlic, parsley\n\npine nut,\n\nBURRATA & BEETS 17\norange, pistachio,\nchardonnay vinaigrette, mint\n\nZUPPE & INSALATE\n\nSPRING PEA SOUP 9\n\ngreen apple, mint, cr\u00e9me fraiche,\n\nbreadcrumb\n\nARUGULA SALAD 15\n\nmushroom, crispy shallot,\nparmesan, lemon vinaigrette\nADD: artichoke 3, prosciutto 4\n\nCAESAR SALAD 16\nlittle gem, crouton, parmesan\nADD: white anchovy 2\n\nWOOD-FIRED PIZZA\n\nPEPPERONI 19\nmozzarella, oregano,\nchili flake\n\nMARGHERITA 17\nfior di latte,\nsan marzano tomato, basil\n\nRED ONION & PISTACHIO 21\ngoat cheese, rosemary\ngarlic cream, chili flake\n\nSUPREME 22\n\nmozzarella, bell pepper,\nmushroom, sausage, pepperoni,\nred onion\n\nCIPOLLINI 20\nprovolone, roasted arugula,\nbacon, balsamic, chili flake\n\nARUGULA & PROSCIUTTO 22\nmozzarella, ligurian olive oil,\nsea salt\n\nNOTICE: ASK YOUR SERVER ABOUT MENU ITEMS THAT ARE COOKED TO ORDER OR SERVED RAW. CONSUMING RAW OR UNDERCOOKED MEATS,\n\nTARTUFO 23\nforest mushroom, fontina,\nthyme, black truffle, egg\n\nPUTTANESCA 18\n\ncalabrian chili, oven roasted\ntomato, olive, red onion,\nparmesan\n\nSAUSAGE & PEPPERS 20\nsmoked mozzarella, peperonata,\nlong hot pesto, basil\n\nPIZZA ADDITIONS <\n\nFRIED EGG 3\nBURRATA 6\n\nWHITE ANCHOVY 4\nPROSCIUTTO 6\nFOREST MUSHROOM 2\nPESTO 3\n\nPOULTRY, SEAFOOD, SHELLFISH, OR EGGS MAY INCREASE YOUR RISK OF FOODBORN ILLNESS.\n\nHANDCRAFTED PASTA\n\nBOLOGNESE 21\npappardelle, basil, breadcrumb\n\nPESTO & POMODORO 17\ncasarecce, parmesan, basil\n\nTOMATO VODKA 29\nrigatoni, calabrian chili\n\nPARM\n\nCHICKEN PARM 25\nspaghetti, tomato, mozzarella\n\nEGGPLANT PARM 21\nspaghetti, spicy pomodoro,\nmozzarella, basil\n\n18% GRATUITY MAY BE ADDED\nTO PARTIES OF 7 OR MORE.\nBEVERAGE\n\nCOCKTAILS SANGRIA 8/27\nSPRITZ 12 RED\naperol, prosecco, red wine, brandy, fresh fruit\nblood orange cube HOUSE NEGRONI 12 .\norange infused gin, campari,\nDOLCE VITA 1 sweet vermouth WHITE\n0 aa kb 3 ; white wine, brandy, fresh fruit\ngin, ackberry, ginger,\nprosecco STRAWBERRY &\nBALSAMIC NEGRONI 12\nLIFE IS BEAUTIFUL 13 gin, strawberry aperol,\nabsolut citron, blueberries, sweet vermouth, balsamic COTTIER OLU LCE CLUE UE COLL COECLOE ULC ECE CO\nmint pearls\nCOSMO\u2019S MOON 14 \u00b0.\nvalentine white blossom, A2 ESPRESSO MARTINI 14 0% ABV\nwater hill cranberry, roos roast, spauldings coffee\ncitrus, thyme liqueur, cream \u00b0 PROOF SPRITZ 11\nyre\u2019s italian spritz,\nNIGHTS OF CABIRIA 13 THE BOSS\u2019 SOUR 13 bost, orange\nprairie organic gin, amaretto, bulleit rye, @ PROOF\nlderfl ; ber, basil i i\nelderflower, cucumber asi egg white, lemon, bitters LIFE IS BEAUTIFUL 11\nseedlip grove, blueberry,\nTT lemon, mint\nUNTITLED ART, JUICY IPA 6\nnon-alcoholic juicy ipa,\nBEER WI, USA <.05%\nROTATIN DRAFT\n0 G S @ UNTITLED ART,\nMiv= MOTHFIRE, SEASONAL ARBOR BREWING COMPANY, ITALIAN PILSNER 6\nA2 SELECTION TROPI TANGO non-alcoholic italian\n120z ann arbor, MI, USA juicy ipa, ann arbor, MI, USA pilsner, WI, USA <.@5%\n6.2%\nBELL\u2019S, OBERON LAGUNITAS,\namerican wheat ale, comstock, NORTH PEAK, SIREN ; HOPPY REFRESHER 6\nMI, USA 5.8% amber ale, traverse city, MI, sparkling hop water\nUSA 5%\nBELL\u2019S, LAGER\nFOR THE LAKES BL@M MEADWORKS,\namerican lager, comstock, MI, PEAR GINGER eee ee UUUUUUU CUCU CUCU CUCU UCU UUOCUULUCUUCCUULUULLE\nUSA 4.8% michigan cider with pear &\nginger, ann arbor, MI, USA 5.7%\nBELL'S, TWO HEARTED BLAKE\u2019S, PEACH PARTY\namerican ipa, comstock, MI, \u2019\nUSA 7% michigan cider with peach & SOFT DRINKS\nblackberry, armada, MI, USA\nPERRIN, BLACK 6.5% HOUSE GINGER BEER 5\nblack ale, comstock park,\nI 5.8% HOUSE STRAWBERRY MINT\n\nLEMONADE 6\n\nBOTTLES & CANS SAN PELLEGRINO (SPARKLING) 6\n\nBUDWEISER 5 STILLWATER, INSETTO 7\ndry-hopped sour with italian ACQUA PANNA (STILL) 6\n\nBUD LIGHT 5 plum, MD, USA 5%\n\nPERONI, NASTRO AZZURRO 7 SAN PELLEGRINO SODA S\n\n\u2019 EVIL TWIN . .\n\n11.207 italian lager, IT 5.1% IMPERTAL BISCOTTI BREAK 8 limonata | aranciata | pompelmo\nimperial stout with coffee,\n\nTRE FONTANE, TRIPEL 10 almond & vanilla, NY, USA FAYGO S\n\nbirra trappista, IT 8.5% 11.5% (1602) , > red pop | root beer | rock & rye\n\n3 FLOYDS, GUMBALLHEAD 6 SPRECHER, ROOT BEER 6 ft\n\namerican wheat ale, IN, USA\n\n5.6%\n\nMANI\n\nWINE OSTERIA & BAR\nTEE\nro\nSPARKLING y 1 ROSE i 1 SANGRIA 8/27\nBRUT ROSE BARBERA RED\nL. Mawby \u201cSex\u201d Chiaretto Monferrato red wine, brandy, fresh fruit\nLeelanau, MI, US 11/44 Piedmont, IT 2020 11/44 ; ,\nPROSECCO GRENACHE/CINSAULT WHITE . .\nGiuseppe Savini \u201cLelle\u201d Chateau Des Annibals white wine, brandy, fresh fruit\nSpumante Extra Dry Abruzzo, IT 11/44 Provence, FR 2022 13/55\nCHARDONNAY/PINOT NOIR\nSeer enone anne NV 2/51 TUTTE ee\nru uquerque, ; 1\nCHARDONNAY/PINOT NOIR\nRoederer Estate NV RED \u2019 1 1\nAnderson Valley, CA, US 14/60\nPINOT NOIR/CHARDONNAY PINOT NOIR BARBERA D\u2019ASTI\nSchramsberg Domaine Arnoux Elio Perrone Tasmorcan\nBrut Ros\u00e9 Calistoga, CA, US 2019 75 Burgundy, FR 2020 14/57 Piedmont, IT 2020 4\nPINOT NOIR/CHARDONNAY SANGIOVESE GRENACHE/SYRAH\nVeuve Clicquot Brut Grati Chianti, Signature by La Font Du Loup\nChampagne, FR 95 Tuscany, IT 2021 9/35 C\u00e9tes du Rh\u00e9ne, FR 2021 wy\nTee PINOT NOTR MONTEPULCIANO\nBae nun Valley Savini Riserva, Abruzzo, IT 2017 55\nCA, US 2018 13/55 MERLOT\nWHITE I l NEBBIOLO/BARBERA Barnard Griffin\nPINOT GRIGIO anghe O/B: Columbia Valley, WA, US 2019 57\nEl Walch Alto Adi IT 2021 11/44 Piedmont, IT 2021 11/44\nena mare 0 nerge / / PINOT NOIR\nAdelsheim\nFIANO/GRECO MONTEPULICIANO Willamette Valley, OR, US 2021 59\nA Mano Puglia, IT 2021 9/35 Lucanto Abruzzo, IT 2019 12/51\nry GRENACHE\nALBARINO SANGIOVESE 5\nColumna Rias Baixas, SP 2021 12/51 Dievole Chianti Classico mone. eee coarse EPS\nTuscany, IT 2019 12/51 ,\nDRY RIESLING\nBlack Star Farms CABERNET/PETIT VERDOT SANGIOVESE/CABERNET FRANC\nLeelanau, MI, US 2021 13/55 Monteti \u201cSuper Tuscan\u201d Terricci \u201cSuper Tuscan\u201d\nTuscany, IT 2017 16/68 Tuscany, IT 2013 68\nFALANGHINA\nEt\u00e9l Campania, IT 2021 12/51 CABERNET SAUVIGNON NEBBIOLO sanole. ty pour ae\nPoe Ultraviolet everdito barolo,\nSanya eNoN BLANC Napa Valley, CA, US 2021 13/55\narc Plouzeau NEBBIOLO\nLoire Valley, FR 2021 1e/4e CABERNET SAUVIGNON Pio Cesare Barolo, IT 2018 115\nCHARDONNAY Rutherford Ranch\n\u201cThe Calling\u201d Napa Valley, CA, US 2019 16/68 MERLOT/CABERNET/PETIT VERDOT\nRussian River Valley, Il Fauno \u201cSuper Tuscan\u201d\nCA, US 2020 16/68 MERLOT/CABERNET SAUVIGNON Tuscany, IT 2019 68\nCaburnio Tuscany, IT 2016 11/44\nCHARDONNAY MERLOT/CABERNET SAUVIGNON\nBramito Della Sala MALBEC Chateau La Tour De Bessan\nUmbria, IT 2020 12/51 Domaine Bousquet Virgen Margaux, Bordeaux, FR 2018 71\nMendoza, AR 2021 11/44\nLATE HARVEST RIESLING CABERNET SAUVIGNON\nBlack Star Farms Hoopes Napa, CA, US 2018 89\nLeelanau, MI, US 2021 13/55\nVERMENTINO/SAUVIGNON BLANC ZINFANDEL\nCampo alla Casa Turley Napa Vally CA, US 2020 65\nTuscany, IT 2020 13/55\nTEE\n"
    },
    "Address": "341 E Liberty St, Ann Arbor, MI 48104",
    "GPS Coordinates": {
        "latitude": 42.279587,
        "longitude": -83.7442246
    },
    "Phone Number": "(734) 769-6700",
    "Rating": 4.5,
    "Rating Summary": [
        {
            "stars": 1,
            "amount": 45
        },
        {
            "stars": 2,
            "amount": 35
        },
        {
            "stars": 3,
            "amount": 84
        },
        {
            "stars": 4,
            "amount": 325
        },
        {
            "stars": 5,
            "amount": 1113
        }
    ],
    "Opening Hours": [
        {
            "friday": "12\u201310\u202fPM"
        },
        {
            "saturday": "12\u201310\u202fPM"
        },
        {
            "sunday": "12\u20139\u202fPM"
        },
        {
            "monday": "Closed"
        },
        {
            "tuesday": "4\u201310\u202fPM"
        },
        {
            "wednesday": "4\u201310\u202fPM"
        },
        {
            "thursday": "Closed (Thanksgiving)"
        }
    ],
    "Description": "Wood-oven pizza & Italian small plates plus bar with old-world wines & local beer in an open setup.",
    "Details": [
        {
            "highlights": [
                "Fast service",
                "Great dessert"
            ]
        },
        {
            "popular_for": [
                "Lunch",
                "Dinner",
                "Solo dining"
            ]
        },
        {
            "accessibility": [
                "Wheelchair accessible entrance",
                "Wheelchair accessible restroom",
                "Wheelchair accessible seating"
            ]
        },
        {
            "offerings": [
                "Alcohol",
                "Beer",
                "Cocktails",
                "Coffee",
                "Comfort food",
                "Happy hour drinks",
                "Happy hour food",
                "Hard liquor",
                "Healthy options",
                "Late-night food",
                "Small plates",
                "Vegetarian options",
                "Wine"
            ]
        },
        {
            "dining_options": [
                "Brunch",
                "Lunch",
                "Dinner",
                "Dessert",
                "Seating"
            ]
        },
        {
            "amenities": [
                "Bar onsite",
                "Restroom",
                "Wi-Fi",
                "Free Wi-Fi"
            ]
        },
        {
            "atmosphere": [
                "Casual",
                "Cozy",
                "Romantic",
                "Trendy",
                "Upscale"
            ]
        },
        {
            "crowd": [
                "College students",
                "Family-friendly",
                "Groups",
                "LGBTQ+ friendly",
                "Tourists",
                "Transgender safespace"
            ]
        },
        {
            "planning": [
                "Dinner reservations recommended",
                "Accepts reservations",
                "Usually a wait"
            ]
        },
        {
            "payments": [
                "Credit cards",
                "Debit cards"
            ]
        },
        {
            "children": [
                "High chairs",
                "Kids' menu"
            ]
        },
        {
            "parking": [
                "Free street parking",
                "Paid parking garage",
                "Paid street parking",
                "Somewhat difficult to find a space"
            ]
        }
    ],
    "User Reviews": {
        "summary": [
            {
                "snippet": "\"The dish comes with a bed of beans cooked with bacon - very flavorful.\""
            },
            {
                "snippet": "\"Service is great and prices go according with the quality of food/service.\""
            },
            {
                "snippet": "\"Yummy pizza and pasta but the real great stuff are the appetizers in my opinion.\""
            }
        ],
        "most_relevant": [
            {
                "username": "Prasanth Ganesan",
                "rating": 4,
                "contributor_id": "111227196604666105014",
                "description": "Good variety of elevated dishes that had their own unique flavor. Definitely one of the better Italian restaurants in Ann Arbor. Their bread had a delicious compound butter dip (seen in picture). Great place to go for a celebration.",
                "link": "https://www.google.com/maps/reviews/data=!4m8!14m7!1m6!2m5!1sChdDSUhNMG9nS0VJQ0FnSURyNTRxVWpRRRAB!2m1!1s0x0:0x9cfcdfd3f86788d6!3m1!1s2@1:CIHM0ogKEICAgIDr54qUjQE%7CCgwIq4nxtAYQsNu3ugM%7C?hl=en-US",
                "images": [
                    {
                        "thumbnail": "https://lh5.googleusercontent.com/p/AF1QipMWejMYV13_Ixlk9gpBS-_GdzBS2fmYv6yiBtyE=w150-h150-k-no-p"
                    },
                    {
                        "thumbnail": "https://lh5.googleusercontent.com/p/AF1QipPsiT1D6nnJ-6izJA9STN2ICIo14aB_7vBbI6Sz=w150-h150-k-no-p"
                    },
                    {
                        "thumbnail": "https://lh5.googleusercontent.com/p/AF1QipPC191nH05xYb1ptzIrtpvMHV84igyQTVs3fDvC=w150-h150-k-no-p"
                    },
                    {
                        "thumbnail": "https://lh5.googleusercontent.com/p/AF1QipPJtI9NBsypa6jA22RelOIyU4PPSJ-CYCYKNaBE=w150-h150-k-no-p"
                    }
                ],
                "date": "4 months ago"
            },
            {
                "username": "Greg S",
                "rating": 5,
                "contributor_id": "117642393292032339942",
                "description": "This place exceeded our expectations. It is spacious, with tables both indoors and outside, well trained staff, and real wood ovens firing within view. Very comfy! We ordered shrimp scampi (6 large shrimp, $18) and pizza with red onions, pistachios, and goat cheese. Pizza was thin-crust, baked just perfectly, cut in 6 large slices, well enough for 2 people ($18). For dessert, we had cannolis (3 with different fillings, $7) and coffee (free, a nice surprise!). The restaurant is in a nice neighborhood. Street parking is available nearby, free after 6pm and on Sundays.",
                "link": "https://www.google.com/maps/reviews/data=!4m8!14m7!1m6!2m5!1sChdDSUhNMG9nS0VJQ0FnSUNicXVDWi1BRRAB!2m1!1s0x0:0x9cfcdfd3f86788d6!3m1!1s2@1:CIHM0ogKEICAgICbquCZ-AE%7CCgwIibmKtQYQiNvDygM%7C?hl=en-US",
                "images": [
                    {
                        "thumbnail": "https://lh5.googleusercontent.com/p/AF1QipOIXsH208RLxqLgvXFxHDSY1bjIMCNRfkJDjD1Y=w150-h150-k-no-p"
                    },
                    {
                        "thumbnail": "https://lh5.googleusercontent.com/p/AF1QipNWbuUcoBxIa4aqFlLRpTEE-hmmBqXww3EZFG8W=w150-h150-k-no-p"
                    },
                    {
                        "thumbnail": "https://lh5.googleusercontent.com/p/AF1QipMC8rGFOsFy745CfvPb3JH29krITwoqGk93vqkw=w150-h150-k-no-p"
                    },
                    {
                        "thumbnail": "https://lh5.googleusercontent.com/p/AF1QipNgHgHJu8vhJV-d6uGOr3H0E1NEBxwqLUOA8BsG=w150-h150-k-no-p"
                    },
                    {
                        "thumbnail": "https://lh5.googleusercontent.com/p/AF1QipPXjSgVOxi4UbK-SVnkLa6q_AqocgT5bLjtJt-b=w150-h150-k-no-p"
                    }
                ],
                "date": "3 months ago"
            },
            {
                "username": "S Singh",
                "rating": 4,
                "contributor_id": "102419840471453034092",
                "description": "I had a wonderful experience at MANI Osteria in Ann Arbor! Despite being crazy busy, they got the food out on time, and our server Emma was outstanding. She was so pleasant and awesome, making the whole experience even better. If I lived here, I'd definitely be a regular. Maybe next year! \ud83c\udf55 #GreatService #DeliciousFood #AnnArbor",
                "link": "https://www.google.com/maps/reviews/data=!4m8!14m7!1m6!2m5!1sChZDSUhNMG9nS0VJQ0FnSUNib2F1WkVREAE!2m1!1s0x0:0x9cfcdfd3f86788d6!3m1!1s2@1:CIHM0ogKEICAgICboauZEQ%7CCgwItq2WtQYQ0JrkkgE%7C?hl=en-US",
                "images": [
                    {
                        "thumbnail": "https://lh5.googleusercontent.com/p/AF1QipPbCWKGV_ce1nVPVAc069E7KbUZxSBKvgijvSBv=w150-h150-k-no-p"
                    },
                    {
                        "thumbnail": "https://lh5.googleusercontent.com/p/AF1QipPa-nQ9o5QyvmDmVRh8O_tn5XaeypJ3hLHUV8Yq=w150-h150-k-no-p"
                    },
                    {
                        "thumbnail": "https://lh5.googleusercontent.com/p/AF1QipPMhhKQxwSJ1dva2HOFg3rNp4uefRVMf23tfjlL=w150-h150-k-no-p"
                    },
                    {
                        "thumbnail": "https://lh5.googleusercontent.com/p/AF1QipNeVU1rtTA5de9xeA6oYlhaAzf1GOjru4M6qOh_=w150-h150-k-no-p"
                    },
                    {
                        "thumbnail": "https://lh5.googleusercontent.com/p/AF1QipMplKMFrvR215eYA8HhxyOgYmntff86R-NcVj0-=w150-h150-k-no-p"
                    },
                    {
                        "thumbnail": "https://lh5.googleusercontent.com/p/AF1QipOaC0tByCM541drRo2WvT_Z5lnTPU9skoaeksp_=w150-h150-k-no-p"
                    }
                ],
                "date": "3 months ago"
            },
            {
                "username": "Alexander Baylerian",
                "rating": 5,
                "contributor_id": "102595205314062656508",
                "description": "This place is always a 10/10. My fianc\u00e9 have never had anything less than a perfect meal here. The food, service, vibe is always great! This time we got the Bronzino, puttanesca pizza, and octopus salad. Each dish was killer and that fish may be the best we have ever had!",
                "link": "https://www.google.com/maps/reviews/data=!4m8!14m7!1m6!2m5!1sChZDSUhNMG9nS0VJQ0FnSUR6dHJHX1RREAE!2m1!1s0x0:0x9cfcdfd3f86788d6!3m1!1s2@1:CIHM0ogKEICAgIDztrG_TQ%7CCgwIlZqZswYQ0Ive6QE%7C?hl=en-US",
                "images": [
                    {
                        "thumbnail": "https://lh5.googleusercontent.com/p/AF1QipPpNnoKTJhKAqC17Wjuv58UCH5UQjhiJ7FMvvp_=w150-h150-k-no-p"
                    },
                    {
                        "thumbnail": "https://lh5.googleusercontent.com/p/AF1QipPcgbtxgORB-HBRavz_0gbnnljeBtnkO5vq0bik=w150-h150-k-no-p"
                    }
                ],
                "date": "5 months ago"
            },
            {
                "username": "Harry",
                "rating": 4,
                "contributor_id": "111995896153963207597",
                "description": "Mani Osteria offers a unique dining experience in Ann Arbor, with standout dishes like the pistachio and onion pizza, which is a cool and flavorful combination. The eggplant appetizer is also a great choice, though the accompanying pizza bread was a bit too burnt for my taste. Despite that, the overall quality of the food and atmosphere makes it a spot worth visiting for a unique twist on Italian cuisine.\n\nStreet parking\nPatio\nLot of food options around",
                "link": "https://www.google.com/maps/reviews/data=!4m8!14m7!1m6!2m5!1sChZDSUhNMG9nS0VJQ0FnSUNId2FhSEdBEAE!2m1!1s0x0:0x9cfcdfd3f86788d6!3m1!1s2@1:CIHM0ogKEICAgICHwaaHGA%7CCgsIvNTntgYQ2NDKHA%7C?hl=en-US",
                "images": [
                    {
                        "thumbnail": "https://lh5.googleusercontent.com/p/AF1QipMp5R3NM9Ua_PDI8TwbzuAoFbIS5wQDkFsDjYK9=w150-h150-k-no-p"
                    }
                ],
                "date": "2 months ago"
            },
            {
                "username": "Grace Fairbanks",
                "rating": 4,
                "contributor_id": "106790309083186693125",
                "description": "I\u2019d give it a 4.5 if I could but they don\u2019t do half stars. But it just wasn\u2019t a 5 star.\n\nService was decent. But the Caesar salad was pretty bad, pretty much all those flavorless middle pieces of lettuce and no croutons and barely any cheese. Pizza was good. Chicken parm was good but the spaghetti that came with it was just ok.",
                "link": "https://www.google.com/maps/reviews/data=!4m8!14m7!1m6!2m5!1sChdDSUhNMG9nS0VJQ0FnSURUN3VYWDBBRRAB!2m1!1s0x0:0x9cfcdfd3f86788d6!3m1!1s2@1:CIHM0ogKEICAgIDT7uXX0AE%7CCgwIs5XEsgYQ6I7X-AE%7C?hl=en-US",
                "images": [
                    {
                        "thumbnail": "https://lh5.googleusercontent.com/p/AF1QipMQoppx2oPqM28Uwgyjpc9WZSA6U0lIpxMenIni=w150-h150-k-no-p"
                    },
                    {
                        "thumbnail": "https://lh5.googleusercontent.com/p/AF1QipOFiIG3kqlRHp36eeRqbtEMyX52OaC5bSIOaByA=w150-h150-k-no-p"
                    },
                    {
                        "thumbnail": "https://lh5.googleusercontent.com/p/AF1QipOhLzIBlkbvSeTi_mS2dwoEKGr8RPZSqC0XlHz6=w150-h150-k-no-p"
                    }
                ],
                "date": "5 months ago"
            },
            {
                "username": "Zee Mattingly",
                "rating": 5,
                "contributor_id": "106957093267934966603",
                "description": "One of my favorite restaurants in Ann Arbor! The salad and pizza are both incredible and the atmosphere is lovely. The service is always amazing.",
                "link": "https://www.google.com/maps/reviews/data=!4m8!14m7!1m6!2m5!1sChZDSUhNMG9nS0VJQ0FnSUQ3eS15NEtREAE!2m1!1s0x0:0x9cfcdfd3f86788d6!3m1!1s2@1:CIHM0ogKEICAgID7y-y4KQ%7CCgwI9Om8tgYQ6JipnwM%7C?hl=en-US",
                "images": [
                    {
                        "thumbnail": "https://lh5.googleusercontent.com/p/AF1QipPAGP7uuDc_4TjzNoBSQilLNjrEkBXKzyVY40cF=w150-h150-k-no-p"
                    }
                ],
                "date": "2 months ago"
            },
            {
                "username": "Yoshi Kuronuma",
                "rating": 5,
                "contributor_id": "110891120322819999086",
                "description": "Great food and service.  The restaurant staff is very friendly and professional manner.  Good knowledge and describe foods and drinks.  Each dish was good size portion.  We ordered several foods and shared.  Love the restaurant atmosphere and great place with your friends, family, coworkers, and someone special.  They don't take a reservation, so it better to be there with extra time.",
                "link": "https://www.google.com/maps/reviews/data=!4m8!14m7!1m6!2m5!1sChdDSUhNMG9nS0VJQ0FnSURaeTdQZTdRRRAB!2m1!1s0x0:0x9cfcdfd3f86788d6!3m1!1s2@1:CIHM0ogKEICAgIDZy7Pe7QE%7CCgwIqd6HqQYQyNbAkwE%7C?hl=en-US",
                "images": [
                    {
                        "thumbnail": "https://lh5.googleusercontent.com/p/AF1QipMI-JadvZSu_Qwb2dGyVdWfETFtT6ztewiygKb-=w150-h150-k-no-p"
                    },
                    {
                        "thumbnail": "https://lh5.googleusercontent.com/p/AF1QipMpsFRdK311P12rWLhcvkJpzFZsAJkmyATA5K22=w150-h150-k-no-p"
                    },
                    {
                        "thumbnail": "https://lh5.googleusercontent.com/p/AF1QipN20DZgbaQy4VqxA1E8imoWMtbYTucZ6YZhFGch=w150-h150-k-no-p"
                    },
                    {
                        "thumbnail": "https://lh5.googleusercontent.com/p/AF1QipNs7LmOaQWTAqnEBNISMx5Hc802b3gXKgvjcUB-=w150-h150-k-no-p"
                    },
                    {
                        "thumbnail": "https://lh5.googleusercontent.com/p/AF1QipNrbKHbRjBd9j5TlRVoDWnUFRvyod7OgrGwnMeg=w150-h150-k-no-p"
                    },
                    {
                        "thumbnail": "https://lh5.googleusercontent.com/p/AF1QipMImUlsXReNunRRSEwfNMMIxPbA_Hg0gNG9QiCm=w150-h150-k-no-p"
                    },
                    {
                        "thumbnail": "https://lh5.googleusercontent.com/p/AF1QipOH6wVE71crOYZ926ouDEiGcwwadkU7WNfRVpC3=w150-h150-k-no-p"
                    },
                    {
                        "thumbnail": "https://lh5.googleusercontent.com/p/AF1QipM1Vusdm1_W4WKwXiXqMIkxGe7uy7eciHDdw1LD=w150-h150-k-no-p"
                    },
                    {
                        "thumbnail": "https://lh5.googleusercontent.com/p/AF1QipNGMobW5DwaspYXqyLVE5o2yzjqkF_Eyb6gWsEp=w150-h150-k-no-p"
                    },
                    {
                        "thumbnail": "https://lh5.googleusercontent.com/p/AF1QipOvgFSZmw4IZGYYDlyZWtxkXUmcz_6Jb50QywgG=w150-h150-k-no-p"
                    },
                    {
                        "thumbnail": "https://lh5.googleusercontent.com/p/AF1QipMwvSzM-WQLVeZWMxOvy-j5Kdb7yd9Gjglprcet=w150-h150-k-no-p"
                    },
                    {
                        "thumbnail": "https://lh5.googleusercontent.com/p/AF1QipPHKuE0AvkIAfPFv3JSbHQuj_cYPo-f_vyMWcyo=w150-h150-k-no-p"
                    }
                ],
                "date": "a year ago"
            }
        ]
    },
    "Services": {
        "dine_in": true,
        "takeout": true,
        "delivery": false
    }
}