{
    "docid": 33,
    "Title": "Paesano Restaurant & Wine Bar",
    "Price": [],
    "Place ID": "ChIJj6_bYyavPIgRwfpIJZBvzqY",
    "Type ID": [],
    "Type": [
        "Italian restaurant",
        "Bar",
        "Caterer",
        "Wine bar"
    ],
    "Menu": {
        "link": "https://www.paesanoannarbor.com/_files/ugd/4b1146_57afec5a6b36435eae5c501c509546e1.pdf",
        "source": "paesanoannarbor.com",
        "items": "Appetizers ~ Small Plates\n\nFunghi Ripieni\n\nTwo large portobello mushroom caps stuffed with fresh ricotta, mozzarella,\nparmesan, Smith\u2019s bacon, sundried tomatoes and spinach. Finished with\nparmesan-panko breadcrumbs and a drizzle of balsamic glaze. 16 GF S\n\nPazzi Per Calamari\nFlash-fried breaded calamari tossed with sweet drop peppers, fresh arugula\ngreens and a red chili vinaigrette. 15\n\nPizza ai Fichi\n\nOur house-fermented dough spread with fig jam, shredded mozzarella, sliced\nprosciutto, goat cheese and baby arugula, then drizzled with hot honey and\nbalsamic glaze for the perfect contrast between sweet and salty. 15 GF S\n\nFried Burrata\n\nCreamy burrata fried whole then topped with fresh parmesan and basil.\nAccompanied by our house-made marinara and parmesan focaccia toast\npoints for dipping. 14S L\n\nPuffs di Autunno\n\nThree puff pastries artfully filled with fig and red apple compotes on\nopposite sides of a gooey brie center. All adorned with a piece of crisped\nprosciutto, drizzled balsamic glaze and hot Klein honey. 14S\n\nBacon-Wrapped Dates\nMedjool dates wrapped in Smith\u2019s bacon, stuffed with creamy gorgonzola\nand herbs, then plated over red-pepper almond pesto. 14 GF\n\nBruschetta Trio\nOne each of our olive, tomato and artichoke bruschetta all finished with\nbalsamic glaze. 12 GF S\n\nSeasonal Salads\n\nEnjoy any of these salads as a side salad with any entree. 8\nChoice of Dressing * Caesar * Ranch \u00ab Bleu Cheese\nHouse Vinaigrette * Raspberry Vinaigrette \u00b0 Balsamic Vinaigrette\n\nAutumn Harvest Salad\nFresh spring mix, caramelized honeycrisp apples, candied walnuts and\ncrumbled goat cheese tossed in our apple cider vinaigrette. 16 GF S$ L\n\nInsalata di Fico\nSpinach, rehydrated figs, crisped prosciutto, candied cashews and crumbled\ngorgonzola cheese tossed in our brown-sugar balsamic vinaigrette. 15 GF S\n\nPear & Gorgonzola Salad\n\nCrisp romaine lettuce and sliced radicchio garnished with slices of fresh\npears, toasted ground walnuts and crumbled gorgonzola cheese tossed in\nour walnut vinaigrette. 14 GF\n\nPaesano Caesar Salad\nRomaine lettuce garnished with Italian-herb croutons and shaved parmesan\ncheese tossed in our house-made Caesar dressing. 13 GF\n\nHouse Mixed Greens Salad\nMixed artisan greens, sliced red onion, grape tomatoes, fresh cucumbers and\nshredded carrots. 9 GF\n\nMake any above salad an entree with your choice:\nChicken 6 * Shrimp 8 * Salmon 11* + Proteins Available Blackened\n\n\u2018Please specity your preferred degree of cooking doneness. \u201cEating raw or\nundercooked meats, poultry, seafood, shellfish, or eggs may increase your risk of\nfoodborne illness. Young children, pregnant women, older adults, and those who\nfave certain medical conditions are at greater risk.\n\nSides\n\nGenerous portions of rotating seasonal sides to accompany your meal.\n\nBacon & Balsamic Brussels Sprouts\nChopped Brussels sprouts pan-simmered with Smith\u2019s bacon and onions\nuntil crisp, then finished with balsamic glaze and shaved parmesan. 9 GF S\n\nButternut Squash Gratin\nScalloped butternut squash baked with parmesan and mozzarella. 7 GF S\n\nHorseradish Mashed Potatoes\n\nMashed redskin potatoes whipped with our house butter, sour cream and a\nhint of tangy horseradish. 7 GF S\n\ny mamore Lad\n\nYour Hosts | Richard Buhr | Elissa Spangler | Andrew Spicer | Zachary Spangler\nChef De Cuisine Armando Reyes-Bolanos\n\nSeasonal Entrees\n\nAll entrees come with rolls and garlic butter, and a choice of house-made minestrone,\nsoup-of-the-day, or house salad. Ask about our GLUTEN-FREE (GF) options.\n\nMaiale / Pork Chop\n\nChar-grilled, all-natural pork chop stuffed with smoked Swiss cheese, spinach, raisins\nand sundried tomatoes. Served with garlic-thyme roasted redskin potatoes and a side of\nsauce upon request. 34 GF S\n\nPesce / Branzino\n\nMediterranean branzino fillet pan-simmered with white wine, nonpareil capers, house\nbutter and lemon juice, then crowned with pickled tomatoes and finely chopped olives.\nSimple yet delicate and served with garlic-thyme roasted redskin potatoes. 32 GF S\n\nPollo / Pistachio-Encrusted Chicken\n\nTwo tender chicken breasts breaded with ground pistachios and topped with a creamy\nDijon mustard sauce. Plated with choice of butternut squash gratin or horseradish\nmashed potatoes. 28 S\n\nSeasonal Pasta\n\nAll pasta comes with rolls and garlic butter, and a choice of house-made minestrone,\nsoup-of-the-day, or house salad. Ask about our GLUTEN-FREE (GF) options.\n\nGnocchi Confit\n\nHouse-made parmesan gnocchi pan-simmered in truffle oil, then tossed with shredded\nchicken confit and fresh mozzarella in walnut-arugula pesto. Garnished with pickled\nFresno peppers and generously drizzled balsamic glaze. 28 GF S$\n\nLamb Ragu\n\nRoasted tomato sugo tossed with our lamb ragu over house-made fettuccine pasta and\nstudded with peas, onions, garlic, celery and carrots. Finished with parmesan and fresh\nbasil. 28 GF S\n\nRed Wine Pappardelle\n\nHouse-made pappardelle infused with red wine, then tossed with cremini mushrooms\nand spinach in decadent truffle butter and topped with shaved parmesan. 22 SL\nChoice of protein. Chicken 6 + Shrimp 8 - Salmon 11* + Proteins Available Blackened\n\nClassic Italian\n\nAll classics come with rolls and garlic butter, and a choice of house-made minestrone,\nsoup-of-the-day, or house salad. Ask about our GLUTEN-FREE (GF) options.\n\nCaprese Ravioli\n\nHouse-made ravioli filled with whole mozzarella, basil and spinach, then plated with\nhalved grape tomatoes over our delicious pesto cream sauce. Finished with olive oil,\nbalsamic glaze and a pinch of grated parmesan. 25 L\n\nChoice of protein. Chicken 6 - Shrimp 8 * Salmon 11* + Proteins Available Blackened\n\nPaesano Lasagna\nLayers of fresh pasta filled with slow-cooked meat ragu and creamy Italian cheeses,\nbaked and topped with our house-made tomato sugo. 19\n\nRigatoni & Country Greens\nItalian sausage sauteed in garlic butter with rapini greens and spicy sliced peppers tossed\nwith our rigatoni pasta and grated Pecorino Romano cheese. 20 GF\n\nSpaghetti with Meatballs & Tomato Sugo 17 Without meatballs 14 GF\n\nRigatoni alla Bolognese\nSlow-cooked rustic meat sauce of beef, soffritto and red wine. Sprinkled with Pecorino\nRomano. 19 GF\n\nFettuccine Alfredo\nRibbon pasta tossed with cremini mushrooms in our house alfredo sauce. 20 GF L\nChoice of protein. Chicken 6 + Shrimp 8 - Salmon 11*- All Proteins Available Blackened\n\nVeal Scaloppine\n\nPaesano\u2019s rendition of the classic saltimbocca. Hand-pounded veal cutlets, sauteed sage\nand imported Italian prosciutto, all simmered in a classic piccata sauce. Served over\nbuttered angel hair pasta. 32 GF\n\nChicken Parmigiana\nCrisp pan-fried breaded chicken breasts topped with melted mozzarella cheese and\nserved with angel hair pasta tossed with tomato sugo. 25\n\nEggplant Parmigiana\nLightly fried eggplant, fresh basil and mozzarella layered together and baked until\ngolden brown. Served with angel hair pasta tossed with tomato sugo. 20\n\nClassic Marsala\nA hearty pan-roasted cremini mushroom and marsala wine sauce with garlic-buttered\nangel hair pasta. GF Chicken 25 - Salmon 29 + Veal 32\n\nClassic Piccata\nA piquant sauce of lemon, capers and garlic with white wine and herb butter.\nServed with garlic-buttered angel hair pasta. GF Chicken 25 + Salmon 29 + Veal 32\n\nShrimp Scampi\nSaut\u00e9ed shrimp in a white wine butter sauce tossed with fresh garlic, basil and\nbruschetta tomatoes. Served over spaghetti. 25 GF\n\nParties of 6 or more are subject to an automatic 20% gratuity added to your bill.\n\nSEASONAL I LOCAL I GLUTEN-FREE\n\nDishes marked S are Seasonal creations. Those with an L symbol are made with local\ningredients. The GF symbol signifies the dish may be prepared as Gluten-Free (ask your\nserver). Items requiring a unique GF preparation are subject to an upcharge of $4.\nAppetizers ~ Small Plates\n\nFunghi Ripieni\n\nTwo large portobello mushroom caps stuffed with fresh ricotta, mozzarella,\nparmesan, Smith\u2019s bacon, sundried tomatoes and spinach. Finished with\nparmesan-panko breadcrumbs and a drizzle of balsamic glaze. 16 GF S\n\nPazzi Per Calamari\nFlash-fried breaded calamari tossed with sweet drop peppers, fresh arugula\ngreens and a red chili vinaigrette. 15\n\nFried Burrata\n\nCreamy burrata fried whole then topped with fresh parmesan and basil.\nAccompanied by house-made marinara and parmesan focaccia toast points\nfor dipping. 14SL\n\nPuffs di Autunno\n\nThree puff pastries artfully filled with dried fig and red apple compotes on\nopposite sides of a gooey brie center. All adorned with a piece of crisped\nprosciutto, drizzled balsamic glaze and hot Klein honey. 14S\n\nBruschetta Trio\n\nOne each of our olive, tomato and artichoke bruschetta all finished with\nbalsamic glaze. 12 GF S\n\nPizzas\n\nMargherita Pepperoni e Funghi Pizza Bianca Pizza ai Fichi\nFresh whole Sliced cremini Garlic cream sauce, House-fermented\nmozzarella mushrooms, house mozzarella, thinly dough spread with\n\nand roasted\ntomato sugo\n\ntomato sauce,\npepperoni, fresh\n\nsliced prosciutto\nand baby arugula\n\nfig jam, mozzarella\nsliced prosciutto,\n\nwith fresh mozzarella and finished with olive baby arugula and\nbasil and Italian herbs. GF oil and shaved goat cheese, then\nherbs. GF 14 parmesan. GF drizzled with hot\n14 15 Klein honey and\nbalsamic glaze. GF\n15\n\nSalads\n\nEnjoy any of these salads as a side salad with any entree. 8\nChoice of Dressing * Caesar * Ranch \u00ab Bleu Cheese\nHouse Vinaigrette * Raspberry Vinaigrette \u00b0 Balsamic Vinaigrette\n\nAutumn Harvest Salad\nFresh spring mix, caramelized honeycrisp apples, candied walnuts and\ncrumbled goat cheese tossed in our apple cider vinaigrette. 16 GF S$ L\n\nInsalata di Fico\nSpinach, rehydrated figs, crisped prosciutto, candied cashews and crumbled\ngorgonzola cheese tossed in our brown-sugar balsamic vinaigrette. 15 GF SL\n\nPear & Gorgonzola Salad\n\nCrisp romaine lettuce with sliced radicchio garnished with slices of fresh\npears, toasted ground walnuts and crumbled gorgonzola cheese tossed in\nour walnut vinaigrette. 14 GF\n\nPaesano Caesar Salad\n\nRomaine lettuce garnished with Italian-herb croutons and shaved parmesan\ncheese tossed in our house-made Caesar dressing. 13 GF\n\nHouse Mixed Greens Salad\n\nMixed artisan greens, sliced red onion, grape tomatoes, fresh cucumbers and\nshredded carrots. 9 GF\n\nMake any above salad an entree with your choice:\n\nChicken 6 \u00b0 Shrimp 8 * Salmon 11* + Proteins Available Blackened\n\n(*Specify preferred degree of doneness.)\n\n\u2018Please specify your preferred degree of cooking doneness. \u201cEating raw or\nundercooked meats, poultry, seatood, shellfish, or eggs may increase your risk of\n\nfoodborne illness. Young children, pregnant women, older adults, and those who\nhave certain medical conditions are at greater risk.\n\nSides\n\nGenerous portions of rotating seasonal sides to accompany your meal.\n\nBacon & Balsamic Brussels Sprouts 9 GF S\nButternut Squash Gratin 7 GF S\n\nHorseradish Mashed Potatoes 7 GF S\n\nAt Paesano For Shall\nParties of 6 or more are subject to an automatic 20% gratuity added to your bill.\n\nYour Hosts | Richard Buhr | Elissa Spangler | Andrew Spicer | Zachary Spangler\nChef De Cuisine Armando Reyes-Bolanos\n\nSandwiches\n\nSandwiches come with a choice of a cup of house-made soup, house salad, cole slaw or fries.\nAsk about our GLUTEN-FREE (GF) options.\n\nTurkey Club\nSmoked turkey breast stacked high with candied bacon, lettuce, tomato, onion, artisan\nSwiss and honey Dijon on toasted sourdough. 17 GF S\n\nSalmone\n\nOur reimagining of a classic Lox sandwich. Faroe Island salmon cured with salt, sugar\nand lemon vinaigrette, then layered with thinly sliced pickles, lettuce, tomato, onion\nand creamy ricotta cheese on warm ciabatta. 16 GF S\n\nChicken Salad\n\nShredded chicken confit spun with dried cranberries, chopped celery, onion and poppy\nseeds in our house mayo-aioli. Served with lettuce, tomato and onion on toasted\nsourdough. 16 GFSL\n\nCaesar Wrap\n\nChoice of protein with shaved parmesan, house-made croutons, grape tomatoes and\nromaine lettuce tossed in house-made Caesar dressing and wrapped in a warm tortilla.\n11 \u00a7 Grilled Chicken 5 - Parmesan-Encrusted Chicken 5 + Salmon 8* + Blackened\n\nSeasonal\n\nAll seasonal dishes come with rolls and garlic butter, and a choice of house-made\nminestrone, soup-of-the-day, or house salad. Ask about our GLUTEN-FREE (GF) options.\n\nPistachio-Encrusted Chicken\n\nTender chicken breasts breaded with ground pistachios and topped with a creamy Dijon\nmustard sauce. Plated with choice of butternut squash gratin or horseradish mashed\npotatoes. \u00a7 Luncheon Portion 22 + Regular Portion 28\n\nLamb Ragu\n\nRoasted tomato sugo tossed with our lamb ragu over house-made fettuccine pasta and\nstudded with peas, onions, garlic, celery and carrots. Finished with parmesan and fresh\nbasil. 25 GF S\n\nRed Wine Pappardelle\n\nHouse-made pappardelle infused with red wine, then tossed with cremini mushrooms\nand spinach in decadent truffle butter and topped with shaved parmesan. 22 SL\nChoice of protein. Chicken 6 + Shrimp 8 - Salmon 11* + Proteins Available Blackened\n\nClassic Italian\n\nAll classics come with rolls and garlic butter, and a choice of house-made minestrone,\nsoup-of-the-day, or house salad. Ask about our GLUTEN-FREE (GF) options.\n\nCaprese Ravioli\n\nHouse-made ravioli filled with whole mozzarella, basil and spinach, then plated with\nhalved grape tomatoes over our delicious pesto cream sauce. Finished with olive oil,\nbalsamic glaze and a pinch of grated parmesan. 25 L\n\nChoice of protein. Chicken 6 + Shrimp 8 - Salmon 11* + Proteins Available Blackened\n\nPaesano Lasagna\nLayers of fresh pasta filled with slow-cooked meat ragu and creamy Italian cheeses,\nbaked and topped with our house-made tomato sugo. 19\n\nRigatoni & Country Greens\nItalian sausage sauteed in garlic butter and rapini greens and spicy sliced peppers tossed\nwith our rigatoni pasta and grated Pecorino Romano cheese. 20 GF\n\nSpaghetti with Meatballs & Tomato Sugo 17 Without meatballs 14 GF\n\nRigatoni alla Bolognese\nSlow-cooked rustic meat sauce of beef, soffritto and red wine. Sprinkled with Pecorino\nRomano. 19 GF\n\nFettuccine Alfredo\nRibbon pasta tossed with cremini mushrooms in our house alfredo sauce. 20 GF L\nChoice of protein. Chicken 6 + Shrimp 8 - Salmon 11*- All Proteins Available Blackened\n\nChicken Parmigiana\n\nCrisp pan-fried breaded chicken breasts topped with melted mozzarella cheese and\nserved with angel hair pasta tossed with tomato sugo.\n\nLuncheon Portion 19+ Regular Portion 25\n\nEggplant Parmigiana\nLightly fried eggplant, fresh basil and mozzarella layered together and baked until\ngolden brown. Served with angel hair pasta tossed with tomato sugo. 20\n\nClassic Marsala\n\nA hearty pan-roasted cremini mushroom and marsala wine sauce with garlic-buttered\nangel hair pasta. GF\n\nLuncheon Portion Chicken 19 - Regular Chicken 25 \u00bb Salmon 29 - Veal 32\n\nClassic Piccata\n\nA piquant sauce of lemon, capers and garlic with white wine and herb butter.\nServed with garlic-buttered angel hair pasta. GF\n\nLuncheon Portion Chicken 19 - Regular Chicken 25 + Salmon 29 Veal 32\n\nShrimp Scampi\nSaut\u00e9ed shrimp in a white wine butter sauce tossed with fresh garlic, basil and\nbruschetta tomatoes. Served over spaghetti. 25 GF\n\nSEASONAL I LOCAL I GLUTEN-FREE\n\nDishes marked S are Seasonal creations. Those with an L symbol are made with local\ningredients. The GF symbol signifies the dish may be prepared as Gluten-Free (ask your\nserver). Items requiring a unique GF preparation are subject to an upcharge of $4.\npaesano\n\nestaurant ~ wine bar\nDesserts\n\nPaesano \u201cSignature\u201d Tiramisu\nEspresso and rum-soaked eee layered with a creamy\nMascarpone cheese mousse and cocoa powder. 10 GF\n\nApple Tarte Tatin\nResembling upside down cake, vanilla skillet cake layered with\ncaramelized Honeycrisp apple slices for a comforting cinnamon-apple\nflavor perfect for the changing seasons. Finished with a caramel drizzle\nand best when ordered a la mode with vanilla gelato for $2 more. 9\n\nVanilla Cheesecake\nae ia of classic cheesecake made with\nee cream cheese layered over\nAva with whipped cream or chocolate syrup, upon request. 9\n\nItalian Almond Cake\n\nLayers of almond-infused oo e and buttery\nvanilla sheetcake topped with vanilla cream ing, crumbled\nalmonds, and drizzled caramel sauce. 8\n\nArtisan Gelato\nTahitian Vanilla / Swiss Chocolate /Spumoni 6 GF\n\nAfter Dinner Drinks\nKetal One Vodka, Kable, Lavesza Hapremwo 12\n\nFrolicking Friar yt zelnut Truffle\nGrey Goose, Frangelico, Baileys, Chambord, Dark Cr\u00e9me Cacao 11\n\nCognac\nCourvoisier VS 13 | Remy Martin VSOP 16 | Remy Martin XO 33\n\nPorts\n\nRuby 7 | Ni ears\nWarre\u2019s \u201cOtima\u201d 10-Year Tawny 13 Year Tawny 20\n\nAsk your server about our coffee, tea, grappa, or amaro selections!\n\n"
    },
    "Address": "3411 Washtenaw Ave, Ann Arbor, MI 48104",
    "GPS Coordinates": {
        "latitude": 42.256298,
        "longitude": -83.6912686
    },
    "Phone Number": "(734) 971-0484",
    "Rating": 4.5,
    "Rating Summary": [
        {
            "stars": 1,
            "amount": 66
        },
        {
            "stars": 2,
            "amount": 45
        },
        {
            "stars": 3,
            "amount": 112
        },
        {
            "stars": 4,
            "amount": 340
        },
        {
            "stars": 5,
            "amount": 1232
        }
    ],
    "Opening Hours": [
        {
            "friday": "11:30\u202fPM\u201312\u202fAM"
        },
        {
            "saturday": "12\u202fAM\u20138\u202fPM"
        },
        {
            "sunday": "12\u20139\u202fPM"
        },
        {
            "monday": "11:30\u202fAM\u20139\u202fPM"
        },
        {
            "tuesday": "11:30\u202fAM\u20139\u202fPM"
        },
        {
            "wednesday": "11:30\u202fAM\u20139\u202fPM"
        },
        {
            "thursday": "Closed (Thanksgiving)"
        }
    ],
    "Description": "Homey space for Italian cuisine offers weekly wine tastings, a romantic patio & gluten-free options.",
    "Details": [
        {
            "highlights": [
                "Fast service",
                "Fireplace",
                "Great coffee",
                "Great dessert"
            ]
        },
        {
            "popular_for": [
                "Lunch",
                "Dinner",
                "Solo dining"
            ]
        },
        {
            "accessibility": [
                "Wheelchair accessible entrance",
                "Wheelchair accessible parking lot",
                "Wheelchair accessible restroom",
                "Wheelchair accessible seating"
            ]
        },
        {
            "offerings": [
                "Alcohol",
                "Beer",
                "Cocktails",
                "Coffee",
                "Comfort food",
                "Happy hour drinks",
                "Happy hour food",
                "Hard liquor",
                "Healthy options",
                "Small plates",
                "Vegetarian options",
                "Wine"
            ]
        },
        {
            "dining_options": [
                "Brunch",
                "Lunch",
                "Dinner",
                "Catering",
                "Dessert",
                "Seating"
            ]
        },
        {
            "amenities": [
                "Bar onsite",
                "Restroom",
                "Wi-Fi",
                "Free Wi-Fi"
            ]
        },
        {
            "atmosphere": [
                "Casual",
                "Cozy",
                "Romantic",
                "Trendy",
                "Upscale"
            ]
        },
        {
            "crowd": [
                "Family-friendly",
                "Groups",
                "Tourists"
            ]
        },
        {
            "planning": [
                "Dinner reservations recommended",
                "Accepts reservations"
            ]
        },
        {
            "payments": [
                "Credit cards",
                "Debit cards",
                "NFC mobile payments"
            ]
        },
        {
            "children": [
                "Good for kids",
                "High chairs",
                "Kids' menu"
            ]
        },
        {
            "parking": [
                "Free parking lot",
                "Free street parking",
                "Plenty of parking"
            ]
        }
    ],
    "User Reviews": {
        "summary": [
            {
                "snippet": "\"My plate was packed with salmon, shrimp, Italian beef, vegetables....glorious!\""
            },
            {
                "snippet": "\"Great food, great portions, well priced, great service and relaxed ambiance.\""
            },
            {
                "snippet": "\"I had chicken parmesan, chicken and sauce was great... pasta way over cooked.\""
            }
        ],
        "most_relevant": [
            {
                "username": "Mena K",
                "rating": 5,
                "contributor_id": "114029695111161953158",
                "description": "Paesano Restaurant & Wine Bar in Ann Arbor is a wonderful option for dining in! Their gluten-free bread, pasta and even Tiramisu are simply outstanding\u2014deliciously soft and full of flavor. It's refreshing to find a restaurant that caters so well to gluten-free diets without compromising on taste. The ambiance is warm and inviting, making it a perfect spot for a cozy dinner. The staff was attentive and knowledgeable, ensuring a delightful dining experience.",
                "link": "https://www.google.com/maps/reviews/data=!4m8!14m7!1m6!2m5!1sChdDSUhNMG9nS0VJQ0FnSUQ3dTdPOHZBRRAB!2m1!1s0x0:0xa6ce6f902548fac1!3m1!1s2@1:CIHM0ogKEICAgID7u7O8vAE%7CCgwI25G_tgYQiKSApAI%7C?hl=en-US",
                "images": [
                    {
                        "thumbnail": "https://lh5.googleusercontent.com/p/AF1QipP83-t0KTZ-NaVNWuGk4__C9gR-x0mBfnpv0cc=w150-h150-k-no-p"
                    },
                    {
                        "thumbnail": "https://lh5.googleusercontent.com/p/AF1QipMu_mh8CSMAKwfp24WxVUGFDBXUDBtcaVu9UyY=w150-h150-k-no-p"
                    },
                    {
                        "thumbnail": "https://lh5.googleusercontent.com/p/AF1QipMsyVdNUdOwfIiw6ndllTZco7oiCCEIEJPFakE=w150-h150-k-no-p"
                    },
                    {
                        "thumbnail": "https://lh5.googleusercontent.com/p/AF1QipMOEzyQ52lMy77gEb-1M5sdWTqykWL170VwW_U=w150-h150-k-no-p"
                    },
                    {
                        "thumbnail": "https://lh5.googleusercontent.com/p/AF1QipOhotalFuX1Ji4ORIVko_wpRkYxtJTsIvNZpI0=w150-h150-k-no-p"
                    },
                    {
                        "thumbnail": "https://lh5.googleusercontent.com/p/AF1QipMaBsbMrayiiq2Hr5xKeYwx6P2MXk6ctqevuL4=w150-h150-k-no-p"
                    },
                    {
                        "thumbnail": "https://lh5.googleusercontent.com/p/AF1QipPXvEi76e09tKTnAeO9jXVnojjP0ymBmU91PP4=w150-h150-k-no-p"
                    },
                    {
                        "thumbnail": "https://lh5.googleusercontent.com/p/AF1QipP_f2dWvDdXjIrokKYSLBBZmBetyjE_MN9wW-U=w150-h150-k-no-p"
                    }
                ],
                "date": "2 months ago"
            },
            {
                "username": "Rachel",
                "rating": 4,
                "contributor_id": "101496017575627545425",
                "description": "Lunch on a Saturday was great. Not too busy, we were able to sit on the patio and have a relaxed lunch. Would recommend the Calamari.",
                "link": "https://www.google.com/maps/reviews/data=!4m8!14m7!1m6!2m5!1sChZDSUhNMG9nS0VJQ0FnSUN6OXZiamRREAE!2m1!1s0x0:0xa6ce6f902548fac1!3m1!1s2@1:CIHM0ogKEICAgICz9vbjdQ%7CCgwIn_fusgYQoJXAxwI%7C?hl=en-US",
                "images": [
                    {
                        "thumbnail": "https://lh5.googleusercontent.com/p/AF1QipNr9Wq2Wz2rD9Wk-Pfm8YElllHJMXYH2dF8-yme=w150-h150-k-no-p"
                    },
                    {
                        "thumbnail": "https://lh5.googleusercontent.com/p/AF1QipPVYU49GiM93fT_K5URObwaz4SAiwbXCBpxg2S1=w150-h150-k-no-p"
                    },
                    {
                        "thumbnail": "https://lh5.googleusercontent.com/p/AF1QipP6-otsRAF6Au9hdJxXUT3Pv1BRLlXJlj66nZvC=w150-h150-k-no-p"
                    },
                    {
                        "thumbnail": "https://lh5.googleusercontent.com/p/AF1QipOFaTUUmrWuoDhLhVKORMHbniy7Y-LJ7e3HAm18=w150-h150-k-no-p"
                    }
                ],
                "date": "5 months ago"
            },
            {
                "username": "Armin Shakry",
                "rating": 5,
                "contributor_id": "100477535320822407460",
                "description": "Went there for my nieces graduation party and everything went great. Can\u2019t want to actually try some of the other foods. Lasagna and chicken parmigiana were selected and it didn\u2019t disappoint. Minestrone and chicken soup was also great. Thank you for the great service. Great wine selections.",
                "link": "https://www.google.com/maps/reviews/data=!4m8!14m7!1m6!2m5!1sChdDSUhNMG9nS0VJQ0FnSURqMUt1bTdBRRAB!2m1!1s0x0:0xa6ce6f902548fac1!3m1!1s2@1:CIHM0ogKEICAgIDj1Kum7AE%7CCgwIwuvAsQYQuKKBsAI%7C?hl=en-US",
                "images": [
                    {
                        "thumbnail": "https://lh5.googleusercontent.com/p/AF1QipOSjqOly7dQ8J8RpdygSEKXQpHO8cqHIBi1Zy2x=w150-h150-k-no-p"
                    },
                    {
                        "thumbnail": "https://lh5.googleusercontent.com/p/AF1QipOcIlQouBk1G8oJnDVyuowXXACfqr9AP_0whCpK=w150-h150-k-no-p"
                    }
                ],
                "date": "6 months ago"
            },
            {
                "username": "Jim Mazurek",
                "rating": 5,
                "contributor_id": "112074001685282324380",
                "description": "This is a very good Italian restaurant that I never knew existed. Recommend the Pork Chops as well as Short Ribs were phenominal.as well as large, You will bring some leftovers home. The Mushroom Ravioli will depend heavily on you like of mushrooms. Expensive but great food and solid service. Definitely get a reservation.",
                "link": "https://www.google.com/maps/reviews/data=!4m8!14m7!1m6!2m5!1sChdDSUhNMG9nS0VJQ0FnSUMxbUt6VnFBRRAB!2m1!1s0x0:0xa6ce6f902548fac1!3m1!1s2@1:CIHM0ogKEICAgIC1mKzVqAE%7CCgsIwsuTrAYQuJr1LA%7C?hl=en-US",
                "images": [
                    {
                        "thumbnail": "https://lh5.googleusercontent.com/p/AF1QipNra7RrlY_ijUGolO2oj2xcwddrvtISNDiqhhhQ=w150-h150-k-no-p"
                    },
                    {
                        "thumbnail": "https://lh5.googleusercontent.com/p/AF1QipOo_u4IYYFOnY0DROddZgXogoRSSJO-LtqHmTyt=w150-h150-k-no-p"
                    },
                    {
                        "thumbnail": "https://lh5.googleusercontent.com/p/AF1QipPi-GlU7tpPLrWVwsvXVixWBEN22i6ow2FkC-0E=w150-h150-k-no-p"
                    },
                    {
                        "thumbnail": "https://lh5.googleusercontent.com/p/AF1QipNUIHn_-K1poBDVxBdPKmLb3gYm9dbRiTpZevXC=w150-h150-k-no-p"
                    }
                ],
                "date": "11 months ago"
            },
            {
                "username": "Laura",
                "rating": 5,
                "contributor_id": "102619440479154790282",
                "description": "Delicious \ud83e\udd24 The pastas are so good. Also Balance between the flavors. Good environment.",
                "link": "https://www.google.com/maps/reviews/data=!4m8!14m7!1m6!2m5!1sChZDSUhNMG9nS0VJQ0FnSUM3a2Vlell3EAE!2m1!1s0x0:0xa6ce6f902548fac1!3m1!1s2@1:CIHM0ogKEICAgIC7keezYw%7CCgwIr639tQYQsPe0sAE%7C?hl=en-US",
                "images": [
                    {
                        "thumbnail": "https://lh5.googleusercontent.com/p/AF1QipPejXsveXaR5i56fzWZ44Za_BQL3RXq5MT2mJ8R=w150-h150-k-no-p"
                    },
                    {
                        "thumbnail": "https://lh5.googleusercontent.com/p/AF1QipMMidFYoPxE6-CfntZr3LpFQeSk3fcttVIOid3-=w150-h150-k-no-p"
                    },
                    {
                        "thumbnail": "https://lh5.googleusercontent.com/p/AF1QipOx5uoDGDhtPAVZncRG2-RbFiZLp9faN6TGHdQL=w150-h150-k-no-p"
                    },
                    {
                        "thumbnail": "https://lh5.googleusercontent.com/p/AF1QipOAL_ATcyToZuNdnbX0rdtsXSmGOUrZTagmCnZN=w150-h150-k-no-p"
                    }
                ],
                "date": "3 months ago"
            },
            {
                "username": "Cold Water Jimmy",
                "rating": 4,
                "contributor_id": "112656742083174474569",
                "description": "I had the rigatoni bolognese It was good but not fantastic. Could have been a little hotter but it was tasty. I would eat there again. Atmosphere is great. Great place for a date or a family reunion. Not particularly a good place for a solo diner, but that's not a slam against the restaurant. I recommend it and would eat there again without any problem.",
                "link": "https://www.google.com/maps/reviews/data=!4m8!14m7!1m6!2m5!1sChdDSUhNMG9nS0VJQ0FnSUNYbXZ1ZG9RRRAB!2m1!1s0x0:0xa6ce6f902548fac1!3m1!1s2@1:CIHM0ogKEICAgICXmvudoQE%7CCgsI7sm5uAYQkIGPSQ%7C?hl=en-US",
                "date": "a month ago"
            },
            {
                "username": "Max Douthit",
                "rating": 5,
                "contributor_id": "108380721776602629274",
                "description": "Staff is on top of their game. The food is 5 stars, and the wine selection is frickin dope. A bit pricey but worth every penny.\n\nWe had wine flights which allows you to try multiple different wines and it is comes on a placemats that tells you what wine it is. Pretty cool",
                "link": "https://www.google.com/maps/reviews/data=!4m8!14m7!1m6!2m5!1sChZDSUhNMG9nS0VJQ0FnSUQ5NmZYTkFnEAE!2m1!1s0x0:0xa6ce6f902548fac1!3m1!1s2@1:CIHM0ogKEICAgID96fXNAg%7CCgwIhIThrwYQwLLcsAI%7C?hl=en-US",
                "images": [
                    {
                        "thumbnail": "https://lh5.googleusercontent.com/p/AF1QipO-D1hW1y5ORZKAzcjKtTH5Yk8CZYGhj8IBeK-t=w150-h150-k-no-p"
                    },
                    {
                        "thumbnail": "https://lh5.googleusercontent.com/p/AF1QipMmIuwMVFFgd8ohWN9PW3USevKp4R8mrPYdPGDg=w150-h150-k-no-p"
                    },
                    {
                        "thumbnail": "https://lh5.googleusercontent.com/p/AF1QipPqOQvHSpR4BN0b5ciMUk24jNqqDQNy1bp9oXee=w150-h150-k-no-p"
                    },
                    {
                        "thumbnail": "https://lh5.googleusercontent.com/p/AF1QipN3FsNwqVr6UOZpsyKQ4OXLzC74wnPCYO261Utm=w150-h150-k-no-p"
                    },
                    {
                        "thumbnail": "https://lh5.googleusercontent.com/p/AF1QipPLKLrBeI8HKjSI1rF2EWyJlW-g2RqpV3Vc0wMn=w150-h150-k-no-p"
                    },
                    {
                        "thumbnail": "https://lh5.googleusercontent.com/p/AF1QipPFkNJ0Osl_ZhJSOTBAkM2oit6hRwHapqoAqo8d=w150-h150-k-no-p"
                    }
                ],
                "date": "8 months ago"
            },
            {
                "username": "Bridgette Roberts",
                "rating": 4,
                "contributor_id": "110460821631412475393",
                "description": "As my husband says \" I would say it's all good. I liked it\" He has short ribs which are tasty, braised  in Coca-Cola. I had an arugula salad with salmon, and a flight flying from Friuli. The food tasted fresh. The salmon was delicious.",
                "link": "https://www.google.com/maps/reviews/data=!4m8!14m7!1m6!2m5!1sChdDSUhNMG9nS0VJQ0FnSUREazctYXhnRRAB!2m1!1s0x0:0xa6ce6f902548fac1!3m1!1s2@1:CIHM0ogKEICAgIDDk7-axgE%7CCgwI-Y7ssAYQiNXK-AE%7C?hl=en-US",
                "images": [
                    {
                        "thumbnail": "https://lh5.googleusercontent.com/p/AF1QipPG9zcNCH5fFuPap982eNIWuYvw_ZT_kcpo-gJv=w150-h150-k-no-p"
                    },
                    {
                        "thumbnail": "https://lh5.googleusercontent.com/p/AF1QipNLHQ4bPPMayRwTX_D3X_XYrQMZuHSTTGM6pHxx=w150-h150-k-no-p"
                    }
                ],
                "date": "7 months ago"
            }
        ]
    },
    "Services": {
        "dine_in": true,
        "curbside_pickup": true,
        "no_contact_delivery": true
    }
}