{
    "docid": 35,
    "Title": "HopCat",
    "Price": [],
    "Place ID": "ChIJ-6EpZD-uPIgR0O9Zn3hKH_I",
    "Type ID": [],
    "Type": [
        "Bar",
        "American restaurant"
    ],
    "Menu": {
        "link": "http://order.hopcat.com/menu/hopcat-aa?olonwp=JjBtp_vMLk25gkYh_bnoiQ",
        "source": "order.hopcat.com",
        "items": "App Sampler\n\nIndulge in all your favorites with our platter! enjoy pretzel nuggz, boneless wings (with the\nsauce of your choice), space curds, mini corndogs & elote dip. served with fresh tortilla\n\nchips, celery sticks, ranch & our famous cheese sauce. 16.95\n\nLobster Dip\n\nA sweet mix of lobster and seafood blended into a creamy cheese dip, topped with\nmozzarella, and broiled to perfection. Served with wonton chips, sweet chili sauce, and\n\ngarnished with scallions. 12.5\n\nSpace Curds (VT)\n\nFried white cheddar cheese garnished with scallions. Served with bloody mary aioli. These\ncurds are out of this world. 11.95\n\nThe Wings\nsweet, zesty, and juicy bone-in wings. so much flavor, no sauce needed. served with celery\n& buttermilk ranch or bleu cheese dressing. 14.95\n\nSIGNATURE SAUCES\n\nfire, smoky bbq, honey sriracha, nashville hot or garlic parmesan.\n\nThe Boneless Wings\n\nbreaded boneless chicken wings tossed in your choice of sauce. served with celery &\nbuttermilk ranch or bleu cheese dressing.13.95\n\nSIGNATURE SAUCES\n\nfire, smoky bbq, honey sriracha, nashville hot or garlic parmesan.\n\nPretzel Nuggz\nFlash-fried & salted. Served with warm cheese sauce.9.95\n\nMake it loaded\n\n3.00\n\napplewood-smoked bacon, red onions & pickled jalapefios.\n\nNacho Business\n\nfresh tortilla chips, topped with ancho-lime chicken, pico de gallo, corn & bean relish, fresh\njalapefios, warm cheese sauce & chili crema.13.5\n\nElote Queso\n\nelote-style queso dip with roasted corn, cotija, cilantro, queso fresco & lime. served with\nfresh tortilla chips.9.95\nTruffle Parm\n\nCosmik Fries tossed in parmesan, parsley, red pepper flakes & finished with truffle oil.\nServed with a side of truffle aioli.9.5\n\nLoaded Cosmik Fries\n\nTake our Cosmik Fries, smother them in warm cheese sauce, and add applewood-smoked\nbacon, red onions & pickled jalapefios.9.95\n\nOG Cosmik Fries\n\nbeer-battered fries sprinkled with our signature cracked black pepper seasoning. served\nwith a side of warm cheese sauce. /.5\n\nRoasted Red Pepper Gouda Bisque\n\na sweet & smoky blend of roasted red peppers, tomatoes, basil & gouda cheese. garnished\nwith queso fresco & scallions.\n\n5-Pepper Chili\naward-winning chili stocked with beef, pork, beans, jalapenos, chipotle & bell peppers,\nonions & tomatoes. served with ancho cream, scallions & crispy corn tortilla strips.\n\nNEW! Cherry Grove Salad (VT)\n\nDried Montmorency cherries, goat cheese fritters, candied walnuts, crisp fennel & red\nonions on a bed of fresh greens. Served with a side of sweet & tangy maple vinaigrette.\n\n13.50\n\nClassic Chicken Caesar\n\nthe caesar you know and love with a HopCat twist. fresh romaine tossed in grated\nparmesan & our signature creamy caesar dressing. garnished with shaved parmesan and\ntopped with our Cosmik croutons & flame-grilled chicken breast.13.5\n\nMake it a wrap & Add Cosmik Fries\n\n1.00\n\nBBQ Chicken Cobb\n\nmixed greens, grilled chicken, chopped bacon, bleu cheese crumbles, cherry tomato,\navocado, hard-boiled egg, smoky bbq sauce & buttermilk ranch dressing drizzle, topped\n\nwith haystacks. 13.5\n\nMushroom Swiss\n\ntwo patties, saut\u00e9ed mushrooms, swiss cheese, truffle aioli & haystacks piled high on a soft\npretzel bun. 14.5\n\nRodeo Clown\ntwo patties, bacon, applewood-smoked bacon, cheddar cheese, fried jalapenos, smoky bbq\nsauce & haystacks. Smothered in cheese sauce. Fork & knife required.16.5\n\nHangover Helper\n\ntwo patties, garlic aioli, american cheese, applewood-smoked bacon, hash patty & a sunny\negg served on a pretzel bun. 14.95\n\nCowboy\n\ntwo patties, fried jalapefios, pepper jack cheese, smoky bbq sauce, applewood-smoked\nbacon, lettuce, tomato & haystacks.13.95\n\nThe Impossible Burger\n\n100% plant based, non-GMO, gluten-free patty. Served with vegan jalapeno aioli, marinated\ntomatoes, pickled red onions & arugula on a pretzel bun. 13.95\n\nThe Signature Double\n\ntwo patties, signature kitty island sauce, american cheese, red onions, pickles & lettuce.\n\n12.95\n\nStella Blue\n\ntwo patties, warm cheese sauce, bleu cheese crumbles, applewood-smoked bacon, lettuce,\ntomato & haystacks. 13.95\n\nB.Y.O Burger\ntwo patties and your choice of cheese, with lettuce, tomato & red onions.12.50\nCheese\n\namerican, cheddar, swiss, pepper jack, bleu, smoked gouda, muenster, dill havarti, bar cheese\nAdd bacon\n\n2.75\n\nAdd cheese sauce, avocado or sunny egg\n\n1.50\n\nSub Beyond Meat patty or pretzel bun\n\n2.00\n\nNEW! Italian Grilled Cheese\n\nMuenster cheese, spicy capicola, pepperoni, giardiniera & red onions with garlic aioli served\non buttery, toasted, sourdough bread.14.25\n\nSwap Cosmik Fries for a cup of tomato soup\n\n2.50\n\nNEW! Turkey Pesto Grilled Cheese\n\nMuenster and Swiss cheese, sliced turkey & creamy pesto aioli on buttery, toasted,\nsourdough bread.14.25\n\nNEW! Classic Reuben\nTender corned beef, tangy sauerkraut & melted Swiss cheese, with our kitty island sauce\nserved on buttery, toasted, marbled rye. this sandwich is a classic for a reason.16.50\n\nSteak & Cheese\n\nsoft hoagie roll stuffed with fresh, house-marinated USDA choice sirloin steak, saut\u00e9ed\nmushrooms, caramelized onions, and our signature cheese sauce. 16.50\n\nPickleback Chicken\n\npickle-brined and grilled chicken breast, dilly sauce, pickle chips, crisp lettuce, dill havarti &\nred onion. served on a brioche bun. 13.5\n\nAdd a shot of Jameson\n\n5.00\n\nThe Supper Club Wrap\n\nturkey, applewood-smoked bacon, swiss & cheddar cheese, avocado, cherry tomatoes,\narugula & garlic aioli wrapped in a flour tortilla. 13.50\n\nNashville Hot Chicken\n\nhand-breaded buttermilk-marinated chicken breast tossed in our nashville hot sauce, garlic\naioli, lettuce, tomato, red onions & pickles. served on a brioche bun. 13.5\n\nAdd american cheese (highly recommended!)\n\n1.00\n\nMadtown Grilled Cheese\ndill havarti, smoked gouda & muenster cheese on sourdough with apple slices, garlic aioli &\nhoney. served with a cup of our roasted red pepper gouda bisque.13.95\n\nNEW! Bali Bowl\n\nA bowl of brown rice topped with soy-glazed mushrooms, roasted curry tofu, crisp cabbage,\nfresh cucumber, pickled red onions & garnished with fresh cilantro. Served with a side of\n\npeanut satay dressing. 13.95\n\nNEW! Ancho Chicken Bowl\n\nA bowl of brown rice topped with ancho-lime chicken, roasted corn, pickled jalapenos,\navocado, cherry tomatoes, haystacks, a drizzle of ancho ranch dressing & garnished with\n\nfresh cilantro. 14.95\n\nFish & Chips\n\nhand-dipped beer-battered whitefish. served with house-made tartar sauce and coleslaw,\ncharred lemon & Cosmik Fries. 14.95\nNEW! Fiesta Quesadilla (VT)\n\nAll the delicious fixings with none of the meat. A 12\" flour tortilla, filled with a four-cheese\nblend, corn and black bean relish, pickled jalapefios & ancho ranch. 11.95\n\nNEW! Ancho Chicken Quesadilla\n\nJuicy ancho-lime chicken seasoned with smoky ancho chili spices for a bold, flavorful kick.\nAll quesadillas are served in a 12\" flour tortilla, filled with a four-cheese blend, corn, and\nblack bean relish, pickled jalapefios & ancho ranch. Served with chips & pico de\n\ngallo.15.95\n\nNEW! Steak Quesadilla\n\nTender, flavor-packed steak strips, marinated to perfection in our signature blend of spices.\nAll quesadillas are served in a 12\" flour tortilla, filled with a four-cheese blend, corn, and\nblack bean relish, pickled jalapefos & ancho ranch. Served with chips & pico de\n\ngallo.16.95\n\nNEW! Parmesan Garlic Smothered Chicken\nHouse-marinated, grilled, 60z chicken breast topped with a creamy parmesan garlic spread,\ngarnished with fresh parsley & perched on fluffy garlic mashed redskin potatoes. served\n\nwith your choice of side salad (house or Caesar).17.95\n\nNEW! Steak Frites\n\n7oz ball tip sirloin topped with garlic herb butter and garnished with parsley. Paired with our\nfamous Cosmik Fries and a side of house-made Zip sauce. Served with your choice of side\n\nsalad (house or Caesar).19.95\n\nLobster Mac\n\nshell noodles with a blend of lobster and seafood saut\u00e9ed in Old Bay butter, smothered in\ncheese sauce, and topped with Old Bay parmesan breadcrumbs & scallions. 15.95\n\nBuffalo Mac\n\nshell noodles topped with crispy fried chicken tossed in fire sauce, parmesan breadcrumbs,\nand scallions. 13.5\n\nNEW! Cookie Dough Cheesecake\nJust when you think there's nothing better than cookie dough, let's add creamy vanilla\ncheesecake on top. Perfect for sharing with friends or foes. 7.95\n\nStellar Brownie\n\na taste of nostalgia so good you'll see stars! warm and gooey triple chocolate brownie,\nserved with rainbow chocolate meteor chips, vanilla bean ice cream & chocolate syrup. /.9\n\nCreme Bril\u00e9e Cheesecake\n\nrich creme bril\u00e9e cheesecake with bourbon caramel sauce & house-made strawberry\nsauce. /.5\n"
    },
    "Address": "311 Maynard St, Ann Arbor, MI 48104",
    "GPS Coordinates": {
        "latitude": 42.278948799999995,
        "longitude": -83.7417341
    },
    "Phone Number": "(734) 436-2875",
    "Rating": 4.3,
    "Rating Summary": [
        {
            "stars": 1,
            "amount": 140
        },
        {
            "stars": 2,
            "amount": 100
        },
        {
            "stars": 3,
            "amount": 331
        },
        {
            "stars": 4,
            "amount": 1052
        },
        {
            "stars": 5,
            "amount": 2310
        }
    ],
    "Opening Hours": [
        {
            "friday": "11\u202fAM\u201312\u202fAM"
        },
        {
            "saturday": "10\u202fAM\u201312\u202fAM"
        },
        {
            "sunday": "10\u202fAM\u201311\u202fPM"
        },
        {
            "monday": "11\u202fAM\u201311\u202fPM"
        },
        {
            "tuesday": "11\u202fAM\u201311\u202fPM"
        },
        {
            "wednesday": "11\u202fAM\u201312\u202fAM"
        },
        {
            "thursday": "Closed (Thanksgiving)"
        }
    ],
    "Description": "Woodwork-filled brew pub with a massive beer list offering creative pub fare & brunch items.",
    "Details": [
        {
            "highlights": [
                "Fast service",
                "Great beer selection",
                "Great cocktails",
                "Sports"
            ]
        },
        {
            "accessibility": [
                "Wheelchair accessible entrance",
                "Wheelchair accessible parking lot",
                "Wheelchair accessible restroom",
                "Wheelchair accessible seating"
            ]
        },
        {
            "offerings": [
                "Alcohol",
                "Beer",
                "Cocktails",
                "Food",
                "Food at bar",
                "Happy hour drinks",
                "Happy hour food",
                "Hard liquor",
                "Wine"
            ]
        },
        {
            "dining_options": [
                "Seating"
            ]
        },
        {
            "amenities": [
                "Restroom",
                "Wi-Fi",
                "Free Wi-Fi"
            ]
        },
        {
            "atmosphere": [
                "Casual",
                "Trendy"
            ]
        },
        {
            "crowd": [
                "Groups",
                "LGBTQ+ friendly",
                "Tourists",
                "Transgender safespace"
            ]
        },
        {
            "payments": [
                "Credit cards",
                "Debit cards"
            ]
        },
        {
            "parking": [
                "Paid parking garage",
                "Paid parking lot",
                "Paid street parking",
                "Plenty of parking"
            ]
        },
        {
            "pets": [
                "Dogs allowed"
            ]
        }
    ],
    "User Reviews": {
        "summary": [
            {
                "snippet": "\"Huge selection of delicious beer, tasty burgers and great service.\""
            },
            {
                "snippet": "\"Service midweek was a bit slow, but they had minimal staff.\""
            },
            {
                "snippet": "\"Got food poisoning from the \"crack fries\" and a frat boy threw up on my shoes.\""
            }
        ],
        "most_relevant": [
            {
                "username": "\u0928\u093f\u0928\u093e\u0926 \u0905\u0932\u0942\u0930\u0915\u0930",
                "rating": 3,
                "contributor_id": "115297189972644876208",
                "description": "Average food. It\u2019s a one time try.\nNothing special, but not bad too.\nBurgers are really good. They don\u2019t cost too much. I got one for $13.\n\nIf you are a beer lover, there are a lot of options for you. You should see the menu and you will know.",
                "link": "https://www.google.com/maps/reviews/data=!4m8!14m7!1m6!2m5!1sChdDSUhNMG9nS0VJQ0FnSUQzb0lyRG5BRRAB!2m1!1s0x0:0xf21f4a789f59efd0!3m1!1s2@1:CIHM0ogKEICAgID3oIrDnAE%7CCgwIroXGuQYQkKuRlAI%7C?hl=en-US",
                "images": [
                    {
                        "thumbnail": "https://lh5.googleusercontent.com/p/AF1QipPeYG6xgGl9NcYWdZ2DkJkwSf4SikqPGZzmDHKq=w150-h150-k-no-p"
                    },
                    {
                        "thumbnail": "https://lh5.googleusercontent.com/p/AF1QipMmrLdrIzOXO9j5SBiyutu_-Skm5AE-jVxqO2_I=w150-h150-k-no-p"
                    },
                    {
                        "thumbnail": "https://lh5.googleusercontent.com/p/AF1QipPUjw2QvfFEu69kc2cm8L6-0jrwoQbtp__EETKE=w150-h150-k-no-p"
                    },
                    {
                        "thumbnail": "https://lh5.googleusercontent.com/p/AF1QipNiYh0YGkyH_Ge83Q6CCTohWidysbDmlhYH9UY_=w150-h150-k-no-p"
                    },
                    {
                        "thumbnail": "https://lh5.googleusercontent.com/p/AF1QipNLcO5S0y0rKZeHVX1u5ilqO90eIiXzIur1CiIf=w150-h150-k-no-p"
                    }
                ],
                "date": "a week ago"
            },
            {
                "username": "Neha Yadav",
                "rating": 5,
                "contributor_id": "101206610691090530264",
                "description": "One of the best times to visit this place is at night.\nChill with your friends, drink with your partner or just hang alone at the bar, this place offers it all.\nI tried lobster mac, and it tasted good.  Creamy a little but overall it was worth the money. The drink was too strong, that is a good thing. \ud83d\ude02\nPaloma was good.\n\nI think they were short-staffed at night.\nGood place, with chill vibes.",
                "link": "https://www.google.com/maps/reviews/data=!4m8!14m7!1m6!2m5!1sChZDSUhNMG9nS0VJQ0FnSUNqLU9hTk5REAE!2m1!1s0x0:0xf21f4a789f59efd0!3m1!1s2@1:CIHM0ogKEICAgICj-OaNNQ%7CCgwI6K-BsQYQkPPUxgM%7C?hl=en-US",
                "images": [
                    {
                        "thumbnail": "https://lh5.googleusercontent.com/p/AF1QipMxLJMZgmGdPjrFNBqejiWtd8D1tnWWHxyDFp4=w150-h150-k-no-p"
                    },
                    {
                        "thumbnail": "https://lh5.googleusercontent.com/p/AF1QipOp_AoebPT7U7SDMmnmqyprsZR9JnazOiBkaQA=w150-h150-k-no-p"
                    },
                    {
                        "thumbnail": "https://lh5.googleusercontent.com/p/AF1QipMv-ZFiy9xSTcoGZuDfUFuA_znOFmf3T6vFI28=w150-h150-k-no-p"
                    },
                    {
                        "thumbnail": "https://lh5.googleusercontent.com/p/AF1QipPbE-ZqeTLXRgIQgm2PcwcvfZEAX7fsbkva1Us=w150-h150-k-no-p"
                    },
                    {
                        "thumbnail": "https://lh5.googleusercontent.com/p/AF1QipPPcdi-TRknHu0Y1cBXmGftu7d1ueVhCZ8kB5w=w150-h150-k-no-p"
                    },
                    {
                        "thumbnail": "https://lh5.googleusercontent.com/p/AF1QipMoOYNfQIVE8f4hDYgKH_dHJ5U6peHBdi5yTEM=w150-h150-k-no-p"
                    },
                    {
                        "thumbnail": "https://lh5.googleusercontent.com/p/AF1QipPXRYVDwafH6rp7gjVnndzdYH61iYzuYKMvTi0=w150-h150-k-no-p"
                    },
                    {
                        "thumbnail": "https://lh5.googleusercontent.com/p/AF1QipPIfoe9n3CsfM62gJd3CbpFQOhim5CIuObTDrU=w150-h150-k-no-p"
                    },
                    {
                        "thumbnail": "https://lh5.googleusercontent.com/p/AF1QipNafPKNW975OsSNJc3I3PTgrWWDGErbD9h-Ti8=w150-h150-k-no-p"
                    },
                    {
                        "thumbnail": "https://lh5.googleusercontent.com/p/AF1QipNP8pRACZ_cXFQ3MVbdY82qeqFES8NL_Bhq34I=w150-h150-k-no-p"
                    },
                    {
                        "thumbnail": "https://lh5.googleusercontent.com/p/AF1QipMhxLVOpgS1Jaa-uCDHsLardesrbobFwMSnyms=w150-h150-k-no-p"
                    },
                    {
                        "thumbnail": "https://lh5.googleusercontent.com/p/AF1QipN9WaOk8F7HOtYeulVeeqY6VWS5PZ6qHCPvu4o=w150-h150-k-no-p"
                    }
                ],
                "date": "7 months ago"
            },
            {
                "username": "Ahmed",
                "rating": 5,
                "contributor_id": "109902249534369525206",
                "description": "Chill ambiance with really good food-\n\nHopcat\u2019s food ever disappoints. The Nashville hot chicken sandwich is just\u2026 wow. Juicy, fried, tasty, probably not healthy, but it tastes so good. Always loved the service over here too. You won\u2019t be disappointed.",
                "link": "https://www.google.com/maps/reviews/data=!4m8!14m7!1m6!2m5!1sChdDSUhNMG9nS0VJQ0FnSURUalAySXNBRRAB!2m1!1s0x0:0xf21f4a789f59efd0!3m1!1s2@1:CIHM0ogKEICAgIDTjP2IsAE%7CCgwI9u66sgYQ8Lfy0AI%7C?hl=en-US",
                "images": [
                    {
                        "thumbnail": "https://lh5.googleusercontent.com/p/AF1QipNwlkyVX0WIyOT9EMEUgd6atVPiu-9AD8yPr1TH=w150-h150-k-no-p"
                    }
                ],
                "date": "5 months ago"
            },
            {
                "username": "Paul",
                "rating": 4,
                "contributor_id": "111173309149263772385",
                "description": "Had several visits here, serves good bar food and great selection of ales and ciders. Service midweek was a bit slow, but they had minimal staff.",
                "link": "https://www.google.com/maps/reviews/data=!4m8!14m7!1m6!2m5!1sChZDSUhNMG9nS0VJQ0FnSUNYN3Vub0RBEAE!2m1!1s0x0:0xf21f4a789f59efd0!3m1!1s2@1:CIHM0ogKEICAgICX7unoDA%7CCgwIt9zAuAYQkMS88gI%7C?hl=en-US",
                "images": [
                    {
                        "thumbnail": "https://lh5.googleusercontent.com/p/AF1QipN_XySjE5z2bd6DppXK_iYbsqvXaXIHwj0u4DRb=w150-h150-k-no-p"
                    },
                    {
                        "thumbnail": "https://lh5.googleusercontent.com/p/AF1QipPaldIiyG8kdFS43j4NvXMx9aSlUNQZ5p0eBG4G=w150-h150-k-no-p"
                    }
                ],
                "date": "a month ago"
            },
            {
                "username": "Aria Savadkouei",
                "rating": 4,
                "contributor_id": "108483467423952890636",
                "description": "The food is generally very good and hearty. Perfect for the cold midwestern weather. The fries, in particular are worth the price of admission. They are very crispy, soft on the inside, and perfectly seasoned.\nThe portions are also generous.\n\nThe last couple of times, the service was a bit slow and disappointing, but nothing to be too worried about. Overall a good reliable restaurant for pub-style food and good beer.",
                "link": "https://www.google.com/maps/reviews/data=!4m8!14m7!1m6!2m5!1sChZDSUhNMG9nS0VJQ0FnSUROZ2ZYN0hnEAE!2m1!1s0x0:0xf21f4a789f59efd0!3m1!1s2@1:CIHM0ogKEICAgIDNgfX7Hg%7CCgwI8JW8rQYQuJW__gI%7C?hl=en-US",
                "images": [
                    {
                        "thumbnail": "https://lh5.googleusercontent.com/p/AF1QipPged49E_zDv4BRMWGY5hUuk1HodMLVhzfxJphU=w150-h150-k-no-p"
                    },
                    {
                        "thumbnail": "https://lh5.googleusercontent.com/p/AF1QipMp5lPYQL3yHKN3_o1r8xMbCLSOcbksiEXQV1Re=w150-h150-k-no-p"
                    }
                ],
                "date": "9 months ago"
            },
            {
                "username": "Abby Browne",
                "rating": 5,
                "contributor_id": "107474744001669434256",
                "description": "I came in the other night and had Kaylee as my server. She was the best! She was very cheerful and made sure we were taken care of all night. She went above and beyond all night. She even suggested we try the cookie dough cheese cake, and it was the best decision I made all week. 100% will be returning and asking for Kaylee!",
                "link": "https://www.google.com/maps/reviews/data=!4m8!14m7!1m6!2m5!1sChdDSUhNMG9nS0VJQ0FnSURYLUlUNHV3RRAB!2m1!1s0x0:0xf21f4a789f59efd0!3m1!1s2@1:CIHM0ogKEICAgIDX-IT4uwE%7CCgwI6dbmuAYQwInZ-wI%7C?hl=en-US",
                "date": "4 weeks ago"
            },
            {
                "username": "Emily Buck",
                "rating": 5,
                "contributor_id": "115978714519486711618",
                "description": "Drove from toledo ann harbor and it was worth it the food was great and the drinks . I would get the elote queso and the tropical blue drink . Burgers and chicken sandwiches were great . Tried the pickleback and wasn't sure about everything pickle flavored, but it was great .",
                "link": "https://www.google.com/maps/reviews/data=!4m8!14m7!1m6!2m5!1sChZDSUhNMG9nS0VJQ0FnSUNUaHVqY0RBEAE!2m1!1s0x0:0xf21f4a789f59efd0!3m1!1s2@1:CIHM0ogKEICAgICThujcDA%7CCgsI1-CKsgYQ0KrnLg%7C?hl=en-US",
                "images": [
                    {
                        "thumbnail": "https://lh5.googleusercontent.com/p/AF1QipMltY8xykaM007LuIuLKY1r8DCAzyUFtIzFQ5Gy=w150-h150-k-no-p"
                    },
                    {
                        "thumbnail": "https://lh5.googleusercontent.com/p/AF1QipOXi-c6SowAFkD_FN2u1SBNklB_WWcAW1n8myHi=w150-h150-k-no-p"
                    },
                    {
                        "thumbnail": "https://lh5.googleusercontent.com/p/AF1QipNaKDwduomlXkQl6UQpvVhaezGN4zP5ILtmc-q5=w150-h150-k-no-p"
                    },
                    {
                        "thumbnail": "https://lh5.googleusercontent.com/p/AF1QipM-TdybIcfnnaeyJRSsDqa5K33PqUZH1tcZ27s3=w150-h150-k-no-p"
                    }
                ],
                "date": "6 months ago"
            },
            {
                "username": "Vikram Bala",
                "rating": 1,
                "contributor_id": "118263460813448768909",
                "description": "Very disappointed... I had high expectations going in because of my previous visit and the reputation of this establishment \ud83c\udf7a That being said, the service \ud83d\udd27 was ATROCIOUS. We got in at 6:30 and left at 8:30 because of how slow \ud83e\udda5 it was. The place wasn't even busy! It took forever to order and even longer for the food \ud83c\udf57 to eventually come out. On top of that, the waitress didn't even know the cost of add-ons! That's awful! The fries \ud83c\udf5f were the only redeeming part of this experience...",
                "link": "https://www.google.com/maps/reviews/data=!4m8!14m7!1m6!2m5!1sChZDSUhNMG9nS0VJQ0FnSUQ3M3VfdWJnEAE!2m1!1s0x0:0xf21f4a789f59efd0!3m1!1s2@1:CIHM0ogKEICAgID73u_ubg%7CCgsIzYSptgYQiLz8ew%7C?hl=en-US",
                "images": [
                    {
                        "thumbnail": "https://lh5.googleusercontent.com/p/AF1QipMLT6z8Ybvkai6iboQxyN5iPDtI6dVsOpo22BCs=w150-h150-k-no-p"
                    }
                ],
                "date": "2 months ago"
            }
        ]
    },
    "Services": {
        "dine_in": true,
        "takeout": true,
        "no_contact_delivery": true
    }
}