{
    "docid": 36,
    "Title": "The Pretzel Bell",
    "Price": [],
    "Place ID": "ChIJT_ulVzyuPIgRK9LtADY2u2c",
    "Type ID": [],
    "Type": [
        "American restaurant",
        "Bar"
    ],
    "Menu": {
        "link": "https://thepretzelbell.com/wp/",
        "source": "thepretzelbell.com",
        "items": "To Share\n\nFrench Onion Soup\n\nGarlic Croutons, Melted Gruyere Cheese\nSprouts\n\nFried Brussels Sprouts, Bacon, Shaved Parmesan, White Balsamic Vinaigrette\n\n(gs)\nShrimp Cocktail\n\nChilled Jumbo Shrimp, Cocktail Sauce\nCalamari\n\nFried, Lemon, Jalapeno, Zesty Aioli\nLoaded Potato Skins\n\nMelted White Cheddar, Bacon, Sour Cream, Scallions\nSoft Baked Pretzel\n\nWarm Cheese Dip, Honey Mustard (v) + Whole Grain Mustard\nBig Ten Cocktails\n\nHeisman\n\nWoodson Whiskey, Iced Tea, Peach, Lemonade\nPBell Margarita\n\nAltos, Grand Mariner, Lime Juice, Salt Rim\nEspresso Martini\n\nVodka, Cold Brew, Espresso Liqueur\nBlue Duece\n\nSpiced Rum, Orange Cordial, Raspberry, Lemon, Melon\nPeach Paloma\n\nSilver Tequila, Peach, Agave, Lime\n\nPBell Old Fashioned\n\nWoodford Reserve Bourbon, Cherry Demerara, Orange Bitters\nPBell Collins\n\nDetroit City Gin, Rosemary, Lemon Juice, Lemon Syrup, Soda, Peel\nMichigan Ranch Water\n\nAltos, Lime Juice, Soda Walter\n\nBerry Mule\n\nVodka, Berry Shrub, Ginger Beer, Lime\nWard 8\nRye, Lemon Juice, Orange Juice, Luxardo Liqueur\nTraditional Irish Coffee\n\nExtra Hot Coffee, Fresh Cream, Irish Whiskey\nGreenery\n\nAdd Chicken, Bacon, Hanger Steak, Salmon, or Chilled or Grilled Shrimp to any Salad\n\nHouse Salad\n\nRomaine, Tomato, Cucumber, Red Onion, Choice of Dressing (v)\nGrain Bowl\n\nFarro, Quinoa, Baby Kale, Shaved Parmesan, Roasted Broccolini, Pickled\nOnions, Roasted Bell Peppers, Tomatoes, Feta Cheese, Carrot Vinaigrette (v)\nChopped Greek Salad\nSun-Dried Tomatoes, Kalamata Olives, Feta, House-Pickled Beets, Cucumber,\nRomaine, Red Onion, Pepperoncini, Toasted Almonds, Greek Vinaigrette (v)\nIceberg Wedge\nSmoked Bacon, Grape Tomatoes, Creamy Blue Cheese Dressing\nPretzel Caesar\nRomaine, Garlic Pretzel Croutons, Shaved Parmesan, Lemon, Penne, Classic\nCaesar Dressing\n\nPlates\n\nBar-B-Q Baby Back Ribs\n\nHalf Rack Slow Cooked Dry Rubbed Pork Ribs, Crispy French Fries, Slaw,\nBar-B-Q Sauce\n\nPretzel Crusted Mac & Cheese\n\nPenne, Cheesy B\u00e9chamel, Smoked Gouda (v) + Chicken + Bacon\n\nFish & Chips\n\nBeer-Battered North Atlantic Cod, Tartar Sauce, Crispy French Fries\nSpicy Chicken Pasta\n\nLinguini, Roasted Vegetables, Blackened Chicken Breast, Creole Cream Sauce\nCatch of the Day\n\nCoconut Curry Rice, Roasted Vegetables\n\nGrilled Cajun Salmon\n\nLemon Butter Sauce. Served with Your Choice of 2 Sides\n\nPan-Roasted Chicken Breast\nBone-In Chicken Breast, Honey Mustard Glaze. Served with Your Choice of 2\nSides\nHanger Steak\n\nGrilled 8 oz. Hanger. Served with Your Choice of 2 Sides\nNY Strip\n\nGrilled 12 oz. Black Angus NY Strip. Served with Your Choice of 2 Sides\nSteak Sauces\n\nTruffle Butter, Chipotle Blue Cheese Butter, Red Wine Demi Glace, or\nChimichurri\nBetween Bread\n\nServed with Choice of Crispy French Fries, Sweet Potato Fries, Tater Tots, or a Side\nSalad\n\nVarsity Burger\n\nLocal Blend of Michigan & Wagyu Beef, Fried Egg, Bacon, Smoked Gouda, Aioli,\nToasted Pretzel Bun\nFrench Dip\n\nShaved Roast Beef, White Cheddar, Caramelized Onions, Aioli, Beef Jus\nPBell Crunchy Bird\n\nCrispy Fried Chicken, Spicy Slaw, Aioli, Pickles, Brioche Bun\nCuban Sandwich\n\nMarinated Pork Shoulder, Ham, Chorizo, Sweet Pickles, Swiss Cheese, Chipotle\nAioli, Toasted Ciabatta\nCreamed Spinach\n\nRoasted Vegetables\nCauliflower Risotto\n\nHouse Coleslaw\n\nCrispy French Fries\nRoasted Garlic Mash\nSweet Potato Fries\nCoconut Curry Rice\nCreamy Cheddar Grits\nTater Tots\n\nChocolate Brownie Sundae\n\nWarm Chocolate Brownie, Chocolate & Caramel Sauce, Vanilla Ice Cream,\nCandied Pretzels (v)\nSalted Caramel Pretzel\nCinnamon Sugar, Vanilla lce Cream\nCheesecake\n\nNew York Style, Strawberry Compote\nCoffee or Tea\n"
    },
    "Address": "226 S Main St, Ann Arbor, MI 48104",
    "GPS Coordinates": {
        "latitude": 42.2797105,
        "longitude": -83.74878489999999
    },
    "Phone Number": "(734) 994-2773",
    "Rating": 4.2,
    "Rating Summary": [
        {
            "stars": 1,
            "amount": 36
        },
        {
            "stars": 2,
            "amount": 58
        },
        {
            "stars": 3,
            "amount": 144
        },
        {
            "stars": 4,
            "amount": 393
        },
        {
            "stars": 5,
            "amount": 604
        }
    ],
    "Opening Hours": [
        {
            "friday": "12\u201311\u202fPM"
        },
        {
            "saturday": "11\u202fAM\u201311\u202fPM"
        },
        {
            "sunday": "12\u20139\u202fPM"
        },
        {
            "monday": "4\u201311\u202fPM"
        },
        {
            "tuesday": "4\u20139\u202fPM"
        },
        {
            "wednesday": "4\u20139\u202fPM"
        },
        {
            "thursday": "4\u20139\u202fPM (Thanksgiving)"
        }
    ],
    "Description": "Spacious, bi-level haunt offering updated American comfort food & drinks amid Michigan memorabilia.",
    "Details": [
        {
            "highlights": [
                "Fast service",
                "Sports"
            ]
        },
        {
            "popular_for": [
                "Lunch",
                "Dinner",
                "Solo dining"
            ]
        },
        {
            "accessibility": [
                "Wheelchair accessible entrance",
                "Wheelchair accessible parking lot",
                "Wheelchair accessible restroom",
                "Wheelchair accessible seating"
            ]
        },
        {
            "offerings": [
                "Alcohol",
                "Beer",
                "Cocktails",
                "Coffee",
                "Comfort food",
                "Happy hour drinks",
                "Happy hour food",
                "Hard liquor",
                "Late-night food",
                "Small plates",
                "Wine"
            ]
        },
        {
            "dining_options": [
                "Lunch",
                "Dinner",
                "Dessert",
                "Seating"
            ]
        },
        {
            "amenities": [
                "Bar onsite",
                "Restroom"
            ]
        },
        {
            "atmosphere": [
                "Casual",
                "Cozy",
                "Trendy"
            ]
        },
        {
            "crowd": [
                "College students",
                "Family-friendly",
                "Groups",
                "Tourists"
            ]
        },
        {
            "planning": [
                "Accepts reservations"
            ]
        },
        {
            "payments": [
                "Credit cards",
                "Debit cards",
                "NFC mobile payments"
            ]
        },
        {
            "children": [
                "Good for kids",
                "High chairs",
                "Kids' menu"
            ]
        },
        {
            "parking": [
                "Paid parking lot",
                "Paid street parking"
            ]
        },
        {
            "pets": [
                "Dogs allowed outside"
            ]
        }
    ],
    "User Reviews": {
        "summary": [
            {
                "snippet": "\"Good pretzels, veggie burger, fries and drinks, not bad price!!\""
            },
            {
                "snippet": "\"Good selection of salads and sandwiches along with a dinner menu and appetizers.\""
            },
            {
                "snippet": "\"Thoroughly enjoyed the food, outdoor setting and service.\""
            }
        ],
        "most_relevant": [
            {
                "username": "Gloria Li",
                "rating": 5,
                "contributor_id": "118073775695507193005",
                "description": "New date spot! My husband and I went on \"Treat Yourself Tuesday\" for honestly the best deal in Ann Arbor: a NY strip served with two sides, house or caesar salad, & dessert for $30! We were STUFFED and the food was amazing. Everyone here is super friendly and we were seated in one of the cozy booths. Our first kiss almost exactly 5 years ago was actually in the Down Bar which can get kind of wild late at night if you're into that (we are boring and old now so that's not really our vibe anymore).",
                "link": "https://www.google.com/maps/reviews/data=!4m8!14m7!1m6!2m5!1sChZDSUhNMG9nS0VJQ0FnSUQ3ZzlDYkdBEAE!2m1!1s0x0:0x67bb363600edd22b!3m1!1s2@1:CIHM0ogKEICAgID7g9CbGA%7CCgsIk6y4tgYQoM-BJA%7C?hl=en-US",
                "images": [
                    {
                        "thumbnail": "https://lh5.googleusercontent.com/p/AF1QipPtpH4yJZfJ3vHH0Sf0yVR5uC0oaMqrtWnRQ-ti=w150-h150-k-no-p"
                    },
                    {
                        "thumbnail": "https://lh5.googleusercontent.com/p/AF1QipM33UwGOXgEI6ZKvybR1f9AV68AN5YPnKCaw0lU=w150-h150-k-no-p"
                    }
                ],
                "date": "2 months ago"
            },
            {
                "username": "Laura Kuehnel",
                "rating": 5,
                "contributor_id": "116983516742386807837",
                "description": "We hosted an amazing 40th birthday party in the Pretzel Bell Captain's Room for 35 guests. We could not have been more pleased. Our bartender, Ella, was top-notch--incredibly friendly, attentive and efficient. The food was delicious and the bar selection was great. Thanks for a memorable night!",
                "link": "https://www.google.com/maps/reviews/data=!4m8!14m7!1m6!2m5!1sChZDSUhNMG9nS0VJQ0FnSUM3bjQzakpBEAE!2m1!1s0x0:0x67bb363600edd22b!3m1!1s2@1:CIHM0ogKEICAgIC7n43jJA%7CCgwIh7mNtgYQiIS81gM%7C?hl=en-US",
                "images": [
                    {
                        "thumbnail": "https://lh5.googleusercontent.com/p/AF1QipPEnKSPMvquZzUmcLP2DwzJacN4sTJYecaucmme=w150-h150-k-no-p"
                    }
                ],
                "date": "3 months ago"
            },
            {
                "username": "K R",
                "rating": 3,
                "contributor_id": "100633672462883311149",
                "description": "The hamburger is one of the best around. It was made to perfection with bacon, sauce and an egg. I added the sweet potato fries which were amazing. However the staff needs to get it together. Our waiter took a long time before even greeting us. Actually he took way longer to get around to doing anything. We had to ask for ketchup for our fries after to walked away.\nThe menu is limited, I would like to see more options.",
                "link": "https://www.google.com/maps/reviews/data=!4m8!14m7!1m6!2m5!1sChdDSUhNMG9nS0VJQ0FnSUNsN3BxQXVRRRAB!2m1!1s0x0:0x67bb363600edd22b!3m1!1s2@1:CIHM0ogKEICAgICl7pqAuQE%7CCgwIhKPlqgYQ-K77_AI%7C?hl=en-US",
                "images": [
                    {
                        "thumbnail": "https://lh5.googleusercontent.com/p/AF1QipNciJB8SVokaDvngkHvg3Cm6JMU5bzBFdw3YLeC=w150-h150-k-no-p"
                    },
                    {
                        "thumbnail": "https://lh5.googleusercontent.com/p/AF1QipMMxkpm4rslbwrzLnnHJJl5Wz-6glhW7CDDUUDi=w150-h150-k-no-p"
                    },
                    {
                        "thumbnail": "https://lh5.googleusercontent.com/p/AF1QipMCqYJyFTepli7oOq0C9WQP-jQZmU1kraiBhGdF=w150-h150-k-no-p"
                    },
                    {
                        "thumbnail": "https://lh5.googleusercontent.com/p/AF1QipOT5CGcNUGe429joGzhrt_yCHf91aPlbNGHH8kY=w150-h150-k-no-p"
                    },
                    {
                        "thumbnail": "https://lh5.googleusercontent.com/p/AF1QipPB4TmP917uktVduaDhJnxsXTOQXA9iyCp8sSpv=w150-h150-k-no-p"
                    },
                    {
                        "thumbnail": "https://lh5.googleusercontent.com/p/AF1QipMnmU7R2a8XC5Ey7TTseNDILeJm-OoMoasmK7jT=w150-h150-k-no-p"
                    },
                    {
                        "thumbnail": "https://lh5.googleusercontent.com/p/AF1QipNeUNJYTeJ0a0O6qrWXngjE-2wqDHMUdu6W_OUH=w150-h150-k-no-p"
                    },
                    {
                        "thumbnail": "https://lh5.googleusercontent.com/p/AF1QipPPUP_8gctKT_tjvy2ZFwoqiG6vRfXanerw81Xc=w150-h150-k-no-p"
                    },
                    {
                        "thumbnail": "https://lh5.googleusercontent.com/p/AF1QipMt_04fNO43yUgIL_7ttxcjBQ042FfuF6MDkTH7=w150-h150-k-no-p"
                    },
                    {
                        "thumbnail": "https://lh5.googleusercontent.com/p/AF1QipMjJodd1Qn4c5cHWs1gPxLrhrqzIaNDhESKHlTh=w150-h150-k-no-p"
                    },
                    {
                        "thumbnail": "https://lh5.googleusercontent.com/p/AF1QipOSGaLLX2eFelZ5jSQ_CgI0_wfJ5osf9N9Ez8QW=w150-h150-k-no-p"
                    },
                    {
                        "thumbnail": "https://lh5.googleusercontent.com/p/AF1QipMgP__r6vPn46OzOmMQm0KzJqktzqKrGD01bjQu=w150-h150-k-no-p"
                    },
                    {
                        "thumbnail": "https://lh5.googleusercontent.com/p/AF1QipM-i272u81p1__i5Rfpau0pKAWPIcNor-6dw2Sk=w150-h150-k-no-p"
                    },
                    {
                        "thumbnail": "https://lh5.googleusercontent.com/p/AF1QipPullnaEX0PesUYnKmBh1LtmglV06TxPkWUFrqI=w150-h150-k-no-p"
                    },
                    {
                        "thumbnail": "https://lh5.googleusercontent.com/p/AF1QipOEI8BKQu7ae0HyhXb6dhFjpYCcvAPExx-IB54o=w150-h150-k-no-p"
                    }
                ],
                "date": "a year ago"
            },
            {
                "username": "Siddhi More",
                "rating": 4,
                "contributor_id": "100987334369847063212",
                "description": "Tried a new spot but our hostess was great and was a great service. The food was amazing and would recommend :)",
                "link": "https://www.google.com/maps/reviews/data=!4m8!14m7!1m6!2m5!1sChZDSUhNMG9nS0VJQ0FnSUMzbjh5WUd3EAE!2m1!1s0x0:0x67bb363600edd22b!3m1!1s2@1:CIHM0ogKEICAgIC3n8yYGw%7CCgwI8KrDuQYQoMe9gAE%7C?hl=en-US",
                "images": [
                    {
                        "thumbnail": "https://lh5.googleusercontent.com/p/AF1QipP-xbK3Qt9tJt5g_FBZs7PwRjuZbrzIcmM0MV7c=w150-h150-k-no-p"
                    },
                    {
                        "thumbnail": "https://lh5.googleusercontent.com/p/AF1QipMU59dE7CXGGCzJwdmkVddHmP39FcdE2uQVCqVu=w150-h150-k-no-p"
                    }
                ],
                "date": "a week ago"
            },
            {
                "username": "Kathryn",
                "rating": 5,
                "contributor_id": "111223084433550088299",
                "description": "Just went here for a beer, so can't speak much. But I enjoyed the patio! It was fully shaded at 5pm on a summer evening, rare for Ann Arbor. Happy hour is 4-6, half off drafts, signature cocktails, and appetizers. Definitely on my list to go back for dinner to check out the food. I was meeting up with a friend who doesn't eat shellfish and this place had a ton on the menu. Another bummer is the lack of N/A non-alcoholic options. They had two N/A beers, but no N/A cocktails. It'd be nice if at least one of their signature cocktails had a N/A spirit like Dhos or Seedlip.",
                "link": "https://www.google.com/maps/reviews/data=!4m8!14m7!1m6!2m5!1sChdDSUhNMG9nS0VJQ0FnSURMdC1ERG9nRRAB!2m1!1s0x0:0x67bb363600edd22b!3m1!1s2@1:CIHM0ogKEICAgIDLt-DDogE%7CCgwI5fqNtAYQuPKe0gM%7C?hl=en-US",
                "images": [
                    {
                        "thumbnail": "https://lh5.googleusercontent.com/p/AF1QipP61Ftm-otIPVm6jVPzVX8O-hiAM_hUJJAnvvWE=w150-h150-k-no-p"
                    },
                    {
                        "thumbnail": "https://lh5.googleusercontent.com/p/AF1QipPS255ybfrepxDYsmHczShDitHsLL8s_orIOUiP=w150-h150-k-no-p"
                    }
                ],
                "date": "4 months ago"
            },
            {
                "username": "btqb13",
                "rating": 5,
                "contributor_id": "110014588669084597767",
                "description": "Loved the Pretzel Bell!! Great atmosphere! Love all the UM pictures. Would walk around and look at every old photo if I had the place to myself. First time and will definitely come back. Downstairs bar is very cool.",
                "link": "https://www.google.com/maps/reviews/data=!4m8!14m7!1m6!2m5!1sChZDSUhNMG9nS0VJQ0FnSUMzN0lHSUR3EAE!2m1!1s0x0:0x67bb363600edd22b!3m1!1s2@1:CIHM0ogKEICAgIC37IGIDw%7CCgsIzceeuQYQyL6odA%7C?hl=en-US",
                "date": "2 weeks ago"
            },
            {
                "username": "Gaurav Borgaonkar",
                "rating": 5,
                "contributor_id": "107496685530152879452",
                "description": "Perfect place for dinner in downtown Ann Arbor! The place is ideally located in the heart of downtown where you have the option to sit both indoor as well as outdoor. They have really good deep dish Detroit style pizzas on the menu and a fine collection of beers! The food and service both are very good! Strongly recommended!\nThey removed the Cauliflower starters from their menu which was a little letdown.",
                "link": "https://www.google.com/maps/reviews/data=!4m8!14m7!1m6!2m5!1sChdDSUhNMG9nS0VJQ0FnSUNxb3FlRnh3RRAB!2m1!1s0x0:0x67bb363600edd22b!3m1!1s2@1:CIHM0ogKEICAgICqoqeFxwE%7CCgsI6Nq5ogYQgNCtcw%7C?hl=en-US",
                "images": [
                    {
                        "thumbnail": "https://lh5.googleusercontent.com/p/AF1QipOg6vk8rWrTh9SuPeh39MldAriWNpiKDi-Kbudr=w150-h150-k-no-p"
                    },
                    {
                        "thumbnail": "https://lh5.googleusercontent.com/p/AF1QipMjPigZYQiWe73DYfYKzU8ykAy30wG3kyxoWkxs=w150-h150-k-no-p"
                    },
                    {
                        "thumbnail": "https://lh5.googleusercontent.com/p/AF1QipNyc4tA70bzt2hSyfpPbBY5CUt6PAE521eyJCcf=w150-h150-k-no-p"
                    },
                    {
                        "thumbnail": "https://lh5.googleusercontent.com/p/AF1QipOObv4lVRVuXWDsq4uYM50keq1z37fN_oa3Wvd6=w150-h150-k-no-p"
                    },
                    {
                        "thumbnail": "https://lh5.googleusercontent.com/p/AF1QipPUJD5O_JgetYa5DfOeBu1Czz3QVzfTZIEcWgY2=w150-h150-k-no-p"
                    },
                    {
                        "thumbnail": "https://lh5.googleusercontent.com/p/AF1QipOMqtkJ-0w84vlznkc_YWsvJp0uGwEYsV6C_h_d=w150-h150-k-no-p"
                    },
                    {
                        "thumbnail": "https://lh5.googleusercontent.com/p/AF1QipPcZmpGVGQ1WFjYPvOw8Oasoz5Af6dpDiCbUryl=w150-h150-k-no-p"
                    },
                    {
                        "thumbnail": "https://lh5.googleusercontent.com/p/AF1QipPb0AK8Q_v7JlRUR41mYUNUwA875Y_7KxtTNA9f=w150-h150-k-no-p"
                    },
                    {
                        "thumbnail": "https://lh5.googleusercontent.com/p/AF1QipMd_n_pgwISoTcmJfkecxm22aUoTk9IG6CzooEI=w150-h150-k-no-p"
                    }
                ],
                "date": "a year ago"
            },
            {
                "username": "Cody Weikel",
                "rating": 5,
                "contributor_id": "115716008739264853760",
                "description": "The Pretzel Bar offers a really cool old time swanky feel. They have tables, secluded booths, and high tops. The food is pretty good. Portions run on the smaller side, but we just got a few appetizers to share. Their drink menu has a lot to offer and they have a full bar so you can still order your favorites",
                "link": "https://www.google.com/maps/reviews/data=!4m8!14m7!1m6!2m5!1sChdDSUhNMG9nS0VJQ0FnSURCaGREajBRRRAB!2m1!1s0x0:0x67bb363600edd22b!3m1!1s2@1:CIHM0ogKEICAgIDBhdDj0QE%7CCgsI5tS9ngYQ-My-Fg%7C?hl=en-US",
                "images": [
                    {
                        "thumbnail": "https://lh5.googleusercontent.com/p/AF1QipNM9Rod8Q-5ka4hCDbdEMgXbawFZdqjhPvQZz0K=w150-h150-k-no-p"
                    },
                    {
                        "thumbnail": "https://lh5.googleusercontent.com/p/AF1QipOSezDk_PO5YI-9QbaUSuhZtkMbGZIj83i1myNN=w150-h150-k-no-p"
                    },
                    {
                        "thumbnail": "https://lh5.googleusercontent.com/p/AF1QipOIpda610O65bX9PmT1C66OA4ORi8bJVB09K2Xl=w150-h150-k-no-p"
                    },
                    {
                        "thumbnail": "https://lh5.googleusercontent.com/p/AF1QipNAWbDc5_RV-NsKwX9WCWhZ5xsx0lU2U-g78KSh=w150-h150-k-no-p"
                    },
                    {
                        "thumbnail": "https://lh5.googleusercontent.com/p/AF1QipMWk9zhrDr9JpfKpLaL2MNRjWUY-Sjl9hWf-RJ4=w150-h150-k-no-p"
                    },
                    {
                        "thumbnail": "https://lh5.googleusercontent.com/p/AF1QipMIGNKWoHU7_LDtkXxPMH6bOID_nLA9h_yZ8sGZ=w150-h150-k-no-p"
                    },
                    {
                        "thumbnail": "https://lh5.googleusercontent.com/p/AF1QipPL8BndAmUdvucqJ-GEtL3FYmv-b_rlSWJEkG5K=w150-h150-k-no-p"
                    },
                    {
                        "thumbnail": "https://lh5.googleusercontent.com/p/AF1QipPbUSANKptcXbYj_Z4PEdzTpnn6YmcMPMbCtHDf=w150-h150-k-no-p"
                    }
                ],
                "date": "a year ago"
            }
        ]
    },
    "Services": {
        "dine_in": true,
        "curbside_pickup": true,
        "delivery": true
    }
}