{
    "docid": 43,
    "Title": "Old Town Tavern",
    "Price": [],
    "Place ID": "ChIJz43fWTyuPIgRzK-dY81H-zA",
    "Type ID": [],
    "Type": [
        "Bar & grill",
        "American restaurant",
        "Restaurant"
    ],
    "Menu": {
        "link": "https://www.oldtownaa.com/eat",
        "source": "oldtownaa.com",
        "items": "CHICKEN TENDERS\n\nBreaded chicken breast, fried until golden. Served with bbq. sauce, honey mustard, or\nranch dressing.\n\n$14.50\n\nARTICHOKE SPINACH DIP\n\nHousemade dip cooked with cream cheese, parmesan, swiss. Served with tortilla chips\nor toast points.\n\n$13.00\nFRIES\nPremium, skin on Idaho, regular cut.\n$7.00\nSWEET POTATO FRIES\nServed with honey mustard dressing.\n$8.50\nCORN CHIPS & SALSA\nCorn chips fried in small batches, salsa made in house.\n$6.50\nCHILI CHEESE FRIES\nFries topped with chili and mexi cheese\n\n$12.00\n\nPIMENTO CHEESE\nHousemade, tangy blend of sharp cheddar,\n\ncream cheese and pimento peppers. Served with toast points.\n$13.00\nSOUPS\n\nOLD TOWN CHILI\n\nLean ground beef, beans, and chipotle peppers, garnished with cheese, scallions, and\ncorn chips.\n\n$6.50\nMINESTRONE(v)\nLoads of vegetables and pasta. Topped with pesto and parmesan.\n$6.00\n\nGUMBO\n\nNew Orleans style stew with chicken, cajun sausage, okra and vegetables in a dark\nthick broth. Served with rice\n\n$10.00\n\nHOUSE\nRomaine, leaf and spring mix with tomato, red bell pepper, carrots and cucumber.\n$8.50 / $12.00\nCAESAR\nRomaine, croutons, Caesar dressing and Parmesan.\n$9.50 / $12.50\nSOUTHWESTERN\n\nMixed greens and vegetables, with bacon, shredded cheese, black bean corn relish,\ntortilla strips, a touch of BBQ sauce and ranch dressing.\n\n$16.00\nCOBB SALAD\n\nMixed greens, tomato and green onion with diced chicken, bacon, avocado, blue\ncheese crumbles, egg.\n\n$16.50\nADD CHICKEN BREAST\nPlain, Cajun or Mesquite Seasonings\n$5.00\nADD MEXICAN BRISKET\n$6.00\nADD TEMPEH BURGER\n$4.00\nADD SALMON\n$70z $14.00\nDRESSINGS\nBalsamic Vinaigrette, Caesar, Thousand Island, Ranch, Blue Cheese, Honey Mustard,\nOil.& Vin\nALL BURGERS\n\nGrilled and served on a Kaiser roll with kettle chips, lettuce, tomato, and a pickle spear.\nOnion and mayo available by request.\nGROUND BEEF\n\n7oz. fresh from Knight\u2019s Market.\n\n$13.50\n\nIMPOSSIBLE BURGER\n\nVegan, plant based patty.\n$15.50\n\nTEMPEH BURGER\nVegan patty of fermented soy beans and brown rice\n\n$12.00\n\nSEASONING & SAUCES\n\nBBQ Sauce, Cajun Spices, Mesquite\n$0.75\nCHEESE\nAmerican, Cheddar, Swiss, Pepper Jack, Blue Cheese, Cheese Sauce, Pimento\n$0.75\nOTHER ITEMS\nBanana Peppers, Grilled Mushrooms, Grilled Onions, Black Olives, Fresh Jalapenos\n$.75\nSliced Avocado, Guacamole, Bacon, GF Bun OR Pretzel bun\n\n$2.50\n\nSUB CHIPS FOR FRIES, MINI SALAD, MINI CAESAR SALAD, SLAW, MASHED\nPOTATO, STEAMED VEGETABLE, RICE\n\n$2.50\nSWEET POTATOES\n$3.50\n\nSouthwestern\nHANDHELD BURRITOS\nA flour tortilla wrapped around spiced black beans, shredded cheese, corn, rice grilled\nonion/peppers, lettuce and tomato.Served with corn chips, salsa and sour cream.\n\n$12.50\n+ ADD SEASONED GROUND BEEF\n$3.50\n+ SEASONED CHICKEN BREAST\n$4.00\n+ ADD SIDE OF GUACAMOLE\n$2.00 QUESO CHEESE $1.50\n\nQUESADILLA\n\nGrilled flour tortilla, stuffed with cheddar-jack, tomato, black bean, corn and onion.\nServed with a side of corn chips, salsa, sour cream.\n\n$12.50\n+ ADD SEASONED GROUND BEEF\n$3.50\n+ SEASONED CHICKEN BREAST\n$4.00\n+ ADD SIDE OF GUACAMOLE\n$2.00\n\nNACHOS\n\nCorn tortilla chips topped with mexi cheese, lettuce, tomato and black beans. Served\nwith salsa and sour cream. Available upon request: onions, jalapefios, black olives.\n\n$12.00\n+ ADD SEASONED GROUND BEEF\n$3.50\nCHICKEN\n$4.00\n\nALL SANDWICHES\n\nServed with chips and a pickle spear\nREUBENS\nCorned Beef & Sauerkraut, Turkey & Slaw, or Tempeh & Sauerkraut, topped with melted\nSwiss on grilled marble rye, side of Thousand Island dressing.\n\n$14.50\nHAM & SWISS\n\nSliced and grilled Dearborn ham, with swiss, lettuce, tomato and brown mustard.\nServed on a pretzel bun.\n\n$13.00\nOTT GRILLED CHEESE\nGrilled Swiss, parmesan, tomato and mushrooms. Served on grilled marble rye bread.\n$12.50\nOLD TOWN CLUB\n\nA triple decker club with turkey, ham, bacon, lettuce, tomato and mayo. Served on\nsourdough bread.\n\n$14.00\nSLICED BRISKET\n\nSlowly cooked brisket, grilled onions and mushrooms, topped with pepperjack. Served\non a ciabatta bun.\n\nAdd BBQ sauce .75\n$14.50\nBLTA\nCrispy bacon, sliced avocado, lettuce, tomato, mayo on ciabatta bread.\n$13.00\nFRIED CHICKEN\n\nButtermilk dipped and hand breaded (available grilled) lettuce, tomato, side of mayo.\nBurger additions available.\n\n$13.50\nCHICKEN CAESAR WRAP\nChilled breast meat with romaine, parmesan, and\ncaesar dressing (on the side)in a flour tortilla.\n$13.00\nCHICAGO DOGS\n2 all beef Dearborn hotdogs, Served on a poppy seed bun, topped with sport peppers,\nrelish, tomato, onion, celery seed and pickles(can make chili/cheese instead)\n\n$12.50\n\nFRIES, MINI SALAD, MINI CAESAR SALAD, SLAW, MASHED POTATO, STEAMED\nVEGETABLE, RICE\n\n$2.50\nSWEET POTATO FRIES\n$3.50\nSLICED AVOCADO\n$2.50\n\nNASHVILLE HOT CHICKEN\n\nHand breaded, boneless breast and thigh, tossed in a hot pepper sauce, served with\nbaked beans, slaw and sweet pickles\n\n$17.00\n\nFISH N' CHIPS\n\nBeer battered cod, fries, slaw, tartar sauce. (Available grilled and a side of steamed\nvegetables)\n\n$17.00\n\nSALMON BOWL\n7oz, Atlantic Salmon, avocado,\n\ncarrot and cucumber. Served on a bed of rice, drizzled with a Korean bbq and spicy\nmayo, topped with sesame seeds\n\n$21.50\n\nMEXICAN BRISKET BOWL\n\nBraised Brisket, simmered in chili peppers and spices. Served on a bed of rice, topped\nwith corn, black bean, tomato, avocado, queso fresca and a side of salsa verde\n\n$18.00\nPOT ROAST\n\n8 oz. of slowly roasted brisket. Served with a side of veggies and mashed potatos\ntopped with gravy.\n\n$18.00\n"
    },
    "Address": "122 W Liberty St, Ann Arbor, MI 48104",
    "GPS Coordinates": {
        "latitude": 42.279807,
        "longitude": -83.749697
    },
    "Phone Number": "(734) 662-9291",
    "Rating": 4.5,
    "Rating Summary": [
        {
            "stars": 1,
            "amount": 12
        },
        {
            "stars": 2,
            "amount": 2
        },
        {
            "stars": 3,
            "amount": 44
        },
        {
            "stars": 4,
            "amount": 150
        },
        {
            "stars": 5,
            "amount": 397
        }
    ],
    "Opening Hours": [
        {
            "friday": "11:30\u202fAM\u201312\u202fAM"
        },
        {
            "saturday": "11:30\u202fAM\u201312\u202fAM"
        },
        {
            "sunday": "4\u201310\u202fPM"
        },
        {
            "monday": "11:30\u202fAM\u201310\u202fPM"
        },
        {
            "tuesday": "11:30\u202fAM\u201311\u202fPM"
        },
        {
            "wednesday": "11:30\u202fAM\u201311\u202fPM"
        },
        {
            "thursday": "11:30\u202fAM\u201311\u202fPM (Thanksgiving)"
        }
    ],
    "Description": "Upbeat watering hole featuring local beer on tap & a menu of hearty sandwiches & Southwestern fare.",
    "Details": [
        {
            "highlights": [
                "Fast service",
                "Live performances"
            ]
        },
        {
            "popular_for": [
                "Lunch",
                "Dinner",
                "Solo dining"
            ]
        },
        {
            "offerings": [
                "Alcohol",
                "Beer",
                "Cocktails",
                "Coffee",
                "Comfort food",
                "Food",
                "Food at bar",
                "Hard liquor",
                "Late-night food",
                "Quick bite",
                "Vegan options",
                "Vegetarian options",
                "Wine"
            ]
        },
        {
            "dining_options": [
                "Lunch",
                "Dinner",
                "Counter service",
                "Dessert",
                "Seating"
            ]
        },
        {
            "amenities": [
                "Bar onsite",
                "Gender-neutral restroom",
                "Restroom",
                "Wi-Fi",
                "Free Wi-Fi"
            ]
        },
        {
            "atmosphere": [
                "Casual",
                "Cozy",
                "Historic"
            ]
        },
        {
            "crowd": [
                "Family-friendly",
                "Groups",
                "LGBTQ+ friendly",
                "Transgender safespace"
            ]
        },
        {
            "payments": [
                "Credit cards",
                "Debit cards",
                "NFC mobile payments"
            ]
        },
        {
            "children": [
                "Good for kids",
                "Has changing table(s)",
                "High chairs",
                "Kids' menu"
            ]
        },
        {
            "parking": [
                "Paid parking lot",
                "Paid street parking"
            ]
        },
        {
            "pets": [
                "Dogs allowed outside"
            ]
        }
    ],
    "User Reviews": {
        "summary": [
            {
                "snippet": "\"Atmosphere, good food and service just off Main.\""
            },
            {
                "snippet": "\"My chicken was dry, the wrap was hard to chew, fries were good though.\""
            },
            {
                "snippet": "\"The fish n chips were realllllllly good and our server was nice and easy going.\""
            }
        ],
        "most_relevant": [
            {
                "username": "Jacqueline M. Upshur",
                "rating": 5,
                "contributor_id": "103331377108837135559",
                "description": "Great service. A staple in town. Beautiful place. Food is great. Some nice vegetarian options. Turkey Reuben is delicious. Nice beer options",
                "link": "https://www.google.com/maps/reviews/data=!4m8!14m7!1m6!2m5!1sChZDSUhNMG9nS0VJQ0FnSUNyZzgtbkFREAE!2m1!1s0x0:0x30fb47cd639dafcc!3m1!1s2@1:CIHM0ogKEICAgICrg8-nAQ%7CCgwIiYW7tAYQ2MeaqgE%7C?hl=en-US",
                "images": [
                    {
                        "thumbnail": "https://lh5.googleusercontent.com/p/AF1QipNnsE8FuJ56Tht9JfxBm_sfhWpwBlI0FRAq7wrc=w150-h150-k-no-p"
                    }
                ],
                "date": "4 months ago"
            },
            {
                "username": "edlovesmaine",
                "rating": 4,
                "contributor_id": "117416705875514021198",
                "description": "A nice selection of food on the menu. The pot roast was excellent, tender meat, skin on mashed potatoes and a mixture of tasty seasoned mixed vegetables, a wonderful tempeh Reuben, crispy sweet potato fries and a nice cole slaw.",
                "link": "https://www.google.com/maps/reviews/data=!4m8!14m7!1m6!2m5!1sChZDSUhNMG9nS0VJQ0FnSUMzel9IU01BEAE!2m1!1s0x0:0x30fb47cd639dafcc!3m1!1s2@1:CIHM0ogKEICAgIC3z_HSMA%7CCgwIurPCuQYQqLiAwQI%7C?hl=en-US",
                "date": "a week ago"
            },
            {
                "username": "Bryan Monaco",
                "rating": 5,
                "contributor_id": "114321703041490634315",
                "description": "Delicious burgers! I was driving around looking for something to eat and ran across this bar. I'm glad I came in and I'll definitely be back. The bar was neat too. There is a lot of neat things on the wall to look at.",
                "link": "https://www.google.com/maps/reviews/data=!4m8!14m7!1m6!2m5!1sChdDSUhNMG9nS0VJQ0FnSURkLUk3MXV3RRAB!2m1!1s0x0:0x30fb47cd639dafcc!3m1!1s2@1:CIHM0ogKEICAgIDd-I71uwE%7CCgwI8tzUrgYQ6IvV-QE%7C?hl=en-US",
                "images": [
                    {
                        "thumbnail": "https://lh5.googleusercontent.com/p/AF1QipOnet5Iitb0NtVyFyppn663Emo9Jpgi_NSc5Q5v=w150-h150-k-no-p"
                    },
                    {
                        "thumbnail": "https://lh5.googleusercontent.com/p/AF1QipNwEU6Uf5dcCCIXuRxfDr4Bt7seS-aGP5asMsyW=w150-h150-k-no-p"
                    }
                ],
                "date": "9 months ago"
            },
            {
                "username": "Mark Ehrman",
                "rating": 5,
                "contributor_id": "110247906223544506089",
                "description": "This has been my favorite bar in Ann Arbor since I walked in the first time.  The food is solid, the drinks are made with love and attention, and the company is rich.  Old Town is simply the only place I know for sure I am going back.",
                "link": "https://www.google.com/maps/reviews/data=!4m8!14m7!1m6!2m5!1sChZDSUhNMG9nS0VJQ0FnSUNycThHTUFnEAE!2m1!1s0x0:0x30fb47cd639dafcc!3m1!1s2@1:CIHM0ogKEICAgICrq8GMAg%7CCgsI4ZW-tAYQsJXALA%7C?hl=en-US",
                "date": "4 months ago"
            },
            {
                "username": "One Drop Brewing Company",
                "rating": 5,
                "contributor_id": "112773238971721419057",
                "description": "Management and staff are awesome, food was great! Mara behind the bar was a total sweetheart and her service was excellent. Less yuppie then the rest of the street, clean, chill laid back, and a great vibe!",
                "link": "https://www.google.com/maps/reviews/data=!4m8!14m7!1m6!2m5!1sChdDSUhNMG9nS0VJQ0FnSUM3eE5fbDZRRRAB!2m1!1s0x0:0x30fb47cd639dafcc!3m1!1s2@1:CIHM0ogKEICAgIC7xN_l6QE%7CCgwIkPfotQYQyObF0gI%7C?hl=en-US",
                "date": "3 months ago"
            },
            {
                "username": "Colton Brown",
                "rating": 3,
                "contributor_id": "103456254993739855901",
                "description": "The waiters were fighting for their life on a Friday night, but prices are decent and the food was good. Food did take about half an hour. It was pretty busy but I was still surprised. Friendly staff",
                "link": "https://www.google.com/maps/reviews/data=!4m8!14m7!1m6!2m5!1sChdDSUhNMG9nS0VJQ0FnSUNIcU9mamtRRRAB!2m1!1s0x0:0x30fb47cd639dafcc!3m1!1s2@1:CIHM0ogKEICAgICHqOfjkQE%7CCgwI5oDNtgYQ8NmDkwE%7C?hl=en-US",
                "date": "2 months ago"
            },
            {
                "username": "Pete West",
                "rating": 4,
                "contributor_id": "100386553681877882604",
                "description": "Stopped in here on a weeknight while in Ann Arbor for work and thought it was great! Awesome tavern/divey vibes, the staff were all super nice and they make a solid black and tan.",
                "link": "https://www.google.com/maps/reviews/data=!4m8!14m7!1m6!2m5!1sChdDSUhNMG9nS0VJQ0FnSURucmR6QXVnRRAB!2m1!1s0x0:0x30fb47cd639dafcc!3m1!1s2@1:CIHM0ogKEICAgIDnrdzAugE%7CCgwI1MuVuAYQuJnH7QI%7C?hl=en-US",
                "date": "a month ago"
            },
            {
                "username": "Marsha Naidoo",
                "rating": 5,
                "contributor_id": "112027334682795316610",
                "description": "We stopped by for the 50th anniversary. The atmosphere was amazing and service was very prompt and friendly. We have not eaten here yet so I cannot read food but I will be back again for sure.",
                "link": "https://www.google.com/maps/reviews/data=!4m8!14m7!1m6!2m5!1sChdDSUhNMG9nS0VJQ0FnSUMtMGZMQWpBRRAB!2m1!1s0x0:0x30fb47cd639dafcc!3m1!1s2@1:CIHM0ogKEICAgIC-0fLAjAE%7CCgsIl4-mmwYQqPiLWA%7C?hl=en-US",
                "images": [
                    {
                        "thumbnail": "https://lh5.googleusercontent.com/p/AF1QipOfWA3zbn4BSOzF6pgsQGuJvHOHt5cHcRJW1QO7=w150-h150-k-no-p"
                    },
                    {
                        "thumbnail": "https://lh5.googleusercontent.com/p/AF1QipO4ddBoL7Qvvcn2L2WTDiZSCKckY8X3tyzFd07J=w150-h150-k-no-p"
                    },
                    {
                        "thumbnail": "https://lh5.googleusercontent.com/p/AF1QipMTHI7Dzm-efdEjY5oAsR7K-tK7j4hvLbzBBWlW=w150-h150-k-no-p"
                    },
                    {
                        "thumbnail": "https://lh5.googleusercontent.com/p/AF1QipOLUO14HR8OzYHjQjTvOPRYxefvGvZRWEsAwmnu=w150-h150-k-no-p"
                    },
                    {
                        "thumbnail": "https://lh5.googleusercontent.com/p/AF1QipMmGjFdtiMgohaDQowaTqCVM-kBHpV1ZYr3dqpc=w150-h150-k-no-p"
                    },
                    {
                        "thumbnail": "https://lh5.googleusercontent.com/p/AF1QipMHK0kOlOClO5hMX129K7j4jMYEWaE1hyOsVbox=w150-h150-k-no-p"
                    },
                    {
                        "thumbnail": "https://lh5.googleusercontent.com/p/AF1QipMuJ-cp87FoBSEC8su_iom1FIrEY2tiOn4YwNxZ=w150-h150-k-no-p"
                    },
                    {
                        "thumbnail": "https://lh5.googleusercontent.com/p/AF1QipPH62dxtihU1d43u5jN-pJBlK9njBwKOcVBV2xG=w150-h150-k-no-p"
                    },
                    {
                        "thumbnail": "https://lh5.googleusercontent.com/p/AF1QipOkwmnHflzXP9EdnkrUPXR3a8mgt9Moed0_3cjg=w150-h150-k-no-p"
                    },
                    {
                        "thumbnail": "https://lh5.googleusercontent.com/p/AF1QipPsmfSfOXBjhcmea_jBy39LgTNUwcdfCgCX8dIp=w150-h150-k-no-p"
                    },
                    {
                        "thumbnail": "https://lh5.googleusercontent.com/p/AF1QipPQB1jkYUKHXniMFkyiIZqpLPKeDemYm5WcXO1L=w150-h150-k-no-p"
                    },
                    {
                        "thumbnail": "https://lh5.googleusercontent.com/p/AF1QipPS_SuIN_wLaP7dyAkpkZdK_y5jLGYC57zT0sfP=w150-h150-k-no-p"
                    },
                    {
                        "thumbnail": "https://lh5.googleusercontent.com/p/AF1QipPn4kWUKHxiUawzdxT86j0Wd8ud4peuDLIAIfgw=w150-h150-k-no-p"
                    },
                    {
                        "thumbnail": "https://lh5.googleusercontent.com/p/AF1QipM9KNFtRNIyp8-3UKBvIV5wz5YtzryBK2Dlbhn7=w150-h150-k-no-p"
                    },
                    {
                        "thumbnail": "https://lh5.googleusercontent.com/p/AF1QipN2_UEPBWRm-GJjCMsncxoUgJEmBvjWL77gBIOh=w150-h150-k-no-p"
                    },
                    {
                        "thumbnail": "https://lh5.googleusercontent.com/p/AF1QipMkTDueA3LYazU1b7XrahhofqqaUzGOUifzfSP7=w150-h150-k-no-p"
                    },
                    {
                        "thumbnail": "https://lh5.googleusercontent.com/p/AF1QipOTW9lUIDoCtLbarLxoZQnWL-x7BMow4FFTK8Ca=w150-h150-k-no-p"
                    },
                    {
                        "thumbnail": "https://lh5.googleusercontent.com/p/AF1QipOR3B_i0A31qpzUSfptVkZvNasXe8m3oSrB_RWy=w150-h150-k-no-p"
                    }
                ],
                "date": "2 years ago"
            }
        ]
    },
    "Services": {
        "dine_in": true,
        "curbside_pickup": true,
        "delivery": true
    }
}