{
    "docid": 50,
    "Title": "Blue LLama Jazz Club",
    "Price": [],
    "Place ID": "ChIJAQDQXzyuPIgRG019M4T-_BQ",
    "Type ID": [],
    "Type": [
        "Jazz club",
        "Fine dining restaurant",
        "Restaurant"
    ],
    "Menu": {
        "link": "https://www.bluellamaclub.com/menu",
        "source": "bluellamaclub.com",
        "items": "Dinner\n\nSmall Plates Large Plates\n\nSmall Plates\n\nHarlem\u2019s Nocturne Cornbread (V) * 14\n\nsweet potato, yellow peppa butter\n\nSalt Cod Fritters \u00bb 14\n\npapaya jam\n\nCharred Carrots (V) * 14\n\ncoriander, black walnut crumble, cilantro\nSnapper and Shrimp Ceviche \u00ab 22\n\nleche de tigre, passion fruit, pineapple, avocado\nMac & Cheese \u00ab 16\n\ngreens\n\nPlantains * 12\n\nspicy pickled onions\n\nAuntie Lane\u2019s Rice * 14\n\nyellow curry, peas, Carolina Gold rice\nCosmic Music Salad (V) \u00ab 14\n\nlocal greens, pecans, ricotta salata, pecans, buttermilk green goddess dressing\nLarge Plates\n\nJerk Pork Chop \u00a2 38\n\npear relish\n\nPoppy William\u2019s Red Beans & Rice (GF) * 28\nham hocks, andouille, Carolina Gold rice\nBlackened King Trumpet Mushrooms (V) * 32\nbutternut squash, coconut\n\nGrilled Branzino (GF) * 42\n\ncollard green salsa verde\n\nCharlie Bird\u2019s Reprise Half-chicken \u00ab 38\nharissa, dates, preserved lemon\n\nBraised Beef Short Rib * 68\n\nThai basil, bird\u2019s eye chile\n\nGrilled Ribeye (For 2) * 95\n\ntropical fruit glaze\n\nBig Ten Onion Burger \u00ab 32\n\ngruyere, onion jam, Bajan green seasoning fries, pickled okra\n\nCocktails Mocktails\n\nCocktails\n\nBlue in Green Martini * 17\n\nOlive Oil-Washed Bombay Sapphire, Dry Vermouth, Olive Bitters, Lemon Twist\nGreen is Beautiful * 18\n\nMezcal, Chareau, Ancho Verde, Cucumber-Cilantro Syrup, Lime, Egg White\nDi Du Lu Di Du \u00ab 15\n\nVodka, Apricot, Lemon-Cardamon Gum, Lemon\n\nBradley\u2019s Old Fashioned \u00ab 20\n\nWoodford Reserve, Nocino, Maple-Demerara Gum, Bitters\n\nHarry James \u00ab 15\n\nTequila, Pimm\u2019s, Orange Marmalade Syrup, Mint, Lime, Shorts Local\u2019s Light\n\n21 To 92 * 16\n\nDark and Light Rums, Choya Umeshu, Campari, Orange-Cacao Five Spice Blend\nBaby, It\u2019s Cold Outside \u00ab 17\n\nCognac, Cut & Dry, Mr. Black, Dark Chocolate Milk, Chartreuse Whipped Cream\n\nRed Wines White Wines Sparkling Wines Ros\u00e9\n\nRed Wines\n\nWalt \u201cLa Brisa\u201d Pinot Noir | 2021 | Sonoma, California * 19/72\n\nTolaini Al Passo Sangiovese Blend | 2020 | Tuscany, Italy * 17/68\nLuccarelli Negroamaro | 2021 | Puglia, Italys 13/48\n\nFelino Malbec | 2022 | Mendoza, Argentina * 17/64\n\nDancing Crow Vineyards Cabernet | 2021 | St. Helena, California * 16/60\n\nFrom the Tap Cans & Bottles\n\nFrom the Tap\n\nShorts Local Light (5.2% abv) \u00ab 7\n\nUnibroue \u2018Blanche de Chambly\u2019 Wheat (5% abv) * 7\n\nABC Buzzsaw IPA (6.8% abv) \u00ab 7\n\nNorth Peak Siren Amber (5% abv) \u00ab 7\n\nFounders Mortal Bloom Hazy IPA (6.2% abv) \u00ab 7\n\nGreat Divide Yeti American Imperial Stout (9.5% abv) * 7 (80z)\n\nDessert\n\nBanana Pudding \u00bb 12\n\nwalnut praline, bourbon caramel\nCarrot Cake \u00ab 12\n\npecan, mango cream cheese\nAssorted Sorbets * 12\n\nask your server\n\nPineapple Upside Down Cake \u00ab 12\nrum raisin ice cream\n\nCoconut Cheesecake \u00ab 12\n\nlime\n"
    },
    "Address": "314 S Main St, Ann Arbor, MI 48104",
    "GPS Coordinates": {
        "latitude": 42.2790551,
        "longitude": -83.7490053
    },
    "Phone Number": "(734) 372-3200",
    "Rating": 4.7,
    "Rating Summary": [
        {
            "stars": 1,
            "amount": 12
        },
        {
            "stars": 2,
            "amount": 11
        },
        {
            "stars": 3,
            "amount": 19
        },
        {
            "stars": 4,
            "amount": 68
        },
        {
            "stars": 5,
            "amount": 555
        }
    ],
    "Opening Hours": [
        {
            "friday": "6\u202fPM\u201312\u202fAM"
        },
        {
            "saturday": "5:30\u202fPM\u201312\u202fAM"
        },
        {
            "sunday": "5\u20138:30\u202fPM"
        },
        {
            "monday": "Closed"
        },
        {
            "tuesday": "Closed"
        },
        {
            "wednesday": "6\u201310:30\u202fPM"
        },
        {
            "thursday": "Closed (Thanksgiving)"
        }
    ],
    "Description": "Stylish lounge restaurant for a la carte & prix fixe menus of Afro Caribbean dishes, plus live jazz performances.",
    "Details": [
        {
            "highlights": [
                "Great beer selection",
                "Great cocktails",
                "Great wine list",
                "Live music",
                "Live performances"
            ]
        },
        {
            "accessibility": [
                "Wheelchair accessible entrance",
                "Wheelchair accessible parking lot",
                "Wheelchair accessible restroom",
                "Wheelchair accessible seating"
            ]
        },
        {
            "offerings": [
                "Alcohol",
                "Beer",
                "Cocktails",
                "Food",
                "Food at bar",
                "Happy hour drinks",
                "Hard liquor",
                "Wine"
            ]
        },
        {
            "dining_options": [
                "Seating"
            ]
        },
        {
            "amenities": [
                "Bar onsite",
                "Gender-neutral restroom",
                "Restaurant",
                "Restroom",
                "Wi-Fi",
                "Free Wi-Fi"
            ]
        },
        {
            "atmosphere": [
                "Cozy",
                "Trendy",
                "Upscale"
            ]
        },
        {
            "crowd": [
                "Family-friendly",
                "Groups",
                "LGBTQ+ friendly",
                "Tourists",
                "Transgender safespace"
            ]
        },
        {
            "planning": [
                "Accepts reservations"
            ]
        },
        {
            "payments": [
                "Credit cards",
                "Debit cards",
                "NFC mobile payments"
            ]
        },
        {
            "children": [
                "Good for kids"
            ]
        },
        {
            "parking": [
                "Paid parking lot",
                "Somewhat difficult to find a space"
            ]
        }
    ],
    "User Reviews": {
        "summary": [
            {
                "snippet": "\"Good food, good music, good drinks, good atmosphere, good service.\""
            },
            {
                "snippet": "\"We enjoyed the experience but our server ruined that for us.\""
            },
            {
                "snippet": "\"Went for date night and opted for the tasting menu.\""
            }
        ],
        "most_relevant": [
            {
                "username": "MAD Mama",
                "rating": 5,
                "contributor_id": "111827780067936585673",
                "description": "Love the perfect professional jazz musical performance throughout the night, the team was excellent! Waiters were friendly, food was delicious and yummy. We enjoyed our dinner very much!",
                "link": "https://www.google.com/maps/reviews/data=!4m8!14m7!1m6!2m5!1sChZDSUhNMG9nS0VJQ0FnSUM3dU9fc0lREAE!2m1!1s0x0:0x14fcfe84337d4d1b!3m1!1s2@1:CIHM0ogKEICAgIC7uO_sIQ%7CCgwImdrntQYQsNbCrAI%7C?hl=en-US",
                "images": [
                    {
                        "thumbnail": "https://lh5.googleusercontent.com/p/AF1QipO3cDTl8BPJ0MbriLcKpeZ7zDSXykVLx6KO_Ubs=w150-h150-k-no-p"
                    },
                    {
                        "thumbnail": "https://lh5.googleusercontent.com/p/AF1QipM_reu2oAi2gnrsgTbAiVaJ2Be31uE6CZnqIlSe=w150-h150-k-no-p"
                    },
                    {
                        "thumbnail": "https://lh5.googleusercontent.com/p/AF1QipNZl0Wnysoy1wafG2DFJosKRuzbW1qN_3qyef8w=w150-h150-k-no-p"
                    },
                    {
                        "thumbnail": "https://lh5.googleusercontent.com/p/AF1QipOJ9qkKWkBIcsMu50fBmTmU03ILs-__koiSAunT=w150-h150-k-no-p"
                    },
                    {
                        "thumbnail": "https://lh5.googleusercontent.com/p/AF1QipOA7agREIbaDhaV445Ajs35peIYRieZT8E2kGqm=w150-h150-k-no-p"
                    },
                    {
                        "thumbnail": "https://lh5.googleusercontent.com/p/AF1QipOaS6-hnAbv08Umbyy6Ff3nRbZmm37NWZ-8nonG=w150-h150-k-no-p"
                    },
                    {
                        "thumbnail": "https://lh5.googleusercontent.com/p/AF1QipPxAeSgSfobPmh4M-IJ69UjFObWDmZbb0rKpT_Y=w150-h150-k-no-p"
                    },
                    {
                        "thumbnail": "https://lh5.googleusercontent.com/p/AF1QipO7SW-dRvck9xsK-TTCMfzkF62FeVNI7M1l2Uat=w150-h150-k-no-p"
                    },
                    {
                        "thumbnail": "https://lh5.googleusercontent.com/p/AF1QipNtPNSs3DFANX1sq7jmu-2QoGkAjXoTWu2zpft-=w150-h150-k-no-p"
                    },
                    {
                        "thumbnail": "https://lh5.googleusercontent.com/p/AF1QipNrjXACUM2LjMtraXiSunRhmw_lqGGE9t4ihqSR=w150-h150-k-no-p"
                    },
                    {
                        "thumbnail": "https://lh5.googleusercontent.com/p/AF1QipMkAuLJCH6J3vTEQy2t4KWHL_bcOmIIuPO6pL9c=w150-h150-k-no-p"
                    },
                    {
                        "thumbnail": "https://lh5.googleusercontent.com/p/AF1QipPunK1MLHa_7KgMDkWTUui0n41fiUyFL3G_opI5=w150-h150-k-no-p"
                    },
                    {
                        "thumbnail": "https://lh5.googleusercontent.com/p/AF1QipN46fXWWqEDs2TqczwKYGmSSKqjbTqcfR_GBBr7=w150-h150-k-no-p"
                    },
                    {
                        "thumbnail": "https://lh5.googleusercontent.com/p/AF1QipP_SMfsL88BEtcgID6GdpDBurA0BDJYXgUqdqmt=w150-h150-k-no-p"
                    },
                    {
                        "thumbnail": "https://lh5.googleusercontent.com/p/AF1QipOhAjmZKSR4EG5oLEMHjgL92YfprNijHAM5cCbN=w150-h150-k-no-p"
                    },
                    {
                        "thumbnail": "https://lh5.googleusercontent.com/p/AF1QipNNhfX84nt28_Jvz7Q7ap32ovljJbrNmzz_dIV_=w150-h150-k-no-p"
                    },
                    {
                        "thumbnail": "https://lh5.googleusercontent.com/p/AF1QipMAXQt8KaMpnO1Si5MDKxfgVy1FFUGiYjfQ3qZv=w150-h150-k-no-p"
                    },
                    {
                        "thumbnail": "https://lh5.googleusercontent.com/p/AF1QipOLIRzF5sTUQRhQG_z2QrBHbIjDpVWnVpBJ3kQi=w150-h150-k-no-p"
                    },
                    {
                        "thumbnail": "https://lh5.googleusercontent.com/p/AF1QipNWZ3aSkji7mt7SRBgKmHeGJPA6zT9VMPpt_PM6=w150-h150-k-no-p"
                    }
                ],
                "date": "3 months ago"
            },
            {
                "username": "Matthew Reed",
                "rating": 4,
                "contributor_id": "105655148992102218647",
                "description": "Great place for food and live music, there's nothing else like it in Ann Arbor. That said, I was a bit disappointed by a few parts of the experience. We got the tasting menu, and while everything was good, nothing really stood out. There are much better places to get innovative and delicious food in town. The service was fairly attentive, but definitely erred on the side of smothering. I think the waitress asked how we were enjoying the entree dish 3 separate times like 5 minutes apart. It's not a cheap place, and I was prepared for that, but I still felt like I was being nickeled and dimed at every turn. From extra charges for more chips, to a credit card fee on the bill, they just kept digging for more money. I asked for a different dessert than the one on the tasting menu, and they charged me for the full thing. And didn't even give me the included dessert I had already paid for! All of that is on top of the cover charge too. Overall I did have a good experience - mostly due to the fantastic music - and I will probably come back at some point, but if Blue Llama wants to compete with the other high end establishments in town, they really need to step up their game.",
                "link": "https://www.google.com/maps/reviews/data=!4m8!14m7!1m6!2m5!1sChdDSUhNMG9nS0VJQ0FnSUNqMGZIVnVnRRAB!2m1!1s0x0:0x14fcfe84337d4d1b!3m1!1s2@1:CIHM0ogKEICAgICj0fHVugE%7CCgwI47ebsQYQsPS__QI%7C?hl=en-US",
                "images": [
                    {
                        "thumbnail": "https://lh5.googleusercontent.com/p/AF1QipMGN1pMwdS9aJTI4Z1qG1VNtI7jDbR3C6MDfbFd=w150-h150-k-no-p"
                    },
                    {
                        "thumbnail": "https://lh5.googleusercontent.com/p/AF1QipPF-BAotFWwR9zqlFAVWqQMtYYGd0pdhDuN2t-p=w150-h150-k-no-p"
                    },
                    {
                        "thumbnail": "https://lh5.googleusercontent.com/p/AF1QipPeMOmq1EyjfTSEcawQNhGw8gUS1y2PFzqPBGR2=w150-h150-k-no-p"
                    }
                ],
                "date": "7 months ago"
            },
            {
                "username": "Gurleen Kaur",
                "rating": 5,
                "contributor_id": "115510005265661826798",
                "description": "This was my first jazz club experience and it was absolutely amazing! I loved every second of it from start to finish! The staff was great and the meal was delicious. The entertainment was absolutely amazing. They poured their heart and soul into their music and I\u2019d love to come back and experience it again!",
                "link": "https://www.google.com/maps/reviews/data=!4m8!14m7!1m6!2m5!1sChdDSUhNMG9nS0VJQ0FnSUNqMGZLQjFRRRAB!2m1!1s0x0:0x14fcfe84337d4d1b!3m1!1s2@1:CIHM0ogKEICAgICj0fKB1QE%7CCgsItKSbsQYQkMrbbQ%7C?hl=en-US",
                "images": [
                    {
                        "thumbnail": "https://lh5.googleusercontent.com/p/AF1QipNksRkdtpk-58fh68y_RI6OPg-IvBgs7qjGWzzH=w150-h150-k-no-p"
                    },
                    {
                        "thumbnail": "https://lh5.googleusercontent.com/p/AF1QipNege2U3wHKUlPRaRSQ2S_rfrFxKclOpOxFEa5h=w150-h150-k-no-p"
                    },
                    {
                        "thumbnail": "https://lh5.googleusercontent.com/p/AF1QipOnOfoHmZmVYG0FB32Ad786FjCmKDUYIVFbEY0q=w150-h150-k-no-p"
                    },
                    {
                        "thumbnail": "https://lh5.googleusercontent.com/p/AF1QipPJ9yF6w5a827hCagCCVFov9Z4E0kJ-8469sC7Y=w150-h150-k-no-p"
                    },
                    {
                        "thumbnail": "https://lh5.googleusercontent.com/p/AF1QipO7i60y2H43aTWf--A2t5UWhc6aWFQ3k9n-vgLk=w150-h150-k-no-p"
                    },
                    {
                        "thumbnail": "https://lh5.googleusercontent.com/p/AF1QipNV5O7BuUcgHJ5pVWIzdqx4NMg9Kk1bXNy2gWXR=w150-h150-k-no-p"
                    },
                    {
                        "thumbnail": "https://lh5.googleusercontent.com/p/AF1QipP0DwIJZcsTNa8K6fBKb4afkGnnjTWC8qLBuqjD=w150-h150-k-no-p"
                    },
                    {
                        "thumbnail": "https://lh5.googleusercontent.com/p/AF1QipO9nNEPK5A-_vUgHki9tXmOxtIIyx3iVjYoIk4x=w150-h150-k-no-p"
                    }
                ],
                "date": "7 months ago"
            },
            {
                "username": "Virginia Brown",
                "rating": 5,
                "contributor_id": "116923851404470154883",
                "description": "Excellent!  The food was delicious, the star of the show being the scallop & shrimp ceviche\u2014I mean truly, that dish was masterful.  Great atmosphere, servers, and music.  My husband and I had an abundantly enjoyable night & two year anniversary.",
                "link": "https://www.google.com/maps/reviews/data=!4m8!14m7!1m6!2m5!1sChdDSUhNMG9nS0VJQ0FnSUNqdDVlWTdBRRAB!2m1!1s0x0:0x14fcfe84337d4d1b!3m1!1s2@1:CIHM0ogKEICAgICjt5eY7AE%7CCgwIi5yxsQYQuMHErwM%7C?hl=en-US",
                "images": [
                    {
                        "thumbnail": "https://lh5.googleusercontent.com/p/AF1QipOcI0phxoiSYflwZxlziJgoN3DJKFQ84z0U7L4=w150-h150-k-no-p"
                    },
                    {
                        "thumbnail": "https://lh5.googleusercontent.com/p/AF1QipMqaRr1yTAZlD1UnHfOogSQ0npihiErxvNfAIU=w150-h150-k-no-p"
                    },
                    {
                        "thumbnail": "https://lh5.googleusercontent.com/p/AF1QipNzciVA-q8Kr-wlGAq7As5J_kWGGBO6SOr7yZY=w150-h150-k-no-p"
                    },
                    {
                        "thumbnail": "https://lh5.googleusercontent.com/p/AF1QipOvUdJsDyGRISF4CrmsgcTmMaD471hy9L6HFtU=w150-h150-k-no-p"
                    }
                ],
                "date": "6 months ago"
            },
            {
                "username": "Jacob Orr",
                "rating": 5,
                "contributor_id": "107329663907995389671",
                "description": "Being my first Jazz Club experience, I had no expectations to start. The Blue Llama has now set the bar high!\n\nExcellent food, course sizes, drinks, and ambiance.\n\nService timing left a bit to be desired unfortunately. Our main course arrived quite a bit late in the performance, and dessert came afterwards. Then we were asked to leave to make room for the next reservation. It's understandable, yet did dampen the overall experience quite a bit.\n\nWould like to return again!",
                "link": "https://www.google.com/maps/reviews/data=!4m8!14m7!1m6!2m5!1sChdDSUhNMG9nS0VJQ0FnSUQ5LWRHeC1nRRAB!2m1!1s0x0:0x14fcfe84337d4d1b!3m1!1s2@1:CIHM0ogKEICAgID9-dGx-gE%7CCgwIg9_irwYQkIOYoQM%7C?hl=en-US",
                "images": [
                    {
                        "thumbnail": "https://lh5.googleusercontent.com/p/AF1QipNOZjxsANpNmuJCYX_jU4zBSfAQd0BeOJzd8nd_=w150-h150-k-no-p"
                    },
                    {
                        "thumbnail": "https://lh5.googleusercontent.com/p/AF1QipMQNlMgUPSG8nQLSfmYxSPHrWezyIPIp006xOQr=w150-h150-k-no-p"
                    },
                    {
                        "thumbnail": "https://lh5.googleusercontent.com/p/AF1QipPu9J65BpYv9dIyFIpAH6EUvkvFz0oKxJgFAmuC=w150-h150-k-no-p"
                    },
                    {
                        "thumbnail": "https://lh5.googleusercontent.com/p/AF1QipMFLAzR9gHQHNILVIqxxtCaucfvAf1KcuFQ22pq=w150-h150-k-no-p"
                    }
                ],
                "date": "8 months ago"
            },
            {
                "username": "Jay Baer",
                "rating": 2,
                "contributor_id": "115373583216277799858",
                "description": "The ambiance is fantastic. The food, however, leaves MUCH to be desired. We spent more than $80 per person for the three course meal and were very disappointed with our flavorless and underwhelming meal. The menu is trying to go for a sophisticated Caribbean flavor, but misses with cheap cuts of protein and incoherent pairings. If you are considering this as a dinner option, you\u2019d be better off having dinner at one of Ann Arbor\u2019a many other restaurants and then potentially having drinks only to enjoy the music. The service was adequate, but not what you would expect at this price point.\n\n(Photo is of the \u201csticky\u201d rice - which was actually a soupy, flavorless mush)",
                "link": "https://www.google.com/maps/reviews/data=!4m8!14m7!1m6!2m5!1sChZDSUhNMG9nS0VJQ0FnSURMX2V6MWZREAE!2m1!1s0x0:0x14fcfe84337d4d1b!3m1!1s2@1:CIHM0ogKEICAgIDL_ez1fQ%7CCgwIzviCtAYQ4NfzgQE%7C?hl=en-US",
                "images": [
                    {
                        "thumbnail": "https://lh5.googleusercontent.com/p/AF1QipNngrgeek0k80SFy2KDsQI-iYGmswVxhXgL7myW=w150-h150-k-no-p"
                    }
                ],
                "date": "4 months ago"
            },
            {
                "username": "Cathy Pope",
                "rating": 5,
                "contributor_id": "117337509691023605768",
                "description": "We had a great experience!\n\nThis evening jazz club has great service, friendly people, live performances, drinks, and dinner.\n\nReserve a table in advance - they book up fast - and there's only so many seats at the bar.\n\nThe main dishes are small-portioned. We bought one appetizer, one drink, and three dishes just to feel fed. So be prepared to buy appetizers, dinner, drinks, and dessert for the full experience.\n\nFor those with families, we brought our toddler, but it's more of a date-night vibe. They don't have any high chairs or changing tables.",
                "link": "https://www.google.com/maps/reviews/data=!4m8!14m7!1m6!2m5!1sChdDSUhNMG9nS0VJQ0FnSUR4d3A2NWlBRRAB!2m1!1s0x0:0x14fcfe84337d4d1b!3m1!1s2@1:CIHM0ogKEICAgIDxwp65iAE%7CCgwIrN7yowYQqLKGmQE%7C?hl=en-US",
                "images": [
                    {
                        "thumbnail": "https://lh5.googleusercontent.com/p/AF1QipPJA5vtVO3D9UkTFUxLEt9-aTC9gNNRCDGW7hgG=w150-h150-k-no-p"
                    },
                    {
                        "thumbnail": "https://lh5.googleusercontent.com/p/AF1QipNIwh53JVv8ThbYEwl6yLFX9G0QEFkIfI5TONFv=w150-h150-k-no-p"
                    },
                    {
                        "thumbnail": "https://lh5.googleusercontent.com/p/AF1QipP_RkLSOZ9_U4J9JQSpj1th1dczob7YHiz2f1YF=w150-h150-k-no-p"
                    },
                    {
                        "thumbnail": "https://lh5.googleusercontent.com/p/AF1QipP0mD7BlbXL_oeZdjjBm_Lumsod_tTc__0n64TB=w150-h150-k-no-p"
                    }
                ],
                "date": "a year ago"
            },
            {
                "username": "Martino Jones",
                "rating": 5,
                "contributor_id": "105782560087964811429",
                "description": "This is an excellent place for great live jazz music and great food. Everything is reservations because there's a start time for the live music. The atmosphere is really good, nice and relaxing. This isn't really an environment for conversations, the music is not background music, it's an experience. The food is artistically designed. Only down side is I wish the back seating was a booth setup so that my wife and I had a more intimate experience. Other than that, great place we'll be returning to.",
                "link": "https://www.google.com/maps/reviews/data=!4m8!14m7!1m6!2m5!1sChdDSUhNMG9nS0VJQ0FnSUNoMktlQy1BRRAB!2m1!1s0x0:0x14fcfe84337d4d1b!3m1!1s2@1:CIHM0ogKEICAgICh2KeC-AE%7CCgsIsN36ngYQoK7fMg%7C?hl=en-US",
                "images": [
                    {
                        "thumbnail": "https://lh5.googleusercontent.com/p/AF1QipOsrwb32XYVWQbS577BqZ_72hiqo8hL4OOvKYAe=w150-h150-k-no-p"
                    },
                    {
                        "thumbnail": "https://lh5.googleusercontent.com/p/AF1QipOad2cMNmfmZILNs_2yP5aCLW1ZX-Y4Mse7PH5t=w150-h150-k-no-p"
                    },
                    {
                        "thumbnail": "https://lh5.googleusercontent.com/p/AF1QipNxwAFkMmMlvgWE2KGgGo4Qc2Xnt-PY2HnvmgcB=w150-h150-k-no-p"
                    },
                    {
                        "thumbnail": "https://lh5.googleusercontent.com/p/AF1QipPAFW877KWuxA0xwN5XvZ-IfjiFQl1VL_0uU9Kx=w150-h150-k-no-p"
                    },
                    {
                        "thumbnail": "https://lh5.googleusercontent.com/p/AF1QipM-fO9AzSoUpgUF3Kxjj4nte_zvHhmpp4UToW2I=w150-h150-k-no-p"
                    },
                    {
                        "thumbnail": "https://lh5.googleusercontent.com/p/AF1QipN1EkWKjyw6LBuqqc0MQdRbmFRF6rZ9FGeQ9q1c=w150-h150-k-no-p"
                    }
                ],
                "date": "a year ago"
            }
        ]
    },
    "Services": {
        "dine_in": true,
        "takeout": false,
        "delivery": false
    }
}