{
    "docid": 51,
    "Title": "Stray Hen Cafe Ann Arbor",
    "Price": [],
    "Place ID": "ChIJB2qvvzGvPIgRzTGc31cT2t4",
    "Type ID": [],
    "Type": [
        "Restaurant"
    ],
    "Menu": {
        "link": "https://www.strayhencafe.com/ann-arbor-menu",
        "source": "strayhencafe.com",
        "items": "BREAKFAST\n\nServed All Day!\n\nWEGGsS\n\n- TRADITIONAL -\n\nServed with Toast. Choice of Potato or Fruit * Gluten Free Toast, $1.5 * Egg Whites, $2\n\nTWO EGGS, BACON OR SAUSAGE... $11\n\nHOLY COW... $30\n(please allow extra cooking time)\n\n120z Ribeye steak with bordelaise sauce, 2 eggs any style with fries\n\n- SCRAMBLERS -\n\nServed with Toast, Choice of Potato or Fruit \u00b0 Gluten Free Toast, $1.5. Egg Whites, $2\n\nNORTH SIDE... $14\nEgg whites with chicken sausage, avocado, spinach, tomato, gouda cheese\n\nSOUTH SIDE... $14\nEggs, bacon, jalapeno, onion, tomato & habanero jack cheese\n\nTHE OTHER SIDE... $14\nEggless scrambler with seasoned tofu, black beans, red onions, mushrooms,\ncherry tomatoes, spinach, Chihuahua cheese\n\nBUILD YOUR OWN SCRAMBLER... $8\n\nProteins... (+$2 each): bacon, sausage, ham, chorizo, tofu, turkey bacon,\nchicken sausage\n\nCheese... (+$1.50 each): american, feta, cheddar, swiss, goat, fresh mozzarella,\nhavarti, gouda, habanero jack, Chihuahua, blue cheese\n\nVeggies... (+$1.25 each): onion, jalapefo, spinach, broccoli, tomato, mushrooms,\ncorn, yellow squash, roasted red pepper, avocado (+$1.5)\n\nW TOASTS\n\nServed on Rustic Panini Toast - Includes Mixed Greens Salad\nSubstitute Potato or Fruit, $1.5 \u00bb Gluten Free Toast, $7.5 Egg Whites, $2\n\nAVOCADO TOAST... $15\nCucumber, cherry tomato, shredded radish, sesame seeds, poached egg,\nsmashed avocado\n\nPESTO TOAST... $17\nTomato, arugula, fresh mozzarella, basil pesto, two poached eggs, smashed avocado\n\nSOUTHWEST TOAST... $15\nGrilled corn, black beans, jalapefo, roasted red peppers, poached egg,\nsmashed avocado\n\nBURATTA TOAST... $15\nArugula, cherry tomatoes, buratta, baslamic glaze, smashed avocado, (no egg)\nAdd egg $1.5\n\nFILET TOAST... $17\nFilet, asparagus, cherry tomato, sesame seeds, poached egg, smashed avocado\n\nSALMON TOAST... $17\nSmoked salmon, capers, cucumber, red onion, tomato, sesame seeds, poached\negg, smashed avocado\n\n_ BREAKFAST SANDWICHES\n\nAdd Potato or Fruit, $3 * Gluten Free Toast, $1.5Egg Whites, $2\n\nENGLISH MUFFIN SANDWICH... $6\nScrambled egg, American cheese, ham\n\nBAGEL SANDWICH... $7\nEverything bagel, scrambled egg, sausage patty, American cheese\n\nBREAKFAST BURRITO... $8\nJalapefio cheddar tortilla, scrambled eggs, jalapefo, tomato, black bean,\ngrilled corn, Chihuahua cheese\n\nBREAKFAST SLIDERS... $8\nSausage patty, cheese, scrambled egg on mini brioche bun\n\nLOX SANDWICH... $12\nSmoked salmon, cucumber, tomato, red onion, cream cheese, everything bagel\n\nBLTE & A... $10\nBacon, lettuce, tomato, light mayo on rustic panini bread served with\nscrambled egg and avocado\n\nT&A... $8\nEnglish muffin, hash browns, sausage patty, scrambled eggs, American\ncheese and strawberry jelly\n\nBREAKFAST TACOS... (3) for $12\nBacon, avocado, cheddar cheese, spicy ancho mayo, sour cream, chives,\nscrambled egg, potatoes, tomato\n\nZEUS IS ON FIRE... $8\nScrambled eggs with spinach and spicy feta cheese with avocado and\ntomato served on a bagel\n\nVW BREAKFAST BOWLS\n\nGRANOLA PARFAIT... $11\nGreek yogurt, granola, honey, fresh fruit\n\nANCIENT GRAIN BOWL... $11\nGreek yogurt, ancient grains (farro, quinoa, amaranth, pumpkin seeds),\ntoasted almonds, chia, sunflower, flax seed, seasonal berries, agave nectar\n\nCAULIFLOWER RICE BOWL... $13 Substitute Egg Whites, $2\n\nSeasoned cauliflower rice with onion, cucumber, red cabbage, chicken\nsausage, spinach, avocado, yellow squash, poached egg and sesame seeds,\nSriracha tahini dressing\n\nGRAINY DAY BREAKFAST BOWL... $13 Substitute Egg Whites, $2\n\nA mixture of farro, quinoa, amaranth, topped with broccoli, yellow squash,\nGranny Smith apples, cherry tomatoes, sweet potato, avocado, pumpkin\nseeds, poached egg\n\nSOUTHWEST BREAKFAST BOWL... $12 Substitute Egg Whites, $2\n\nBase of scrambled eggs mixed with pork chorizo topped with black beans,\nroasted corn, jalapefo, avocado, red onion, cherry tomato, Chihuahua cheese,\nsour cream\n\nBUILD YOUR OWN BOWL\n\nOLD-FASHIONED OATMEAL (dairy free)... $10\n\nOVERNIGHT OATS... $12\nTopped with 4 of your favorite toppings\u2014you choose!\n\nFresh Fruit Nuts&Seeds Dried Fruit Sweet Things\nStrawberry Almonds Apricots Chocolate Chips\nBanana Granola Cranberries Honey\n\nBlueberries Walnuts Raisins Agave Nectar\nApples Chia Seed Coconut Brown Sugar\nFlax Seed Caramel\n\nPumpkin Seeds\n\nW SWEET SIDE\n\nAdd Pure Maple Syrup $2.\n\n- PANCAKES -\n\nBUTTERMILK... $10\nAdd blueberry, banana, or strawberry $2\n\nBLACK & WHITE... $13\nMilk chocolate and white chocolate chips\n\nRAZZLE DAZZLE... $13\nCream cheese and raspberry sauce\n\nBLUEBERRY-LEMON CHEESECAKE... $14\nNUTELLA AND BANANA... $14\nCINNAMON SWIRL... $13\n\nREESE\u2019S PEANUT BUTTER CUP... $14\n\nCHOCOLATE CHIP... $12\nAdd blueberry, banana, or strawberry $2\n\n- FRENCH TOAST -\n\nCLASSIC... $10\nAdd blueberry, banana, or strawberry $2 Add chocolate chips $1.50\n\nCINNAMON ROLL... $15\nAPPLE CHURROS... $15\n\nCinnamon sugar, vanilla bean cream, warm brown sugar and\ncaramelized apples\n\n- WAFELES -\n\nWAFFLE... $10\nAdd blueberry, banana, or strawberry $2\nAdd chocolate chips $1.50\n\nFLIGHT COMBO... $15\nMini waffles topped with fresh strawberries,\nblueberries, bananas with nutella, cookie butter and apples\n\nCAN'T PLEASE \u2019EM ALL\n\nLUNCH\n\nServed All Day!\n\nW SANDWICHES\n\nIncludes Mixed Greens Salad | Substitute gluten free bun $1.5 \u00ab Substitute fruit, fries, or chips $2\n\nDouble Cheeseburger... $15\n\nTwo quarter Ib. patties, American cheese, diced red onion, mayo, dill pickle\non brioche bun\n\nAdd egg $1.25, bacon $1.75\n\nHabanero Jack Chicken... $15\nBreaded chicken breast, bacon, BBQ sauce, habanero jack cheese,\nleaf lettuce, red onion, tomato, mayo on brioche bun\n\nChicken Sandwich... $15\nGrilled chicken breast with tomato, avocado, onion, lettuce, mayo, smoked\ngouda on brioche bun\n\nBuffalo Chicken Sandwich... $15\nBreaded chicken breast, blue cheese, hot sauce, lettuce, tomato, red onion on\nbrioche bun\n\nMahi-Mahi Tacos... $16\nWild caught mahi filet, mango pico de gallo, avocado slices with salsa verde on\nflour tortillas\n\nCobb Wrap... $16\nRomaine, cherry tomato, egg, bacon, chicken tenders, avocado, onion, cheddar\ncheese with ranch on jalapefo cheddar tortilla\n\nVeggie Wrap ... $15\nYellow squash, roasted red pepper, red onion, spinach, goat cheese, sundried\ntomato spread, served hot on a spinach tortilla\n\nImpossible Burger... $15\nImpossible patty, lettuce, tomato, avocado, sriracha mayo, red onion with\nhavarti cheese on brioche bun\n\nClub Sandwich... $17\nTriple decker turkey or ham, lettuce, tomato, bacon, mayo, avocado, Havarti\ncheese, served on sourdough\n\nGrilled Cheese... $15\nBlend of havarti, smoked gouda, cheddar, and swiss on rustic panini\n\n\u00a5\n\n\u201cGO BLUE!\u201d\n\nCajun Shrimp Wrap... $17\nFried shrimp, lettuce, tomato, onion, cajun sauce on jalapeno cheddar tortilla\n\nFish Sandwich... $15\nBreaded cod with leaf lettuce, red onion, tomato, American cheese and tartar\nsauce on brioche bun\n\nTuna Melt... $15\nAlbacore tuna salad with American cheese, lettuce on marble rye\n\nVW SALADS\n\nRanch, Balsamic Vinaigrette, Lemon Vinaigrette, Green Goddess, Avocado Poblano.\nDressings free of artificial flavors, MSG, gluten, high-fructose corn syrup.\n\nCobb... $15\nRomaine, cherry tomato, egg, bacon, grilled chicken, avocado, onion,\ncheddar cheese\n\nA Sea of Green... $15\nRomaine, arugula, shredded brussels sprouts, grilled chicken, tomato, avocado,\ndried cranberries, walnuts, blue cheese\n\nHealthy Citizen... $15\nRomaine, spinach, egg, avocado, roasted cauliflower, asparagus, cherry tomato,\nred onion, goat cheese, cucumber\n\nPok\u00e9 Tuna Salad... $16\nMixed greens, avocado, radish, jalapehos, mango, edamame, cucumber,\nahi tuna* & black sesame seeds, side of sriracha aioli\n\nNo Regrets... $17\nRomaine, Old Bay seasoned shrimp, roasted corn, black beans, cucumber,\navocado, red onion, cherry tomato & cilantro\n\nSalmon... $17\nAtlantic salmon marinated in lemon-dill with mixed greens, roasted cauliflower,\nroasted carrots, cucumber, cherry tomato, radish, toated garbanzo beans\n\nGreek-ish... $15\n\nRomaine, red cabbage, toated garbanzo beans, radish, Kalamata olives,\ncucumber, tomato, farro, capers, grilled chicken, crumbled feta, pepperoncini,\nGreek dressing\n\nTex Mex... $16\n\nRomaine, roasted corn, black beans, tomatoes, jalapefio, cheddar cheese, green\nonion, cilantro, avocado, chopped crispy chicken, tortilla strips\n\nSimple Truth... $14\nMixed greens, arugula, avocado, cherry tomatoes, cucumber, fresh mozzarella,\nchopped basil, lemon dill vinaigrette\n\n_ PROTEIN PLATE\n\n2 eggs poached or hard boiled, choice of protein & 3 veggies.\nAdditional veggies $1.75\n\nPROTEIN\n\nGrilled Chicken... 13\nGrilled Salmon... 16\n\nFilet... 17\nMahi Mahi... 16\nTofu... 11\nAll Veggie... 11\n\ny SIDES\n\nAdd Cheese... $1.5\nWhole Avocado... $3\nGrilled Salmon... $6\nGrilled Beef Filet... $6\nGrilled Chicken... $5\n\nHousemade Breakfast Sausage... $4\n\nChicken Sausage... $5\nBacon... $4\n\ny HOURS\n\nVEGGIES - Choose 3\n\nCauliflower Yellow Squash\nBroccoli Cherry Tomato\nAsparagus Fried Jalapefio\nSpinach Brussells Sprouts\nAvocado Mushroom\n\nTurkey Bacon... $5\nSeasonal Fruit Cup... $4\nBerry Cup... $4.5\n\nDiced Potatoes\ntopped with Scallions... $4\n\nFrench Fries... $4\n(2) Eggs... $5\nToast... $3\n\nOPEN DAILY\n8 am to 3 pm\n\nKitchen Closes at 3 pm\n\nCatering and Event Space Rental Available\n\nStray Hen | 403 E. Washington | Ann Arbor, MI 48104\n\n734-929-2590\n\nStrayHenCafe.com\n\n* Consuming raw or undercooked meats, poultry, seafood, shellfish,\nor eggs may increase your risk of foodborne illness.\nBREAKFAST\n\nServed All Day!\n\nWEGGsS\n\n- TRADITIONAL -\n\nServed with Toast. Choice of Potato or Fruit * Gluten Free Toast, $1.5 * Egg Whites, $2\n\nTWO EGGS, BACON OR SAUSAGE... $11\n\nHOLY COW... $30\n(please allow extra cooking time)\n\n120z Ribeye steak with bordelaise sauce, 2 eggs any style with fries\n\n- SCRAMBLERS -\n\nServed with Toast, Choice of Potato or Fruit \u00b0 Gluten Free Toast, $1.5. Egg Whites, $2\n\nNORTH SIDE... $14\nEgg whites with chicken sausage, avocado, spinach, tomato, gouda cheese\n\nSOUTH SIDE... $14\nEggs, bacon, jalapeno, onion, tomato & habanero jack cheese\n\nTHE OTHER SIDE... $14\nEggless scrambler with seasoned tofu, black beans, red onions, mushrooms,\ncherry tomatoes, spinach, Chihuahua cheese\n\nBUILD YOUR OWN SCRAMBLER... $8\n\nProteins... (+$2 each): bacon, sausage, ham, chorizo, tofu, turkey bacon,\nchicken sausage\n\nCheese... (+$1.50 each): american, feta, cheddar, swiss, goat, fresh mozzarella,\nhavarti, gouda, habanero jack, Chihuahua, blue cheese\n\nVeggies... (+$1.25 each): onion, jalapefo, spinach, broccoli, tomato, mushrooms,\ncorn, yellow squash, roasted red pepper, avocado (+$1.5)\n\nW TOASTS\n\nServed on Rustic Panini Toast - Includes Mixed Greens Salad\nSubstitute Potato or Fruit, $1.5 \u00bb Gluten Free Toast, $7.5 Egg Whites, $2\n\nAVOCADO TOAST... $15\nCucumber, cherry tomato, shredded radish, sesame seeds, poached egg,\nsmashed avocado\n\nPESTO TOAST... $17\nTomato, arugula, fresh mozzarella, basil pesto, two poached eggs, smashed avocado\n\nSOUTHWEST TOAST... $15\nGrilled corn, black beans, jalapefo, roasted red peppers, poached egg,\nsmashed avocado\n\nBURATTA TOAST... $15\nArugula, cherry tomatoes, buratta, baslamic glaze, smashed avocado, (no egg)\nAdd egg $1.5\n\nFILET TOAST... $17\nFilet, asparagus, cherry tomato, sesame seeds, poached egg, smashed avocado\n\nSALMON TOAST... $17\nSmoked salmon, capers, cucumber, red onion, tomato, sesame seeds, poached\negg, smashed avocado\n\n_ BREAKFAST SANDWICHES\n\nAdd Potato or Fruit, $3 * Gluten Free Toast, $1.5Egg Whites, $2\n\nENGLISH MUFFIN SANDWICH... $6\nScrambled egg, American cheese, ham\n\nBAGEL SANDWICH... $7\nEverything bagel, scrambled egg, sausage patty, American cheese\n\nBREAKFAST BURRITO... $8\nJalapefio cheddar tortilla, scrambled eggs, jalapefo, tomato, black bean,\ngrilled corn, Chihuahua cheese\n\nBREAKFAST SLIDERS... $8\nSausage patty, cheese, scrambled egg on mini brioche bun\n\nLOX SANDWICH... $12\nSmoked salmon, cucumber, tomato, red onion, cream cheese, everything bagel\n\nBLTE & A... $10\nBacon, lettuce, tomato, light mayo on rustic panini bread served with\nscrambled egg and avocado\n\nT&A... $8\nEnglish muffin, hash browns, sausage patty, scrambled eggs, American\ncheese and strawberry jelly\n\nBREAKFAST TACOS... (3) for $12\nBacon, avocado, cheddar cheese, spicy ancho mayo, sour cream, chives,\nscrambled egg, potatoes, tomato\n\nZEUS IS ON FIRE... $8\nScrambled eggs with spinach and spicy feta cheese with avocado and\ntomato served on a bagel\n\nVW BREAKFAST BOWLS\n\nGRANOLA PARFAIT... $11\nGreek yogurt, granola, honey, fresh fruit\n\nANCIENT GRAIN BOWL... $11\nGreek yogurt, ancient grains (farro, quinoa, amaranth, pumpkin seeds),\ntoasted almonds, chia, sunflower, flax seed, seasonal berries, agave nectar\n\nCAULIFLOWER RICE BOWL... $13 Substitute Egg Whites, $2\n\nSeasoned cauliflower rice with onion, cucumber, red cabbage, chicken\nsausage, spinach, avocado, yellow squash, poached egg and sesame seeds,\nSriracha tahini dressing\n\nGRAINY DAY BREAKFAST BOWL... $13 Substitute Egg Whites, $2\n\nA mixture of farro, quinoa, amaranth, topped with broccoli, yellow squash,\nGranny Smith apples, cherry tomatoes, sweet potato, avocado, pumpkin\nseeds, poached egg\n\nSOUTHWEST BREAKFAST BOWL... $12 Substitute Egg Whites, $2\n\nBase of scrambled eggs mixed with pork chorizo topped with black beans,\nroasted corn, jalapefo, avocado, red onion, cherry tomato, Chihuahua cheese,\nsour cream\n\nBUILD YOUR OWN BOWL\n\nOLD-FASHIONED OATMEAL (dairy free)... $10\n\nOVERNIGHT OATS... $12\nTopped with 4 of your favorite toppings\u2014you choose!\n\nFresh Fruit Nuts&Seeds Dried Fruit Sweet Things\nStrawberry Almonds Apricots Chocolate Chips\nBanana Granola Cranberries Honey\n\nBlueberries Walnuts Raisins Agave Nectar\nApples Chia Seed Coconut Brown Sugar\nFlax Seed Caramel\n\nPumpkin Seeds\n\nW SWEET SIDE\n\nAdd Pure Maple Syrup $2.\n\n- PANCAKES -\n\nBUTTERMILK... $10\nAdd blueberry, banana, or strawberry $2\n\nBLACK & WHITE... $13\nMilk chocolate and white chocolate chips\n\nRAZZLE DAZZLE... $13\nCream cheese and raspberry sauce\n\nBLUEBERRY-LEMON CHEESECAKE... $14\nNUTELLA AND BANANA... $14\nCINNAMON SWIRL... $13\n\nREESE\u2019S PEANUT BUTTER CUP... $14\n\nCHOCOLATE CHIP... $12\nAdd blueberry, banana, or strawberry $2\n\n- FRENCH TOAST -\n\nCLASSIC... $10\nAdd blueberry, banana, or strawberry $2 Add chocolate chips $1.50\n\nCINNAMON ROLL... $15\nAPPLE CHURROS... $15\n\nCinnamon sugar, vanilla bean cream, warm brown sugar and\ncaramelized apples\n\n- WAFELES -\n\nWAFFLE... $10\nAdd blueberry, banana, or strawberry $2\nAdd chocolate chips $1.50\n\nFLIGHT COMBO... $15\nMini waffles topped with fresh strawberries,\nblueberries, bananas with nutella, cookie butter and apples\n\nCAN'T PLEASE \u2019EM ALL\n\nLUNCH\n\nServed All Day!\n\nW SANDWICHES\n\nIncludes Mixed Greens Salad | Substitute gluten free bun $1.5 \u00ab Substitute fruit, fries, or chips $2\n\nDouble Cheeseburger... $15\n\nTwo quarter Ib. patties, American cheese, diced red onion, mayo, dill pickle\non brioche bun\n\nAdd egg $1.25, bacon $1.75\n\nHabanero Jack Chicken... $15\nBreaded chicken breast, bacon, BBQ sauce, habanero jack cheese,\nleaf lettuce, red onion, tomato, mayo on brioche bun\n\nChicken Sandwich... $15\nGrilled chicken breast with tomato, avocado, onion, lettuce, mayo, smoked\ngouda on brioche bun\n\nBuffalo Chicken Sandwich... $15\nBreaded chicken breast, blue cheese, hot sauce, lettuce, tomato, red onion on\nbrioche bun\n\nMahi-Mahi Tacos... $16\nWild caught mahi filet, mango pico de gallo, avocado slices with salsa verde on\nflour tortillas\n\nCobb Wrap... $16\nRomaine, cherry tomato, egg, bacon, chicken tenders, avocado, onion, cheddar\ncheese with ranch on jalapefo cheddar tortilla\n\nVeggie Wrap ... $15\nYellow squash, roasted red pepper, red onion, spinach, goat cheese, sundried\ntomato spread, served hot on a spinach tortilla\n\nImpossible Burger... $15\nImpossible patty, lettuce, tomato, avocado, sriracha mayo, red onion with\nhavarti cheese on brioche bun\n\nClub Sandwich... $17\nTriple decker turkey or ham, lettuce, tomato, bacon, mayo, avocado, Havarti\ncheese, served on sourdough\n\nGrilled Cheese... $15\nBlend of havarti, smoked gouda, cheddar, and swiss on rustic panini\n\n\u00a5\n\n\u201cGO BLUE!\u201d\n\nCajun Shrimp Wrap... $17\nFried shrimp, lettuce, tomato, onion, cajun sauce on jalapeno cheddar tortilla\n\nFish Sandwich... $15\nBreaded cod with leaf lettuce, red onion, tomato, American cheese and tartar\nsauce on brioche bun\n\nTuna Melt... $15\nAlbacore tuna salad with American cheese, lettuce on marble rye\n\nVW SALADS\n\nRanch, Balsamic Vinaigrette, Lemon Vinaigrette, Green Goddess, Avocado Poblano.\nDressings free of artificial flavors, MSG, gluten, high-fructose corn syrup.\n\nCobb... $15\nRomaine, cherry tomato, egg, bacon, grilled chicken, avocado, onion,\ncheddar cheese\n\nA Sea of Green... $15\nRomaine, arugula, shredded brussels sprouts, grilled chicken, tomato, avocado,\ndried cranberries, walnuts, blue cheese\n\nHealthy Citizen... $15\nRomaine, spinach, egg, avocado, roasted cauliflower, asparagus, cherry tomato,\nred onion, goat cheese, cucumber\n\nPok\u00e9 Tuna Salad... $16\nMixed greens, avocado, radish, jalapehos, mango, edamame, cucumber,\nahi tuna* & black sesame seeds, side of sriracha aioli\n\nNo Regrets... $17\nRomaine, Old Bay seasoned shrimp, roasted corn, black beans, cucumber,\navocado, red onion, cherry tomato & cilantro\n\nSalmon... $17\nAtlantic salmon marinated in lemon-dill with mixed greens, roasted cauliflower,\nroasted carrots, cucumber, cherry tomato, radish, toated garbanzo beans\n\nGreek-ish... $15\n\nRomaine, red cabbage, toated garbanzo beans, radish, Kalamata olives,\ncucumber, tomato, farro, capers, grilled chicken, crumbled feta, pepperoncini,\nGreek dressing\n\nTex Mex... $16\n\nRomaine, roasted corn, black beans, tomatoes, jalapefio, cheddar cheese, green\nonion, cilantro, avocado, chopped crispy chicken, tortilla strips\n\nSimple Truth... $14\nMixed greens, arugula, avocado, cherry tomatoes, cucumber, fresh mozzarella,\nchopped basil, lemon dill vinaigrette\n\n_ PROTEIN PLATE\n\n2 eggs poached or hard boiled, choice of protein & 3 veggies.\nAdditional veggies $1.75\n\nPROTEIN\n\nGrilled Chicken... 13\nGrilled Salmon... 16\n\nFilet... 17\nMahi Mahi... 16\nTofu... 11\nAll Veggie... 11\n\ny SIDES\n\nAdd Cheese... $1.5\nWhole Avocado... $3\nGrilled Salmon... $6\nGrilled Beef Filet... $6\nGrilled Chicken... $5\n\nHousemade Breakfast Sausage... $4\n\nChicken Sausage... $5\nBacon... $4\n\ny HOURS\n\nVEGGIES - Choose 3\n\nCauliflower Yellow Squash\nBroccoli Cherry Tomato\nAsparagus Fried Jalapefio\nSpinach Brussells Sprouts\nAvocado Mushroom\n\nTurkey Bacon... $5\nSeasonal Fruit Cup... $4\nBerry Cup... $4.5\n\nDiced Potatoes\ntopped with Scallions... $4\n\nFrench Fries... $4\n(2) Eggs... $5\nToast... $3\n\nOPEN DAILY\n8 am to 3 pm\n\nKitchen Closes at 3 pm\n\nCatering and Event Space Rental Available\n\nStray Hen | 403 E. Washington | Ann Arbor, MI 48104\n\n734-929-2590\n\nStrayHenCafe.com\n\n* Consuming raw or undercooked meats, poultry, seafood, shellfish,\nor eggs may increase your risk of foodborne illness.\n"
    },
    "Address": "403 E Washington St, Ann Arbor, MI 48104",
    "GPS Coordinates": {
        "latitude": 42.280494499999996,
        "longitude": -83.743747
    },
    "Phone Number": "(734) 929-2590",
    "Rating": 4.6,
    "Rating Summary": [
        {
            "stars": 1,
            "amount": 18
        },
        {
            "stars": 2,
            "amount": 10
        },
        {
            "stars": 3,
            "amount": 32
        },
        {
            "stars": 4,
            "amount": 70
        },
        {
            "stars": 5,
            "amount": 411
        }
    ],
    "Opening Hours": [
        {
            "friday": "8\u202fAM\u20133\u202fPM"
        },
        {
            "saturday": "8\u202fAM\u20133\u202fPM"
        },
        {
            "sunday": "8\u202fAM\u20133\u202fPM"
        },
        {
            "monday": "8\u202fAM\u20133\u202fPM"
        },
        {
            "tuesday": "8\u202fAM\u20133\u202fPM"
        },
        {
            "wednesday": "Closed"
        },
        {
            "thursday": "8\u202fAM\u20133\u202fPM (Thanksgiving)"
        }
    ],
    "Description": "",
    "Details": [
        {
            "highlights": [
                "Great coffee"
            ]
        },
        {
            "popular_for": [
                "Breakfast",
                "Lunch",
                "Solo dining"
            ]
        },
        {
            "accessibility": [
                "Wheelchair accessible entrance",
                "Wheelchair accessible restroom",
                "Wheelchair accessible seating"
            ]
        },
        {
            "offerings": [
                "Coffee",
                "Comfort food",
                "Healthy options",
                "Quick bite",
                "Vegan options",
                "Vegetarian options"
            ]
        },
        {
            "dining_options": [
                "Breakfast",
                "Brunch",
                "Lunch",
                "Dinner",
                "Catering",
                "Dessert",
                "Seating"
            ]
        },
        {
            "amenities": [
                "Restroom",
                "Wi-Fi",
                "Free Wi-Fi"
            ]
        },
        {
            "atmosphere": [
                "Casual",
                "Cozy",
                "Trendy"
            ]
        },
        {
            "crowd": [
                "College students",
                "Family-friendly",
                "Groups",
                "LGBTQ+ friendly",
                "Tourists"
            ]
        },
        {
            "planning": [
                "Usually a wait"
            ]
        },
        {
            "payments": [
                "Credit cards",
                "Debit cards",
                "NFC mobile payments"
            ]
        },
        {
            "children": [
                "Good for kids",
                "High chairs"
            ]
        },
        {
            "parking": [
                "Paid parking garage",
                "Paid street parking",
                "Somewhat difficult to find a space"
            ]
        },
        {
            "pets": [
                "Dogs allowed outside"
            ]
        }
    ],
    "User Reviews": {
        "summary": [
            {
                "snippet": "\"Atmosphere is so well done, food and service were both perfection!\""
            },
            {
                "snippet": "\"Super friendly staff and lots of space to sit!\""
            },
            {
                "snippet": "\"Prices seem competitive for the area, wait was minimal.\""
            }
        ],
        "most_relevant": [
            {
                "username": "Yuki Pao",
                "rating": 5,
                "contributor_id": "112412400048054427425",
                "description": "Stopped in for an amazing brunch on Sunday. The line was quite long so be prepared to wait for at least 30+ mins. You order at the counter and they'll bring your food out to your table. The breakfast tacos were amazing as well as the waffles. Overall a cute, fun, and upscale restaurant!",
                "link": "https://www.google.com/maps/reviews/data=!4m8!14m7!1m6!2m5!1sChdDSUhNMG9nS0VJQ0FnSUMzZ042cS1nRRAB!2m1!1s0x0:0xdeda1357df9c31cd!3m1!1s2@1:CIHM0ogKEICAgIC3gN6q-gE%7CCgwIiZCUuQYQiPHl2wI%7C?hl=en-US",
                "images": [
                    {
                        "thumbnail": "https://lh5.googleusercontent.com/p/AF1QipNf8AknJ7kQVt7idlOdhe-G1xS8lafeZmmKEEVD=w150-h150-k-no-p"
                    },
                    {
                        "thumbnail": "https://lh5.googleusercontent.com/p/AF1QipNoiRtxQWrNaSSQsPu_qjEdEWudwV-qJ8lLeCRh=w150-h150-k-no-p"
                    },
                    {
                        "thumbnail": "https://lh5.googleusercontent.com/p/AF1QipPMsLs5Q-KbRe9gMCtJ6gH2O7l7PG55FXvPmVWu=w150-h150-k-no-p"
                    }
                ],
                "date": "3 weeks ago"
            },
            {
                "username": "Buffy Warren",
                "rating": 5,
                "contributor_id": "102140063834105782817",
                "description": "Great food & atmosphere!  You go to the counter to order, have a seat anywhere, & they bring your food to you.\nEverything we ordered was so good!!!\nWe ordered the traditional breakfast-eggs w/cheese, bacon, potatoes, & toast and the lemon blueberry pancakes!  Definitely recommend 10/10!",
                "link": "https://www.google.com/maps/reviews/data=!4m8!14m7!1m6!2m5!1sChZDSUhNMG9nS0VJQ0FnSURINmRIV1F3EAE!2m1!1s0x0:0xdeda1357df9c31cd!3m1!1s2@1:CIHM0ogKEICAgIDH6dHWQw%7CCgwI6eOmtwYQuM6V3AI%7C?hl=en-US",
                "images": [
                    {
                        "thumbnail": "https://lh5.googleusercontent.com/p/AF1QipMWSFzkXcaUjJzIkvCR4NW8NtQfA4fibgAjEKxZ=w150-h150-k-no-p"
                    },
                    {
                        "thumbnail": "https://lh5.googleusercontent.com/p/AF1QipNox9XYc_Aylyka7p-H7zGN6zilC55dm2y9pwr6=w150-h150-k-no-p"
                    },
                    {
                        "thumbnail": "https://lh5.googleusercontent.com/p/AF1QipOCeBFFl1SLkADV53-Nk3Tyeu0WF1FmPQiEWmGP=w150-h150-k-no-p"
                    },
                    {
                        "thumbnail": "https://lh5.googleusercontent.com/p/AF1QipPmWIuRGjdzF5U1uAgq-Vw0PAccq24XiwOc-Fi7=w150-h150-k-no-p"
                    },
                    {
                        "thumbnail": "https://lh5.googleusercontent.com/p/AF1QipOVM5XfmGMQhk-hiS6VFXcqhLrNynchXrpbHhc0=w150-h150-k-no-p"
                    }
                ],
                "date": "2 months ago"
            },
            {
                "username": "Kelly Butera",
                "rating": 5,
                "contributor_id": "106092099394857594045",
                "description": "Let me start with....the sandwiches (see photos) were $5.!!! The atmosphere was clean, modern, inviting, and happy. Order at the counter and take a seat. Food comes on a real plate, real flatware.....for the price you would expect paper and baskets...HIGHLY recommend! Every dish coming out of the kitchen was gorgeous and plentiful. I had the \"Zeus on Fire\" avacado, spicy feta, eggs, baby spinach & tomato....beautiful and very satisfying.",
                "link": "https://www.google.com/maps/reviews/data=!4m8!14m7!1m6!2m5!1sChdDSUhNMG9nS0VJQ0FnSURyLS1LNDBBRRAB!2m1!1s0x0:0xdeda1357df9c31cd!3m1!1s2@1:CIHM0ogKEICAgIDr--K40AE%7CCgsI-MrvtAYQuNDVBw%7C?hl=en-US",
                "images": [
                    {
                        "thumbnail": "https://lh5.googleusercontent.com/p/AF1QipPfhzIseUHtdkRtAoDrAqt4TFVOkjEAAk3ATZ5-=w150-h150-k-no-p"
                    },
                    {
                        "thumbnail": "https://lh5.googleusercontent.com/p/AF1QipN5Kv6rR0x-tEbzNZngcQrGQ8ayWGvrBBElTaKh=w150-h150-k-no-p"
                    },
                    {
                        "thumbnail": "https://lh5.googleusercontent.com/p/AF1QipMuySXiIV0tYzSDZwE0UcFh7oJN6vGM0lJHK8ob=w150-h150-k-no-p"
                    },
                    {
                        "thumbnail": "https://lh5.googleusercontent.com/p/AF1QipPp4FayN7Mrjok4kcK5Jo3rPs8d6bY9_lmKQFdh=w150-h150-k-no-p"
                    }
                ],
                "date": "4 months ago"
            },
            {
                "username": "Nalini V",
                "rating": 5,
                "contributor_id": "107905904369912567036",
                "description": "We were here on the weekend for brunch and there was a line to order and pay at the counter. But that gave us enough time to go through the menu (~ 15 mins).\nThe place was packed but they took care of the seating.\nFood was delicious and was served within 10 minutes after we ordered.\nThe ambiance and service is great. Lots of healthy options are available. Will definitely come back again!",
                "link": "https://www.google.com/maps/reviews/data=!4m8!14m7!1m6!2m5!1sChdDSUhNMG9nS0VJQ0FnSUNMdTZQTzh3RRAB!2m1!1s0x0:0xdeda1357df9c31cd!3m1!1s2@1:CIHM0ogKEICAgICLu6PO8wE%7CCgwI4MPgswYQkL2XkAI%7C?hl=en-US",
                "images": [
                    {
                        "thumbnail": "https://lh5.googleusercontent.com/p/AF1QipOlXKCtYeXHDEsst63JMB7YGn8bUZQZluo8ccsA=w150-h150-k-no-p"
                    }
                ],
                "date": "4 months ago"
            },
            {
                "username": "Manal Ali",
                "rating": 5,
                "contributor_id": "101754750741336144350",
                "description": "Beautiful aesthetically pleasing cafe. The staff is welcoming and patient during ordering. The staff that bring the food are also very kind! We loved our food and the price is just right. Parking was a bit hectic.",
                "link": "https://www.google.com/maps/reviews/data=!4m8!14m7!1m6!2m5!1sChZDSUhNMG9nS0VJQ0FnSURyZ0w3c1FREAE!2m1!1s0x0:0xdeda1357df9c31cd!3m1!1s2@1:CIHM0ogKEICAgIDrgL7sQQ%7CCgwIt-DFtAYQsPXWlwE%7C?hl=en-US",
                "images": [
                    {
                        "thumbnail": "https://lh5.googleusercontent.com/p/AF1QipNzN36r7GSMltloSTlehza1Bb6og1CpOcV4VK1V=w150-h150-k-no-p"
                    },
                    {
                        "thumbnail": "https://lh5.googleusercontent.com/p/AF1QipMLlQ1E8rWBlOwrZ5aTPYiwC5W9Yoph2PAhSo2r=w150-h150-k-no-p"
                    },
                    {
                        "thumbnail": "https://lh5.googleusercontent.com/p/AF1QipM-gmfX_p2SBNgqoxBztD6Dxwz-LXfWEaumz_zu=w150-h150-k-no-p"
                    },
                    {
                        "thumbnail": "https://lh5.googleusercontent.com/p/AF1QipMHORqPH4Cexdbw3bI-qz65axmlPX1IgVimLxr6=w150-h150-k-no-p"
                    },
                    {
                        "thumbnail": "https://lh5.googleusercontent.com/p/AF1QipMQv41qi4HPTUNSXgGpMNk-NF_X5p0YZnjc5ujg=w150-h150-k-no-p"
                    },
                    {
                        "thumbnail": "https://lh5.googleusercontent.com/p/AF1QipNGUnUzem5wR-4P5mjywWZaHZzc7VkJwemAxjnr=w150-h150-k-no-p"
                    }
                ],
                "date": "4 months ago"
            },
            {
                "username": "Nicholas Kang",
                "rating": 5,
                "contributor_id": "100224230793259242575",
                "description": "Came here for a Mother\u2019s Day breakfast and the food and atmosphere here is great!\n\nDelicious food, beautifully plated, and very spacious & lively decor.\n\nReally enjoyed the North Side scrambler and Avocado Toast. Pancakes come in huge portions!\n\nIt gets crowded really fast on the weekends so I recommend coming in early to order and get a table.",
                "link": "https://www.google.com/maps/reviews/data=!4m8!14m7!1m6!2m5!1sChZDSUhNMG9nS0VJQ0FnSURUOHJyM0dREAE!2m1!1s0x0:0xdeda1357df9c31cd!3m1!1s2@1:CIHM0ogKEICAgIDT8rr3GQ%7CCgsIvK2-sgYQiKCOCg%7C?hl=en-US",
                "images": [
                    {
                        "thumbnail": "https://lh5.googleusercontent.com/p/AF1QipPQyy0WtRSf1GkNPi9ByKbYRVvTVr0_KJV2-Zpt=w150-h150-k-no-p"
                    },
                    {
                        "thumbnail": "https://lh5.googleusercontent.com/p/AF1QipOKcpKcK8-XB-Ki5cyrArFGu1SIhvefgTjvpi32=w150-h150-k-no-p"
                    },
                    {
                        "thumbnail": "https://lh5.googleusercontent.com/p/AF1QipOuOvYeu-N6evBgu89vNtXGsxo6SYXN9i2VB3eL=w150-h150-k-no-p"
                    },
                    {
                        "thumbnail": "https://lh5.googleusercontent.com/p/AF1QipOiZeHQcAOBkYT9SMvOvY-CpnZ64naKxOINlWtK=w150-h150-k-no-p"
                    }
                ],
                "date": "5 months ago"
            },
            {
                "username": "Leslie Touassi",
                "rating": 5,
                "contributor_id": "104512413397771473585",
                "description": "Great breakfast and I loved the Blueberry Hibiscus tea!\n\nBreakfast burrito was the perfect amount of food. The North Side scramble was a lot of food and excellent!",
                "link": "https://www.google.com/maps/reviews/data=!4m8!14m7!1m6!2m5!1sChdDSUhNMG9nS0VJQ0FnSURua3NENXFRRRAB!2m1!1s0x0:0xdeda1357df9c31cd!3m1!1s2@1:CIHM0ogKEICAgIDnksD5qQE%7CCgwIgqiAuAYQwLaBvQM%7C?hl=en-US",
                "images": [
                    {
                        "thumbnail": "https://lh5.googleusercontent.com/p/AF1QipMUcfa-MC2xkmBMshopuYelhYqg9x7ysJNIAI0f=w150-h150-k-no-p"
                    },
                    {
                        "thumbnail": "https://lh5.googleusercontent.com/p/AF1QipM3vBZoufpHzk-_r3f7gyVoKkTs9XPctnItKLnO=w150-h150-k-no-p"
                    }
                ],
                "date": "a month ago"
            },
            {
                "username": "James Berry",
                "rating": 5,
                "contributor_id": "116961779742299783029",
                "description": "Good quality food, and I enjoyed the vibe while on the line. The Michigan cards as the table cards is a nice touch. Also I saw Will Johnson there, the footballer who shopped at Puffer Reds last year! He's a legend!",
                "link": "https://www.google.com/maps/reviews/data=!4m8!14m7!1m6!2m5!1sChdDSUhNMG9nS0VJQ0FnSUNIOU1Ycm9RRRAB!2m1!1s0x0:0xdeda1357df9c31cd!3m1!1s2@1:CIHM0ogKEICAgICH9MXroQE%7CCgwIlp3TtgYQwMW__QI%7C?hl=en-US",
                "images": [
                    {
                        "thumbnail": "https://lh5.googleusercontent.com/p/AF1QipMWez6z9wdnefU2HUBalhFDG3q0iXmoKMMxsU_m=w150-h150-k-no-p"
                    },
                    {
                        "thumbnail": "https://lh5.googleusercontent.com/p/AF1QipMi898oLBabwf8AAZ9a06z-53JS51vnvG0MIqcQ=w150-h150-k-no-p"
                    },
                    {
                        "thumbnail": "https://lh5.googleusercontent.com/p/AF1QipOI8b7yqbo9h9i4ZTQB1AWx1xt7vNVFOIT0unD7=w150-h150-k-no-p"
                    },
                    {
                        "thumbnail": "https://lh5.googleusercontent.com/p/AF1QipMad4xZ3J9ujtXhbDe9AxpA8avPClCKxpy3gMZ1=w150-h150-k-no-p"
                    }
                ],
                "date": "2 months ago"
            }
        ]
    },
    "Services": {
        "dine_in": true,
        "takeout": true,
        "delivery": false
    }
}