{
    "docid": 55,
    "Title": "Brown Jug Restaurant",
    "Price": [],
    "Place ID": "ChIJgxFrSUSuPIgRNMHA3whSTiA",
    "Type ID": [],
    "Type": [
        "Restaurant",
        "American restaurant",
        "Bar",
        "Cocktail bar"
    ],
    "Menu": {
        "link": "http://places.singleplatform.com/the-brown-jug/menu?ref=google",
        "source": "places.singleplatform.com",
        "items": "(734) 761-3355 1204 S University Ave, Ann Arbor, MI 48104 www.brownjug-annarbor.com\n\nTHE BROWN JUG\n\nDRINK MENU\n\nDRAFTS 160z, 220%, 4802, DRINKS\n\nOver -35\nTOFFEE SHOE COORS LITE $5.50 $6.50\nmee | MILLER LITE $5.50 $6.50 oe 7\n\nLABATT BLUE $5.50 $6.50 $12\n\nBLUE MOON $7 $8 $16\n\nANGRY ORCHARD $6 $7 $15.50 APEROL SPRITZ\n\nBELL'S ROTATING $7 $8 $16 Water Tipped with co Oroupe Shee\n\nIPA ROTATING $7 $8 $16 BAY BREEZE\n\nROTATING CRAFT $7 $8 $16.50 Vodka, Pineapple Juice, Cran\n\nSAM'S ROTATING 57 $8 $16 CARAMEL MACCHIATO\nButterscotch ped oo Coffee\n\nSTOUT $7.75 $8.75 $18 Liqueur, Vodka, Cream\n\nMODELO $7 $8 $16 COLORADO BULLDOG\n\nVodka, Coffee Liqueur, Cream, Coke\n\nELECTRIC LEMONADE\n\nSour Berry Smirnoff Vodka, Sour, Sprite\nFUZZY NAVEL\n\nPeach Schnapps & O]\n\n220z.|$8 48o0x.| $16 GRAPE CRUSH\n\nUV quspe Nodes Sour Apple\nVodka, Gin, Rum, Triple Sec, Blue Island Schnapps, Sour, GREEN APPLE\n\nApple Vodka, OJ, Cran\n\nSprite\nCAZADORES HOT GIRL WATER\nMON DAYS FRIDAYS BLUE MOTHER F@CKER! Vodka, Water, Lemon\nM : $6 Vodka, Gin, Rum, Triple Sec, Blue Curacao, Sour, Orange HAIRY NAVEL\nargaritas John Daly Juice, Sprite Vodka, Peach Schnapps, OJ\nEl Jefe Shooter $5 Shee ADL. CALIFORNIA BEACH PARTY caned ISH MONK |\nCorona Bottles $5 Labatt Pitch Vodka, Gin, Rum, Tequila, Triple Sec, Sour, Cran, Sprite szemgetico, teh Lacem, Colec\nMini Marg Shooters $5 = Ricans CLASSIC Jamo, I lL aro RS\nSLED OL ORD TO X/tHee SATURDAYS Vodka, Gin, Rum, Tequila, Triple Sec, Sour, Orange Juice, JOHN DALY\nTUESDAYS B ind Coke Sweet Tea Vodka & Lemonade\nPear-fect $6 Midwest GREEN DINOSAUR JU JU AIDE\nioc Pease Shs $5 . Vodka, Gin, Rum, Triple Sec, Melon Liqueur, Sour, Orange Grap re Vodka, Blue Island\nJuicy ear ooter ere Wolverine Juice, Sprite ucker, Cran, Sour, Water\n160z Blue Moon $5 getet HAWAIIAN LYNCHBURG LEMONADE\nCoors Pitcher Jack Daniels, Triple Sec, Sour, Sprite\nWEDNESDAYS Vodka, Gin, Rum, Coconut Rum, Triple Sec, Sour, MAI TAI\nOrnce Crush $6 Pineapple Juice, Coke Laghe oe hee Rum, Amaretto, Triple\nne \u00a3 i 4 . ctiey res JAMAICAN ME CRAZY Sec, OJ, Pineapple Juice, Grenadine\nShooter Rene ae 2 MG Gin, Rum, Triple Sec, Pineapple Juice, Pina Colada ie ntt MARGARITA ae ee\no odelo\nH Dad Sel Seid 3 Tango $5.50 juc\u2019 s HAIRY BITCH Mint, Soe see ree, Lime, Soda\nSPE Via Se EEE Vodka, Gin, Rum, Tequila, Triple Sec, Water, Lime Juice O FACE\nTHURSDAYS St pe a $16 LONG BEACH Orange Vode, Cranberry, O}\nHot Girl Water P Vodka, Gin, Rum, Peach Schnapps, Triple Sec, Sour, ORANGE CRUSH\nRaspberry pripieal Bacardi $5. 50 Orange Juice, Cran PP P Orange Vodka, Triple See, OJ, Sprite\nLemonade Shooter et Si sereen PURPLE RAIN Cazadores Tegells, Lite Grapefruit,\nMiller Pitcher Vodka, Gin, Rum, Triple Sec, Black Raspberry Liqueur, Splash of Soda\nSour, Sprite PASSIONATE BLUEBERRY\n\nBlucberry Vodka, X-Rated, Sour, Sprite\n\nPEACH ON THE BEACH\nVodka, Peach Schnapps,\nCoconut Rum, Pineapple, OJ\n\nPEAR-FECT\nPear Vodka, Peach Schnapps,\n\nLemonade, Cran\n\nPEARL HARBOR\nVodka, Melon Liqueur, Pineapple\n\nPINA COLADA\n\nRum, Pineapple Juice,Pina Colada Mix\n\nPLASTERED PALMER\n\nBacardi Limon, Lemonade, Iced \u2018Tea\n\nROYAL FLUSH\n\nCrown Royal, Peach Schnapps, Black\nRaspberry Schnapps, \u00a2 cranberry\n\nCARIBBEAN MULE\n\nMULE sy, $ Captain Morgan Rum, Cran, Lime Juice, Ginger Beer\nCUCUMBER MULE\n\nAsk about pricing for 94 oz. \u00a9 200 oz. Cucumber Vodka, Lime Juice, Ginger Beer\nDUTCH MULE\n\nTHE ORIGINAL MOSCOW MULE Orange Vodka, Lime Juice, Ginger Beer\nVodka, Lime Juice, Ginger Beer IRISH MULE\n\nTito\u2019s Vodka, Lime Juice, Ginger Beer KENTUCKY MULE\n\nKentucky Bourbon, Lime Juice, Ginger Beer\n\nBERLIN MULE\nJagermeister, Lime Juice, Ginger Beer SCOTTISH MULE $10\nCANADIAN MULE Johnnie Walker Black Label Scotch, Lemon Juice, Ginger Beer\n\nCrown Royal Vanilla, Lime Juice, Ginger Beer MEXICAN MULE :\nTequila, Lime Juice, Ginger Beer\n\nRASPBERRY LEMONADE\n\nRaspberry Vodka, Sour, Sprite\n\nRUM RUNNER\nSpiced Bacardi, T'riple See,\nPine apple, 0)\n\nSEX ON THE BAR\n\nRaspberry Vodka, OJ, Cran\n\nHAPPY HOUR zs v SELON TES Rest\nay odka, Feach oc inapps, J}, ran\nLITTLE BROWN JUG ORIGIN Sess\nThe Little Brown Jug, contested between Vodka, Grapefruit Juice, Cran\nALL DAY, EVERYDAY oe. ee ee Rasphene Vout: Mion\nMystery Shots $3.50 MONDAY-THURSDAY 903. After a 6-6 tie, MuIcniIgan Liqueur, Cran, Sprite\n$4.50 accidentally left behind a five-gallon jug SUCK ME BEAUTIFUL\nMystery Shooters , 2PM-4PM it had brought for its water supply. Orange Vodka, Watermelon\n$3 50 . g pply Schnapps, Sour, Sprite\nMystery Cans . 1/2 Off Appetizers Minnesota's equipment manager kept TAHITIAN MOON\nMystery Seltzer Buckets $15 the jug, marking it with \"Michigan Jug Bacardi Limon, Cherry Pucker, Blue\nCaptured by Oscar.\" When Michigan earsene, O), Lemanate, pave\nMONDAY-SATURDAY 7PM-10PM & requested its return, Minnesota's coach yLHE SUGAR\nSUNDAY 2PM-9PM humorously said they\u2019d have to win it with a Splash of Sour\n220z Coors Light, Miller Lite, Labatt Blue $5 back. In 1909, the teams agreed to make WATERMELON JOLLY\nthe jug the prize for the game\u2019s winner, RANCHER\n220z Long Island Iced Teas $6.50 eens ee = Bacardi, Watermelon Schnapps,\ncreating a lasting tradition. Pineapple, Lemonade, Cran\n\n160z Premium Draft $5\n\nAutomatic Gratuity of 20% will be added to parties of 6 or more and to bills over $150\nFollow us on our social media:\n\n@thebrownjugannarbor\n\nOn\n\n\u2014 WINE $7\u2014\n\nRED: Cabernet, Merlot, Pinot Noir\nWHITE: Pinot Grigio, Chardonnay, Cook\u2019s Champagne\n\nSELTZERS\n\nJUG\u2019S HARD AF SELZTER $7\nHAPPY DAD\u2019S:Raspberry, Pineapple, Fruit Punch $5\nHIGH NOON $6\nLONG DRINK: OG, Sugar Free, Cranberry, Peach $6\n\nStronger & Pineapple $7\nSMOQO)J: Strawberry, Banana, Trop Trip $5.50\nWHITE CLAW $6\n\nMYSTERY BUCKETS\n\nBOMBS $8\n\nOriginal, Sugar Free, Coconut, Bluebe\nWatermelon, & Tropical Red Bull avai ilable\n\nSTRONGER\nONES $7.50\n\nDOUBLE GOLD - Jose Gold & Goldschlager\nFOUR HORSEMEN - Jack, Jim, Jose, & Jameson\nGOD FATHER - Scotch & Amaretto\n\nICY MANIPULATOR - Rumplemintz & Jager\nJACK HAMMER - Yukon Jack & Rumple Minze\nJACKSON FIVE - Jack, Jim, Jonnie Red, Jose,\n\n& Jameson\n\nLIQUID COCAINE - Jager, Goldschlager, & 151\nLIQUID CRACK - Jager, Tequila, & 151\n\nOIL SLICK - Sambuca & Jager\n\nROCKET FUEL - Sambuca & 151\n\nPRAIRIE FIRE - Tequila & Tabasco\n\nSMOKER'S COUGH- Jager & Mayonnaise\nSNOW SHOE - Jameson & Rumplemint\nTHREE WISE MEN - Jack, Jim, & Johnnie Black\nTIDYBOWL- Orange Vodka, Blue Curacao, 151\n\nTRASHCANS $9\n\nAll Red Bull drinks served \u201cTrash Can\u201d style\n\nBIG 10 TROPICAL - Cucumber Vodka & Tropical\nRed Bull\n\nBO BLUEBERRY - Citrus Vodka & Blueberry Red Bull\nCOCONUTS - Bacardi Coconut & Coconut Red Bull\nGO GRAPE - UV Grape Vodka & Red Bull\n\nHAIL MARY BLUEBERRY- Blueberry Vodka &\nTropical Red Bull\n\nHAIL POMEGRANATE - Pomegranate Vodka &\nSugarfree Red Bull\n\nTROP IT UP- Tropical Bacardi & Tropical Red Bull\n\nWATERMELON HEAVEN - Cazadores Tequila &\nWatermelon Red Bull\n\nJUG BOWLS\n\n140z.|$8 480z.|$16.50\nBOMBPOPS - Strawberry Vodka, Rum, Blue Curacao,\nPina Colada Mix, Ginger Ale\nPINK-ALICIOUS - Vodka, Gin, Rum, Triple Sec,\nStrawberry Vodka, Sour, Lemonade, Grenadine\n\nSCARY WATER - Vodka, Gin, Rum, Triple Sec,\nPeach Schnapps, Sprite\n\nSPRING BREAK - Pineapple Bacardi, Coconut Rum\nCran, Pineapple Juice\n\nTHE BIG TEN CHAMP - Raspberry Vodka, Peach\nVodka, Cran, Lemonade\n\nUNDER THE LIGHTS - Smirnoff Sour Berry Lemon\nVodka & Lemonade\n\nPREMIUM:\n\nBOTTLES\n\nDOMESTICS: Budweiser, Bud Light, Michelob Ultra, Pabst Blue Ribbon\nCorona, Corona Lt, Labatt Blue Lt, Heineken, Heineken Lt, Heineken 0.0%\n\nCRAFT: Bell\u2019s Two Hearted, Bell\u2019s Amber Ale, Blue Moon, All Day IPA, Stella Artois\n\nMARTINIS $9 BELLINIS $7\n\nMade with Prosecco and any flavor below\n\nUpgrade to Grey Goose for $12\n\nCLASSIC, COSMOPOLITAN, ESPRESSO,\nFRENCH, LEMON DROP (BLUEBERRY,\nSTRAWBERRY, OR LEMON), SOUR APPLE\n\nAPPLE, BANANA, BLACKBERRY, BLACK\nCHERRY, BLUEBERRY, KIWI, LYCHEE, MANGO,\nPASSION FRUIT, PEACH, PEAR, PINEAPPLE,\n\nRASPBERRY, STRAWBERRY, VANILLA\n\nA2 BOMB - Apple Vodka dropped in Hard Cider\nBBL BOMB - Raspberry Vodka dropped in\n\nChampagne & Red Bull\n\nBIZMARK - Crown & Peach Schnapps dropped in\n\nRed Bull & OJ *premixed\n\nCHERRY BOMB - Cherry Vodka\nRed Bull\n\nDRAGONBERRY BOMB - Bacardi Dragonberry\n\ndropped in Red Bull\n\nEM BOMB - Sweet Tart Shooter dropped in\n\nTropical Red Bull *premixed\n\nFLAMING DR. PEPPER- Amaretto & 151 Float\n\ndropped in Miller Lite\n\nIRISH CAR BOMB.- Irish Cream & Irish Whiskey\n\ndropped in Stout\n\nJOHNNY VEGAS BOMB.-- Tequila & Watermelon\nSchnapps dropped in Red Bull *premixed\n\nJAGER BOMB.- Jagermeister dropped in Red Bull\n\nSHOOTER S\n\nLUNCH BOX BOMB - Amaretto dropped in\nMiller Lite & OJ\n\nMANGO TANGO - Bacardi Chile Mango & OJ\n\ndropped in\n\n& Grenadine\n\ndropped in Tropical Red Bull\n\nMARGARITA BOMB - Tequila dropped in Lime\n\nJuice & Red Bull\n\nROOT BEER BOMB - Vodka & Root Beer Schnapps\ndropped in Coke\n\nRUBY SLIPPER - Crown Royal dropped in Sprite\n\nNOT LIKE US - Strawberry Rum dropped in Red Bull\nTIC-TAC BOMB - Orange Vodka dropped in Red Bull\nTENNESSEE RIVER MONSTER - Strawberry\n\nVodka, Bacardi Coco, Peach Schnapps, & Pineapple\ndropped i in Red Bull & Grenadine\n\nremixed\n\nFood Allergen Notice: Menu ttems made with Skrewball\n&/or Amaretto contain nuts, Let your server or bartender\nknow of any allergies prior to ordering mystery drinks.\n\n$ 6\n\nFRUITY/CITRUS\n\nORANGE\n\nBOTTLE CAP\n\nRoot Beer Schnapps, Vodka, Melon\nLiqueur, Sour, Sprite\n\nCREAMSICLE\n\nSpiced Bacardi, Triple Sec, OJ,\nPineapple, Sprite\n\nELECTRIC MELON BALL\nRaspberry Vodka, Melon Liqueur, O]\n\nNAKED MILE\nCoconut Rum, Grenadine, OJ, Sprite\n\nSOUR PATCH KID\nCherry Schnapps, Orange Vodka, Lime\n\nJuice, Sugared Rim\n\nPEACH\n\nB-WALL\n\n151, Bacardi Limon, Peach Schnapps,\nCran, Pineapple, Sour\n\nGREEN TEA SHOT\n\nJameson, Peach Schnapps, Sour, Splash\nof Sprite\n\nHOT ELEPHANT NUT\n\nPeach Schnapps, Irish Cream, Grenadine\nSCUD MISSILE\n\nCrown Royal, Peach Schnapps, Sour,\nSprite\n\nSILK PANTIES\nVodka & Peach Schnapps\n\nPEACH ICED TEA\nDeep Eddy\u2019s Sweet Tea Vodka, Peach\nSyrup, Lemonade\n\nSOUR\n\nCHERRY LIMEADE\nCherry Vodka, Lime Juice, Sour,\nLemonade\n\nELECTRIC LEMONADE\nSour Berry Smirnoff Vodka, Sour, Sprite\n\nSTRONG\n\nVODKA\n\nBOSTON COOLER\nVanilla Vodka & Ginger Ale\n\nGRAPE APE\n\nGrape Vodka, Peach Schnapps, Sour,\nSprite\n\nKAMIKAZE\n\nVodka, Triple Sec, Lime Juice\n\nCREAMY/SWEET\n\n-52\nCofice Liqueur, Irish Cream, Triple Sec\nBANANA SPLIT\nHowler Head, Creme de Cacao, Cherry\nVodka, Irish Cream\nBLOW JOB\nCoffee ec Irish Cream, Whipped\nCream\n\nBUTTERY NIPPLE\nButterscotch Schnapps & Irish Cream\n\nCHOCO TACO\nHazelnut Liqueur, Vanilla Vodka, Irish\n\nCream\n\nPINEAPPLE\n\nAPPLESAUCE\nGoldschlager, Apple Pucker, Pineapple\n\nFRENCH KAMIKAZE\n\nVodka, Black Raspberry Liqueur,\nPineapple\n\nJUICY PEAR\n\nPear Vodka, Peach Schnapps, Pineapple\nJuice\n\nPINEAPPLE UPSIDE DOWN\n\nUV Cake Vodka, Pineapple Juice, Grenadine\n\nSCOOBY SNACK\nelon Liqueur, Coconut Rum, Pineapple,\nCream\n\nSEX IN THE MOUTH\nMalibu, 151, Pineapple, Whipped Cream\n\nSURFER ON ACID\n\nJagermeister, Bacardi Coco, Pineapple\n\nWATERMELON WONDER\nBacardi, Watermelon Schnapps, Pineapple\nJuice, Cran\n\nLEMON\nCHOCOLATE CAKE\n\nsolut Citron, Frangelico, Lemon,\nSugared Rim\n\nGUAVA LEMONADE\nGuava Syrup, Gin, Lemonade\n\nKEY LIME PIE\nVanilla Vodka, Pineapple Juice, Lime Juice\n\nLEMON DROP\nVodka, Lemon Juice, Sugared Rim\n\nEL JEFE\nCazadores Tequila, Peach Schnapps, Lime\nJuice, Sour\n\nKOOL-AID\n\nStrawberry Vodka, Blue Curacao, Sour, Sprite\n\nPIXIE STICK\n\nin, Cherry Liqueur, Sour, Grenadine\n\nLET'S GO BLUE\nBlue Curacao, Vodka, Lime Juice\n\nMUDSLIDE\nVodka, Coffee Liqueur, Irish Cream\n\nPEPPERMINT PATTY\n\nCr\u00e9me de Menthe, Cr\u00e9me de Cacao, Vodka\n\nPURPLE HOOTER z\nVodka, Black Raspberry Liqueur, Sour\n\nMUFF DIVER ;\nCoffee Liqueur, Irish Cream, Whipped\nCream, Cherry\n\nCINNAMON TOAST CRUNCH\nRumChata & Fireball\n\nDIRTY GIRL SCOUT\n\nCr\u00e9me de Cacao, Cr\u00e9me de Menthe,\nIrish Cream\n\nJAGER SHAKER\n\nJagermeister, Root Beer Schnapps, Irish\nCream, Coke\n\nMINI BEER\nCreamer & Licor 43\n\nMYSTERY ($4)\n\nBERRY\n\nBLACK & BLUE |\nBlack Raspberry Liqueur, Blue Curacao,\nSplash of Cran\n\nLINDSAY LOHAN\nRed Headed Slut with a little Coke\n\nLUV POTION\nRaspberry Vodka, Coconut Rum, 151,\nPineapple Juice, Cran\n\nPINK PANTIES\nBlueberry Vodka, X-Rated, Sour, Sprite\n\nTHE WOLVERINE\n\nRaspberry Vodka, Blue Curacao,\nLemonade\n\nWHITE GUMMY BEAR\nRaspberry Vodka, Peach Schnapps,\nSour, Sprite\n\nCRANBERRY\nALABAMA SLAMMER\n\nSouthern Comfort, Sloe Gin, Amaretto,\nOJ, Grenadine\n\nCAPTAIN KIRK\nCaptain Morgan, Amaretto, Cran, Sour\n\nRED HEADED SLUT\n\nJagermeister, Peach Schnapps, Cran\n\nAPPLE\n\nAPPLE JACK\nGoldschlager & Sour Apple\n\nWASHINGTON APPLE\nCrown Royal, Apple Schnapps, Cran\n\nSTRAWBERRY LEMON DROP\nLemon Vodka, Simple Syrup, Strawberry\nSyrup\n\nSWEET TART\n\nBacardi Limon, Island Blue Schnapps,\nSour, Sprite\n\nWHISKEY/BOURBON\n\nBUTTER CROWN\nCrown & Butterscotch Schnapps\n\nPIECE OF ASS\n\nSouthern Comfort, Amaretto, Sour\n\nSICILIAN KISS\n\nSouthern Comfort & Amaretto\n\nlant\nJUG\n\nWired, . Osea\n\nAutomatic Gratuity of 20% will be added to parties of 6 or more and to bills over $150\n"
    },
    "Address": "1204 S University Ave, Ann Arbor, MI 48104",
    "GPS Coordinates": {
        "latitude": 42.2749081,
        "longitude": -83.7343106
    },
    "Phone Number": "(734) 761-3355",
    "Rating": 4.1,
    "Rating Summary": [
        {
            "stars": 1,
            "amount": 59
        },
        {
            "stars": 2,
            "amount": 30
        },
        {
            "stars": 3,
            "amount": 65
        },
        {
            "stars": 4,
            "amount": 167
        },
        {
            "stars": 5,
            "amount": 336
        }
    ],
    "Opening Hours": [
        {
            "friday": "11\u202fAM\u20132\u202fAM"
        },
        {
            "saturday": "11\u202fAM\u20132\u202fAM"
        },
        {
            "sunday": "12\u202fPM\u20132\u202fAM"
        },
        {
            "monday": "11\u202fAM\u20132\u202fAM"
        },
        {
            "tuesday": "11\u202fAM\u20132\u202fAM"
        },
        {
            "wednesday": "11\u202fAM\u20132\u202fAM"
        },
        {
            "thursday": "Closed (Thanksgiving)"
        }
    ],
    "Description": "Campus pub founded in 1936 serving Greek food & decorated in hometown college football memorabilia.",
    "Details": [
        {
            "highlights": [
                "Fast service",
                "Great beer selection",
                "Great cocktails",
                "Sports"
            ]
        },
        {
            "popular_for": [
                "Lunch",
                "Dinner",
                "Solo dining"
            ]
        },
        {
            "accessibility": [
                "Wheelchair accessible entrance",
                "Wheelchair accessible parking lot",
                "Wheelchair accessible restroom",
                "Wheelchair accessible seating"
            ]
        },
        {
            "offerings": [
                "Alcohol",
                "Beer",
                "Cocktails",
                "Coffee",
                "Comfort food",
                "Happy hour drinks",
                "Happy hour food",
                "Hard liquor",
                "Late-night food",
                "Quick bite",
                "Small plates",
                "Wine"
            ]
        },
        {
            "dining_options": [
                "Breakfast",
                "Lunch",
                "Dinner",
                "Dessert",
                "Seating"
            ]
        },
        {
            "amenities": [
                "Bar onsite",
                "Restroom"
            ]
        },
        {
            "atmosphere": [
                "Casual",
                "Trendy"
            ]
        },
        {
            "crowd": [
                "College students",
                "Groups",
                "Tourists"
            ]
        },
        {
            "payments": [
                "Credit cards",
                "Debit cards",
                "NFC mobile payments"
            ]
        },
        {
            "children": [
                "High chairs"
            ]
        },
        {
            "parking": [
                "Free street parking",
                "Somewhat difficult to find a space"
            ]
        },
        {
            "pets": [
                "Dogs allowed outside"
            ]
        }
    ],
    "User Reviews": {
        "summary": [
            {
                "snippet": "\"Decent service, friendly staff, daily happy hour specials for food & drink.\""
            },
            {
                "snippet": "\"It's a good place for drinks with a group but the music can be piercingly loud.\""
            },
            {
                "snippet": "\"Our family tried a variety of things from pizza to burgers, gyros, and more.\""
            }
        ],
        "most_relevant": [
            {
                "username": "Steve Hartig",
                "rating": 5,
                "contributor_id": "104615610302158773235",
                "description": "This is, of course, an iconic place for any of us Michigan grads.  I haven\u2019t been there in years but we stopped by when we were in town for lunch.   Very nice to see it uncrowned as when I normally go there it is on a football weekend when it is packed.   Who knew that Steve Breaston was a fan of pulled pork and that Bo\u2019s burger was with fried onions on sourdough rye bread.  Very nice lunch spot and great stuff on the walls.",
                "link": "https://www.google.com/maps/reviews/data=!4m8!14m7!1m6!2m5!1sChZDSUhNMG9nS0VJQ0FnSURUeU56Mk1REAE!2m1!1s0x0:0x204e5208dfc0c134!3m1!1s2@1:CIHM0ogKEICAgIDTyNz2MQ%7CCgsIsLW0sgYQ6Jv-NQ%7C?hl=en-US",
                "images": [
                    {
                        "thumbnail": "https://lh5.googleusercontent.com/p/AF1QipOMrPe3Kl0NsD4VgllpxgquJ4EvyjDzrw-z_j-j=w150-h150-k-no-p"
                    },
                    {
                        "thumbnail": "https://lh5.googleusercontent.com/p/AF1QipMAN8QB6leBwabJavFs1YErLZZET9prFXcC0Col=w150-h150-k-no-p"
                    },
                    {
                        "thumbnail": "https://lh5.googleusercontent.com/p/AF1QipN6CbgClRyO3mnDkOqArc3YSIARJ2G-BWxfOXHN=w150-h150-k-no-p"
                    },
                    {
                        "thumbnail": "https://lh5.googleusercontent.com/p/AF1QipOV6-sBvT_CW0H6aukMBEjqhXzTbFNxsLESVLH5=w150-h150-k-no-p"
                    }
                ],
                "date": "6 months ago"
            },
            {
                "username": "josh conley",
                "rating": 5,
                "contributor_id": "106949371065013749629",
                "description": "Good service great guy at the door for security on Friday August 30th. Me my brother and best friend came up from Pittsburgh  for the game against Fresno state. The place was awesome it is a must go to if you are in Ann Arbor and especially a Wolverine life long fan. Thank you for make a good pre game night a great pre game night. Who ever was the security guy I didn't get your name dam glad to have met you we will be back. GO BLUE!!!!!!!!!!!!",
                "link": "https://www.google.com/maps/reviews/data=!4m8!14m7!1m6!2m5!1sChdDSUhNMG9nS0VJQ0FnSUNIb3JHdHFnRRAB!2m1!1s0x0:0x204e5208dfc0c134!3m1!1s2@1:CIHM0ogKEICAgICHorGtqgE%7CCgwI1Y_ZtgYQqMWIrwI%7C?hl=en-US",
                "images": [
                    {
                        "thumbnail": "https://lh5.googleusercontent.com/p/AF1QipPKbHrlP4GnxIY4JdDQxgZaCv_qhCU1eggTEGSX=w150-h150-k-no-p"
                    },
                    {
                        "thumbnail": "https://lh5.googleusercontent.com/p/AF1QipOtoBo2Z1IHU1fPXPsg-QEGjdcjtsAihDfu_BdU=w150-h150-k-no-p"
                    },
                    {
                        "thumbnail": "https://lh5.googleusercontent.com/p/AF1QipNNLuJbvtybZk6VTW9W9tsgW2qmKUysIYr9LPRA=w150-h150-k-no-p"
                    },
                    {
                        "thumbnail": "https://lh5.googleusercontent.com/p/AF1QipMrXs8Gq-6lwR9POeo7EBtcBrsMfKeIKN0oB9E0=w150-h150-k-no-p"
                    },
                    {
                        "thumbnail": "https://lh5.googleusercontent.com/p/AF1QipPYevl4Djv_COkoXUev3ReOrHZXUz4WMI7ZKNSx=w150-h150-k-no-p"
                    },
                    {
                        "thumbnail": "https://lh5.googleusercontent.com/p/AF1QipOXxZlbEuZhTpMLNQzy0HLaWPrOHmDfrdCXIhdd=w150-h150-k-no-p"
                    },
                    {
                        "thumbnail": "https://lh5.googleusercontent.com/p/AF1QipOG6nnTTSNXfzFNIgHQCVK7UKUU2K3CEu9IxE2F=w150-h150-k-no-p"
                    },
                    {
                        "thumbnail": "https://lh5.googleusercontent.com/p/AF1QipMHO8kYeHp7VikQUw1fGaTu3qJnv8UN1jhx3kYB=w150-h150-k-no-p"
                    },
                    {
                        "thumbnail": "https://lh5.googleusercontent.com/p/AF1QipMjAMUNUiixttqmg56-3PaQhU-CBm5tJWs-W5Iy=w150-h150-k-no-p"
                    },
                    {
                        "thumbnail": "https://lh5.googleusercontent.com/p/AF1QipPHFwNKy36ShEA010PXmLMla-j_AAUez9veMgFf=w150-h150-k-no-p"
                    },
                    {
                        "thumbnail": "https://lh5.googleusercontent.com/p/AF1QipO7VhFSGWzLHJSDQEJmzuULJEitku7p0E-mf5T4=w150-h150-k-no-p"
                    },
                    {
                        "thumbnail": "https://lh5.googleusercontent.com/p/AF1QipN277GEx7iIjuk6MU3s3Dlaw4bLw-AlZwI1tGAG=w150-h150-k-no-p"
                    },
                    {
                        "thumbnail": "https://lh5.googleusercontent.com/p/AF1QipONEQ_GyZomN8Ki2t1nvHxoifPS67Nwe1odpoQe=w150-h150-k-no-p"
                    }
                ],
                "date": "2 months ago"
            },
            {
                "username": "Sherri",
                "rating": 5,
                "contributor_id": "118036421787039966255",
                "description": "The atmosphere is nice and there is ample seating. The food is reasonably priced and delicious! The bathrooms could use a face lift\ud83e\udd2a",
                "link": "https://www.google.com/maps/reviews/data=!4m8!14m7!1m6!2m5!1sChZDSUhNMG9nS0VJQ0FnSURibGZTYk93EAE!2m1!1s0x0:0x204e5208dfc0c134!3m1!1s2@1:CIHM0ogKEICAgIDblfSbOw%7CCgsI8NfOtQYQ6LSLIQ%7C?hl=en-US",
                "images": [
                    {
                        "thumbnail": "https://lh5.googleusercontent.com/p/AF1QipP0QsZx4YSJalJgLGQ5XIBMAFReM9uuNCXQa7_J=w150-h150-k-no-p"
                    },
                    {
                        "thumbnail": "https://lh5.googleusercontent.com/p/AF1QipN1d8LgTryR21QjplxCJZgFhZSolbl0BGQzNmBi=w150-h150-k-no-p"
                    },
                    {
                        "thumbnail": "https://lh5.googleusercontent.com/p/AF1QipPy9MLg0HityzlEjpRs0ha1zD4wTcqf4JmKQlw0=w150-h150-k-no-p"
                    }
                ],
                "date": "3 months ago"
            },
            {
                "username": "Shannon Martinez",
                "rating": 4,
                "contributor_id": "106786383776179391206",
                "description": "Great little place near campus. We popped in for a quick bite after checking out the campus/downtown area. Our family tried a variety of things from pizza to burgers, gyros, and more. The sweet potato fries were awesome! Everything honestly was delicious, only complaint by any of us was the pizza needed to be a little more well done, but it was still super  flavorful. We'll definitely be back.",
                "link": "https://www.google.com/maps/reviews/data=!4m8!14m7!1m6!2m5!1sChZDSUhNMG9nS0VJQ0FnSUNEaFktQ2NREAE!2m1!1s0x0:0x204e5208dfc0c134!3m1!1s2@1:CIHM0ogKEICAgICDhY-CcQ%7CCgwIyaegsAYQ4LuZsAE%7C?hl=en-US",
                "images": [
                    {
                        "thumbnail": "https://lh5.googleusercontent.com/p/AF1QipNVjbO35Uumtp2L0nSb3Q9HooszgdMUT5snU9Y4=w150-h150-k-no-p"
                    },
                    {
                        "thumbnail": "https://lh5.googleusercontent.com/p/AF1QipN9L_Kb6aIU3mN-D_GJkeT8FE8XjsREsxgNJfLD=w150-h150-k-no-p"
                    },
                    {
                        "thumbnail": "https://lh5.googleusercontent.com/p/AF1QipMGhhgG83Td7bsRZcrKJCw9k0GzfkB53iMFHpsV=w150-h150-k-no-p"
                    }
                ],
                "date": "7 months ago"
            },
            {
                "username": "Chris Behrman",
                "rating": 4,
                "contributor_id": "103781676665204166728",
                "description": "Had to stop in for a cold beer ! Go Blue\nGreat UM college bar !",
                "link": "https://www.google.com/maps/reviews/data=!4m8!14m7!1m6!2m5!1sChdDSUhNMG9nS0VJQ0FnSUQ3eWJiZjlnRRAB!2m1!1s0x0:0x204e5208dfc0c134!3m1!1s2@1:CIHM0ogKEICAgID7ybbf9gE%7CCgwIw7KttgYQuJbv4wE%7C?hl=en-US",
                "images": [
                    {
                        "thumbnail": "https://lh5.googleusercontent.com/p/AF1QipPu1pHT21zcPsYj2_z_HgvTBuj16IZ6Lgpi64tM=w150-h150-k-no-p"
                    },
                    {
                        "thumbnail": "https://lh5.googleusercontent.com/p/AF1QipMCBcE7OjwuhQmU3x0yQ00YN8fIU5vTLfFSoGtO=w150-h150-k-no-p"
                    },
                    {
                        "thumbnail": "https://lh5.googleusercontent.com/p/AF1QipPI797IrVFjv5tQhwgHfpb7z3guRXEDVq02dovw=w150-h150-k-no-p"
                    }
                ],
                "date": "2 months ago"
            },
            {
                "username": "Brian Carlton",
                "rating": 5,
                "contributor_id": "112789995663404131929",
                "description": "Really enjoyed this restaurant. The pizza was great, and the selection is very interesting, in a good way. I was nervous at first as I always am with restaurants that have a large selection of dishes, but you would think that each item on the menu is their specialty with how good it was. Loved the atmosphere, too.",
                "link": "https://www.google.com/maps/reviews/data=!4m8!14m7!1m6!2m5!1sChZDSUhNMG9nS0VJQ0FnSUQ3Zy1YSVh3EAE!2m1!1s0x0:0x204e5208dfc0c134!3m1!1s2@1:CIHM0ogKEICAgID7g-XIXw%7CCgsI2s64tgYQ8IHdYw%7C?hl=en-US",
                "date": "2 months ago"
            },
            {
                "username": "John Rogers",
                "rating": 1,
                "contributor_id": "102552299060073089397",
                "description": "The Atmosphere and the vibe get a 5* but for the service they get a 1* seeing we were given the menu and then set there for 25min and was never asked what we wanted to drink or eat as for the food 1* because we never got to try it but I can say I wished I cud have because the food menu was looking pretty good and the drink menu was fire \ud83d\udd25\ud83d\udd25\ud83d\udd25\ud83d\udd25 one of the best I have seen but again did not get to try because after 25 minutes we just got up and left and went to the pizza \ud83c\udf55 house and was taking care of right away food was good as was the drinks $310 with tip.               (( sorry maybe next time Brown \ud83d\udfe4 jug but just know your last on our new avatar of restaurant in Ann arbor))",
                "link": "https://www.google.com/maps/reviews/data=!4m8!14m7!1m6!2m5!1sChZDSUhNMG9nS0VJQ0FnSURuM2V2LUJ3EAE!2m1!1s0x0:0x204e5208dfc0c134!3m1!1s2@1:CIHM0ogKEICAgIDn3ev-Bw%7CCgwI6MGXuAYQ8PrZwwI%7C?hl=en-US",
                "date": "a month ago"
            },
            {
                "username": "BattlerTrunks",
                "rating": 3,
                "contributor_id": "112685851033529714495",
                "description": "The service and atmosphere of sitting outside was very nice. Especially when the street was closed. I wish I could say the food was awesome. It wasn\u2019t bad but I felt it wasn\u2019t as good as what I paid for particularly (ordered a Grilled Chicken Sandwich and my significant other ordered Pesto Chicken Sandwich).",
                "link": "https://www.google.com/maps/reviews/data=!4m8!14m7!1m6!2m5!1sChdDSUhNMG9nS0VJQ0FnSURyMDhhUzNnRRAB!2m1!1s0x0:0x204e5208dfc0c134!3m1!1s2@1:CIHM0ogKEICAgIDr08aS3gE%7CCgwIrYXstAYQ2IPl2wI%7C?hl=en-US",
                "date": "4 months ago"
            }
        ]
    },
    "Services": {
        "dine_in": true,
        "takeout": true,
        "delivery": true
    }
}