{
    "docid": 72,
    "Title": "The Ravens Club",
    "Price": [],
    "Place ID": "ChIJ_4VJrT2uPIgR1IKkJ4D65F8",
    "Type ID": [],
    "Type": [
        "Cocktail bar",
        "American restaurant"
    ],
    "Menu": {
        "link": "http://theravensclub.com/wp-content/uploads/2020/07/TRC_SpringFood_July2020.pdf",
        "source": "theravensclub.com",
        "items": "~nwrnsns DADA.\n\nHAND-PULLED OLD FASHIONED\n\nMaker's Mark bourbon, housemade Old Fashioned bitters, sugar\n12\n\nWil\nLs\nGIN & TONIC\nAnn Arbor Distillery Gin,\nhousemade tonic, lime\n\n12\n\nCOCKTAILS ~~...\n\nHOUSE\nMANHATTAN\n\n-\n\nRittenhouse Rye,\nAverna, sweet vermouth, bitters\n\n14\n\nJUDGE HOLDEN\nHornitos Plata, chili liqueur, guajillo,\n\npineapple, fresh lime\n\n12\n\nWATER OF THE WOODS\n\nSt. George Terroir gin, vodka, blackberry, verjus,\n\nsage\n\n12\n\nGINGER BEER made in-house 10 cach\n\nKENTUCKY MULE\nrye, TRC Ginger Beer, fresh lemon\n\nGIN BUCK\n\nLondon Dry Gin, TRC Ginger Beer,\nfresh lime, Angostura bitters\nDARK AND STORMY fisititeereetiteeeeisieiees\n\nGoslings Black Seal Rum, TRC Ginger Beer,\nfresh lime\n\nFERNET BUCK\nFernet Branca, TRC Ginger Beer, fresh lemon,\nmint\n\nCOLD WAR\n\nseasonally-infused vodka, TRC Ginger Beer, MOSCOW MULE\n\nfresh juice vodka, TRC Ginger Beer, fresh lime\n\nTHE BARBICAN\nPimm\u2019s No 1, cucumber infused vodka,\nTRC Ginger Beer, fresh lime\n\nTHE BURRO\nMezcal, TRC Ginger Beer,\nfresh grapefruit\n\nWINE\n\naa l l hites glass / bottle\nTOHU - SAUVIGNON BLANC. 12/48\nNEW ZEALAND\n\nCOLUMBIA CREST - CHARDONNAY 00... 14/56\nWASHINGTON\n\nTERRA ALPINA - PINOT GRIGIO... 12/48\nCALIFORNIA\n\nPFEFFINGEN - DRY RIESLING\nGERMANY\n\nCALIFURIA - ROSE... teeters ects 12/48\nITALY\n\nMAIPE RESERVE - MALBEC ........................... 12/48\nARGENTINA\n\nCHATEAU STE MICHELLE - INDIAN WELLS\nCABERNET SAUVIGNON ..............0.0... eee 12/ 48\nWASHINGTON\n\nFABIO OBERTO LA COLLINA DI DIONISO -\n\nLANGHE NEBBIOLO.......................... eee 14/56\nITALY\n\nWILLAMETTE VALLEY - PINOT NOIR....................... 15/60\nOREGON\n--} Sparkling\n\nGRUET ~\u2014 BRUT oils eects eects netteeeteeetsen 12/48\nNEW MEXICO\n\nWHISKEY FLIGHT\n\nBLIND FAITH 21\nWe choose and provide the whiskeys scribbled and folded up\nso you can check when you like\n\nOPEN YOUR SMART PHONE CAMERA\nAND HOVER OVER IMAGE.\n\nDRAFT &\nCANNED BEER\n\nSEE DRAFT LIST BELOW\nFOR ROTATING BEERS!\n\nCANS\nHamms 3\nPBR 3\nStroh\u2019s 3\nModelo 4\n\nBEER & BUMP $6\n120z can of American Beer\n& Whiskey Shot\n\nNON-ALCOHOLIC\nDRINKS\n\nATHLETIC N/A BEER 5\nTRC GINGER BEER 5\nICED TEA 3\n\nCOKE DE MEXICO 4\n\nFOUNTAIN COKE &\nDIET COKE 2\n\nHOUSEMADE SHRUB\n(flavors vary seasonally) 4\n\nTEA\n\n(English Breakfast,\nEarl Grey, Jasmine,\nChamomile) 4\n\nTINY HOUSE\nON MARS 7\npassion fruit, lemon &\nsage shrub, soda\nDE LA SOL - 13\nblanco tequila, spiced pear, squash syrup, Lemon,\nsmoked chile bitters\n\nWILL O\u2019 THE WISP - 15\nold tom gin, amaro, absinthe, brandy, cacao\n\nLOST SIGNAL- 13\nchai-infused gin, Cocchi di Torino, Gran Classico,\nsherry, black currant\n\nDARK LANTERN - 15\nmezcal, Montenegro, coffee liqueur, cold brew,\nAncho-Reyes\n\nOAK AND IRON - 13\n\nbourbon, spiced pear liqueur, black pepper shrub, lemon,\n\nAngostura bitters\n\nISLANDS IN THE STREAM - 13\nrhum agricole, Planteray rum blend, banana shrub,\nlime, yogurt clarified\n\n~\u00a2 SEASONAL SELECTION\n\nICE BREAKER - 14\nVandermill Vodka, spiced pear liqueur, madeira,\nBenedictine, champagne\n\nTHE WONDER YEARS - 13\nvodka, orange vanilla cordial, Gran Classico, lemon,\nabsinthe rinse\n\nIN THE PINES - 14\nmezcal, pine liqueur, Benedictine, vermouth blend\n\nAPHRODITE\u2019S PRIZE - 14\nsloe gin, quince liqueur, Amaro Nonino, lime acid,\nCampari, cranberry bitters\n\nBOREAL BLAZE - 13\n\nbourbon, Islay scotch, allspice dram, menthol syrup, lemon\n\nFALLEN FRUIT - 14\nbourbon, rye, Aperol, dry vermouth, Strega, persimmon,\nPeychaud's Bitters\nDRAFT BEER\n\nBELLS BREWERY\nTWO HEARTED IPA (7%) - 7\n\nBLOM\nSEMI-DRY CIDER (5.8%) - 7\n\nFAT ORANGE CAT\nBABY KITTENS HAZY IPA (6.5%) - 7\n\nKEWEENAW BREWING\nRED JACKET AMBER (5.1%) - 7\n\nSEMOH (HOMES) BREWERY\nPOOL BEER LAGER (4.5%) - 7\n\nPRARIE ARTISAN ALES\nSLUSH SOUR(6.1%) - 7\n\nEVIL TWIN\nSILENT NIGHT BELGIAN STRONG ALE (12%) - 8\n\nNEW HOLLAND BREWING\nPOET STOUT (5.8%) - 7\n\nWEIHENSTEPHANER\nHEFFEWEISSBIER (5.4%) - 7\n\nRAVENS CLUB GINGER BEER\n(N/A) -5\nSMALL PLATES\n\nDEVILED EGGS\n\nPIMENTO DIP\n\nHAND CUT FRIES\n\nROASTED CAULIFLOWER\n\nSPICY BRUSSEL SPROUTS\n\nSEARED SHISHITO PEPPERS\n\nFRIED CALAMARI\n\nRICOTTA-PESTO GNOCCHI\n\nCHEESE AND CHARCUTERIE\n\nrotating selection 8\n\nRavens Club pimento cheese dip served with sesame crackers 9\n\nchoose any combination: plain g | bacon 20 | parmesan zo | truffle oil 12 | everything 12\ntahini-miso sauce | black lentil pur\u00e9e 10\n\nsriracha roasted brussel sprouts | garlic oil | bacon | lemon 10\n\nwith house-made Thai-chili garlic dipping sauce 10 \u00a9)\n\nwith house-made garlic-herb aioli 16\n\novernight tomatoes | citrus basil oil | parmesan | pea shoots 17\u201d\n\na selection of artisanal cheeses and cured meats from the chef 18 (12 for just cheese Or meats)\n\nLARGE PLATES\n\nSTEAK FRITES\n\nPAN SEARED SALMON\n\nROASTED HALF CHICKEN\n\nSHRIMP AND GRITS\n\nRIGATONI PASTA\n\nSTONEY CREEK MUSHROOM BOWL\n\ngrilled 80z hanger streak | culantro chimichurti sauce | hand cut fries 29\n\nmedley of roasted Stoney Creek Chanterelle mushrooms with split peas and lentils | tempura-fried Chanterelle\nmushrooms | lemon preserve gremolata 26\n\nroasted vegetable medley of pumpkin, squash, pearl onions and turnips | spicy brussel sprouts with bacon\nhazelnut glaze 24\n\nblackened shrimp | Andouille sausage | Southern style grits | Coca-Cola pickled peppers 22\napple-fennel sausage | saut\u00e9ed leeks | tomato vodka sauce | parmesan | Aleppo pepper 18\n\nroasted Stony Creek mushrooms | saut\u00e9ed seasonal vegetables | pickled chickpeas | roasted pepper hummus\nspicy greens 18 @)\n\nadd a small house salad to any entree $5\n\nGluten-free (\u00ab) Gluten-free preparation available\n\n20% service charge will be added to tables of 6 or more.\nSANDWICHES AND SALADS\n\nTRC SMASH BURGER _ two 3.50z Eastern Market blend patties | bacon | lettuce | caramelized onions | American cheese | burger sauce\npickles | brioche bun | served with hand-cut fries 20 @&\n\nFRIED CHICKEN SANDWICH eerb aioli | pickles | butter lettuce | brioche bun | served with hand-cut fries 17\u00b0\n\nTRC HOUSE SALAD spring mix | cherry tomatoes | red onion | cucumber | lemon-herb vinaigrette 14\n(with chicken 17 / with shrimp 18 / with steak 20 )\n\nORCHARD SALAD spring mix | goat cheese | Honey Crisp apples | cranberry | candied pecans | honey-cinnamon vinaigrette 14)\n(with chicken 17 / with shrimp 18 / with steak 20 )\n\nCAESAR SALAD _ butter lettuce | radicchio | parmesan | Zingerman\u2019s farm loaf croutons | white anchovy\nhouse-made yuzu-miso Caesar dressing 17\u2019 @&)\n(with chicken 20 / with shrimp 21 / with steak 23 )\n\nDESSERTS\n\nSCRATCH MADE DESSERTS _ please ask your server about tonight's selection 9\n\nCeliac notice: It is our pleasure to offer a range of gluten free options,\nhowever we are not a gluten-free restaurant. We have processes in\nplace to minimize potential risk, but ours is a small scratch kitchen\nwith a shared fryer, and therefore we cannot ensure that cross-\ncontamination will never occur.\n\nGluten-free\n\n(&) Gluten-free preparation\navailable\n\n* Ask your server about menu items that are cooked to order or served raw. Consuming raw or under cooked meats, poultry | seafood, fish or eggs may increase your risk of foodborne illness.\n"
    },
    "Address": "207 S Main St, Ann Arbor, MI 48104",
    "GPS Coordinates": {
        "latitude": 42.2801556,
        "longitude": -83.74828889999999
    },
    "Phone Number": "(734) 214-0400",
    "Rating": 4.5,
    "Rating Summary": [
        {
            "stars": 1,
            "amount": 24
        },
        {
            "stars": 2,
            "amount": 15
        },
        {
            "stars": 3,
            "amount": 53
        },
        {
            "stars": 4,
            "amount": 242
        },
        {
            "stars": 5,
            "amount": 731
        }
    ],
    "Opening Hours": [
        {
            "friday": "4\u202fPM\u201312\u202fAM"
        },
        {
            "saturday": "4\u202fPM\u201312\u202fAM"
        },
        {
            "sunday": "4\u201310\u202fPM"
        },
        {
            "monday": "4\u201311\u202fPM"
        },
        {
            "tuesday": "4\u201311\u202fPM"
        },
        {
            "wednesday": "4\u201311\u202fPM"
        },
        {
            "thursday": "4\u201311\u202fPM (Thanksgiving)"
        }
    ],
    "Description": "Choice speakeasy-style joint for farm-to-fork American-fare small plates & old-fashioned cocktails.",
    "Details": [
        {
            "highlights": [
                "Fast service",
                "Great beer selection",
                "Great cocktails",
                "Great wine list",
                "Live music",
                "Live performances"
            ]
        },
        {
            "accessibility": [
                "Wheelchair accessible entrance",
                "Wheelchair accessible parking lot",
                "Wheelchair accessible restroom"
            ]
        },
        {
            "offerings": [
                "Alcohol",
                "Beer",
                "Cocktails",
                "Food",
                "Food at bar",
                "Happy hour drinks",
                "Happy hour food",
                "Hard liquor",
                "Wine"
            ]
        },
        {
            "dining_options": [
                "Seating"
            ]
        },
        {
            "amenities": [
                "Restroom"
            ]
        },
        {
            "atmosphere": [
                "Casual",
                "Cozy",
                "Trendy",
                "Upscale"
            ]
        },
        {
            "crowd": [
                "Groups",
                "LGBTQ+ friendly",
                "Tourists",
                "Transgender safespace"
            ]
        },
        {
            "payments": [
                "Credit cards",
                "Debit cards",
                "NFC mobile payments"
            ]
        }
    ],
    "User Reviews": {
        "summary": [
            {
                "snippet": "\"The food is amazing, the service is great, and this place has atmosphere.\""
            },
            {
                "snippet": "\"A great selection of small plates, appetizers, and entrees.\""
            },
            {
                "snippet": "\"They offer a good variety with consistent quality in both meals and cocktails.\""
            }
        ],
        "most_relevant": [
            {
                "username": "Ahmed",
                "rating": 4,
                "contributor_id": "109902249534369525206",
                "description": "Nice ambiance and decent food-\n\nFinally decided to try The Raven\u2019s Club after passing by and seeing it countless times. The restaurant has a very calm pub-like vibe. The outdoor seating\u2019s extra nice in the late summer/early fall when Main St closes off to traffic in the evening.\n\nOrdered the chicken sandwich and honestly enjoyed it. The steak frites are also just juicy and a good deal for the portion size and price. Also liked how straight to the point the menu here is. I\u2019d come back for sure.",
                "link": "https://www.google.com/maps/reviews/data=!4m8!14m7!1m6!2m5!1sChZDSUhNMG9nS0VJQ0FnSURINzZTLWJ3EAE!2m1!1s0x0:0x5fe4fa8027a482d4!3m1!1s2@1:CIHM0ogKEICAgIDH76S-bw%7CCgsIr7O5twYQqNinbg%7C?hl=en-US",
                "images": [
                    {
                        "thumbnail": "https://lh5.googleusercontent.com/p/AF1QipO3GuqpyfLhwREIs8LWvqd0Md3ErQB-IgTLFFLH=w150-h150-k-no-p"
                    }
                ],
                "date": "2 months ago"
            },
            {
                "username": "Paul",
                "rating": 3,
                "contributor_id": "111173309149263772385",
                "description": "Had a few visits here over the past years and I don't believe it's as good as it was before covid. The food was ok, the cocktail wasn't great, very watery. Service was reasonable.",
                "link": "https://www.google.com/maps/reviews/data=!4m8!14m7!1m6!2m5!1sChZDSUhNMG9nS0VJQ0FnSUNYN3RYcE1nEAE!2m1!1s0x0:0x5fe4fa8027a482d4!3m1!1s2@1:CIHM0ogKEICAgICX7tXpMg%7CCgsIhuHAuAYQ6NfQFA%7C?hl=en-US",
                "images": [
                    {
                        "thumbnail": "https://lh5.googleusercontent.com/p/AF1QipPkk_fD_pVV2r-blOoTTk6U7wF2vJ14ymXfn-G0=w150-h150-k-no-p"
                    },
                    {
                        "thumbnail": "https://lh5.googleusercontent.com/p/AF1QipM-XfHvaXVGTV-gY3zhObmcCuQnCl1S3p3P19UC=w150-h150-k-no-p"
                    },
                    {
                        "thumbnail": "https://lh5.googleusercontent.com/p/AF1QipOOnyR1RJjTrhvaHeLvXcWm6t1Kyx49RnY4F0Jq=w150-h150-k-no-p"
                    },
                    {
                        "thumbnail": "https://lh5.googleusercontent.com/p/AF1QipOE4FSEPe1-fBiAeNirvMDfRBd8M3X_sr6hiMST=w150-h150-k-no-p"
                    }
                ],
                "date": "a month ago"
            },
            {
                "username": "Peter McGarty",
                "rating": 4,
                "contributor_id": "107028446493783019934",
                "description": "Uh a meal in downtown Ann Arbor for four for under $100 dollars. I didn\u2019t think that was possible and to have it be this good too\u2026 Wow.\nWent here for Mother\u2019s Day and started with the shrimp and the sprouts. Shrimp were very good and crispy but the Brussels sprouts were heavenly. Super crispy with plenty of bacon. I had the fish tacos and the fish was super crunchy maybe just add a little more sauce.  I really enjoyed the corn tortillas they came in which were lightly fried to give them a little crispness.\n\nUPDATE:  Revisited in Mother\u2019s Day 2024. Prices have gone up significantly.  The charcuterie board was great. The Lox appetizer was too heavy on the horseradish. The duck was overcooked and dry. Fish tacos were still good.",
                "link": "https://www.google.com/maps/reviews/data=!4m8!14m7!1m6!2m5!1sChdDSUhNMG9nS0VJQ0FnSUN4LXNDR3pRRRAB!2m1!1s0x0:0x5fe4fa8027a482d4!3m1!1s2@1:CIHM0ogKEICAgICx-sCGzQE%7CCgwItJ2FsgYQgIeLuAM%7C?hl=en-US",
                "images": [
                    {
                        "thumbnail": "https://lh5.googleusercontent.com/p/AF1QipOFBAOeDPL0i1WycFhfxRueQu_-97560JnqP9wo=w150-h150-k-no-p"
                    },
                    {
                        "thumbnail": "https://lh5.googleusercontent.com/p/AF1QipPxuTjbYQ_oDFevud05wMjFqoIZZZFTwBlgd4QQ=w150-h150-k-no-p"
                    },
                    {
                        "thumbnail": "https://lh5.googleusercontent.com/p/AF1QipPdYyWQEOBvHQAEzlB44lfZDGaGtCHIIqPoHnAn=w150-h150-k-no-p"
                    },
                    {
                        "thumbnail": "https://lh5.googleusercontent.com/p/AF1QipNMf7lx5a7_ASPc0H7FHvvlpAt2tcjO-e1hkKdh=w150-h150-k-no-p"
                    },
                    {
                        "thumbnail": "https://lh5.googleusercontent.com/p/AF1QipNy43JYa7oMdtHJQeyXLUoZLwfeT7RIKIOlC5rm=w150-h150-k-no-p"
                    },
                    {
                        "thumbnail": "https://lh5.googleusercontent.com/p/AF1QipP2PjpoBemjbBLU5ctmfi5LF_XGClrb9Qz5jvxU=w150-h150-k-no-p"
                    },
                    {
                        "thumbnail": "https://lh5.googleusercontent.com/p/AF1QipPfxK6AWFWpx18r7dIjOkbekViJnFXueXtHtrUA=w150-h150-k-no-p"
                    },
                    {
                        "thumbnail": "https://lh5.googleusercontent.com/p/AF1QipNBz2nBidecvKbaNerhIX60-xl-OLN2lwo-BP51=w150-h150-k-no-p"
                    },
                    {
                        "thumbnail": "https://lh5.googleusercontent.com/p/AF1QipNe_aU6EjzxhtO-KJGAcsJlRxXS8vebSBAgylbG=w150-h150-k-no-p"
                    }
                ],
                "date": "6 months ago"
            },
            {
                "username": "Sean Bengry",
                "rating": 4,
                "contributor_id": "104808162962662465820",
                "description": "A great little cocktail bar in downtown Ann Arbor. The vibe and the cocktails are what really sells it.\n\nIf you're looking for a laid back experience, with decent food and a good selection of cocktails, feel free to try this out\n\nThey easily accommodated our party of four, without a reservation. Definitely worth a stop if you're downtown and down with craft cocktails.",
                "link": "https://www.google.com/maps/reviews/data=!4m8!14m7!1m6!2m5!1sChdDSUhNMG9nS0VJQ0FnSUREeUxiSXJRRRAB!2m1!1s0x0:0x5fe4fa8027a482d4!3m1!1s2@1:CIHM0ogKEICAgIDDyLbIrQE%7CCgwIvJm9sAYQ2ICG-wI%7C?hl=en-US",
                "images": [
                    {
                        "thumbnail": "https://lh5.googleusercontent.com/p/AF1QipO9hPWC4WQIAIcL5yDkMhPIyTe1FKbHYTqvhdAu=w150-h150-k-no-p"
                    },
                    {
                        "thumbnail": "https://lh5.googleusercontent.com/p/AF1QipMUqw8A467qoaHeZzuu6nDG4JDzCOVz_7HqnY13=w150-h150-k-no-p"
                    },
                    {
                        "thumbnail": "https://lh5.googleusercontent.com/p/AF1QipNnKrGy8mjZ-oaMaKONCnaUaIai5Lj7Yubq0K6y=w150-h150-k-no-p"
                    },
                    {
                        "thumbnail": "https://lh5.googleusercontent.com/p/AF1QipNrgewpZBjUJXgN_aX1lrjQi38fzX_2uHYJpvEI=w150-h150-k-no-p"
                    },
                    {
                        "thumbnail": "https://lh5.googleusercontent.com/p/AF1QipOxYjgVqdYrfw2NbDDGSOaYGOEcWJi7YqEAoy7h=w150-h150-k-no-p"
                    }
                ],
                "date": "7 months ago"
            },
            {
                "username": "Elliott Reibert",
                "rating": 5,
                "contributor_id": "112673999600325851731",
                "description": "One of my favorite spots downtown to pop-in for a quick drink and a bite to eat. The negroni is always made just right and the portions on the food are generous for the price point. The bartenders here are top-notch!!! Shout-out to Josh and Hunter for always curating a great experience :)",
                "link": "https://www.google.com/maps/reviews/data=!4m8!14m7!1m6!2m5!1sChdDSUhNMG9nS0VJQ0FnSURYMWZUZXRnRRAB!2m1!1s0x0:0x5fe4fa8027a482d4!3m1!1s2@1:CIHM0ogKEICAgIDX1fTetgE%7CCgsI1IyFuQYQuPLFTg%7C?hl=en-US",
                "date": "3 weeks ago"
            },
            {
                "username": "Gail Kuhnlein",
                "rating": 4,
                "contributor_id": "111296295252114715221",
                "description": "The food and atmosphere were delicious. We like booths and were seated in one of those round ones at the back. The decor was pretty with colored lights for the holidays. I felt a little cramped in the booth but my husband, who\u2019s taller, was fine. My Mediterranean Pasta was delicious, but unfortunately, most of the artichoke pieces were too tough or sharp. If it wasn\u2019t for that, it would have been a favorite. I ordered it with shrimp, which were perfect. My husband liked his Michigan trout, mashed potatoes and salad. We shared a triple chocolate cheesecake that was worth every calorie. Yum. Their desserts are made there from scratch, I believe.",
                "link": "https://www.google.com/maps/reviews/data=!4m8!14m7!1m6!2m5!1sChdDSUhNMG9nS0VJQ0FnSUQxa3BMLXFnRRAB!2m1!1s0x0:0x5fe4fa8027a482d4!3m1!1s2@1:CIHM0ogKEICAgID1kpL-qgE%7CCgwIie3jrAYQ4M-ckQE%7C?hl=en-US",
                "images": [
                    {
                        "thumbnail": "https://lh5.googleusercontent.com/p/AF1QipOTsOSmrm6V8iBFpwXEpKckMeFdOd_TVaYBrLrW=w150-h150-k-no-p"
                    },
                    {
                        "thumbnail": "https://lh5.googleusercontent.com/p/AF1QipOUU59jXHD1Zd1eO1nYUyubwxpNJ6eWjMW8A4ok=w150-h150-k-no-p"
                    },
                    {
                        "thumbnail": "https://lh5.googleusercontent.com/p/AF1QipPUEzA-5yF_VbxmXf2HF0s06SDVv3_YR0NdPFqQ=w150-h150-k-no-p"
                    },
                    {
                        "thumbnail": "https://lh5.googleusercontent.com/p/AF1QipM9q-K9HEZQoCMrArqaQUpXC4MgHfFe-ZNmSq5O=w150-h150-k-no-p"
                    },
                    {
                        "thumbnail": "https://lh5.googleusercontent.com/p/AF1QipOmtdB6Q6nwJ_1jN2stxKmQiptHdIJZHpDnPTWR=w150-h150-k-no-p"
                    }
                ],
                "date": "10 months ago"
            },
            {
                "username": "Rana Siroosian",
                "rating": 4,
                "contributor_id": "111124744728664323934",
                "description": "First time here.\n\nThe service was great and the place had a good vibe.\nI ordered Tune Poke Bowl. It was good but it was different than the ones I\u2019ve had before. There\u2019s usually a sweet taste in the ingredients of the bowl but this instead had pickled daikon radish which had a very strong taste and I couldn\u2019t eat more than one piece. There was only one & a half slice of avocado in the bowl which usually is more than that.\n\nThe Brussels with bacon was really good but a bit oily, the coconut shrimp was very good.\n\nOverall it was a good experience and I would go back.",
                "link": "https://www.google.com/maps/reviews/data=!4m8!14m7!1m6!2m5!1sChZDSUhNMG9nS0VJQ0FnSUN4LW9Eb2NnEAE!2m1!1s0x0:0x5fe4fa8027a482d4!3m1!1s2@1:CIHM0ogKEICAgICx-oDocg%7CCgwIg6CLowYQ8KT0jwE%7C?hl=en-US",
                "images": [
                    {
                        "thumbnail": "https://lh5.googleusercontent.com/p/AF1QipN_h_JqOQM3-SgDEZYiRSGZwaaIEplCdnU1i7A1=w150-h150-k-no-p"
                    },
                    {
                        "thumbnail": "https://lh5.googleusercontent.com/p/AF1QipNg6ruv7rq73Fg0MPiK2XYqoWw0CmZp3mZYhAUP=w150-h150-k-no-p"
                    },
                    {
                        "thumbnail": "https://lh5.googleusercontent.com/p/AF1QipNDAXTqY7Fjp-LQUDFiX5zn_djjp5BTVUeUF4p9=w150-h150-k-no-p"
                    }
                ],
                "date": "a year ago"
            },
            {
                "username": "M Nedloc",
                "rating": 4,
                "contributor_id": "103494640570223980121",
                "description": "I thoroughly enjoyed this speakeasy atmosphere but modern-day d\u00e9cor. It\u2019s dark, but warm but it is also very lively. This place is popular, many bodies fill up the place with a lovely and informative staff. I didn\u2019t know what to get at first, but I had my server explain to me the options and which ones were popular among the crowd. I tried a few different things and everything that was handed to me was great in flavor. I think the portion size for what you are buying is very fair so don\u2019t be afraid to try more, you won\u2019t be saddened. The food menu does change so don\u2019t be afraid to keep up, they even have specials on cocktails and even offer flights of bourbon and more. I felt very laid back here and left alone but very much helped by staff. I can see it as a good first date place where it\u2019s energetic but also a place where you can get to know someone, be able to hear your party and enjoy every detail of the establishment. The only other detail I would keep in mind about this place is the parking, come early to arrive on time.",
                "link": "https://www.google.com/maps/reviews/data=!4m8!14m7!1m6!2m5!1sChdDSUhNMG9nS0VJQ0FnSUNSdWRiRDZ3RRAB!2m1!1s0x0:0x5fe4fa8027a482d4!3m1!1s2@1:CIHM0ogKEICAgICRudbD6wE%7CCgwIz8u3oQYQyPeLngI%7C?hl=en-US",
                "images": [
                    {
                        "thumbnail": "https://lh5.googleusercontent.com/p/AF1QipMVLjO0uEm2hKqdVE5bmSf5AxBytDLFkOaq2qtr=w150-h150-k-no-p"
                    },
                    {
                        "thumbnail": "https://lh5.googleusercontent.com/p/AF1QipPUSw-K8iXRXWbAn0U_52yjr7Jtg86VUP4ST_Lg=w150-h150-k-no-p"
                    },
                    {
                        "thumbnail": "https://lh5.googleusercontent.com/p/AF1QipNJZlroKv2oMqViKepAHmxIX4ENhTONnZtw-W2Z=w150-h150-k-no-p"
                    }
                ],
                "date": "a year ago"
            }
        ]
    },
    "Services": {
        "dine_in": true,
        "takeout": true,
        "no_contact_delivery": true
    }
}