{
    "docid": 83,
    "Title": "La Dolce Vita Ann Arbor",
    "Price": "$$",
    "Place ID": "ChIJx0QsYTyuPIgRECorWyZ9J64",
    "Type ID": [],
    "Type": [
        "Dessert restaurant",
        "Cigar shop",
        "Lounge",
        "Restaurant"
    ],
    "Menu": {
        "link": "http://places.singleplatform.com/la-dolce-vita-14/menu?ref=google",
        "source": "places.singleplatform.com",
        "items": "12/1/24, 12:40 PM\n\nNd V\n\nSIGNATURE COCKTAILS\n\nROSA MARTINI\ntitos vodka. st. germain,\nlemonade, soda water 16\n\nTHE WOODWARD\nhennessy cognac.\norange liqueur, orange\njuice, ginger ale 16\n\nTHE SAGE LADY\nmilagro reposado\ntequila, muddled cucumber,\nsimple syrup, lime juice 16\n\nMOJITO ROYALE\nbacardi rum, fresh mint,\nmuddled lime. simple\nsyrup 14\n\nVIOLA LEMONADE\ngin, lavender syrup,\nlemonade 16\n\nCHERRYCELLO\nMARTINI\n\nthree olives cherry vodka,\nlimoncello, lemonade 16\n\nLA VITA SANGRIA\nmoscato, simple syrup,\npeach schnapps, sprite 16\n\nLIMONCELLO SPRITZ\nlimoncello, champagne.\nfresh lemon juice,\nsoda 14\n\nSMOKED OLD FASHIONED\n\nwoodford reserve, Traverse\ncity cherries, aromatic\nbitters, orange zest,\nsmoked wood chips 18\n\nAPEROL SPRITZ\naperol, soda water,\nchampagne 16\n\nPAPAS\u2019 MULE\ntitos vodka, ginger beer,\nlime juice 15\n\nRAS CRUSH\nreposado tequila, triple sec,\nsour mix, simple syrup,\nraspberry puree 16\n\nLa Dolce Vita\n\nLA\n\nDiO-L Ce\n\nVITA\n\nVODKA\nciroc\ntitos\nstolichnaya\nketel one\ngrey goose\nbelvedere\n\nRUM\nbacardi\nmalibu\ncaptain morgan\n\nGIN\ntanguery\nhendricks\nbombay\nbeefeater\nempress indigo\n\nCOGNAC\nhennessy\ncourvoisier\ndusse\nremy martin xo\nremy martin vsop\nremy martin 1738\n\nSPEZIATO MARGARITA\nreposado tequila, simple syrup.\nsour mix, lime juice. jalapenos, tajin rim 16\n\nLDV RESERVE LIST DRAFT LIST 8 WHITE WINE\n\nLDV CALIFORNIA\nWHITE MOSCATO 10\n\nCONUNDRUM CALIFORNIA\nWHITE BLEND 12\n\nIL POGGIONE BRUNELLO\n\nDI MONTALCINO ALASKAN AMBER\n\nPERONI\n\nSILVER OAK CABERNET\n\nArama ALIMAMA\u2019 Ann ne.\n\nhttps://detroitldv.com/menu\n\nLIQUOR LIST\n\nTEQUILA\nMILAGRO\n\nsilver\nreposado\nanejo\n\nPADRE AZUL\nsilver\nreposado\nanejo\n\nCLASE AZUL\nblanco\nreposado\nanejo\n\nDON JULIO\n1942\nblanco\nreposado\nanejo\n\nCASAMIGOS\nblanco\nreposado\nanejo\nmezcal\ncristalino\n\nPATRON\nreposado\nsilver\n\nADICTIVO\nreposado\nblanco\nanejo\ncristalino\n\n1800\n\nsilver\n\nWHISKEY &\nBOURBON\njack daniels\ncrown royal\nmakers mark\njeffersons\nwoodford reserve\nbulleit\nbulleit rye\njameson\nbasil hayden\nangels envy\n\nSCOTCH\njohnnie walker\nblack\njohnnie walker\nred\njohnnie walker\nblue\noban\nglenfiddich\nglenlivet 12yr\ndewars\ndalwhinnie\ndalmore\nlagavulin\nglenmorangie\n\nRED WINE\n\nAMARONE COSTASERA\n+49 MASI ITALY\n\nBARBARESCO\n\n+52 GRIMALDI\n12/1/24, 12:40 PM\n\nhttps://detroitldv.com/menu\n\nNATA CALIFORNIA 27> DIL\nCABERNET S. SIGNATURE DARIOUSH\nNAPA CALIFORNIA 195 BTL\n\nJOSEPH PHELPS INSIGNA\nNAPA CALIFORNIA \u00a775 BIL\n\nCAYMUS SPECIAL RESERVE\nCABERNET NAPA CALIFORNIA 349 BIL\n\nTENUTA SAN GUIDO SASSICAIA\nTUSCANY 385 BIL\n\nTENUTA TIGNANELLO\nTUSCANY 575 BTL\n\nTENUTA SAN GUIDO\nGUIDALBERTO 200 BTL\n\nOPUS ONE CALIFORNIA 475 BTL\n\n10 YEAR PORTO TAYLOR\nWOOD CASK\n\n18 + 30z pour\n\nCHAMPAGNE & FRIZZANTI\n\nLDV HOUSE CHAMPAGNE 10 glass\n\nSEX BRUT ROSE\n\nMUMM NAPA BRUT\nCALIFORNIA\n\nMOET & CHANDON\nBRUT ROSE\n\nVEUVE CLICQUOT\nYELLOW LABEL\n\nDOM PERIGNON\nACE OF SPADES\nACE OF SPADES ROSE\n\nBLUE MOON\nMODELO\nMILLER LITE\nDOGFISH 60MIN\n\nBEVERAGES 4\n\nCOKE\n\nDIET COKE\nSPRITE\n\nGINGER ALE\nGINGER BEER\nLEMONADE\nAPPLE JUICE\nORANGE JUICE\nCRANBERRY\nPINEAPPLE JUICE\nICED TEA\nCOFFEE\n\nDECAF COFFEE\nESPRESSO\n\nLa Dolce Vita\nCHATEAU GRAND TRAVERSE\nRIESLING lied\nGAVI BROGLIA ITALY\nSANCERRE FRANCE 75 BIL\n\nSOLESOLE VERMENTINO\nITALY 75 BIL\n\nROSE IL POGGIONE\nITALY 15\u00b075\n\nLDV ROSE 10 +49\nPINOT GRIGIO\n\nLDV CALIFORNIA 10- 49\n\nBOLLINI ITALY 1459\n\nSANTA MARGHERITA 49 BIL\n\nSAUVIGNON BLANC\nLDV CALIFORNIA 10-49\n\nEMMOLO CALIFORNIA 14 +59\nCHARDONNAY\nLDV CALIFORNIA 10-49\n\nDUCKHORN NAPA\nCALIFORNIA 22\u00b0\nCAKEBREAD NAPA\nCALIFORNIA 90 BIL\n\nMERLOT\nLDV CALIFORNIA 10\u00b0 49\n\nEMMOLO CALIFORNIA \u2014 {8-72\n\n49\n\nPINOT NOIR\nLDV CALIFORNIA 10-49\n\nRAEBURN RUSSIAN RIVER\nVALLEY CALIFORNIA 19 +85\n\nRENATO RATTI BATBERA\n\nD'ASTI 65 BIL\nCHATEAU LILLIAN LADOUYS\nBORDEAU FRANCE 1/0 BTL\n\nNOZZOLE CHIANTI\nCLASSICO RISERVA 19 +80\n\nRUFFINO DUCALE ORO\nCHIANTI RISERVA\n\nLDV RED BLEND\n\nCONUNDRUM CALIFORNIA\nRED BLEND 13-57\nRIPASSO BERTANI\nVALPOLICELLA ITALY\n\nCELANI TENACIOUS RED\nNAPA CALIFORNIA 145 BTL\n\nLDV CALIFORNIA\nZINFANDEL\n\nCABERNET\nLDV CALIFORNIA\n\nLDV CALIFORNIA\nRESERVE\n\nDUCKHORN NAPA\nCALIFORNIA 29 +145\n\nCAYMUS NAPA 42+ 180\n\nLOUIS MARTINI\nCALIFORNIA 95 BTL\n\nROBERT MONDAV!I 125 BIL\nJORDAN NAPA 145 BIL\n\nSILVER OAK ALEXANDER\nVALLEY CALIFORNIA 249 BIL\n\n4/7\n12/1/24, 12:40 PM La Dolce Vita\n\nLA\nhO Lee\nYel TA\n\nBRUNCH ANTIPASTE\nCREMOSA GAMBERI ARANCINI DELLA\nor LOBSTER BENEDICT 6 aie, aa ea, GIORNATA 22\npoached eggs, lobster, [Sore SSP neo DE:\nhard poached eggs, toasted english muffins, ape! SEY OCS es snails moat ard butter\nonion, tomato, capers 18 brandy saffron sauce, _ CARCIOFI k parmesan, puff pastry 19\npotatoes 20 grilled artichokes, basil\npesto drizzle 17 ANTIPASTO ITALIANO\nLDV PLATTER cured meats, artisan\ntwo eggs any style, SHRIMP BENEDICT CALAMARI FRITTI cheeses, olives, hand-crafted\nbacon, sausage links, poached eggs, shrimp. basil, capers, olives, roasted bread 22\npotatoes, toast 16 sauteed spinach, toasted peppermerec 17 PORTOBELLO\nenglish Oe. aaa Btls TIPS sauteed portobello, balsamic,\nsauce, potatoes eef tips, toast points, mozzarella, roasted tomato 18\nea gorgonzola zip sauce 24\npoached eggs, canadian ITALIAN STYLE\nbacon, toasted english FRENCH TOAST\nmuffins, hollandaise mascarpone, fruit sauce,\nsauce, potatoes 16 strawberry-banana compote 20 INSALATE\nCALABRESE\nSALMON HASH FETTUCCINE FLORENTINE romaine, beets, red onions, olives, cucumber,\nsauteed fresh scottish egg pasta, portabella goat cheese, house dressing 15\nsalmon, onions, peppers, mushrooms, spinach, basil\npotatoes, poached eggs 20 pesto sauce 24 CESARE LA MISTA\nromaine, shaved parmesan, mixed greens, mixed\nhouse-made croutons, veggies, shaved grana,\nSTEAK & EGGS EGGS SARDOU cesare 15 house dressing\u2019 15\npetite filet, two eggs any poached eggs, smoked\na ie Stodifediengish rast en aN sa) nbn g sng basil\nhollandaise sauce, potatoes 18 tomato, house dressing 15 arugula, balsamic, olive oil 17\nQUICHE OF THE DAY 18 =r _ os 2\nSIDES ZUPPE\nbacon 5\nlink sausage 5 MINESTRONE 8 ZUPPA DEL GIORNO 8\n\nseasoned potatoes 5 \u2014\u2014\u2014_\u2014_ ; i\n* Ask your server about menu items that are cooked to order or served raw. Consuming raw\n\nPASTE\nserved with chef choice of potato & vegetables\nPENNE MEZZOGIORNO GNOCCHI BAVA\nsausage, peppers, spinach, resh gnocchi, four cheese\nolives, parmesan, cream sauce 28 PETTO DI POLLO\n\naarlic ail 95 chicken with your choice of sauce 32\n\nhttps://detroitldv.com/menu\n\nor undercooked meats, poultry, seafood, shellfish, or eggs may increase your risk of foodborne iliness.\n\n5/7\n12/1/24, 12:40 PM\n\ngoat eee\n\nCAVATELLI Al FUNGHI\nporcini mushrooms, truffle oil,\ncream sauce 29\n\nLASAGNA PENNE NORMA\nhouse-made bolognese, sauteed eggplant, ricotta\nfresh made pasta, salata, marinara 24\n\nbechamel 27\nRAVIOLI ARAGOSTA\nLINGUINE SINFONIA lobster & saffron ravioli,\nDI MARE\n\npalomino sauce 32\nchef hand-picked seafood,\nmarinara 45 LINGUINE E VONGOLE\nclams, littleneck clams,\nchoice of sauce 42\n\nSPAGHETTI BOLOGNESE\nRISOTTO house-made marinara,\nhand-crafted everyday 33 parmesan 27\n\nRAVOILI DI POLLO TOSCANO\nchicken ravioli, artichokes, capers, white wine\nlemon cream sauce 45\n\nPAPPARDELLE DELLA\nNONNA\n\nhouse-made meatballs,\nmarinara, parmesan 25\n\nFETTUCCINE ALFREDO\n\nfettuccine, alfredo sauce 24\n\nLa Dolce Vita\n\nSCALOPPINE DE VITELLO\n\nveal with your choice of sauce 38\n\npiccata: white wine lemon saltimbocca: white wine\nsauce, artichokes, mushrooms, butter sauce, prosciutto\ncapers crudo, sage\n\nmarsala: marsala wine cream parmesan: melted parmesan\nsauce, mushrooms cheese, marinara sauce\n\nCOSTINE DI AGNELLO\n\nchef's style colorado lamb chops 59\n\nFILETTO DI MANZO\nsun dried tomatoes,\nmushrooms, marsala cream\nsauce 49\n\nSURFE TAPPETO ERBOSO\n8072 filet mignon, 2 fresh\nwater prawns 90\n\nCOSTINE DI AGNELLO TORRE\nlamb chops, salmon, shrimp, chef's choice of truffle butter\nvegetable & potato, hennessy glaze 125\n\nAGHI & MARI\n\nserved with chef choice of potato & vegetables\n\nSCAMPI ARROSTO SALMONE GRIGLIATO\nfreshwater prawns, atlantic salmon\nsalmoriglio sauce 39 choice of: sundried\ntomato pesto or honey\n\nBRONZINO burbon glaze 48\nbronzino, lemon caper\ncream sauce 49 SEA BASS\n\n80z glacier fifty one,\nsalmoriglio sauce 49\n\nDOLCE\nCARROT CAKE 14 CANNOLI 12\nCHEESECAKE 14 LIMONCELLO CAKE 14\n\nGLUTEN FREE CHEESECAKE 16\n\nCHOCOLATE CAKE 12 TIRAMISU\namaretto or espresso 13\n\nDOLCE SCELTA DELLO CHEF 14\n\nPRIVATE EVENTS AND DINING\n\nDownload PDF >\n\nhttps://detroitldv.com/menu\n\n6/7\n"
    },
    "Address": "322 S Main St, Ann Arbor, MI 48104",
    "GPS Coordinates": {
        "latitude": 42.2787989,
        "longitude": -83.74882649999999
    },
    "Phone Number": "(888) 456-3463",
    "Rating": 4.5,
    "Rating Summary": [
        {
            "stars": 1,
            "amount": 4
        },
        {
            "stars": 2,
            "amount": 3
        },
        {
            "stars": 3,
            "amount": 13
        },
        {
            "stars": 4,
            "amount": 30
        },
        {
            "stars": 5,
            "amount": 120
        }
    ],
    "Opening Hours": [
        {
            "friday": "5\u201311\u202fPM"
        },
        {
            "saturday": "4\u201311\u202fPM"
        },
        {
            "sunday": "4\u20139\u202fPM"
        },
        {
            "monday": "5\u201310\u202fPM"
        },
        {
            "tuesday": "5\u201310\u202fPM"
        },
        {
            "wednesday": "5\u201310\u202fPM"
        },
        {
            "thursday": "5\u201310\u202fPM (Thanksgiving)"
        }
    ],
    "Description": "Dimly lit, swanky establishment providing gourmet desserts & pastries, cocktails & a cigar lounge.",
    "Details": [
        {
            "highlights": [
                "Fast service",
                "Great coffee",
                "Great dessert"
            ]
        },
        {
            "popular_for": [
                "Dinner",
                "Solo dining"
            ]
        },
        {
            "accessibility": [
                "Wheelchair accessible entrance",
                "Wheelchair accessible parking lot",
                "Wheelchair accessible restroom",
                "Wheelchair accessible seating"
            ]
        },
        {
            "offerings": [
                "Alcohol",
                "Cocktails",
                "Coffee",
                "Hard liquor",
                "Wine"
            ]
        },
        {
            "dining_options": [
                "Dinner",
                "Dessert"
            ]
        },
        {
            "amenities": [
                "Bar onsite",
                "Restroom",
                "Wi-Fi"
            ]
        },
        {
            "atmosphere": [
                "Casual",
                "Cozy",
                "Romantic",
                "Trendy"
            ]
        },
        {
            "crowd": [
                "Groups",
                "Tourists"
            ]
        },
        {
            "planning": [
                "Accepts reservations"
            ]
        },
        {
            "payments": [
                "Credit cards"
            ]
        }
    ],
    "User Reviews": {
        "summary": [
            {
                "snippet": "\"This place surprised me with the quality of the service and the food.\""
            },
            {
                "snippet": "\"Good atmosphere and selection of cocktails.\""
            },
            {
                "snippet": "\"Be warned that there will be people smoking cigars.\""
            }
        ],
        "most_relevant": [
            {
                "username": "Hailey",
                "rating": 5,
                "contributor_id": "111476157472725916188",
                "description": "Such a cool spot in Downtown AA! A little pricey but because it's attached to the Chop House. Our server Aya was amazing! You have to go through the Chop House doors and the greeters will take you to the cigar area. If you are gluten free they have Cr\u00e8me br\u00fbl\u00e9e and sorbet and Gelato.",
                "link": "https://www.google.com/maps/reviews/data=!4m8!14m7!1m6!2m5!1sChdDSUhNMG9nS0VJQ0FnSURwaHEzcnBBRRAB!2m1!1s0x0:0xae277d265b2b2a10!3m1!1s2@1:CIHM0ogKEICAgIDphq3rpAE%7CCgwI8v6JpwYQ6M6rxQI%7C?hl=en-US",
                "images": [
                    {
                        "thumbnail": "https://lh5.googleusercontent.com/p/AF1QipNrr-S0iUY0TL6xrmB1KYOeioqze_fuIXGDTzs5=w150-h150-k-no-p"
                    },
                    {
                        "thumbnail": "https://lh5.googleusercontent.com/p/AF1QipPOMYUZeAZPK9J_GmReT_khLRPkBOD2n53A3uWR=w150-h150-k-no-p"
                    },
                    {
                        "thumbnail": "https://lh5.googleusercontent.com/p/AF1QipP_TuxDLB3_kOXVfD9dOBNp5tUruqxxgtMhOhjk=w150-h150-k-no-p"
                    }
                ],
                "date": "a year ago"
            },
            {
                "username": "Katherine Martinez",
                "rating": 5,
                "contributor_id": "112555867278501211505",
                "description": "Delicious variety of desserts. My favorite was the banana pudding. Really warm center with an outstanding flavour. I would say my second favorite was the creme brulee. Nice amount of sugar at the top and rich vanilla flavour.",
                "link": "https://www.google.com/maps/reviews/data=!4m8!14m7!1m6!2m5!1sChdDSUhNMG9nS0VJQ0FnSUQwMWZTTm13RRAB!2m1!1s0x0:0xae277d265b2b2a10!3m1!1s2@1:CIHM0ogKEICAgID01fSNmwE%7CCgsI3fiy7gUQsJP3DA%7C?hl=en-US",
                "images": [
                    {
                        "thumbnail": "https://lh5.googleusercontent.com/p/AF1QipPDdpFYADezRFVap8naLY67TfaMm2aJvQlDAyTH=w150-h150-k-no-p"
                    },
                    {
                        "thumbnail": "https://lh5.googleusercontent.com/p/AF1QipMQpKZCOraGM5T5lQwEuKyo5TuReftuhA_ZcwPm=w150-h150-k-no-p"
                    },
                    {
                        "thumbnail": "https://lh5.googleusercontent.com/p/AF1QipNLSx_yyHT-sDfwVmhjIWokIA6nhAvi6e3iMXj0=w150-h150-k-no-p"
                    },
                    {
                        "thumbnail": "https://lh5.googleusercontent.com/p/AF1QipM-q_o-KTuGEO5eGVW-rM29ViXI87XOMZZZtRHu=w150-h150-k-no-p"
                    }
                ],
                "date": "5 years ago"
            },
            {
                "username": "Rebecca Bartels",
                "rating": 5,
                "contributor_id": "108478854617801245483",
                "description": "We got the bananas foster bread pudding and mudslide cheesecake and it was delicious. Great treat on a special night. Our server, Maria, was a delight and very knowledgeable about the menu.",
                "link": "https://www.google.com/maps/reviews/data=!4m8!14m7!1m6!2m5!1sChZDSUhNMG9nS0VJQ0FnSUNwLWRhOEhnEAE!2m1!1s0x0:0xae277d265b2b2a10!3m1!1s2@1:CIHM0ogKEICAgICp-da8Hg%7CCgwIpMnApgYQgOWZngI%7C?hl=en-US",
                "images": [
                    {
                        "thumbnail": "https://lh5.googleusercontent.com/p/AF1QipOrUGpH37iiAky7qOfVJGth48LLEJfn2UnSoBu-=w150-h150-k-no-p"
                    }
                ],
                "date": "a year ago"
            },
            {
                "username": "Brooke",
                "rating": 5,
                "contributor_id": "103764682699726748458",
                "description": "Downstairs is so intimate and relaxing. The lights are low, the chairs and couches are comfortable. And the desserts are stunning! Great date place!",
                "link": "https://www.google.com/maps/reviews/data=!4m8!14m7!1m6!2m5!1sChdDSUhNMG9nS0VJQ0FnSUNCc3BiYW13RRAB!2m1!1s0x0:0xae277d265b2b2a10!3m1!1s2@1:CIHM0ogKEICAgICBspbamwE%7CCgwIl8SMnQYQkITxpQE%7C?hl=en-US",
                "images": [
                    {
                        "thumbnail": "https://lh5.googleusercontent.com/p/AF1QipM_8Z1nFe53ogZJVG6cfYrZ_3BKu-vBhavMfxv6=w150-h150-k-no-p"
                    },
                    {
                        "thumbnail": "https://lh5.googleusercontent.com/p/AF1QipOEMxahrZg4pBUbJFtxWhaxOhYTRNPt6O6VnISP=w150-h150-k-no-p"
                    }
                ],
                "date": "a year ago"
            },
            {
                "username": "Aylin Jerkins",
                "rating": 5,
                "contributor_id": "103195213243172821688",
                "description": "My husband and I came here after dinner for something sweet and this place did not disappoint! I had the candy bar pie and he had the German chocolate cake - both were delicious. Beautiful presentation. The service was good and the atmosphere was cozy and romantic. I would definitely recommend coming here for a sweet treat!",
                "link": "https://www.google.com/maps/reviews/data=!4m8!14m7!1m6!2m5!1sChZDSUhNMG9nS0VJQ0FnSUN3NTdyUU1REAE!2m1!1s0x0:0xae277d265b2b2a10!3m1!1s2@1:CIHM0ogKEICAgICw57rQMQ%7CCgwIle791wUQwIa02wM%7C?hl=en-US",
                "images": [
                    {
                        "thumbnail": "https://lh5.googleusercontent.com/p/AF1QipNoyYRBzkJAL6q94r70C7A3YVBcKoGU9mZAxZuv=w150-h150-k-no-p"
                    }
                ],
                "date": "6 years ago"
            },
            {
                "username": "Celia Williams",
                "rating": 5,
                "contributor_id": "106071949344657463487",
                "description": "My husband and I just went in for dessert to go. We had seen the desserts online, and that\u2019s what drew us to the restaurant.  The restaurant was busy, and after taking our order, they could\u2019ve easily just thrown our items together and sent us on our way. But from the host, to the bar staff, to the ambiance, to the dessert preparation, everything was beautiful and absolutely delicious.",
                "link": "https://www.google.com/maps/reviews/data=!4m8!14m7!1m6!2m5!1sChZDSUhNMG9nS0VJQ0FnSUNsMk1QVWVREAE!2m1!1s0x0:0xae277d265b2b2a10!3m1!1s2@1:CIHM0ogKEICAgICl2MPUeQ%7CCgwIobzKqgYQyL_EqgM%7C?hl=en-US",
                "date": "a year ago"
            },
            {
                "username": "Christina Rice",
                "rating": 4,
                "contributor_id": "103067890341215363634",
                "description": "The desert was great! I ordered a chocolate decadence. I like to make fancy deserts at home and it was awesome to see different mousses and a ganache come together with a fudgey brownie. The textures were varied from fluffy to dense - and I loved it! I wish there was a more substantial fruit pairing (I think they used to serve this desert with a blackberry sorbet, but now it is just a berry coulis) because the flavors mixed so well. The atmosphere and the seating are also part of the experience. I came early and had my choice of couch, which had a nice view of the fireplace. The only thing that took away from the atmosphere was the manager was talking down to the wait staff right beside me for some time during my visit.",
                "link": "https://www.google.com/maps/reviews/data=!4m8!14m7!1m6!2m5!1sChZDSUhNMG9nS0VJQ0FnSUNvMjhPY2FREAE!2m1!1s0x0:0xae277d265b2b2a10!3m1!1s2@1:CIHM0ogKEICAgICo28OcaQ%7CCgwI6Kjo4wUQiJ3X6QI%7C?hl=en-US",
                "images": [
                    {
                        "thumbnail": "https://lh5.googleusercontent.com/p/AF1QipMGHH8AlDazREVOBT7GlQV0a1rOn1usG23of_Oi=w150-h150-k-no-p"
                    }
                ],
                "date": "5 years ago"
            },
            {
                "username": "E P",
                "rating": 4,
                "contributor_id": "117259568419138064358",
                "description": "Great desserts, great drinks. Open later for the night owls. The staff is very attentive and kind. There is also a great cigar lounge in the basement. The wife always gets the Spanish coffee. Try the bananas foster, its unbelievable. There are always weekly rotating different cookie flavors that are unbelievable.",
                "link": "https://www.google.com/maps/reviews/data=!4m8!14m7!1m6!2m5!1sChdDSUhNMG9nS0VJQ0FnSUN3c2VtRDVBRRAB!2m1!1s0x0:0xae277d265b2b2a10!3m1!1s2@1:CIHM0ogKEICAgICwsemD5AE%7CCgsItrP-wQUQwJ3YEA%7C?hl=en-US",
                "images": [
                    {
                        "thumbnail": "https://lh5.googleusercontent.com/p/AF1QipNO31P-nXr7FYQAdykSt_1wR-bfUJ3zQvHwdIU_=w150-h150-k-no-p"
                    }
                ],
                "date": "7 years ago"
            }
        ]
    },
    "Services": {
        "dine_in": true,
        "takeout": true,
        "delivery": false
    }
}