{
    "docid": 87,
    "Title": "Texas de Brazil - Ann Arbor",
    "Price": [],
    "Place ID": "ChIJ-zsqVGevPIgReMdw7d4V8bw",
    "Type ID": [],
    "Type": [
        "Steak house",
        "Brazilian restaurant",
        "South American restaurant"
    ],
    "Menu": {
        "link": "https://texasdebrazil.com/menu/?y_source=1_MTAwMTM3MTQzNC03MTUtbG9jYXRpb24ubWVudV91cmw%3D",
        "source": "texasdebrazil.com",
        "items": "12/1/24, 12:42 PM What's On The Menu At Texas De Brazil?\n\nJoin our eClub and receive S20 off dinner for two!\n\nAll of our meats are cooked the gaucho way\n- over an open flame with natural wood\n\ncharcoal.\nPicanha Brazilian Sausage\n\nLeg of Lamb Chicken Breast Wrapped in Bacon\n\nLamb Chops Filet Mignon Wrapped in Bacon\nParmesan-Crusted Pork Loin Garlic Picanha\n\nSpicy Sirloin Beef Ribs\n\nBarbecued Pork Ribs Parmesan Drumettes\nFilet Mignon Flank Steak\nPetite Filet Lamb Picanha\nVIEW MEATS \u2014~>\n\nPlease note that menu selection may vary by location and that some meats may only be available at\n\nan additional charge.\n\nNeed help?\n\nhttps://texasdebrazil.com/menu/ 2/10\n12/1/24, 12:42 PM What's On The Menu At Texas De Brazil?\n\nJoin our eClub and receive S20 off dinner for two!\n\nSALAD AREA\n\nEnjoy a wide array of chef-crafted salads,\nroasted vegetables, imported cheeses and\ncharcuterie.\n\nSliced Tomatoes\nTabouleh\nCornichons\nPeppadew Peppers\nKalamata Olives\nCrispy Bacon\nMalagueta Peppers\nOnion Ceviche\nSmoked Salmon\nBrazilian Hot Peppers\nSun-Dried Cherry Tomatoes\nGoat Cheese Terrine\nRomaine Lettuce\nRoasted Jalapenos\nManchego Cheese\nRoasted Garlic\nPotato Salad\nCabbage Salad\nCiabatta Bread\nPineapple Carpaccio\n\nhttps://texasdebrazil.com/menu/\n\nHearts of Palm\nMarinated Artichoke Hearts\nMozzarella\nHomemade Crostini\nCherry Tomatoes\nCapers\nIn-House Dressings\nCouscous Salad\nSalami\nBlack Olives\nGrana Padano Cheese\nSpring Mix\nRoasted Red & Yellow Peppers\nShrimp Salad\nProsciutto\nGiardiniera\nCucumber Salad\nGreen Beans\nFarofa Need help?\n\n3/10\n12/1/24, 12:42 PM What's On The Menu At Texas De Brazil?\n\nJoin our eClub and receive S20 off dinner for two!\n\nPlease note that menu selection may vary by location and that some meats may only be available at\n\nan additional charge.\n\nHOT ITEMS\n\nComplimentary house-baked cheese bread,\ngarlic mashed potatoes and fried bananas\npaired with each experience.\n\nGarlic Mashed Potatoes Feijoada Black Beans\nJasmine Rice Lobster Bisque\nFried Bananas Brazilian Cheese Bread\nSaut\u00e9ed Mushrooms Potatoes au Gratin\n\nFrench Fries\n\nVIEW HOT ITEMS \u2014~>\n\nPlease note that menu selection may vary by location and that some meats may only be available at\n\nhttps://texasdebrazil.com/menu/\n\nNeed help?\n\n4/10\n12/1/24, 12:42 PM What's On The Menu At Texas De Brazil?\n\nJoin our eClub and receive S20 off dinner for two!\n\nDESSERTS\n\nFinish on a sweet note with one of our\ndecadent desserts.\n\nCarrot Cake Brazilian Papaya Cream\nBrazilian Cheesecake Key Lime Pie\nChocolate Mousse Cake Bananas Foster Pie\nCoconut Chess Pie Pecan Pie\nFlan Creme Bril\u00e9e\n\nPassion Fruit Mousse\n\nVIEW DESSERTS \u2014~>\n\nPlease note that menu selection may vary by location and that some meats may only be available at\n\nan additional charge.\n\nNeed help?\n\nhttps://texasdebrazil.com/menu/ 5/10\n12/1/24, 12:42 PM What's On The Menu At Texas De Brazil?\n\nJoin our eClub and receive S20 off dinner for two!\n\nBAR MENU\n\nSampler platters, small bites and traditional\nBrazilian bar creations, including our\nsignature cocktail \u2014 the Caipirinha.\n\nBowl of Lobster Bisque Chicken Breast, Garlic Sirloin, and\nSausage\nChicken Breast, Garlic Sirloin, and Brazilian Caipirinha\nFilet with Bacon Antipasto Platter\n\nSignature Cocktails\n\nVIEW BAR MENU \u2014~>\n\nPlease note that menu selection may vary by location and that some meats may only be available at\n\nan additional charge.\n\nWINES & SPIRITS =\n\nhttps://texasdebrazil.com/menu/ 6/10\n12/1/24, 12:42 PM What's On The Menu At Texas De Brazil?\n\nJoin our eClub and receive S20 off dinner for two!\n\nRed Wines White Wines\nChampagne & Sparkling Wine Whisky\nCachaga Vodka\nGin Tequila\nBrandy Single Malt and Blended Scotch\nRum Grappa\nPort Cordials\nDessert Wine and Martinis Flights\n\nVIEW WINES & SPIRITS \u2014~\n\nPlease note that menu selection may vary by location and that some meats may only be available at\n\nan additional charge.\n\nT0-GO\n\nOrder from our to-go menu to enjoy a\nBrazilian culinary experience at home.\n\nhttps://texasdebrazil.com/menu/\n\nNeed help?\n\nTNO\n"
    },
    "Address": "760 Briarwood Cir, Ann Arbor, MI 48108",
    "GPS Coordinates": {
        "latitude": 42.241023399999996,
        "longitude": -83.74535399999999
    },
    "Phone Number": "(734) 336-7119",
    "Rating": 4.3,
    "Rating Summary": [
        {
            "stars": 1,
            "amount": 31
        },
        {
            "stars": 2,
            "amount": 14
        },
        {
            "stars": 3,
            "amount": 27
        },
        {
            "stars": 4,
            "amount": 57
        },
        {
            "stars": 5,
            "amount": 297
        }
    ],
    "Opening Hours": [
        {
            "friday": "5\u201310\u202fPM"
        },
        {
            "saturday": "2\u201310\u202fPM"
        },
        {
            "sunday": "2\u20138:30\u202fPM"
        },
        {
            "monday": "5\u20139\u202fPM"
        },
        {
            "tuesday": "5\u20139\u202fPM"
        },
        {
            "wednesday": "5\u20139\u202fPM"
        },
        {
            "thursday": "11\u202fAM\u20139\u202fPM (Thanksgiving)"
        }
    ],
    "Description": "Upscale Brazilian eatery featuring all-you-can-eat grilled meat carved tableside & a salad bar.",
    "Details": [
        {
            "highlights": [
                "Fast service",
                "Great dessert"
            ]
        },
        {
            "popular_for": [
                "Lunch",
                "Dinner",
                "Solo dining"
            ]
        },
        {
            "accessibility": [
                "Wheelchair accessible entrance",
                "Wheelchair accessible parking lot",
                "Wheelchair accessible restroom",
                "Wheelchair accessible seating"
            ]
        },
        {
            "offerings": [
                "Alcohol",
                "All you can eat",
                "Beer",
                "Cocktails",
                "Coffee",
                "Comfort food",
                "Happy hour drinks",
                "Hard liquor",
                "Salad bar",
                "Vegetarian options",
                "Wine"
            ]
        },
        {
            "dining_options": [
                "Brunch",
                "Lunch",
                "Dinner",
                "Catering",
                "Dessert",
                "Seating"
            ]
        },
        {
            "amenities": [
                "Bar onsite",
                "Restroom"
            ]
        },
        {
            "atmosphere": [
                "Cozy",
                "Romantic",
                "Trendy",
                "Upscale"
            ]
        },
        {
            "crowd": [
                "Family-friendly",
                "Groups",
                "Tourists"
            ]
        },
        {
            "planning": [
                "Dinner reservations recommended",
                "Accepts reservations"
            ]
        },
        {
            "payments": [
                "Credit cards",
                "Debit cards",
                "NFC mobile payments"
            ]
        },
        {
            "children": [
                "Good for kids",
                "High chairs"
            ]
        },
        {
            "parking": [
                "Free parking lot",
                "Free street parking",
                "Plenty of parking"
            ]
        }
    ],
    "User Reviews": {
        "summary": [
            {
                "snippet": "\"Great selection of meats, the bbq pork ribs were my favorite\""
            },
            {
                "snippet": "\"Great food, atmosphere, and staff that treat you like family.\""
            },
            {
                "snippet": "\"The bacon wrapped chicken, beef picanha and the sausage were my favorites.\""
            }
        ],
        "most_relevant": [
            {
                "username": "Brooke Nodeland",
                "rating": 5,
                "contributor_id": "115028429782743611239",
                "description": "Visited this location for the first time last night! We were a large party with several surprise guests that showed up. Our server was incredibly kind, patient, and attentive - we\nthink his name was Ivan? He was just a delight! And even repeated the dessert menu 3 different times. The salad bar was well maintained and everything was fresh and tasty, the lobster bisque was on point yesterday. The meats circulated regularly, only disappointment was that this location does lamb chops as a la crate, so just be aware of this is something such enjoy. My husband likes all the lamb offerings and was more than satisfied with the lamb shank and the lamb picana, so didn\u2019t really miss the lamb chops at all! Overall, it was a great night and we thank this location for giving our family such a great experience!",
                "link": "https://www.google.com/maps/reviews/data=!4m8!14m7!1m6!2m5!1sChdDSUhNMG9nS0VJQ0FnSUNYbmVLQzN3RRAB!2m1!1s0x0:0xbcf115deed70c778!3m1!1s2@1:CIHM0ogKEICAgICXneKC3wE%7CCgsI8_fOuAYQsND0Ig%7C?hl=en-US",
                "images": [
                    {
                        "thumbnail": "https://lh5.googleusercontent.com/p/AF1QipOll4s4xYb5X-4q0U4tGUKf-yu5quEd7Tbyaxo6=w150-h150-k-no-p"
                    },
                    {
                        "thumbnail": "https://lh5.googleusercontent.com/p/AF1QipPhpanckgQbvps25DL7d6hU5I8h6xVuVvHqaxno=w150-h150-k-no-p"
                    },
                    {
                        "thumbnail": "https://lh5.googleusercontent.com/p/AF1QipMhPDIoaGVkoVoevaIfg8imyebdJVP9BVD0j0Nn=w150-h150-k-no-p"
                    },
                    {
                        "thumbnail": "https://lh5.googleusercontent.com/p/AF1QipOLdaYWK2x8u83UopgYS5LAaHuQAoXmCvWksq9n=w150-h150-k-no-p"
                    },
                    {
                        "thumbnail": "https://lh5.googleusercontent.com/p/AF1QipP-3O_Dlxx6S1A4Ch4pHNkl0f3gKHuJwk4rSdF2=w150-h150-k-no-p"
                    },
                    {
                        "thumbnail": "https://lh5.googleusercontent.com/p/AF1QipNL2DabjnM0GWSegpUEMAH4oz5GSkWkcb2qnd5e=w150-h150-k-no-p"
                    },
                    {
                        "thumbnail": "https://lh5.googleusercontent.com/p/AF1QipMjgBMsed-8iOY3E0lyyUZoJ00G2ZJnGmYk7CAb=w150-h150-k-no-p"
                    },
                    {
                        "thumbnail": "https://lh5.googleusercontent.com/p/AF1QipPAKbF_aUKT8MEXS7NYppAJIhGClnRqBTU0SqKE=w150-h150-k-no-p"
                    },
                    {
                        "thumbnail": "https://lh5.googleusercontent.com/p/AF1QipNYrh-M_XHFWsZK9NBoWDpuOb--1J3tTh2JyRcc=w150-h150-k-no-p"
                    },
                    {
                        "thumbnail": "https://lh5.googleusercontent.com/p/AF1QipMxiOqSXhUGjICo7wpZ_jNlY4DxQwIl0k2TL_uO=w150-h150-k-no-p"
                    },
                    {
                        "thumbnail": "https://lh5.googleusercontent.com/p/AF1QipMf6CetV66rc8kY-Z_Jzx4gwwYTJrzTcwq7ygIm=w150-h150-k-no-p"
                    },
                    {
                        "thumbnail": "https://lh5.googleusercontent.com/p/AF1QipOZzMz0TuiJRdgz7HFzBC4HPwPjTWlW2yqnSJTo=w150-h150-k-no-p"
                    }
                ],
                "date": "a month ago"
            },
            {
                "username": "troy whitman",
                "rating": 5,
                "contributor_id": "103386271456294062644",
                "description": "Excellent experience from top to bottom. Our server was friendly and on top of everything that we asked for. The salad bar is amazing. They have so many different choices. Enough to satisfy just about every taste. The meat selection was great as well, although, towards the end, they only brought around the same 3 meats. The atmosphere is very nice as well. The place is very nicely decorated. If you leave this place hungry, it's your own fault. We were all ready to burst when we left. The prices are high, but it's well worth it, for all of the different things that you can try. 5 stars for sure!",
                "link": "https://www.google.com/maps/reviews/data=!4m8!14m7!1m6!2m5!1sChZDSUhNMG9nS0VJQ0FnSUR6cHBYSWN3EAE!2m1!1s0x0:0xbcf115deed70c778!3m1!1s2@1:CIHM0ogKEICAgIDzppXIcw%7CCgsIgfCXswYQ4Nn3Og%7C?hl=en-US",
                "images": [
                    {
                        "thumbnail": "https://lh5.googleusercontent.com/p/AF1QipOqCzjdhSfgkg_T9M0yLL154zOXnk_6FzuAdTwM=w150-h150-k-no-p"
                    },
                    {
                        "thumbnail": "https://lh5.googleusercontent.com/p/AF1QipOsOUyFQ0gm3XveQ3-JieY-eh8xNX-RpYULWP2n=w150-h150-k-no-p"
                    },
                    {
                        "thumbnail": "https://lh5.googleusercontent.com/p/AF1QipOntTxYqfdK0BPjo3s25_ICd1OyIjr_hm9gMbny=w150-h150-k-no-p"
                    },
                    {
                        "thumbnail": "https://lh5.googleusercontent.com/p/AF1QipP-yU-giPM7nsQpJROZ45J4TKwVhuArBSRt71vY=w150-h150-k-no-p"
                    },
                    {
                        "thumbnail": "https://lh5.googleusercontent.com/p/AF1QipMJA4-kvO5oijl7CmpX9CfZtdbWqDJzNZuPv2Jk=w150-h150-k-no-p"
                    },
                    {
                        "thumbnail": "https://lh5.googleusercontent.com/p/AF1QipPzmrIOWoV9uOFu37ZOxEwzLudfCdWMpdrEFzOb=w150-h150-k-no-p"
                    },
                    {
                        "thumbnail": "https://lh5.googleusercontent.com/p/AF1QipPbnqkO8l8aZ0RdHbbfHTQAYD5Z3G9VNM8DipIN=w150-h150-k-no-p"
                    },
                    {
                        "thumbnail": "https://lh5.googleusercontent.com/p/AF1QipPd4CB9mN0XBHUmrKzOc7XZFwOIXZElMv4-v7qN=w150-h150-k-no-p"
                    },
                    {
                        "thumbnail": "https://lh5.googleusercontent.com/p/AF1QipPWpZ4pyBFLtDObzGlk14xTt1fzt20btJJ-5QPp=w150-h150-k-no-p"
                    },
                    {
                        "thumbnail": "https://lh5.googleusercontent.com/p/AF1QipOziPqCfrnU6yYn0Yb90LZOe21tSopaW_XqDCyQ=w150-h150-k-no-p"
                    }
                ],
                "date": "5 months ago"
            },
            {
                "username": "Michelle H",
                "rating": 5,
                "contributor_id": "100519146185331014387",
                "description": "What a wonderful experience. The food and service was top notch. The salad bar had something for everyone including sliced meats, cheeses, fruits. You name it. The hot bar was great. The lobster bisque. Yummm. The meats were coming out faster than we could eat. The bacon wrapped chicken, beef picanha and the sausage were my favorites. Anything and as much as you want. I had to turn my card to red to catch up. The only thing I was missing in the meats would be some shrimp or some seafood or fish option. There was shrimp on the bar. The pineapples on the salad bar maybe one of the best things I\u2019ve ever eaten. I would recommend this anytime. We will definitely be coming back.",
                "link": "https://www.google.com/maps/reviews/data=!4m8!14m7!1m6!2m5!1sChZDSUhNMG9nS0VJQ0FnSUNUeTZULU13EAE!2m1!1s0x0:0xbcf115deed70c778!3m1!1s2@1:CIHM0ogKEICAgICTy6T-Mw%7CCgwIwp-msgYQsNuh8QE%7C?hl=en-US",
                "images": [
                    {
                        "thumbnail": "https://lh5.googleusercontent.com/p/AF1QipPHz1v-AmyExT6c3ZG9Q376Wt5YxTQEL-SKxDDx=w150-h150-k-no-p"
                    },
                    {
                        "thumbnail": "https://lh5.googleusercontent.com/p/AF1QipMZARjULBwVfBXR0NK-RiYVOVK4MyNcjLl7i2MC=w150-h150-k-no-p"
                    },
                    {
                        "thumbnail": "https://lh5.googleusercontent.com/p/AF1QipO98D1yc1HtooUFFCTCU8g-bK92X39Ct1_AP6wM=w150-h150-k-no-p"
                    },
                    {
                        "thumbnail": "https://lh5.googleusercontent.com/p/AF1QipPfgc1LgbUIWfPRAxdrHfmWh2j30h-r0cAyhb6j=w150-h150-k-no-p"
                    },
                    {
                        "thumbnail": "https://lh5.googleusercontent.com/p/AF1QipMxoD3Fxv6DIJmbPRF8x2iAEFYIf7O7MnZeU47L=w150-h150-k-no-p"
                    },
                    {
                        "thumbnail": "https://lh5.googleusercontent.com/p/AF1QipM4Nci-cB1r_RVTXVZ2z6QYSO0ZV6aS8y8ZCrKj=w150-h150-k-no-p"
                    },
                    {
                        "thumbnail": "https://lh5.googleusercontent.com/p/AF1QipOCMPSLZOjTdv9YYRNDsOw1sZRXc7JVrHjIdoGE=w150-h150-k-no-p"
                    }
                ],
                "date": "6 months ago"
            },
            {
                "username": "colleen mandell",
                "rating": 5,
                "contributor_id": "100067308865470282094",
                "description": "Stephane was fantastic! The food was remarkable we celebrated my daughters 20th Birthday and we had a remarkable time. We will return the food and salad bar was phenomenal \ud83d\ude0b we will be back 5 star hands down!",
                "link": "https://www.google.com/maps/reviews/data=!4m8!14m7!1m6!2m5!1sChdDSUhNMG9nS0VJQ0FnSURyejhEUHl3RRAB!2m1!1s0x0:0xbcf115deed70c778!3m1!1s2@1:CIHM0ogKEICAgIDrz8DPywE%7CCgwIza3ztAYQiKutsAI%7C?hl=en-US",
                "images": [
                    {
                        "thumbnail": "https://lh5.googleusercontent.com/p/AF1QipOX5f32S2aYoywKyG1mLYZvOiII2nbWXw_IlE_A=w150-h150-k-no-p"
                    },
                    {
                        "thumbnail": "https://lh5.googleusercontent.com/p/AF1QipPWFHKFF2Ny4T835T3Um1DDUGlk2Yv_BfQFienc=w150-h150-k-no-p"
                    },
                    {
                        "thumbnail": "https://lh5.googleusercontent.com/p/AF1QipPGDEZaWJtZceSkyHQrClNrHJTqQkMrYlhrH8Y_=w150-h150-k-no-p"
                    },
                    {
                        "thumbnail": "https://lh5.googleusercontent.com/p/AF1QipOsInTG_p7JVamYzwenmRtw94npJVt61RpT1_g3=w150-h150-k-no-p"
                    }
                ],
                "date": "4 months ago"
            },
            {
                "username": "Ludmila Lanna",
                "rating": 3,
                "contributor_id": "104904751910093756011",
                "description": "While the restaurant makes an effort, it simply doesn't compare to a traditional Brazilian steakhouse. The buffet offerings were average, and many of the meat options had an unusual texture that affected the overall taste. Given the price point, I expected better quality; there are definitely better steak options in the region.\nOn the positive side, the ambiance of the place was nice, and our waitstaff were attentive and helpful. However, we did encounter some issues with our reservation\u2014the receptionist seemed confused, and to top it off, we later received an email indicating that we hadn\u2019t attended our reservation.",
                "link": "https://www.google.com/maps/reviews/data=!4m8!14m7!1m6!2m5!1sChZDSUhNMG9nS0VJQ0FnSURuOE4zelV3EAE!2m1!1s0x0:0xbcf115deed70c778!3m1!1s2@1:CIHM0ogKEICAgIDn8N3zUw%7CCgwIrOP0twYQwNfAzgM%7C?hl=en-US",
                "date": "a month ago"
            },
            {
                "username": "Preston \u2022",
                "rating": 5,
                "contributor_id": "111604416712585390472",
                "description": "My family was celebrating a graduate and had a room for this celebration. The service was well, the restaurant was beautiful and clean. It was a great experience and I was happy from the choices of meat they had to offer. This will not be the last time I visit this location.",
                "link": "https://www.google.com/maps/reviews/data=!4m8!14m7!1m6!2m5!1sChdDSUhNMG9nS0VJQ0FnSUR6bzhmUzlBRRAB!2m1!1s0x0:0xbcf115deed70c778!3m1!1s2@1:CIHM0ogKEICAgIDzo8fS9AE%7CCgwIi5KkswYQ6KyFjQM%7C?hl=en-US",
                "images": [
                    {
                        "thumbnail": "https://lh5.googleusercontent.com/p/AF1QipNU0v5zf12ylQ3cpHP67BBvbMZmST7W_vRq0mno=w150-h150-k-no-p"
                    },
                    {
                        "thumbnail": "https://lh5.googleusercontent.com/p/AF1QipO7qtNAa7RG39t21vTVNsfnOPuM0sb-rQ9s2WaC=w150-h150-k-no-p"
                    }
                ],
                "date": "5 months ago"
            },
            {
                "username": "Blake Hammond",
                "rating": 5,
                "contributor_id": "114926717755705412299",
                "description": "This is a meat lovers Paradise \ud83d\ude0d\ud83d\ude0d!! It is a buffet style restaurant where you go up to the salad bar to get most of your sides and salad. You have a meat card they give you with a green side and a red side, you flip it to green when you want meat to be brought to the table. The red side is for no meat for the time being and you can always say no thank you even if they come up. They have people bring you a wide range of meats to your table and you can take as much or as little as you want.\n\nThe drinks were amazing, come when they first open for happy hour and it's basically BOGO. I went for my birthday \ud83c\udf82 and got a free dessert which was amazing!! DEFINITELY bring your appetite to this place to get your money's worth because it is around 50 bucks per person to have access to everything! Everyone was super friendly and our server was great!! I recommend making a reservation, it gets crowded quick. I will continue going to this restaurant as long as they keep making it like this!!",
                "link": "https://www.google.com/maps/reviews/data=!4m8!14m7!1m6!2m5!1sChdDSUhNMG9nS0VJQ0FnSURWNUxyQV9BRRAB!2m1!1s0x0:0xbcf115deed70c778!3m1!1s2@1:CIHM0ogKEICAgIDV5LrA_AE%7CCgwI5J3aqwYQqOfS1QM%7C?hl=en-US",
                "images": [
                    {
                        "thumbnail": "https://lh5.googleusercontent.com/p/AF1QipMWoZAP2-w8Y08kUA4X7PBemICHSM4qF_h88rIi=w150-h150-k-no-p"
                    },
                    {
                        "thumbnail": "https://lh5.googleusercontent.com/p/AF1QipMQfa4U5VeQGSbO8f_LjjXy_7QM1H2cjH_X17m9=w150-h150-k-no-p"
                    },
                    {
                        "thumbnail": "https://lh5.googleusercontent.com/p/AF1QipN7s0Hkl34o4Is8rLYvDPOXYiD98LQFy5yKZF8u=w150-h150-k-no-p"
                    },
                    {
                        "thumbnail": "https://lh5.googleusercontent.com/p/AF1QipN6xBwAmcO3ra5lfT87GROsZeSoHZTZ0GYHNevy=w150-h150-k-no-p"
                    },
                    {
                        "thumbnail": "https://lh5.googleusercontent.com/p/AF1QipO66pPqo1Uk_Ix1g0HYik1PNT3KUweFUTueJOJi=w150-h150-k-no-p"
                    },
                    {
                        "thumbnail": "https://lh5.googleusercontent.com/p/AF1QipNgqd4m7Auq_NrPTEKk9U9xVYTivAU3DcUbCDFC=w150-h150-k-no-p"
                    },
                    {
                        "thumbnail": "https://lh5.googleusercontent.com/p/AF1QipNHYmf9ns4WUJqTRhaj3msBrs7xq05nG5CH4EGp=w150-h150-k-no-p"
                    },
                    {
                        "thumbnail": "https://lh5.googleusercontent.com/p/AF1QipOUUM_bJaVBDFbrLPas3U6OufNSt8CAlu1RftMN=w150-h150-k-no-p"
                    }
                ],
                "date": "11 months ago"
            },
            {
                "username": "ayoub salmasi",
                "rating": 2,
                "contributor_id": "112248584124368613039",
                "description": "We made choice to go there based on great experience we had in Chicago. nothing but disappointment.   no taste meat, salty cappers / olives. Melon, watermelon, dragon fruit,  blue berries, and blue cheeses, eggplant and many other items missing.          If this is franchise and price is same, why many items missing?\nWe asked waiter that we are here to celebrate Birth Day. Any thing for on the house? he said you should have said when reserving so we could prepare cake.   we reserved same day and no one asked what is the occasion.  Interesting response and insulting",
                "link": "https://www.google.com/maps/reviews/data=!4m8!14m7!1m6!2m5!1sChdDSUhNMG9nS0VJQ0FnSUQzeG9ERndnRRAB!2m1!1s0x0:0xbcf115deed70c778!3m1!1s2@1:CIHM0ogKEICAgID3xoDFwgE%7CCgwIuqLYuQYQuNWsnAI%7C?hl=en-US",
                "date": "a week ago"
            }
        ]
    },
    "Services": {
        "dine_in": true,
        "takeout": true,
        "delivery": true
    }
}