{
    "docid": 90,
    "Title": "Sam Hill",
    "Price": [],
    "Place ID": "ChIJyct_3IWxPIgRc3xNtz9TGq0",
    "Type ID": [],
    "Type": [
        "Restaurant"
    ],
    "Menu": {
        "link": "https://www.toasttab.com/sam-hill-restaurant-5827-jackson-road",
        "source": "toasttab.com",
        "items": "12/1/24, 12:45 PM\n\nhttps://samhilla2 .com/food\n\nHome Reservations Online Ordering Menus Private Events Join Our Team e-Gift Cards Contact\n\nDinner \u2014 Sam Hill\n\nLUNCH & DINNER\n\nPROUD HOME OF THE MIDWESTERN GOODBYE\n\nAPPETIZERS\nSWEET POTATO FRIES [GF]\nhand-cut. yam sauce fordipping ..... 2... eae 8\n\nCHEESY MORNAY FRIES\nhand-cut fries topped with cheesy mornay sauce\nbacon. parmesan .parsley.... 2.0.2... 0. eee 12\n\n[2] CRAB CAKES\nwild-caught blue crab. herbs and spices .\nserved with arugula andremoulade ............ lb\n\n[4] TOMATO PIES [VJ\n\nsalt-cured roma tomatoes with basil . gruye\u00e9re-parmesan\nina puff pastry . topped with arugula salad\n\nCREAMY CRAB CHEESE DIP [6F+]\ncream cheese . smoked gouda . wild-caught blue crab . green\nonion. garlic. served withwarmbread ........4.\n\n[8] CHICKEN WINGS [GF]\njumbo wings cHoose: buffalo for] barbecue\ncelery & carrots cHoose: bleu cheese forlranch .. 2... 16\n\nSALADS\n\nADD CHICKEN +6 | ADD SHRIMP +8 | ADD STEAK [08] SALMON +10\nFLATIRON STEAK SALAD [6F]\n\nmixed greens . avocado. cherry tomatoes . radishes\n\ngrilled sweet onion . crumbled bleu cheese\n\nbalsamic vinaigrette. cooked toorder........05- 24\n\nCREEKSIDE COBB [\u00e9F]\nromaine . grilled chicken . bacon. tomato . avocado\nboiled ege . goat cheese. honey vinaigrette ........ 18\n\nCITRUS QUINOA [eF][v+]\nromaine . chickpeas . red pepper . cucumber . quinoa\nfeta cheese. red onion. citrus vinaigrette. ........ 16\n\nROASTED BEET [6F][V]\nred & golden beets . spring mix . pumpkin seeds\nfeta cheese. honey-beet vinaigrette... 2... ... eee 16\n\nLa/sM | CAESAR SALAD\nromaine . parmesan . seasoned-croutons\nhouse-made caesar anchovy dressing... 2... 24% 14/7\n\nLG/SM | GARDEN SALAD [erj[ve]\n\n1/5\n12/1/24, 12:45 PM\n\nhttps://samhilla2 .com/food\n\nDinner \u2014 Sam Hill\n\nHome Reservations Online Ordering Menus Private Events Join Our Team e-Gift Cards Contact\n\nOPEN FOR BRUNCH > SATURDAY & SUNDAY 10:30AM \u2014 2:30PM\n\nGER S szrven with cies ff @*\nSUB FOR > FRIES +2 | SWEET POTATO FRIES +3 | GARDEN SALAD A | H\ny SUBFORAGLUTEN J\"\nTHE CLASSIC [\u00a2Fs] Ne\nHALF- POUND | ground-in-house . cooked to order\nlettuce .tomato.red onion. briochebun.......... 14\n\nADD BACON \u00ab2 [oR] CHEESE +2 | GRILLED MUSHROOMS [or] ONIONS +1\n\n(> THE BUTCHER [Gf]\nHALF- POUND | ground sirloin . bacon . tomato\n= S) shredded lettuce . cheddar . steak house mayo\nRP brioche bun. served medium......... 21\n\nTHE SMASH [ers]\n\n2 QUARTER - POUND | smash patties . american cheese\ngrilled onions . pickles . special sauce . brioche bun . . .\n\nSALMON BURGER [Gf]\n\nTHIRD- POUND | house-made salmon patty . lettuce\n\ntomato .red onion . honey dijon aioli. briochebun ..... 16\nADD AVOCADO +2 | ADD CHEESE +2 (ori BACON +2\n\nBLACK BEAN BURGER [6F#IIVG#]\n\nhouse-made black bean patty . lettuce . red onion\n\ntomato. avocado mayo.briochebun...........5 14\nADD AVOCADO +2 | ADD CHEESE +2\n\nCHEESE\n\nCHEDDAR. AMERICAN . GRUYERE . FETA\nBLEU CHEESE . GOAT CHEESE . SWISS\n\nDESSERT\n\nBOURBON CREAM CAKE\nchocolate cake soaked in bourbon cream\ntopped with whipped cream & fresh berries......... 10\n\nPLATES\n\nGRILLED HANGAR STEAK [EF]\n\nchimichurri . roasted wedge potatoes . broccolini\n\nserved Mediumrare. 2. 33\n\nPOT ROAST If]\n12 hour slow - cooked prime beef in au jus\n\nroasted carrots . yukon gold potatoes\n\nSHORT RIB &)\nbone-in short rib braised for 6 hours in house mol\u00e9 sauce\nrecipe . served with goat cheese polenta and broccolini. . . 32\n\nKENTUCKY HOT BROWN\nturkey . bacon . cheesy mornay sauce . parmesan\ntomato . parsley . open-faced on texas toast... ..... 22\n\nCHICKEN POT PIE\nbraised chicken breast . carrots . celery . chicken gravy\nonions . baked with a flaky golden puff pastrytop .... 22\n\nCAULIFLOWER VERDE BOWL [6FiIv\u00e9l\n\nroasted cauliflower . rice . black beans . avocado . corn\n\nroma tomatoes . house-made salsaverde........e 18\nADD CHICKEN +4\n\nJAMBALAYA PASTA\n\npenne pasta . andouille sausage . grilled chicken\n\npeppers. onions . cajun tomato creamsauce........ 24\nADD SHRIMP \u00ab6\n\nRED SNAPPER [Ef]\npan seared with a bright tomato white wine sauce\nbroccoliniandrice . 1... ee ee ee ee eee 30\n\n[2] BLACK BEAN AND SWEET\nPOTATO ENCHILADAS IV x)\n\neoarntartillac hance mal\u00e9 caure mozzarella and\n3/5\n12/1/24, 12:45 PM Dinner \u2014 Sam Hill\n\nSAM] Home Reservations Online Ordering Menus Private Events Join Our Team e-Gift Cards Contact\n\nHIE\n\nDerry Mascarpone\nSUB DAIRY FREE WHIPPED CREAM TO BE VEGAN\n\nSIDES = 3\nTODAY'S SOUP \u00ab6 | BLACK BEANS & RICE \u00ab6 PARTY INQUIRIES\n\nGREEN BEANS +5 | BROCCOLINI \u00ab5 | POLENTA+5 \u2014\u2014\u2014\u2014*\nHAND-CUT FRIES +4 | HOUSE CHIPS +2\n\nFor larger affairs, \u2018The Hall\u2019 on our lower level provides an\n\nelegant private space with a full bar, private restrooms,\nelevator access, and an adjacent outdoor patio.\n[GF1= GLUTEN-FREE | [V] = VEGETARIAN | [VG] = VEGAN\n[#] = CAN BEMADE | & = CONTAINS NUTS Experience intimate gatherings in \u2018The Hideaway\u2019 our\n2 FOR ANY QUESTIONS OR CONCERNS REGARDING YOUR DIETARY semi-private dining area on the main floor, offering\nLIMITATIONS ON OUR MENUS PLEASE REVIEW OUR ALLERGEN GUIDE plated meals for 16-30 guests.\n\nE 'SAM) 20% SERVICE FEE APPLIED TO ALL PARTIES OF SIXOR MORE, AND TO ALL TABS LEFTOPEN AFTERCLOSE. ask your server about menu items that are\nbr THI I L cooked to order or served raw. consuming raw or under cooked meats, poultry, seafood, fish or eggs may increase your risk of foodborne illness.\n\nSH102024\n\nRESTAURANT HOURS: Stay in the loop\n\nMonday-Thursday 11 am to 9 pm\nFriday 11 am to 10 pm\n\nhttps://samhilla2 .com/food\n\nSign up with your email address to receive news and updates.\n\n4/5\n"
    },
    "Address": "5827 Jackson Rd, Ann Arbor, MI 48103",
    "GPS Coordinates": {
        "latitude": 42.2888368,
        "longitude": -83.8447042
    },
    "Phone Number": "(877) 325-6439",
    "Rating": 4.3,
    "Rating Summary": [
        {
            "stars": 1,
            "amount": 27
        },
        {
            "stars": 2,
            "amount": 21
        },
        {
            "stars": 3,
            "amount": 32
        },
        {
            "stars": 4,
            "amount": 41
        },
        {
            "stars": 5,
            "amount": 293
        }
    ],
    "Opening Hours": [
        {
            "friday": "11\u202fAM\u201310\u202fPM"
        },
        {
            "saturday": "11\u202fAM\u201310\u202fPM"
        },
        {
            "sunday": "11\u202fAM\u20139\u202fPM"
        },
        {
            "monday": "11\u202fAM\u20139\u202fPM"
        },
        {
            "tuesday": "11\u202fAM\u20139\u202fPM"
        },
        {
            "wednesday": "11\u202fAM\u20139\u202fPM"
        },
        {
            "thursday": "Closed (Thanksgiving)"
        }
    ],
    "Description": "",
    "Details": [
        {
            "highlights": [
                "Fast service",
                "Fireplace",
                "Great beer selection",
                "Great cocktails",
                "Great dessert",
                "Live music"
            ]
        },
        {
            "popular_for": [
                "Lunch",
                "Dinner",
                "Solo dining"
            ]
        },
        {
            "accessibility": [
                "Wheelchair accessible entrance",
                "Wheelchair accessible parking lot",
                "Wheelchair accessible restroom",
                "Wheelchair accessible seating"
            ]
        },
        {
            "offerings": [
                "Alcohol",
                "Beer",
                "Cocktails",
                "Coffee",
                "Comfort food",
                "Happy hour drinks",
                "Happy hour food",
                "Hard liquor",
                "Private dining room",
                "Small plates",
                "Vegan options",
                "Vegetarian options",
                "Wine"
            ]
        },
        {
            "dining_options": [
                "Brunch",
                "Lunch",
                "Dinner",
                "Catering",
                "Dessert",
                "Seating"
            ]
        },
        {
            "amenities": [
                "Bar onsite",
                "Restroom",
                "Wi-Fi",
                "Free Wi-Fi"
            ]
        },
        {
            "atmosphere": [
                "Casual",
                "Trendy"
            ]
        },
        {
            "crowd": [
                "Family-friendly",
                "Groups",
                "LGBTQ+ friendly",
                "Tourists"
            ]
        },
        {
            "planning": [
                "Accepts reservations"
            ]
        },
        {
            "payments": [
                "Credit cards",
                "Debit cards",
                "NFC mobile payments"
            ]
        },
        {
            "children": [
                "Good for kids",
                "Has changing table(s)",
                "High chairs",
                "Kids' menu"
            ]
        },
        {
            "parking": [
                "Free parking lot",
                "Free street parking",
                "Plenty of parking"
            ]
        },
        {
            "pets": [
                "Dogs allowed",
                "Dogs allowed outside"
            ]
        }
    ],
    "User Reviews": {
        "summary": [
            {
                "snippet": "\"Super impressed by the ambiance, menu (food and drinks), and wait staff.\""
            },
            {
                "snippet": "\"Nice remake of this location: excellent service, nice atmosphere.\""
            },
            {
                "snippet": "\"Nice place, reasonable prices and good variety of selections.\""
            }
        ],
        "most_relevant": [
            {
                "username": "Alex Hall",
                "rating": 4,
                "contributor_id": "106413241000341214176",
                "description": "Sam Hill has a cool, modern atmosphere, but it was a bit empty when I visited. Everything felt fresh and new, and I can tell they put a lot of effort into the design. They have a nice outdoor space that will be perfect for summer dining.\nThe food was good, and they had a nice whiskey selection. I'm excited to try them out again when it's warmer and I can enjoy the patio.\n\nWent back for a second visit and sat outside, great outdoor space. Highly recommend the smash burger.",
                "link": "https://www.google.com/maps/reviews/data=!4m8!14m7!1m6!2m5!1sChZDSUhNMG9nS0VJQ0FnSURqbTRlbkV3EAE!2m1!1s0x0:0xad1a533fb74d7c73!3m1!1s2@1:CIHM0ogKEICAgIDjm4enEw%7CCgwIh8HauAYQ-IuAoQE%7C?hl=en-US",
                "images": [
                    {
                        "thumbnail": "https://lh5.googleusercontent.com/p/AF1QipMpgDfbM3MEe3mMWZ41LWhMOhdIXkYN1a0-7wfi=w150-h150-k-no-p"
                    },
                    {
                        "thumbnail": "https://lh5.googleusercontent.com/p/AF1QipNJQF8CWPP7uqpZrgsTwUVvyHsgXh8Xro2gLX0B=w150-h150-k-no-p"
                    }
                ],
                "date": "a month ago"
            },
            {
                "username": "Becca Hogan",
                "rating": 4,
                "contributor_id": "104658268099954561514",
                "description": "This review is for outdoor dining on the lawn. The setting is amazing for families with kids. Great views, great games, clean, awesome seating options. The drink options were good too. Food is decent but super limited (chips and guacamole, pretzels, chicken steak tacos, hot dogs and chicken fingers and soft serve ice cream)\u2026so if that could be expanded even a bit, this place would be \ud83d\udd25 also- another suggestion to chef, please pare down the salt on all your chips!! Ty!",
                "link": "https://www.google.com/maps/reviews/data=!4m8!14m7!1m6!2m5!1sChdDSUhNMG9nS0VJQ0FnSURUc05tVnVRRRAB!2m1!1s0x0:0xad1a533fb74d7c73!3m1!1s2@1:CIHM0ogKEICAgIDTsNmVuQE%7CCgwIkaezsgYQuOy99QI%7C?hl=en-US",
                "images": [
                    {
                        "thumbnail": "https://lh5.googleusercontent.com/p/AF1QipO6JD6XohNpuCDS6K7X11lBgrM03MeJtOSQV6A=w150-h150-k-no-p"
                    },
                    {
                        "thumbnail": "https://lh5.googleusercontent.com/p/AF1QipNueaGbE6oqMtdMsmvIQHskUV5tbcz_fuDhkYs=w150-h150-k-no-p"
                    },
                    {
                        "thumbnail": "https://lh5.googleusercontent.com/p/AF1QipNoU43gxBrhKsJ8Mht0g2RxOOEG9TUN0L0IX8M=w150-h150-k-no-p"
                    },
                    {
                        "thumbnail": "https://lh5.googleusercontent.com/p/AF1QipN2X4qm53LvBIKMw-JNEwSOm1s196nyVKc2vxM=w150-h150-k-no-p"
                    }
                ],
                "date": "6 months ago"
            },
            {
                "username": "Libby Wedesky",
                "rating": 3,
                "contributor_id": "117092459322232797452",
                "description": "My girlfriends and I went here for brunch. I had looked at the menu beforehand and there was only a handful of things I would eat, since I\u2019m picky. Most stuff had feta or stuff I didn\u2019t want in it. I stuck with the grilled chicken sandwich and let me tell you, it was not good. It was served on Texas toast, which was too buttery and the wrong shape and size completely for the chicken. The chicken breast was thin and too small for the bread and the sandwich was doused in avacado aioli and was dripping! The chips were just ok. My friend got a grilled chicken side salad, which looked good. Other friend got the breakfast plate, said it was ok, and the other one got a pasta dish (don\u2019t remember the name) and she said it was very good. The yard was cool with yard games and fun things. The deck outside had a shade cover which was nice since it was hot. The server was nice, but after we paid, she never came back to give us water or anything even though we were there for like another hour talking. I probably won\u2019t be going back.",
                "link": "https://www.google.com/maps/reviews/data=!4m8!14m7!1m6!2m5!1sChdDSUhNMG9nS0VJQ0FnSUM3NnVHMDB3RRAB!2m1!1s0x0:0xad1a533fb74d7c73!3m1!1s2@1:CIHM0ogKEICAgIC76uG00wE%7CCgsI2c30tQYQsKq8Kw%7C?hl=en-US",
                "images": [
                    {
                        "thumbnail": "https://lh5.googleusercontent.com/p/AF1QipP7NlATBLvO6jO1ErpmT9rUEvkpzcxsxxS58YMG=w150-h150-k-no-p"
                    },
                    {
                        "thumbnail": "https://lh5.googleusercontent.com/p/AF1QipNcMgbAG2vUEFgGWYEAbFd6HAgtf9K1ky3ck0vV=w150-h150-k-no-p"
                    },
                    {
                        "thumbnail": "https://lh5.googleusercontent.com/p/AF1QipOOe1MXnuWeFAubwUJtRnLxWB20SlntAURRVIJ3=w150-h150-k-no-p"
                    },
                    {
                        "thumbnail": "https://lh5.googleusercontent.com/p/AF1QipP3JyaMrGYuTHCQUpcrciscAihk2mmuIC23_VPY=w150-h150-k-no-p"
                    }
                ],
                "date": "3 months ago"
            },
            {
                "username": "Melissa G.",
                "rating": 2,
                "contributor_id": "106267443973524798812",
                "description": "We were seated in the bar area next to dirty tables.   The food was ok and the server was ok.  We had the smash burger and the pasties (gross deep fried and don\u2019t taste like pasties- it was more like fried dough with chopped up mushroom filling).",
                "link": "https://www.google.com/maps/reviews/data=!4m8!14m7!1m6!2m5!1sChdDSUhNMG9nS0VJQ0FnSUNub1pUODZ3RRAB!2m1!1s0x0:0xad1a533fb74d7c73!3m1!1s2@1:CIHM0ogKEICAgICnoZT86wE%7CCgsIjczWtwYQ8IDXcw%7C?hl=en-US",
                "images": [
                    {
                        "thumbnail": "https://lh5.googleusercontent.com/p/AF1QipMHnvgPEyItHUGd_rg1r64QAp4ScvGbWXZp6uKM=w150-h150-k-no-p"
                    },
                    {
                        "thumbnail": "https://lh5.googleusercontent.com/p/AF1QipNzvSR5kxiaA_MiXReIZGvJ0mMz07mhye8C6R5I=w150-h150-k-no-p"
                    }
                ],
                "date": "a month ago"
            },
            {
                "username": "Camille S",
                "rating": 5,
                "contributor_id": "112572760415186616988",
                "description": "Great food and service!  Came here with about 10 people, had Christian as our waiter and he was excellent. Plenty of parking. We had the tomato pies (to die for), The Hot Brown (beautiful open faced sandwich), toasted ravioli, shrimp and grits with fresh big shrimp, grits were seasoned well, and the Creekside Cobb which was so good with the goat cheese. We would definitely come back for the food and the sit at the bar for cocktails. The bar is nice!",
                "link": "https://www.google.com/maps/reviews/data=!4m8!14m7!1m6!2m5!1sChdDSUhNMG9nS0VJQ0FnSURWXy1lLXFnRRAB!2m1!1s0x0:0xad1a533fb74d7c73!3m1!1s2@1:CIHM0ogKEICAgIDV_-e-qgE%7CCgsI6JqIrAYQ6PzAMQ%7C?hl=en-US",
                "images": [
                    {
                        "thumbnail": "https://lh5.googleusercontent.com/p/AF1QipM4NdFmfcqQ9rf3Acbzv9QXYMaYfPjBNVCfaJWo=w150-h150-k-no-p"
                    },
                    {
                        "thumbnail": "https://lh5.googleusercontent.com/p/AF1QipPZ9UlJbhOa3icQzFd5FI4DEkDtbi3VGi2XoEiK=w150-h150-k-no-p"
                    },
                    {
                        "thumbnail": "https://lh5.googleusercontent.com/p/AF1QipN1NzCY_vLCwJS_GppghcdNJjI4WlaB71WjaXE_=w150-h150-k-no-p"
                    },
                    {
                        "thumbnail": "https://lh5.googleusercontent.com/p/AF1QipMKcNyg4hNzf0iPS3NT0vSPIswZIDTNmdYUEynJ=w150-h150-k-no-p"
                    },
                    {
                        "thumbnail": "https://lh5.googleusercontent.com/p/AF1QipNpDRI6RgsSDK2Ir5pzC3JjQneN_Y8W3iBX_k2k=w150-h150-k-no-p"
                    }
                ],
                "date": "11 months ago"
            },
            {
                "username": "s w",
                "rating": 5,
                "contributor_id": "113322904074838434296",
                "description": "Absolutely family-friendly yard, kids love playing the games, and even making new friends. Food has been great every time. The menu is slightly limited for guests in the yard, but the atmosphere is awesome.",
                "link": "https://www.google.com/maps/reviews/data=!4m8!14m7!1m6!2m5!1sChdDSUhNMG9nS0VJQ0FnSUNiMnRicS1RRRAB!2m1!1s0x0:0xad1a533fb74d7c73!3m1!1s2@1:CIHM0ogKEICAgICb2tbq-QE%7CCgsIqsiMtQYQ4NCDOA%7C?hl=en-US",
                "images": [
                    {
                        "thumbnail": "https://lh5.googleusercontent.com/p/AF1QipMXQXgsDdex8XS5_oWvzfe2_nnKIG0Kijk1vXqp=w150-h150-k-no-p"
                    }
                ],
                "date": "3 months ago"
            },
            {
                "username": "Miesha Carey",
                "rating": 5,
                "contributor_id": "104983384853985314914",
                "description": "Burgers and fries, chicken and waffles and biscuits and gravy were all very good! The brunch cobbler drink was as well. The staff were all friendly and accommodating. We were visiting from out of town, it's always nice to find a solid go-to restaurant for future visits!",
                "link": "https://www.google.com/maps/reviews/data=!4m8!14m7!1m6!2m5!1sChdDSUhNMG9nS0VJQ0FnSURYX3ByMmpRRRAB!2m1!1s0x0:0xad1a533fb74d7c73!3m1!1s2@1:CIHM0ogKEICAgIDX_pr2jQE%7CCgwI9u_6uAYQ4KzS8gE%7C?hl=en-US",
                "date": "3 weeks ago"
            },
            {
                "username": "Jeff Gardner",
                "rating": 5,
                "contributor_id": "108553001012354326275",
                "description": "We celebrated my mother's birthday on Wednesday 10/2 at Sam Hill. Our party of 8 was promptly sat and given water. Our server was attentive, even wishing my mother a happy birthday. We had a wide range of dishes that everyone was very pleased with. I had the steak salad and the meat was seasoned and cooked perfectly to medium rare, my gf also had a salad with steak added to it that was cooked to a perfect medium, as ordered. The greens and salad components were all very fresh and it was tossed in the appropriate amount of dressing, not too much, not to little. We'll be back soon and thank you Sam Hill for a wonderful evening. Highly recommend!",
                "link": "https://www.google.com/maps/reviews/data=!4m8!14m7!1m6!2m5!1sChdDSUhNMG9nS0VJQ0FnSURuamRmUWhnRRAB!2m1!1s0x0:0xad1a533fb74d7c73!3m1!1s2@1:CIHM0ogKEICAgIDnjdfQhgE%7CCgwI14CVuAYQuMPp4AE%7C?hl=en-US",
                "date": "a month ago"
            }
        ]
    },
    "Services": {
        "dine_in": true,
        "takeout": true,
        "no_contact_delivery": true
    }
}