{
    "docid": 92,
    "Title": "Dalat Restaurant",
    "Price": [],
    "Place ID": "ChIJ-TgoqTioPIgRB2JM8hgQJ4w",
    "Type ID": [],
    "Type": [
        "Vietnamese restaurant",
        "Asian restaurant"
    ],
    "Menu": {
        "link": "https://www.clover.com/online-ordering/dalat-restaurant-ann-arbor?fbclid=IwY2xjawGpnv1leHRuA2FlbQIxMQABHRcrXjznZUGMspNVj0VjwmbuwyFbrDmt4mgVQfjTslFOI3jnagQRXsFvDg_aem_llpKlKx4XkfYwSYf9C4v2A",
        "source": "clover.com",
        "items": "12/1/24, 12:46 PM Dalat Restaurant\n\nOUR STORY\n\nLang Bui started a small Vietnamese restaurant in Ypsilanti, Michigan near Eastern Michigan University (EMU) in the spring of 1990\nserving mainly students and staff there with limited traditional southern Vietnamese dishes such as Goi cuon (fresh spring rolls), fried\nspring rolls, Pho (noodles soup), Vermicelli bowls, stir-fried chicken lemongrass & chili paste, etc. She then moved to historic downtown\nYpsilanti for larger space and also added more dishes to the menu. She's finally retired after 27 years running this business as a chef\nand owner. Her daughter-in-law, Tran Nguyen, has taken over the family business and moved it to the current location (2216 S. Main St.,\nAnn Arbor, Mi 48103). Tran has maintained most menu items and improved them with premium ingredients.\n\nMENU\n\nNotice: Menu Items & Prices are subject to change.\n\nhttps://www.dalatrestaurantannarbor.com 4/16\nAPPETIZERS\n\n1. Goi cuon (A pair of fresh\nshrimp rolls)\n\nShredded boiled chicken, shrimp,\nlettuce, bean sprouts, cilantro and\nrice vermicelli wrapped in steamed\nrice paper. Served cold with peanut\nsauce.\n\n2. Cha gio (A pair of Dalat\u2019s\negegroll)\n\nDeep-fried spring roll which is filled\nwith chicken, thin transparent\nnoodles, black mushrooms,\nshredded cabbages and carrots.\nServed with Vietnamese sweet and\nsour dipping sauce.\n\n3. Dalat Chicken Wings\n\nVietnamese-style lemongrass &\nhoney chicken wings. Served with\nsweet chili sauce (5 pieces)\n\nhttps://www.dalatrestaurantannarbor.com\n\n$6.95\n\n$6.95\n\n$9.95\n\nDalat Restaurant\n\nNOODLE SOUPS\n\n10. Phd ga (Chicken Noodles\nSoup) $13.95\n\nA chicken-base rice noodles soup\nwith poached chicken, bean sprouts,\nonions & cilantro.\n\n11. Phd tai nam (Beef Noodles\nSoup) $14.50\n\nTraditional Vietnamese beef-base\nrice noodles soup with medium well-\ndone sliced beef, beef brisket topped\nwith onions & cilantro.\n\n12. Phd dac bi\u00e9t (Beef House\nNoodles Soup) $15.95\n\nSpecial traditional Vietnamese beef-\nbase rice noodles soup with medium\nwell-done sliced beef, beef brisket or\nshank, cut beef meatball, beef\ntendons and beef tripe, topped with\nonions & cilantro.\n\n5/16\n12/1/24, 12:46 PM\n\n3B. Muc rang mudi (Chilli Salted\nSquid) $10.95\n\nGarlic, Chili & Pepper Salted Squid\nwith Jalapefio, chopped head lettuce,\nbell pepper, onions & cilantro.\n\nVERMICELLI &\n\nhttps://www.dalatrestaurantannarbor.com\n\nDalat Restaurant\n\n14. HU ti\u20acu hodc Mi dac bi\u00e9#16.95\n\nA bowl of egg- or rice-noodle soup\nwith shrimp, pork or chicken,\ncrabmeat (imitation) & squid.\n\n15. Banh canh rau cu $13.95\n\nUdon soup with steamed tofu,\nbroccoli, carrots, mushrooms &\nonions.\n\n16. Bun bo Hu\u00e9 $14.95\n\nSpicy Hue style rice noodles soup\nwith sliced beef & pork, lemongrass\nflavor, shrimp paste & onions.\n\n17. Banh canh hai san $16.95\n\nUdon soup with sliced pork, shrimp,\nsquid, imitated crabmeat, chicken or\npork topped with fresh chopped\nscallions & fried onions.\n\n6/16\n12/1/24, 12:46 PM\n\nNOODLES\n\n18. Bun nem nu@Gng cha git14.95\n\nRice vermicelli, Vietnamese-styled\ngrilled sliced cured pork, cut eggroll,\nbean sprouts, cucumber, topped\nwith Cilantro and crushed roasted\npeanuts. Served with Vietnamese\nsweet & sour sauce.\n\n18B. Bun nem nudng chao t6m\ncha gid $18.95\n\nRice vermicelli, Vietnamese-styled\ngrilled sliced cured pork, grilled\nshrimp on sugarcane, cut eggroll,\nbean sprouts, cucumber, topped\nwith cilantro and crushed roasted\npeanuts. Served with Vietnamese\nsweet & sour sauce.\n\n19. Bun thit nud\u00e9ng $13.95\n\nSteamed rice vermicelli, bean\nsprouts, cucumber, lettuce, grilled\nbeef topped with cilantro and\ncrushed roasted peanuts. Served\nwith Vietnamese sweet & sour sauce.\n\nhttps://www.dalatrestaurantannarbor.com\n\nDalat Restaurant\n\nSPECIALS\n\n28. Bo kho $15.50\n\nVietnamese styled beef stew with\nchopped celery, carrots, mushrooms\nand onions.\n\n29. Ca bdng lau kho td $17.95\n\nCatfish fillets simmered in thick\nbrown sauce topped with ginger,\nblack pepper, green and fried\nonions.\n\n30. Ga xO xdu nuGng $13.95\n\nVermicelli with grilled chicken,\ncucumber, tomatoes and mints.\nServed with sweet & Sour sauce.\n\n32. Banh xe\u00e9o $12.95\n\nA piece of pan-fried golden crispy\ncr\u00e9pe stuffed with shrimp & chicken\n(or pork), mushrooms, beansprouts\nand onions. Served with sweet and\nsour sauce.\n\nTN6\n12/1/24, 12:46 PM Dalat Restaurant\n\n19B. Bun bo ca ri $13.95\n\nSteamed rice vermicelli with stir-\nfried beef or chicken in curry sauce,\nbean sprouts, cucumber, lettuce,\ntopped with cilantro and crushed\nroasted peanuts. Served with\nVietnamese sweet & sour sauce.\n\n20. Bun t6m thit nudng ch\u00e9 g\u00e995\n\nRice vermicelli, grilled shrimp & beef,\ncut eggroll, bean sprouts, cucumber,\ntopped with cilantro and crushed\nroasted peanuts. Served with\nVietnamese sweet & sour sauce.\n\n22. Pho xao (Stir-fried rice\nnoodles) $16.95\n\nStir-fried rice noodles with chicken,\ncabbage, bean sprouts, mushrooms\nand onions.\n\n22B. Mi xao thap cam $18.95\n\nStir-fried egg noodles with chicken,\nshrimp, squid, broccoli, beansprouts,\nmushrooms and onions.\n\nhttps://www.dalatrestaurantannarbor.com 8/16\nSTIR-FRIED\nENTREES\n\n23. Ga xao Sa Gt $14.95\n\nStir-fried chicken, lemongrass, chili\nsauce and onions bedded with\nchopped lettuce.\n\n24. Xao b6ng cai nam $15.95\n\nStir-fried broccoli, mushrooms,\ncarrots and onions with either\nchicken, beef or pork.\n\n25. XaO Ca ri $14.95\n\nCurry stir-fried with beef or chicken,\nOnions in Curry sauce and topped\nwith crushed peanuts.\n\n33. Heo rim man ngot $14.95\n\nSpicy simmered pork & onions in\nthick brown sauce bedded with\nchopped lettuce.\n\nhttps://www.dalatrestaurantannarbor.com\n\nDalat Restaurant\n\nRICE PLATES\n\n26. Com chi\u00e9n - Vietnamese-\nstyled fried rice $14.95\n\nVietnamese styled fried rice with\nshrimp, eggs, chicken, peas, carrots\nand onions. Served with an eggroll.\n\n27. Com suon tritng 6p la $16.95\n\nA steamed rice plate of grilled pork\nchops, sunny-side up egg with\ntomatoes, cucumber & lettuce.\nServed with a cup of simple chicken\nsoup.\n\n34. Com rang th\u00e9 ga x\u00e9 phay\ntron la qu\u00e9 $14.75\nVietnamese styled basil fried rice in a\n\nclay pot with shredded chicken &\nsunny-side up egg.\n\n9/16\n12/1/24, 12:46 PM\n\nVEGETARIAN\nENTREES\n\n35. Goi cudn chay - Vegetarian\nfresh roll $6.95\n\nMock duck (seitan), lettuce, bean\nsprouts, cilantro and rice vermicelli\nwrapped in translucent rice-paper.\nServed with peanut sauce.\n\n36. Cha gid chay - Vegetarian\neggroll $6.95\n\nDeep-fried roll of tofu, thin\ntransparent noodles, black\nmushrooms, shredded cabbage and\ncarrots. Served with sweet and sour\nsauce.\n\n37. Goi chay $9.75\n\nA salad of Mock duck (seitan),\nshredded cabbage, carrots, cilantro,\ncrushed peanut, sweet & sour\ndressing.\n\nhttps://www.dalatrestaurantannarbor.com\n\nDalat Restaurant\n\nLUNCHEON\n\nA. Ga xao xa Ot $9.75\n\nStir-fried chicken, lemongrass and\nonions in chili brown sauce.\n\nB. Bo kho $9.75\n\nVietnamese styled beef stew with\ncarrots, mushrooms and onions.\n\nC. Com chi\u00e9n $10.25\n\nVietnamese styled fried rice with\nshrimp, eggs, chicken, peas, carrots\nand onions. Served with an egg roll.\n\nD. Phd xao $11.75\n\nStir-fried rice noodles with chicken,\ncabbage, bean sprouts, mushrooms\nand onions.\n\nE. Dau hu xao bap cai nam 6t\nxanh $9.95\n\n10/16\n12/1/24, 12:46 PM\n\n39. Canh chua dau hu $9.50\n\nA spicy & sour soup of deep-fried\ntofu, bean sprouts, tomatoes,\npineapple chunks, celery, topped\nwith fried garlic.\n\n40. Bun mi can cha gid cha\u00a5$13.50\n\nRice vermicelli, cut eggroll, seitan,\nbean sprouts, cucumber, topped\nwith cilantro & crushed roasted\npeanuts. Served with sweet and sour\nsauce.\n\n41. Hu ti\u20acu hoac mi chay $13.95\n\nVegetarian rice noodles soup with\ndeep-fried tofu & mixed vegetables\nwith green & fried onions.\n\n42. Dau hu mi can chung tisoags\n\nSteamed seitan (mock duck), bean\ncurd, transparent vermicelli,\nmushrooms, tomatoes, bell pepper,\nginger & onions.\n\n43. Mi can xao xa Ot $14.50\n\nhttps://www.dalatrestaurantannarbor.com\n\nDalat Restaurant\n\nStir-fried tofu with cabbages, bell\npeppers, carrots, mushrooms and\nonions.\n\nF. Xao dau nam $9.95\n\nStir-fried choice of tofu, chicken or\nbeef with mushrooms, green beans,\ncarrots and onions.\n\nG. Mi can xao xa Ot $9.75\n\nStir-fried seitan (mock duck),\nlemongrass, chili sauce and onions.\n\nH. Xao thap cam $9.95\n\nStir-fried mixed vegetables with\nchoice of meat, seafood (+$2.95) or\ntofu.\n\n|. Heo rim man ngot $9.75\n\nSpicy simmered pork & onions in\nthick brown sauce.\n\nJ. Ga xo xau nu\u00e9ng $9.95\n\nGrilled Chicken on top of fried rice\nwith a side of shredded cabbage\n\n11/16\n12/1/24, 12:46 PM\nStir-fried seitan (mock duck)\nlemongrass and chili sauce and\nonions bedded with chopped\nlettuce.\n\n44. Mit non, mi can xao raus\u00a2Si50\n\nStir-fried young jackfruit, seitan,\nmushroom, bell pepper, broccoli,\ncilantro & onions.\n\n45. Com chi\u00e9n chay $14.95\n\nFried rice with broccoli, carrots,\nsnow peas, fried tofu, and a veggie\negg roll.\n\n46. Dau hu mi can kho t6 $15.50\n\nFried tofu, seitan (mock-duck),\nmushrooms, fresh pineapple slices &\nonions simmered in thick brown\nsauce topped with green onions,\nshredded ginger and black pepper.\n\nhttps://www.dalatrestaurantannarbor.com\n\nDalat Restaurant\n\nsalad.\n\nK. Mit non, mi can xao rau c&9.95\n\nStir-fried young jackfruit, seitan\n(mock duck), shiitake mushroom,\nbell pepper, broccoli, cilantro &\nonions.\n\nBento Box #1 $11.95\n\nStir-fried chicken with lemongrass &\nchili sauce\n\nShredded cabbage salad\n\nEgg roll & plain chicken soup\n\nPlain or Fried-rice\n\nBento Box #2 $11.95\n\nSpicy simmered pork in thick brown\nsauce\n\nShredded cabbage salad\n\nEgg roll & plain chicken soup\n\nPlain or Fried-rice\n\nBento Box #3 $11.95\n\nStir-fried seitan with lemongrass &\nchili sauce\nShredded cabbage salad\nEgg roll & plain tofu soup\n12/16\n12/1/24, 12:46 PM Dalat Restaurant\nPlain or Fried-rice\n\nBento Box #4 $11.95\n\nChicken or Beef Curry with onions\nShredded cabbage salad\n\nEgg roll & plain chicken soup\nPlain or Fried-rice\n\nhttps://www.dalatrestaurantannarbor.com 13/16\n"
    },
    "Address": "2216 S Main St, Ann Arbor, MI 48103",
    "GPS Coordinates": {
        "latitude": 42.2527748,
        "longitude": -83.7505941
    },
    "Phone Number": "(734) 487-7600",
    "Rating": 4.4,
    "Rating Summary": [
        {
            "stars": 1,
            "amount": 21
        },
        {
            "stars": 2,
            "amount": 10
        },
        {
            "stars": 3,
            "amount": 40
        },
        {
            "stars": 4,
            "amount": 92
        },
        {
            "stars": 5,
            "amount": 315
        }
    ],
    "Opening Hours": [
        {
            "friday": "11\u202fAM\u20137:30\u202fPM"
        },
        {
            "saturday": "11\u202fAM\u20137\u202fPM"
        },
        {
            "sunday": "Closed"
        },
        {
            "monday": "11\u202fAM\u20137:30\u202fPM"
        },
        {
            "tuesday": "11\u202fAM\u20137:30\u202fPM"
        },
        {
            "wednesday": "11\u202fAM\u20137:30\u202fPM"
        },
        {
            "thursday": "11\u202fAM\u20137:30\u202fPM (Thanksgiving)"
        }
    ],
    "Description": "Long-running, family-owned eatery serving Vietnamese fare, including pho, in simple environs.",
    "Details": [
        {
            "from_the_business": [
                "Identifies as Asian-owned",
                "Identifies as women-owned"
            ]
        },
        {
            "highlights": [
                "Fast service",
                "Great tea selection"
            ]
        },
        {
            "popular_for": [
                "Lunch",
                "Dinner",
                "Solo dining"
            ]
        },
        {
            "accessibility": [
                "Wheelchair accessible entrance",
                "Wheelchair accessible parking lot",
                "Wheelchair accessible restroom",
                "Wheelchair accessible seating"
            ]
        },
        {
            "offerings": [
                "Coffee",
                "Comfort food",
                "Healthy options",
                "Quick bite",
                "Small plates",
                "Vegan options",
                "Vegetarian options"
            ]
        },
        {
            "dining_options": [
                "Lunch",
                "Dinner",
                "Dessert",
                "Seating"
            ]
        },
        {
            "amenities": [
                "Restroom",
                "Wi-Fi",
                "Free Wi-Fi"
            ]
        },
        {
            "atmosphere": [
                "Casual",
                "Cozy"
            ]
        },
        {
            "crowd": [
                "College students",
                "Groups",
                "Tourists"
            ]
        },
        {
            "planning": [
                "Accepts reservations"
            ]
        },
        {
            "payments": [
                "Credit cards",
                "Debit cards",
                "NFC mobile payments"
            ]
        },
        {
            "children": [
                "Good for kids",
                "High chairs"
            ]
        },
        {
            "parking": [
                "Free parking lot",
                "Plenty of parking"
            ]
        }
    ],
    "User Reviews": {
        "summary": [
            {
                "snippet": "\"I ordered iced Vietnamese coffee and the #10 chicken pho.\""
            },
            {
                "snippet": "\"Delicious food, good bubble tea sushi, recommend mango flavor\""
            },
            {
                "snippet": "\"This rude owner thinks that I gave the stars based on over priced price.\""
            }
        ],
        "most_relevant": [
            {
                "username": "Laura Thompson",
                "rating": 5,
                "contributor_id": "112089818882514472571",
                "description": "Dalat Vietnamese Restaurant is worth a visit.  I have been here twice.  Each time I order the Ph\u1edf t\u00e1i n\u1ea1m (Beef Noodles Soup).  So delicious.  Bean sprouts, lime, basil leaves and jalape\u00f1os served on a side plate to use as desired.\n\nPho tai nam is a  traditional Vietnamese beef-base rice noodles soup with medium well-done sliced beef, beef brisket topped with onions & cilantro.  They have many other dishes besides the noodle soups.  For lunch there are different specials as well such as Benito boxes. They offer sit down service or pick up.  The staff waits on you quickly.  If you pay with credit card there is a extra charge.  When paying in cash they will discount the bill given to you.\n4-23-2024 Stopped by again and decided to try something new. B\u00e1nh x\u00e8o.  It is a piece of pan-fried golden crispy cr\u00eape filled with shrimp & chicken (or pork), mushrooms, beansprouts and onions. On the side they give you a sweet and sour sauce to use with it.  I never had this before but I am wondering if mine was over cooked.  It was very crispy and brown not golden.  On the internet when you look up this dish it looks yellow almost resembling an egg omelet in appearance.  It seemed like a very greasy dish.  I also got the Spring rolls.  My mistake to order to fried dishes together.  Way to much oil.  I won't try this again.  The Pho is way too good to get this dish.  I will try to included photos.",
                "link": "https://www.google.com/maps/reviews/data=!4m8!14m7!1m6!2m5!1sChdDSUhNMG9nS0VJQ0FnSUNSMmFQazlRRRAB!2m1!1s0x0:0x8c271018f24c6207!3m1!1s2@1:CIHM0ogKEICAgICR2aPk9QE%7CCgwIor27sQYQkLLs5AI%7C?hl=en-US",
                "images": [
                    {
                        "thumbnail": "https://lh5.googleusercontent.com/p/AF1QipNZwpbDH8bfIx2Xwoew--JR8IhS_JJsECnGtp7X=w150-h150-k-no-p"
                    },
                    {
                        "thumbnail": "https://lh5.googleusercontent.com/p/AF1QipMtAHKG_xyxKnmJCzsxNAvAPhxjFTNApCm9VTCd=w150-h150-k-no-p"
                    },
                    {
                        "thumbnail": "https://lh5.googleusercontent.com/p/AF1QipPBNrMiWqBD87LoNmm4nU0s4dD1JbHx8xugq3z1=w150-h150-k-no-p"
                    },
                    {
                        "thumbnail": "https://lh5.googleusercontent.com/p/AF1QipMuS_5EJdZU_bVGwL0j65YqgOPBPjhdPlYHUaIa=w150-h150-k-no-p"
                    }
                ],
                "date": "6 months ago"
            },
            {
                "username": "Candace Winslow",
                "rating": 5,
                "contributor_id": "107031535556652009384",
                "description": "After reading extreme pro/con reviews and owner's idc responses, I had to try this place myself. It was fine. Fresh ingredients, not overcooked, 5 minutes at lunch hour, not huge proportions. my bad for not noting the dish I ordered. Plenty of seating inside and a little spot around the corner if you want to eat outdoors. If I had any suggestion, it would be to order Medium or ask for more spice on to go order.",
                "link": "https://www.google.com/maps/reviews/data=!4m8!14m7!1m6!2m5!1sChdDSUhNMG9nS0VJQ0FnSURqZzhHQXRRRRAB!2m1!1s0x0:0x8c271018f24c6207!3m1!1s2@1:CIHM0ogKEICAgIDjg8GAtQE%7CCgwIypXlsQYQ-Oy2nQI%7C?hl=en-US",
                "images": [
                    {
                        "thumbnail": "https://lh5.googleusercontent.com/p/AF1QipPzDiJHQv0NgI4nk9YVbs8-66ahEpdV8WZ5ywgb=w150-h150-k-no-p"
                    }
                ],
                "date": "6 months ago"
            },
            {
                "username": "Dawn Prostell",
                "rating": 4,
                "contributor_id": "106153925260412976940",
                "description": "We had the #2 appetizers, which were very fresh and delicious. I had the #14 Pho, which had chicken, shrimp, crab, and squid. The broth was amazing. All the ingredients tasted very fresh. We also split #25 Xao Ca Ri, and it was also very good. Everything was seasoned just right. Go at lunchtime as they do have specials. Location was easy to find, and the atmosphere was very inviting.",
                "link": "https://www.google.com/maps/reviews/data=!4m8!14m7!1m6!2m5!1sChZDSUhNMG9nS0VJQ0FnSUNWak4zWWFREAE!2m1!1s0x0:0x8c271018f24c6207!3m1!1s2@1:CIHM0ogKEICAgICVjN3YaQ%7CCgwI5bS-qwYQ0Ij33gI%7C?hl=en-US",
                "images": [
                    {
                        "thumbnail": "https://lh5.googleusercontent.com/p/AF1QipNtB_RCKlTxzwL25vhyd7NdVPdVptqs7q7FZgr5=w150-h150-k-no-p"
                    },
                    {
                        "thumbnail": "https://lh5.googleusercontent.com/p/AF1QipNRe0nvnXQ_47sjfQtbruvRvVYpEdwI51rCyuPu=w150-h150-k-no-p"
                    }
                ],
                "date": "11 months ago"
            },
            {
                "username": "Ellen Bauer",
                "rating": 5,
                "contributor_id": "102153278433919250391",
                "description": "Tried for the first time and everything was really good! They had a lot of vegetarian options. Their Vietnamese iced coffee was great. Friendly service. Will definitely be back.",
                "link": "https://www.google.com/maps/reviews/data=!4m8!14m7!1m6!2m5!1sChdDSUhNMG9nS0VJQ0FnSURYcnFDUW53RRAB!2m1!1s0x0:0x8c271018f24c6207!3m1!1s2@1:CIHM0ogKEICAgIDXrqCQnwE%7CCgsIltH4uAYQyJG2IQ%7C?hl=en-US",
                "date": "3 weeks ago"
            },
            {
                "username": "Chulwon Lee",
                "rating": 4,
                "contributor_id": "105416772281571033509",
                "description": "The best, most authentic Vietnamese pho place in the town. Their BunBoHue is really good. I did not really liked their noodle(bun), but the broth had good enough spiciness and nicely balanced layers of different flavors. Their pho was also very authentic. The prices are also quite reasonable, considering the crazy inflation nowadays. Overall I'd definitely recommend this place to anyone seeking for an authentic Vietnamese joint.",
                "link": "https://www.google.com/maps/reviews/data=!4m8!14m7!1m6!2m5!1sChdDSUhNMG9nS0VJQ0FnSUNaOGRlQTdRRRAB!2m1!1s0x0:0x8c271018f24c6207!3m1!1s2@1:CIHM0ogKEICAgICZ8deA7QE%7CCgwIgaSDqAYQyPWpsAI%7C?hl=en-US",
                "images": [
                    {
                        "thumbnail": "https://lh5.googleusercontent.com/p/AF1QipMZJF_OmMcVSYjpTYz4lLABE-c6QIbPuul1outJ=w150-h150-k-no-p"
                    },
                    {
                        "thumbnail": "https://lh5.googleusercontent.com/p/AF1QipPrRP1f9fwKH1wg_cEp_Idys3ezR6oGj8lR8QM5=w150-h150-k-no-p"
                    },
                    {
                        "thumbnail": "https://lh5.googleusercontent.com/p/AF1QipOA8kxXQ825HZ8CyqSRKb0wRVrDo3slzKlbmyk_=w150-h150-k-no-p"
                    },
                    {
                        "thumbnail": "https://lh5.googleusercontent.com/p/AF1QipN17pN46uO-F1nMGr2uYBtKZZASMd9sBiigpWOD=w150-h150-k-no-p"
                    },
                    {
                        "thumbnail": "https://lh5.googleusercontent.com/p/AF1QipOcSgBzrGibjA3DuvnG863AFxMrU3PjEfAC7C_w=w150-h150-k-no-p"
                    },
                    {
                        "thumbnail": "https://lh5.googleusercontent.com/p/AF1QipN8sqXRgf3GM3AIUI9mzu2kX1AIO-CucGKrEEsK=w150-h150-k-no-p"
                    },
                    {
                        "thumbnail": "https://lh5.googleusercontent.com/p/AF1QipO-6F4DtL_wmqrKnO36wf0kWY_a78Ljk7e2j6u8=w150-h150-k-no-p"
                    },
                    {
                        "thumbnail": "https://lh5.googleusercontent.com/p/AF1QipODbd07xjOIXatJHVFkaI0NzXrd08hRFSaBlJzp=w150-h150-k-no-p"
                    },
                    {
                        "thumbnail": "https://lh5.googleusercontent.com/p/AF1QipPBlzrYd1gr-uYSbMwPP9IQNWazRZb9x059RK-u=w150-h150-k-no-p"
                    },
                    {
                        "thumbnail": "https://lh5.googleusercontent.com/p/AF1QipP2jPiTnrshdW3LuZuApk2vIZt3jIHU0nr5cpGW=w150-h150-k-no-p"
                    },
                    {
                        "thumbnail": "https://lh5.googleusercontent.com/p/AF1QipPkakDaMvOpG4MKvztvbdn0EFCXh1eoodkwJ3QO=w150-h150-k-no-p"
                    }
                ],
                "date": "a year ago"
            },
            {
                "username": "Alice",
                "rating": 5,
                "contributor_id": "117082194834501935064",
                "description": "Stopped by for lunch and ordered a vegetarian bento box and pho. All of the food was wonderful and warmed me up on a cold winter day. The servers were friendly and the food was served quickly. I will definitely be returning and I really recommend you try this place too. :3",
                "link": "https://www.google.com/maps/reviews/data=!4m8!14m7!1m6!2m5!1sChZDSUhNMG9nS0VJQ0FnSUNkcFo2V0tBEAE!2m1!1s0x0:0x8c271018f24c6207!3m1!1s2@1:CIHM0ogKEICAgICdpZ6WKA%7CCgwIlPm-rgYQkIHhgQE%7C?hl=en-US",
                "images": [
                    {
                        "thumbnail": "https://lh5.googleusercontent.com/p/AF1QipMoA8zKZuDUhdjKkQtv6isHtvzTRZ9LVxpRItj1=w150-h150-k-no-p"
                    }
                ],
                "date": "9 months ago"
            },
            {
                "username": "Nathan Noland",
                "rating": 5,
                "contributor_id": "115403620397059731904",
                "description": "This place turned out to be a solid stop. The B\u00e1nh x\u00e8o was the winner for me - it had amazing texture and was crisp, filled with flavorful and fresh ingredients. The fried egg rolls were also really good. It\u2019s a great choice if you\u2019re in the area and it was a much needed break from American foods that were pretty much the only thing on offer around the cabin we spent the summer at.",
                "link": "https://www.google.com/maps/reviews/data=!4m8!14m7!1m6!2m5!1sChdDSUhNMG9nS0VJQ0FnSURhcjlINF9RRRAB!2m1!1s0x0:0x8c271018f24c6207!3m1!1s2@1:CIHM0ogKEICAgIDar9H4_QE%7CCgwI4aiciQYQsOPF8gE%7C?hl=en-US",
                "images": [
                    {
                        "thumbnail": "https://lh5.googleusercontent.com/p/AF1QipOysDmQXNIBbE7oH0w63rOnafpnRBpJkMZTHu1y=w150-h150-k-no-p"
                    },
                    {
                        "thumbnail": "https://lh5.googleusercontent.com/p/AF1QipOB_C-K-WOh7Sg6243zPr_u524VT9ScdYAB5QR2=w150-h150-k-no-p"
                    },
                    {
                        "thumbnail": "https://lh5.googleusercontent.com/p/AF1QipNc2rhwmcW0Xw8pz7GbYO18iUZ2kxVzbwkdrQcC=w150-h150-k-no-p"
                    }
                ],
                "date": "3 years ago"
            },
            {
                "username": "Rebecca Crosbie",
                "rating": 5,
                "contributor_id": "100812610303393436256",
                "description": "Delicious and hearty chicken and beef pho. Great fried rice (I especially like #34 which is a more delicate tasting basil fried rice compared to normal fried rice). Many vegetarian offerings. Service is always great. Family-run and they take pride in the restaurant. They have some lunch specials in person and sometimes through the clover online purchase app (linked to in their website).",
                "link": "https://www.google.com/maps/reviews/data=!4m8!14m7!1m6!2m5!1sChZDSUhNMG9nS0VJQ0FnSURwNlluRVhnEAE!2m1!1s0x0:0x8c271018f24c6207!3m1!1s2@1:CIHM0ogKEICAgIDp6YnEXg%7CCgwIqb-epwYQuNv81wE%7C?hl=en-US",
                "images": [
                    {
                        "thumbnail": "https://lh5.googleusercontent.com/p/AF1QipNOqjwMrjBL0rmGVvAHaLRV7KZUiPSSScNMHoVr=w150-h150-k-no-p"
                    }
                ],
                "date": "a year ago"
            }
        ]
    },
    "Services": {
        "dine_in": true,
        "takeout": true,
        "no_contact_delivery": true
    }
}