{
    "docid": 97,
    "Title": "Texas Roadhouse",
    "Price": [],
    "Place ID": "ChIJSQHl1R6wPIgRsF0MItc4Vgk",
    "Type ID": [],
    "Type": [
        "Steak house",
        "American restaurant",
        "Restaurant"
    ],
    "Menu": {
        "link": "https://togo.texasroadhouse.com/location/517-ann-arbormi/digital-menu",
        "source": "togo.texasroadhouse.com",
        "items": "JUST ron eneny ee\n\nCAESAR SALAD\n\nCrispy hearts of romaine,parmesan cheese, croutons\n\n\u2018GRILLED SHRIME | GRILLED SHRIMP\n\nit Skewer of shrimp, seasoned to perfection and \u2014\u2014 S Zee all\n{drizzled with our garlic lemon pepper butter | A F\nq Pe and our zesty Caesar dressing with your choice of\n\n|| Single Skewer 3.650 i\nDouble Skewer 5.000 | _ Grilled Chicken 5.400\nif Grilled Sal 7.550\n\nA heaping basket of pickle chips hand-battered and ry ! ried salmon :\n\n| lightly fried. Served with Ranch dressing 3.100 | pean e CRISPY CHICKEN SA D\nrep FO AA Bee NN air re hy Hot crispy strips of chicken piled high on a bed of\nPotato skins topped with cheddar cheese, beef bacon f) SARs?\nand sour cream 4.250 \u2018, cold greens with shredded jack and cheddar cheeses,\n\nchopped egg, diced tomato and beef bacon 5.500\n\nSl\u201d\n\nmea ae es a Bt\n\nm V\n| if Mh\nBONELESS BUFFALO WINGS | Sere \u2018hy ) 4? a a Cat) Wa\ncea ence al te a ae ae ~ Bay i i STEAKHOUSE SALAD\"\n, y sticks Ath\nand Bleu Cheese dressing 4.750 4 Crisp cold greens drizzled with Italian dressing and\nCOMBO APPETIZER N - { topped with filet medallions, Bleu Cheese crumbles,\nBuild your own combo 6.950 os diced tomato, beef bacon, red onions and croutons.\nCHOOSE THREE from the following: Served with Bleu Cheese dressing 8.250 \u2014\ne Buffalo Wings (bone-in or boneless) }\n* BBO Beef Sliders * Fried Pickles | GRILLED CHICKEN SALAD\ne Rattlesnake Bites e Potato Skins\n\nwith vourehoicalof two: | Crisp cold greens, strips of marinated chicken, shredded\n\nTexas Roadhouse dressing, BBO sauce or sour cream\n\nTEXAS CHEESE FRIES ,\nA generous portion of seasoned steak fries topped | <<\nwith shredded cheddar cheese and beef bacon 3.700 # oN\n\nZS ee en\n\n| jack cheese, chopped egg, diced tomato, |\n| beef bacon, red onions and croutons 5.750 |\n\nOb a |r\noo i CHICKEN TORTILLA SOUP\n\n\u00bb Arich chicken broth with onions, peppers, chicken and\ntopped with cheddar cheese and crispy tortilla strips\n\n4 SLIDER TRIO \u00ab<& lye \u00a9~<Cup 2.250\nr > Bowl 3.100\n\nSelect any three sliders from 6.500\nBs Grilled Shrimp Slider \u00b0 Buffalo Chicken Slider _ BAKED POTATO SOUP\n\n* BBO Chicken Ranch Slider _ Jalapeno Burger Slider oar maaan pomies and toppedarn\n\n! 4 cheddar cheese and beef bacon\ne BBO Brisket Slider Cup 2.000\nBowl 2.750\n\nSMOKED BUFFALO WINGS\n\nLightly smoked chicken wings tossed in our wing\n\nTEXAS RED CHILI\nMade from scratch recipe, topped with cheddar\n\ncheese and diced red onions\n\nCup 2.400\n\nGRILLED CHICKEN SALAD Bowl 3.200\nallot\n\nsauce (your choice of mild or hot). Served with celery\nand Bleu Cheese dressing 4.750\n\nRATTLESNAKE BITES\n\nRounds of diced jalapenos and jack cheese, hand-\n\nbattered and lightly fried. Served with 1 \u2018TEXAS ROADHOUSE DRESSINGS\nRanch dressing 3.550 , Ranch e He ney Mustard \u00a2 Oil and Vinegar Italian e Bleu Cheese * Caesar ay\n\n. ;\n' ; ; **MAY BE COOKED TO ORDER. CONSUMING RAW OR UNDERCOOKED MEATS, POULTRY, SEAFOOD, SHELLFISH,\nry i OR EGGS MAY INCREASE YOUR RISK OF FOODBORNE ILLNESS, ESPECIALLY IF YOU HAVE CERTAIN MEDICAL CONDITIONS.\n\n| -* + } \u2018 \u00a5.}\n\nBONE= RIBEY\n\nfiS | ME?\n\nre\nBONE-IN RIBEYE**\n\nA 20 oz. (565g) cut of our most\n19.950\n\nflavorful steak\n\nFT. WORTH RIBEYE**\nOur Ribeyes are the most\n\nflavorful and juicy cut due to\nthe marbling throughout the\nsteak\n\n10 oz. (285g) 11.200\n12 oz. (340g) 12.500\n16 oz. (455g) 15.250\n\nMADE-FROM-SCRATCH SIDES *\n\nBaked Potato \u00a2 Mashed Potatoes \u00ab Steak Fries * Seasoned Rice \u00b0 Hbuse Salad\nCaesar Salad \u00a2 Vegetables * Buttered Corn e Honey Glazed Carrots e Coleslaw e Cup of Soup\n\n**SOME SIDE ITEMS MAY INCLUDE READYMADE INGREDIENTS\n**MAY BE COOKED TO ORDER. CONSUMING RAW OR UNDERCOOKED MEATS, POULTRY, SEAFOOD, SHELLFISH,\nOR EGGS MAY INCREASE YOUR RISK OF FOODBORNE ILLNESS, ESPECIALLY IF YOU HAVE CERTAIN MEDICAL CONDITIONS.\nALL PROTIENS ARE WEIGHED PRIOR TO COOKING\n\nWELL DONE\nNo Pink\n\nRARE\n\nMEDIUM RARE MEDIUM MEDIUM WELL\nCool Red Center\n\nWarm Red Center Hot Pink Center Slightly Pink Center\n\net! Tile |\n\nDALLAS FILET* i\n\nOur most tender cut. Seasoned and grilled to perfection\n\nDALLAS FILET\n\n4\n\n< -\n6 oz. (170g) 11.850\n8 oz. (225g) 13.950\n12 oz. (340g) 18.750\n\n5 SW a\n\na | ve A a USE BA APR,\nTEXAS T-BONE** \u00bb) SIRLOIN*\n\nThe Filet and NY Strip come together for an amazing -) Our USDA choice Sirloin steak is cooked to order and\n23 oz. (650g) steak 18.250 | | comes in just the right size for your appetite\n\n6 oz. (170 7.700\nFILET MEDALLIONS** 8 oz. poe 8.500\nThree tender filets (9 oz. - 255g total) served with our 11 oz. (310g) Hearty Cut 10.500\nsignature mushroom sauce, served over seasoned 16 oz. (455g) Cowboy Cut 13.300\n\nrice with two sides 13.500\n\na\n\no\n:\n\n**MAY BE COOKED TO ORDER. CONSUMING RAW OR UNDERCOOKED MEATS, POULTRY, SEAFOOD, SHELLFISH,\n(OR EGGS MAY INCREASE YOUR RISK OF FOODBORNE ILLNESS, ESPECIALLY IF YOU HAVE CERTAIN MEDICAL CONDITIONS.\nALL PROTIENS ARE WEIGHED PRIOR TO COOKING\n\nRIBS Liam oe ae\n\nINCLUDES TWO MADE-FROM-SCRATCH\n\nAWARD-WINNING RIBS\n\nAWARD-WINNING RIBS\n\nOur \u201cBlue Ribbon\u201d Fall-Off-The-Bone Ribs are slow-cooked with a unique blend of\nseasonings and our signature BBO sauce\n\nHalf Portion 9.950\nFull Portion 15.950\n\n* SOME SIDE ITEMS MAY INCLUDE READYMADE INGREDIENTS\n\nMADE-FROM-\nSCRATCH SIDES*\n\n\u00a2 Coleslaw\n\ne Steak Fries\n\n\u00a2 Cup of Soup\n\ne House Salad\n\ne Caesar Salad\n\ne Baked Potato\n\ne Buttered Corn\n\ne Seasoned Rice\n\ne Vegetables\n\ne Mashed Potatoes\ne Honey Glazed Carrots\n\n= SE r\n\nLOAD YOUR\nPOTATO\n\nwith cheddar cheese and beef bacon.\n\n1.500\n\nOM-SCRATCH SIDES*\n\nCOUNTRY FRIED, GHIGKEN \\ \\ ,\n\nA | a\nCOUNTRY FRIED CHICKEN\nTender, all white meat chicken breast, hand-\n\nbattered, golden-fried and topped with Made-\n\nFrom-Scratch cream gravy 7.600\n\nBRICK CHICKEN <@\nSeasoned & char grilled chicken halves served\n\nwith caramelized lemon half 8.000 ||\n\nBRICK CHICKEN\n\nCRISPY CHICKEN STRIPS -,\n\nAll white meat chicken strips, hand-dipped '\nin our signature batter and fried to a crispy\ngolden brown. Served with your choice of\n\ndipping sauce 7.200\n\nGRILLED BBQ CHICKEN\nMarinated 8 oz. (225g) chicken breast basted\n\nin our signature BBO sauce and grilled to ; GRILLED BB@ GHICKEN\nperfection 7.200\n\n3\n\nCOUNTRY DINNERS\n\nINCLUDES TWO mise FROM- \u201cSCRATC H\n\nSMOTHERED CHICKEN\n\nSMOTHERED CHICKEN\n\n) Grilled, marinated chicken breast\nwith saut\u00e9ed onions, saut\u00e9ed\nmushrooms and your choice\n\n\u2122 of Made-From-Scratch gravy or jack |.\n\nGRILLED CHICKEN &\nMUSHROOM!\n\n; Grilled, marinated chicken breast\n\n4 topped with Made-From-Scratch\n\nmushroom sauce, jack cheese and\ngrated parmesan cheese 7.500\n\nTR PL. EF ee\n\nROADHOUSE KEBAB\n\nROADHOUSE KEBAB**\n\nKebabs of your choice marinated with onion, mushroom, tomato, red pepper, and green pepper served on a bed of\n\nseasoned rice with your choice of one side\n\n2 skewers of Steak Kebab 10.750\n2 skewers of Chicken Kebab 8.750\n2 skewers of combo Kebab-Chicken & Beef 9.750\n3 skewers of Veggie Kebab 5.950\n\nuy q\n**MAY BE COOKED TO ORDER. CONSUMING RAW OR UNDERCOOKED MEATS, POULTRY, SEAFOOD, SHELLFISH, r\nOR EGGS MAY INCREASE YOUR RISK OF FOODBORNE ILLNESS, ESPECIALLY IF YOU HAVE CERTAIN MEDICAL CONDITIONS.!\n\n) cheese 7.200 {9\n\nCHO) 2) AACR A RES.\nBEEF BRISKET\n\nTender, slow-cooked Beef Brisket covered in our signature brown gravy, served\nwith your choice of two sides 11.250\n\nPCT REAR |\n\nBEEPont STEAEIPS) So aa BEEF STEAK TIPS*\n\n{ Tender pieces of steak\n\n\" with saut\u00e9ed mushrooms\n\ni and onions in a signature\n\nbrown gravy, served with\n\n| seasoned rice or mashed\npotatoes and your choice of\n\none additional item 9.550\n\nli\n\nCOUNTRY VEGETABLE PLATE\n\nChoose a total of four Made-From-Scratch sides (one side salad only, please) 5.950\n\n. **MAY BE COOKED TO ORDER. CONSUMING RAW OR UNDERCOOKED MEATS, POULTRY, SEAFOOD, SHELLFISH,\n\nMADE-FROM-\n\nSCRATCH SIDES*\n\n\u00a2 Coleslaw\n\ne Steak Fries\n\n\u00a2 Cup of Soup\n\ne House Salad\n\n\u00a2 Caesar Salad\n\n\u00a2 Baked Potato\n\ne Buttered Corn\n\ne Seasoned Rice\n\ne Vegetables\n\ne Mashed Potatoes\ne Honey Glazed Carrots\n\nLOAD YOUR\nPOTATO\n\nwith cheddar cheese and beef bacon.\n\n1.500\n\nii\n\n\u2019 OR EGGS MAY INCREASE YOUR RISK OF FOODBORNE ILLNESS, ESPECIALLY IF YOU HAVE CERTAIN MEDICAL CONDITIONS.\n\nSOME SIDE ITEMS MAY INCLUDE READYMADE INGREDIENTS\n\n8 oz. (225g) Angus beef, saut\u00e9ed mushrooms, onions,\ntopped with BBO sauce, American and jack cheese.\nServed with lettuce, tomato and onion 6.250\n\n_ BACON CHEESEBURGER*\n\n. \\ Beef bacon strips and American cheese on 8 oz. (225g)\n\ni i ) of our Angus beef. Served with lettuce, tomato and\nok PE \u2018 onion 6.250\n . ALL-AMERICAN\nCHEESEBURGER*\n\nOur classic 8 oz. (225 g) burger, topped with American\nwe! _ cheese. Served with lettuce, tomato and onion 5.700\n\nSAV GAU AL's BBO BEEF\n\n) MUL 8 oz. (225g) of tender pulled beef, cooked in\n\ni) our signature BBO sauce and topped with our\n\nNh). ah coleslaw 6.250\n\nFried jalapeno and spicy mayo on our 8 oz. (225g)\n; Angus beef with lettuce, tomato and onion 6.250 |\ni 4 rl : Te ae | BE il\n\ni i | i Ny r\n\nTwo skewers of seasoned grilled shrimp drizzled Lightly breaded in southern cornmeal, deep-fried and\n\nwith garlic lemon pepper butter, served on a bed of served with Creole mustard sauce\n\nseasoned rice 9.100 3 pieces 6.710\n4 pieces 7.500\n\nA filet of salmon steak, grilled moist and tender, topped with our\nspecial lemon pepper butter, served with tartar sauce 10.250\n\nBBO CHICKEN\nMarinated grilled chicken, basted with our signature\nBBO sauce. Served with lettuce, tomato and onion5.500\n\nChicken breast breaded and cooked golden brown,\n\nthen tossed in our wing sauce (your choice of mild or\nhot) and served with Bleu Cheese dressing\n\nand celery 5.750\n\nGrilled chicken breast topped with saut\u00e9ed\nmushrooms and melted jack Cheese. Served with\n; lettuce, tomato and onion 5.750\n\n: *ALL BURGERS ARE COOKED TO A MINIMUM INTERNAL TEMPERATURE OF 75\u00b0C.\n| CONSUMING RAW OR UNDERCOOKED MEATS, POULTRY,SEAFOOD, SHELLFISH, OR EGGS MAY INCREASE YOUR RISK OF FOODBORNE ILLNESS,\nESPECIALLY IF YOU HAVE CERTAIN MEDICAL CONDITIONS.\n\n\u2019 . . \u2019\n\nKIDS' MEALS,\n\nFOR KID\u2019S 12 YEARS OLD AND UNDER\n\n;\n:\n\nCHEESEBURGER SLIDERS*\nTwo cheeseburger sliders on our Fresh-Baked\nBread 2.000\n\nLI\u2019 DILLO SIRLOIN BITES**\nSirloin Steak pieces for younger Texas tikes\n2.750\n\nMACARONI AND CHEESE\n\nThe cheesiest mac in town 2.000\n\nCHICKEN STRIP BASKET\nFive white meat chicken strips, fried golden\nbrown 2.950\n\nANDY'S STEAK**\n6 oz. (170g) USDA choice Sirloin steak 4.500\n\nJUNIOR BONELESS WINGS\nHand-breaded tender pieces of chicken 2.200 |\n\nNad ES A\n\nJUNIGI BONELESS WINGS |\n= :\n\neS Pe) PL ae ( Pi. aa\n\nCOWBOY COOLER 0.500 CHERRY LIMEADE 0.500\n\nDESSERTS > aa a) Fe\nBIG OL BROWNIE re iI RAMEL CRUNCH\n\nA warm, baked brownie with a scoop of vanilla ice cream,\ndrizzled with a rich chocolate sauce 3.750\n\nPISTACHIO CARAMEL CRUNCH <@\nCrunchy chocolate cookie bowl filled with Salted\n\nCarmel ice cream, topped with pistachios and a carmel\ndrizzle 4.000\n\nLIL RANGER DESSERT \u00ab& eH\n\nA scoop of vanilla ice cream drizzled with rich chocolate |\nsauce 1.750 \u00a9\n\n*ALL BURGERS ARE COOKED TO A MINIMUM INTERNAL TEMPERATURE OF 186.\nLacon RAW OR UNDERCOOKED MEATS, POULTRY, SEAFOOD, SHELLFISH, OR EGGS MAY INCREASE YOUR RISK OF FOODBORNE ILLNESS,\nESPECIALLY IF YOU HAVE CERTAIN MEDICAL CONDITIONS. t\nSOME SIDE ITEMS MAY INCLUDE READYMADE INGREDIENTS i\n\n"
    },
    "Address": "3133 Ann Arbor-Saline Rd, Ann Arbor, MI 48103",
    "GPS Coordinates": {
        "latitude": 42.2416428,
        "longitude": -83.7676269
    },
    "Phone Number": "(734) 332-8850",
    "Rating": 4.3,
    "Rating Summary": [
        {
            "stars": 1,
            "amount": 168
        },
        {
            "stars": 2,
            "amount": 119
        },
        {
            "stars": 3,
            "amount": 224
        },
        {
            "stars": 4,
            "amount": 751
        },
        {
            "stars": 5,
            "amount": 2010
        }
    ],
    "Opening Hours": [
        {
            "friday": "3\u201310\u202fPM"
        },
        {
            "saturday": "11\u202fAM\u201310\u202fPM"
        },
        {
            "sunday": "11\u202fAM\u201310\u202fPM"
        },
        {
            "monday": "3\u201310\u202fPM"
        },
        {
            "tuesday": "3\u201310\u202fPM"
        },
        {
            "wednesday": "3\u201310\u202fPM"
        },
        {
            "thursday": "Closed (Thanksgiving)"
        }
    ],
    "Description": "Lively chain steakhouse serving American fare with a Southwestern spin amid Texas-themed decor.",
    "Details": [
        {
            "highlights": [
                "Fast service",
                "Sports"
            ]
        },
        {
            "popular_for": [
                "Lunch",
                "Dinner",
                "Solo dining"
            ]
        },
        {
            "accessibility": [
                "Wheelchair accessible entrance",
                "Wheelchair accessible parking lot",
                "Wheelchair accessible restroom",
                "Wheelchair accessible seating"
            ]
        },
        {
            "offerings": [
                "Alcohol",
                "Beer",
                "Cocktails",
                "Coffee",
                "Comfort food",
                "Happy hour food",
                "Hard liquor",
                "Vegetarian options",
                "Wine"
            ]
        },
        {
            "dining_options": [
                "Lunch",
                "Dinner",
                "Dessert",
                "Seating"
            ]
        },
        {
            "amenities": [
                "Bar onsite",
                "Restroom"
            ]
        },
        {
            "atmosphere": [
                "Casual",
                "Cozy",
                "Trendy"
            ]
        },
        {
            "crowd": [
                "College students",
                "Groups",
                "Tourists"
            ]
        },
        {
            "planning": [
                "Usually a wait"
            ]
        },
        {
            "payments": [
                "Credit cards",
                "Debit cards",
                "NFC mobile payments"
            ]
        },
        {
            "children": [
                "Good for kids",
                "High chairs",
                "Kids' menu"
            ]
        },
        {
            "parking": [
                "Free parking lot",
                "Free street parking",
                "Plenty of parking"
            ]
        },
        {
            "pets": [
                "Dogs allowed outside"
            ]
        }
    ],
    "User Reviews": {
        "summary": [
            {
                "snippet": "\"Great service great food decent prices cool vibe great for family or for a date.\""
            },
            {
                "snippet": "\"I ordered a NY strip steak, side of ribs, loaded potato, and green beans.\""
            },
            {
                "snippet": "\"We were quickly seated with rolls, butter and peanuts on the table.\""
            }
        ],
        "most_relevant": [
            {
                "username": "Harry",
                "rating": 4,
                "contributor_id": "111995896153963207597",
                "description": "After a long time on the try list, I finally had dinner on Friday with a colleague at this delightful restaurant. The complimentary bread was amazing and set the tone for a great meal. I ordered the grilled BBQ chicken with veggies and rice, and the rice was particularly memorable, reminiscent of flavorful biryani. The host was both cute and beautiful, adding a pleasant touch to the evening. The service was attentive and friendly, enhancing the overall experience. Additionally, the restaurant offers free ample parking, which is a definite plus. Overall, a satisfying dining experience that exceeded expectations.",
                "link": "https://www.google.com/maps/reviews/data=!4m8!14m7!1m6!2m5!1sChdDSUhNMG9nS0VJQ0FnSUNMdGM2T3pnRRAB!2m1!1s0x0:0x95638d7220c5db0!3m1!1s2@1:CIHM0ogKEICAgICLtc6OzgE%7CCgsI59rYswYQsPXpZw%7C?hl=en-US",
                "images": [
                    {
                        "thumbnail": "https://lh5.googleusercontent.com/p/AF1QipNTCovS903GY31iIE-aagmJ4edln9C2ahGHDNvE=w150-h150-k-no-p"
                    },
                    {
                        "thumbnail": "https://lh5.googleusercontent.com/p/AF1QipPwbh7BvFhNBGh5e0Sr2W0SF9HvKBztHtRoj_Du=w150-h150-k-no-p"
                    },
                    {
                        "thumbnail": "https://lh5.googleusercontent.com/p/AF1QipMWlC6MFbJ4r37sVGg5_WhICiFFhkENpqf5xLgl=w150-h150-k-no-p"
                    }
                ],
                "date": "5 months ago"
            },
            {
                "username": "Hank Putter",
                "rating": 3,
                "contributor_id": "110004903601536251886",
                "description": "Food was good, but deadass spent two hours inside this restaurant waiting for our food, which came one by one. Genuinely think I aged three years waiting here.",
                "link": "https://www.google.com/maps/reviews/data=!4m8!14m7!1m6!2m5!1sChdDSUhNMG9nS0VJQ0FnSURyM1BUbHhBRRAB!2m1!1s0x0:0x95638d7220c5db0!3m1!1s2@1:CIHM0ogKEICAgIDr3PTlxAE%7CCgwIp8zWtAYQ6NLZzgM%7C?hl=en-US",
                "images": [
                    {
                        "thumbnail": "https://lh5.googleusercontent.com/p/AF1QipOfATVmYNZfeNuMZX-beJ9H2N0-dgZT1FG8s0RN=w150-h150-k-no-p"
                    },
                    {
                        "thumbnail": "https://lh5.googleusercontent.com/p/AF1QipMOqi_VaG1ijsPugvRp7CZgiTQiiL4qSxd7aeAZ=w150-h150-k-no-p"
                    },
                    {
                        "thumbnail": "https://lh5.googleusercontent.com/p/AF1QipOVjBkeg0IDQKd4jnGkD57wlwI9bGxQJF-F9q1O=w150-h150-k-no-p"
                    }
                ],
                "date": "4 months ago"
            },
            {
                "username": "Stormy Dreams",
                "rating": 5,
                "contributor_id": "102611784336477364292",
                "description": "Party of 8 seated immediately when arrived.  Had a great waiter>Mel who was on top of things. He had our order right & kept our drinks filled. Food was cooked right, tasted delicious, and served fast.  Celebrated a birthday & they did a special thing for him\nWas a good experience.  A bit on the pricey side >  $245.95 for 6 adults & 2 kids. But we already know the price before going. Had a good dinner & a great time.",
                "link": "https://www.google.com/maps/reviews/data=!4m8!14m7!1m6!2m5!1sChZDSUhNMG9nS0VJQ0FnSUNsN3ZuaUhnEAE!2m1!1s0x0:0x95638d7220c5db0!3m1!1s2@1:CIHM0ogKEICAgICl7vniHg%7CCgwIhMvlqgYQqOTbggI%7C?hl=en-US",
                "images": [
                    {
                        "thumbnail": "https://lh5.googleusercontent.com/p/AF1QipMOohf7WK5dfUaXFqnHRfCVOwW-VbrpgDy4Za94=w150-h150-k-no-p"
                    },
                    {
                        "thumbnail": "https://lh5.googleusercontent.com/p/AF1QipNAeeX94J4VmJaU2IfHfPVxuA4kE2dXyNQPioAX=w150-h150-k-no-p"
                    },
                    {
                        "thumbnail": "https://lh5.googleusercontent.com/p/AF1QipOxgeXoy_NEBGJeSe21OPEghn-Fhg4kh8cf87W0=w150-h150-k-no-p"
                    },
                    {
                        "thumbnail": "https://lh5.googleusercontent.com/p/AF1QipNUUtUKfAXBfNegqLecRsfxJahcHyQLCNZ4w6nd=w150-h150-k-no-p"
                    },
                    {
                        "thumbnail": "https://lh5.googleusercontent.com/p/AF1QipMceBAWhpI5ziD7nrKPhqKtx1_PNGXD7E0XfZgA=w150-h150-k-no-p"
                    },
                    {
                        "thumbnail": "https://lh5.googleusercontent.com/p/AF1QipPa_cxYyF3HzhsJV7gVDlmFs5bBVShuHorG7WaM=w150-h150-k-no-p"
                    },
                    {
                        "thumbnail": "https://lh5.googleusercontent.com/p/AF1QipOFym0adqMcIlzw2ENDFGzloIKIO3CnDxAOIjGD=w150-h150-k-no-p"
                    },
                    {
                        "thumbnail": "https://lh5.googleusercontent.com/p/AF1QipMvJS6zJP-NSxzjK6xLSdoaXDiH3lhI-zf9_IWA=w150-h150-k-no-p"
                    },
                    {
                        "thumbnail": "https://lh5.googleusercontent.com/p/AF1QipOJvg-njgMptYaKsirTyCmxiLoX577-oGy1P_PV=w150-h150-k-no-p"
                    }
                ],
                "date": "a year ago"
            },
            {
                "username": "Gilberto Rondon-Cardone",
                "rating": 1,
                "contributor_id": "116755357411504004053",
                "description": "Today we had a very bad experience in this place, 1st.-the food took over 30 mins to come to the table, we were not longer hungry after the food came, 2nd- we ordered the Ribeye 12 oz medium/well plus ribs (combo) [2 orders the same] with baked potato and cesar salad. After waiting for over 30 minutes the ribeyes came well done and dry, the potatos were super salty and also dry and one of the ribs came almost like a charcoal, super burned and black, we returned that rib no even a dog could eat it, and they brought another piece  of rib almost 15 mins lataer or when we were finishing eating the over cooked and dry beef, we order a Blue Moon and the second one the glass was broken on the border, I returned it and they offered me another one and I said no, enough, I was already fed off and ready to leave the place for the bad service and low food quality, it was a very bad experience, several issues in the food quality and service, I will not recommend this place to my friends and with me they lost one customer. I would not recomend this place.",
                "link": "https://www.google.com/maps/reviews/data=!4m8!14m7!1m6!2m5!1sChZDSUhNMG9nS0VJQ0FnSUNINjRDdVpnEAE!2m1!1s0x0:0x95638d7220c5db0!3m1!1s2@1:CIHM0ogKEICAgICH64CuZg%7CCgwI6bP5tgYQkImLgQE%7C?hl=en-US",
                "images": [
                    {
                        "thumbnail": "https://lh5.googleusercontent.com/p/AF1QipOvZjVV70kUxUHXZuhaxpkxDQPKa0nlDwVMArBF=w150-h150-k-no-p"
                    }
                ],
                "date": "2 months ago"
            },
            {
                "username": "Melissa G.",
                "rating": 5,
                "contributor_id": "106267443973524798812",
                "description": "We enjoyed a great dinner. Our servers, Gracie, and Maddison did an excellent job.  Our dinners were very good and cooked just the way we asked them to be. The restaurant was very busy and very loud, before the amount of people in there it was very clean, and the restrooms were very clean.",
                "link": "https://www.google.com/maps/reviews/data=!4m8!14m7!1m6!2m5!1sChZDSUhNMG9nS0VJQ0FnSUNadVBmeU1nEAE!2m1!1s0x0:0x95638d7220c5db0!3m1!1s2@1:CIHM0ogKEICAgICZuPfyMg%7CCgwI1u7UpwYQqJ_UjAI%7C?hl=en-US",
                "images": [
                    {
                        "thumbnail": "https://lh5.googleusercontent.com/p/AF1QipOCjpS8ZGk-56bb_Xvo5eWkFyeBCjrHNxidyh79=w150-h150-k-no-p"
                    },
                    {
                        "thumbnail": "https://lh5.googleusercontent.com/p/AF1QipMjAqNciMX9rmY5rDVbt2GmjI47FAgcw7faHD8i=w150-h150-k-no-p"
                    },
                    {
                        "thumbnail": "https://lh5.googleusercontent.com/p/AF1QipNSx7kqpQzoupQ5cqZAGgJdFra0CrwAYg8eJZwi=w150-h150-k-no-p"
                    },
                    {
                        "thumbnail": "https://lh5.googleusercontent.com/p/AF1QipPMqUzoDJAs4x98xhOAUhRiL0fqZWeeRkKkhhRn=w150-h150-k-no-p"
                    },
                    {
                        "thumbnail": "https://lh5.googleusercontent.com/p/AF1QipO_Sze5FIMK7MKquISrMloNng2AChlZmcKzVznr=w150-h150-k-no-p"
                    },
                    {
                        "thumbnail": "https://lh5.googleusercontent.com/p/AF1QipOEb5ZpxHQDVT61c-pvF8ylkPZ5jjfmfPsICKm8=w150-h150-k-no-p"
                    },
                    {
                        "thumbnail": "https://lh5.googleusercontent.com/p/AF1QipOlh9t4LtvKMkCYFo7OBE0ftDQRbKCuUPZvVy9R=w150-h150-k-no-p"
                    },
                    {
                        "thumbnail": "https://lh5.googleusercontent.com/p/AF1QipOK76RSR33NrtQBSEfaZxIFRiyR2XQOrNN5ngm8=w150-h150-k-no-p"
                    },
                    {
                        "thumbnail": "https://lh5.googleusercontent.com/p/AF1QipP6eJpwLs5wd97z-leYke1gxvrwFw4e-xpHPwMq=w150-h150-k-no-p"
                    }
                ],
                "date": "a year ago"
            },
            {
                "username": "Billie-Jean Johnston",
                "rating": 2,
                "contributor_id": "107241800900362362876",
                "description": "Only redeeming quality for this place was the service. Food was COVERED in visible coarse flaky salt. I ordered ribs and a baked potato. Literally couldn\u2019t eat it.\nServer sent the manager over - her resolution was to let the kitchen staff know to use less salt for the next customer.\nIf you\u2019re looking for a salt lick for dinner\u2026. You\u2019ve found your spot",
                "link": "https://www.google.com/maps/reviews/data=!4m8!14m7!1m6!2m5!1sChdDSUhNMG9nS0VJQ0FnSURYanUtRmdRRRAB!2m1!1s0x0:0x95638d7220c5db0!3m1!1s2@1:CIHM0ogKEICAgIDXju-FgQE%7CCgwI8pT4uAYQiOmTkwM%7C?hl=en-US",
                "date": "3 weeks ago"
            },
            {
                "username": "Jerry Banko",
                "rating": 5,
                "contributor_id": "111767679327766751765",
                "description": "The food was Delicious\nThe employees are ALL Awesome",
                "link": "https://www.google.com/maps/reviews/data=!4m8!14m7!1m6!2m5!1sChZDSUhNMG9nS0VJQ0FnSUQzc3RyQVNBEAE!2m1!1s0x0:0x95638d7220c5db0!3m1!1s2@1:CIHM0ogKEICAgID3strASA%7CCgwI-prUuQYQgLiZowI%7C?hl=en-US",
                "images": [
                    {
                        "thumbnail": "https://lh5.googleusercontent.com/p/AF1QipOwInMP1b56eWr5GPXlApZrqFM5FuxCSwp8Pptk=w150-h150-k-no-p"
                    },
                    {
                        "thumbnail": "https://lh5.googleusercontent.com/p/AF1QipOjq8FHC1cPXFhXvmBvie5JG5TwAzeWBzUo8dTP=w150-h150-k-no-p"
                    },
                    {
                        "thumbnail": "https://lh5.googleusercontent.com/p/AF1QipOT3cmb1mu9Q3f-xdqS1nl8iAtUECZus6GwTf9G=w150-h150-k-no-p"
                    },
                    {
                        "thumbnail": "https://lh5.googleusercontent.com/p/AF1QipMLWdKbKbSS5I1yW6X6q8gu2-ytUjMB7XrWstu7=w150-h150-k-no-p"
                    },
                    {
                        "thumbnail": "https://lh5.googleusercontent.com/p/AF1QipN7LlPu1h2th3PpgeyKOb_LycxC_n8zYQGMBDhC=w150-h150-k-no-p"
                    },
                    {
                        "thumbnail": "https://lh5.googleusercontent.com/p/AF1QipPe3tQOPxdPbdTh9crzuHN5NDSTDwS3zABEzL0F=w150-h150-k-no-p"
                    }
                ],
                "date": "a week ago"
            },
            {
                "username": "Stephanie Marie",
                "rating": 5,
                "contributor_id": "100148589988529793520",
                "description": "Had a great experience at this location! Came here for my mom's birthday dinner. We had a large party so we had two booths, our server was amazing. She made sure we had bread rolls at all times and full drinks. Food was great as always! Wait was short!",
                "link": "https://www.google.com/maps/reviews/data=!4m8!14m7!1m6!2m5!1sChdDSUhNMG9nS0VJQ0FnSUQ3MlpqeXdBRRAB!2m1!1s0x0:0x95638d7220c5db0!3m1!1s2@1:CIHM0ogKEICAgID72ZjywAE%7CCgwIyZivtgYQwKPhsAI%7C?hl=en-US",
                "date": "2 months ago"
            }
        ]
    },
    "Services": {
        "dine_in": true,
        "takeout": true,
        "delivery": false
    }
}