{
    "docid": 98,
    "Title": "Hola Seoul",
    "Price": [],
    "Place ID": "ChIJvytF17KvPIgRpnKEoSUcUtk",
    "Type ID": [],
    "Type": [
        "Korean restaurant"
    ],
    "Menu": {
        "link": "http://places.singleplatform.com/hola-seoul/menu?ref=google",
        "source": "places.singleplatform.com",
        "items": "Cilantro, pickled red onions, romaine, sesames and sambal aioli. All\ntacos served on corn tortillas unless otherwise specified. Flour\ntortilla substitution $0.25. With cheese between tortillas $0.50.\n\nSaut\u00e9ed kimchi, bacon, sausage\n\nVegetarian with edamame, sweet corn\n\nUSDA choice Korean BBQ with saut\u00e9ed onions, mixed greens with\nginger-citrus vinaigrette and rice. Sweet soy sauce marinade. Add\nkimchi $1. Add Avocado slices $2.\n\nChoose from soy garlic, hot & spicy, half & half or original.\nComes with pickled radish.\n\nS: 6 pieces, M: 12 pieces, L: 24 pieces\n\nS: 4 pieces, M: 8 pieces, L: 16 pieces\n\nS: 4 pieces, M: 8 pieces, L: 16 pieces\n\nAssorted vegetables with fried egg, white rice and gochujang\nsauce.\n\nAdd\ne avocado $2 e beef $2 e spicy pork $2\ne tofu $2 e chicken $2\n\nFrench fries topped with bacon, sausage,\nsaut\u00e9ed kimchi, cheddar, sour cream and spicy mayo.\n\nSteamed and vegetarian (4)\nFried and vegetarian (8)\n\nStir-fried spicy rice cakes with fish cakes, vegetables\nand boiled egg\n\nKorean style corn dogs stuffed with cheese and\nhotdogs (2)\n\nSteamed dessert bun (2)\n\nChoice of Korean Sassy or Soy Garlic\n\nCoke, Diet Coke or Sprite\n"
    },
    "Address": "715 N University Ave, Ann Arbor, MI 48104",
    "GPS Coordinates": {
        "latitude": 42.2787629,
        "longitude": -83.7399568
    },
    "Phone Number": "(734) 369-6418",
    "Rating": 4.2,
    "Rating Summary": [
        {
            "stars": 1,
            "amount": 19
        },
        {
            "stars": 2,
            "amount": 12
        },
        {
            "stars": 3,
            "amount": 16
        },
        {
            "stars": 4,
            "amount": 52
        },
        {
            "stars": 5,
            "amount": 141
        }
    ],
    "Opening Hours": [
        {
            "friday": "11\u202fAM\u20139:30\u202fPM"
        },
        {
            "saturday": "12\u20139:30\u202fPM"
        },
        {
            "sunday": "12\u20139\u202fPM"
        },
        {
            "monday": "11\u202fAM\u20139\u202fPM"
        },
        {
            "tuesday": "11\u202fAM\u20139\u202fPM"
        },
        {
            "wednesday": "11\u202fAM\u20139\u202fPM"
        },
        {
            "thursday": "Closed (Thanksgiving)"
        }
    ],
    "Description": "",
    "Details": [
        {
            "popular_for": [
                "Lunch",
                "Dinner",
                "Solo dining"
            ]
        },
        {
            "accessibility": [
                "Wheelchair accessible entrance",
                "Wheelchair accessible parking lot",
                "Wheelchair accessible restroom"
            ]
        },
        {
            "offerings": [
                "Comfort food",
                "Quick bite",
                "Small plates"
            ]
        },
        {
            "dining_options": [
                "Lunch",
                "Dinner",
                "Seating"
            ]
        },
        {
            "amenities": [
                "Restroom"
            ]
        },
        {
            "atmosphere": [
                "Casual"
            ]
        },
        {
            "crowd": [
                "College students"
            ]
        },
        {
            "payments": [
                "Credit cards",
                "Debit cards",
                "NFC mobile payments"
            ]
        },
        {
            "children": [
                "Good for kids"
            ]
        },
        {
            "parking": [
                "Paid street parking",
                "Somewhat difficult to find a space"
            ]
        }
    ],
    "User Reviews": {
        "summary": [
            {
                "snippet": "\"Ordered the BBQ chicken bento box, deep fried dumplings and the spicy wings.\""
            },
            {
                "snippet": "\"Small mom/pop style with yummy Korean Tacos and other Korean Foods\""
            },
            {
                "snippet": "\"The price and service were great and I'm definitely adding this my rotation.\""
            }
        ],
        "most_relevant": [
            {
                "username": "Hank Putter",
                "rating": 5,
                "contributor_id": "110004903601536251886",
                "description": "KIMCHI FRIES ARE A MUST!!!!!! Love the fries so crispy and so much flavor, although don\u2019t expect copious amounts of sausage on there. I literally get them every week. Korean fried chicken is really good too I would say always get boneless because you get more meat and there\u2019s too much breading on the bone in.",
                "link": "https://www.google.com/maps/reviews/data=!4m8!14m7!1m6!2m5!1sChZDSUhNMG9nS0VJQ0FnSURKcUtfZUlBEAE!2m1!1s0x0:0xd9521c25a18472a6!3m1!1s2@1:CIHM0ogKEICAgIDJqK_eIA%7CCgsIyfyjsgYQyLSLYw%7C?hl=en-US",
                "images": [
                    {
                        "thumbnail": "https://lh5.googleusercontent.com/p/AF1QipPlJ8ISMh46YNw5udfq6a2F2qbZeouNkjzOMyG6=w150-h150-k-no-p"
                    },
                    {
                        "thumbnail": "https://lh5.googleusercontent.com/p/AF1QipOLXp9UdLxXbJFpFPFJgWneYoI4aNn3PnKt9ywu=w150-h150-k-no-p"
                    },
                    {
                        "thumbnail": "https://lh5.googleusercontent.com/p/AF1QipPfHRD5bd7hgJtZrxQqGP3xIlBhR6p9CDhpMEvh=w150-h150-k-no-p"
                    },
                    {
                        "thumbnail": "https://lh5.googleusercontent.com/p/AF1QipMN5w9ve4I-pGVc7U-qIGUh2cUAh8Sa3yi7inSq=w150-h150-k-no-p"
                    },
                    {
                        "thumbnail": "https://lh5.googleusercontent.com/p/AF1QipMdCPv8LiaDeBrW5ewA0dRxUpZb6497Desy4bQJ=w150-h150-k-no-p"
                    }
                ],
                "date": "6 months ago"
            },
            {
                "username": "Mar\u00eda Eugenia Cp",
                "rating": 5,
                "contributor_id": "117280545978003336757",
                "description": "I join everyone who is recommending the wings. Just get them. Top 5 wings I've ever had in my life. Kimchi fries were also really good, excellent proportion of fries to toppings and the tangy kimchi flavor was super interesting.",
                "link": "https://www.google.com/maps/reviews/data=!4m8!14m7!1m6!2m5!1sChZDSUhNMG9nS0VJQ0FnSURUOXNxVUpnEAE!2m1!1s0x0:0xd9521c25a18472a6!3m1!1s2@1:CIHM0ogKEICAgIDT9sqUJg%7CCgsInM_CsgYQwJX6Sw%7C?hl=en-US",
                "images": [
                    {
                        "thumbnail": "https://lh5.googleusercontent.com/p/AF1QipN8QGC9mKgDm_zHbk1aOTAY3EoQHEZVsAgfG5PV=w150-h150-k-no-p"
                    }
                ],
                "date": "5 months ago"
            },
            {
                "username": "Joshua Lee",
                "rating": 5,
                "contributor_id": "107783425098639923165",
                "description": "They completely embody the Marco Pierre White ideal: extremely high quality food for affordable pricing combined with elite service. Their chicken is to die for, and it's very affordable considering the quality. Their service is just as good as their food, as Eileen the cashier and the supporting staff were extremely patient and kind to me and the other customers",
                "link": "https://www.google.com/maps/reviews/data=!4m8!14m7!1m6!2m5!1sChZDSUhNMG9nS0VJQ0FnSURMaTRhc1hREAE!2m1!1s0x0:0xd9521c25a18472a6!3m1!1s2@1:CIHM0ogKEICAgIDLi4asXQ%7CCgsIy4mHtAYQqNSlfQ%7C?hl=en-US",
                "images": [
                    {
                        "thumbnail": "https://lh5.googleusercontent.com/p/AF1QipMuBATa9gv53vfswmXaTpm2uymaLtWZLXmGVje6=w150-h150-k-no-p"
                    }
                ],
                "date": "4 months ago"
            },
            {
                "username": "Vikram Bala",
                "rating": 5,
                "contributor_id": "118263460813448768909",
                "description": "I was pleasantly surprised at how big the portion was based on the price. The food was delish and the price was super reasonable (I got the chicken bibimbap). The popcorn chicken was also crunchy and flavorful. Definitely recommend!!",
                "link": "https://www.google.com/maps/reviews/data=!4m8!14m7!1m6!2m5!1sChZDSUhNMG9nS0VJQ0FnSUNabE1mMkx3EAE!2m1!1s0x0:0xd9521c25a18472a6!3m1!1s2@1:CIHM0ogKEICAgICZlMf2Lw%7CCgsI263wsAYQkN6oYA%7C?hl=en-US",
                "images": [
                    {
                        "thumbnail": "https://lh5.googleusercontent.com/p/AF1QipMEZMVgN0NB451i9LMawxNNTx1Z0t9XOWLG4Toz=w150-h150-k-no-p"
                    },
                    {
                        "thumbnail": "https://lh5.googleusercontent.com/p/AF1QipO4ZYzOwzIprP9zQe9o3lS8SyRzxsmv96r4Uynp=w150-h150-k-no-p"
                    }
                ],
                "date": "7 months ago"
            },
            {
                "username": "Jessica Cardoni",
                "rating": 4,
                "contributor_id": "100099815784896706921",
                "description": "Had the Korean Fried chicken, which was totally amazing AND a great value. We also tried the Korean corn dogs\u2026 I WAS NOT EXPECTING CHEESE!!! They were probably the best corn dogs I\u2019ve ever had. Light and crunchy, cheesy and delicious. I had one complaint and that was there was only 2 ketchup packets for the meal\u2026 and I\u2019m not convinced that ketchup was even the right condiment. Would have LOVED a dipping sauce for the chicken and something more suiting for the corn dog.",
                "link": "https://www.google.com/maps/reviews/data=!4m8!14m7!1m6!2m5!1sChZDSUhNMG9nS0VJQ0FnSUNhODZ6UGFBEAE!2m1!1s0x0:0xd9521c25a18472a6!3m1!1s2@1:CIHM0ogKEICAgICa86zPaA%7CCgwIm4bFiAYQ4P27wQM%7C?hl=en-US",
                "images": [
                    {
                        "thumbnail": "https://lh5.googleusercontent.com/p/AF1QipMjvXdqG-nVRC2MqZK-5VPG6FhnXWQ_YoC9vAFN=w150-h150-k-no-p"
                    },
                    {
                        "thumbnail": "https://lh5.googleusercontent.com/p/AF1QipMjLVlbpJBf-oW0vdIhOfqZKmm-Ik1PfiIDzJNh=w150-h150-k-no-p"
                    },
                    {
                        "thumbnail": "https://lh5.googleusercontent.com/p/AF1QipONymc501PUHv5mD7TGjGjDsxagwvyG7-H5R-5J=w150-h150-k-no-p"
                    },
                    {
                        "thumbnail": "https://lh5.googleusercontent.com/p/AF1QipMpy3tOWw_YJIR27V3BvZ8h4mU2_cARrqMNnzgf=w150-h150-k-no-p"
                    }
                ],
                "date": "3 years ago"
            },
            {
                "username": "Nichole Perras",
                "rating": 5,
                "contributor_id": "116738948008864102236",
                "description": "Little restaurant with delicious chicken tacos and bibimbap!   Nice, clean seating area inside for eating or take a seat outside on a bench. Prices were reasonable.  Enjoyed stopping here for a light lunch.",
                "link": "https://www.google.com/maps/reviews/data=!4m8!14m7!1m6!2m5!1sChdDSUhNMG9nS0VJQ0FnSURwLXR6andRRRAB!2m1!1s0x0:0xd9521c25a18472a6!3m1!1s2@1:CIHM0ogKEICAgIDp-tzjwQE%7CCgwIuPuIpwYQ6PSUgwI%7C?hl=en-US",
                "images": [
                    {
                        "thumbnail": "https://lh5.googleusercontent.com/p/AF1QipNjC5ECPNOebNAZir2ARoy_WKkXTIKOUIXT_erY=w150-h150-k-no-p"
                    },
                    {
                        "thumbnail": "https://lh5.googleusercontent.com/p/AF1QipOXig1LGQQOrdtKNobPSD4U6IVO7mvySR9ungIB=w150-h150-k-no-p"
                    },
                    {
                        "thumbnail": "https://lh5.googleusercontent.com/p/AF1QipOyqEO6b1NRTU8JIyc1v3HVqOOdOJkYuVG9zFqb=w150-h150-k-no-p"
                    }
                ],
                "date": "a year ago"
            },
            {
                "username": "Evan McLean",
                "rating": 5,
                "contributor_id": "100001649588934916298",
                "description": "The popcorn chicken is absolutely delicious. Both the spicy and the soy garlic are most haves. The pickup order was ready quick! Pretty good dumplings and a tasty (and quite large) fish taco",
                "link": "https://www.google.com/maps/reviews/data=!4m8!14m7!1m6!2m5!1sChZDSUhNMG9nS0VJQ0FnSUQ2bW8zV1RnEAE!2m1!1s0x0:0xd9521c25a18472a6!3m1!1s2@1:CIHM0ogKEICAgID6mo3WTg%7CCgsIvKDEigYQ-MuuUw%7C?hl=en-US",
                "images": [
                    {
                        "thumbnail": "https://lh5.googleusercontent.com/p/AF1QipP4C9EvkC9nz7SOHJmHPOkDgjEG8gaLI6_-LP3O=w150-h150-k-no-p"
                    },
                    {
                        "thumbnail": "https://lh5.googleusercontent.com/p/AF1QipMv9odH-a0RbC9J_Mh68y5o3LIrr6_YI_kq8LNv=w150-h150-k-no-p"
                    },
                    {
                        "thumbnail": "https://lh5.googleusercontent.com/p/AF1QipMWEjVZQ26Jwd1ev_eKnkc6kk--GYv26-oOIeYU=w150-h150-k-no-p"
                    }
                ],
                "date": "3 years ago"
            },
            {
                "username": "Roundhat Rover",
                "rating": 5,
                "contributor_id": "105306204619049587222",
                "description": "I ordered the original kimbap with spicy pork, Korean fried chicken (thigh, half&half), and pork dumplings.\n\nThe original kimbap with spicy pork is my favourite! Some kinds of veggies are put on top of the rice. They separate the sauce, but the sauce for me is not spicy at all.\n\nKorean fried chicken the garlic sauce is AMAZING !! Must try items.\nDetail about Korean fried chicken: I ordered chicken thigh. It is a crispy battered chicken. Next time I will try their chicken wings.",
                "link": "https://www.google.com/maps/reviews/data=!4m8!14m7!1m6!2m5!1sChZDSUhNMG9nS0VJQ0FnSUNyMllYTVdBEAE!2m1!1s0x0:0xd9521c25a18472a6!3m1!1s2@1:CIHM0ogKEICAgICr2YXMWA%7CCgsIiIrGtAYQ6NG5Rg%7C?hl=en-US",
                "date": "4 months ago"
            }
        ]
    },
    "Services": {
        "dine_in": true,
        "takeout": true,
        "no_contact_delivery": true
    }
}