{
    "Title": "Afternoon Delight",
    "Price": [],
    "Place ID": "ChIJw_EPKDyuPIgRf4LIbSggTxs",
    "Type ID": [],
    "Type": [
        "Restaurant",
        "American restaurant",
        "Breakfast restaurant"
    ],
    "Address": "251 E Liberty St, Ann Arbor, MI 48104",
    "GPS Coordinates": {
        "latitude": 42.2796363,
        "longitude": -83.7463057
    },
    "Phone Number": "(734) 665-7513",
    "Rating": 4.5,
    "Rating Summary": [
        {
            "stars": 1,
            "amount": 19
        },
        {
            "stars": 2,
            "amount": 15
        },
        {
            "stars": 3,
            "amount": 63
        },
        {
            "stars": 4,
            "amount": 193
        },
        {
            "stars": 5,
            "amount": 606
        }
    ],
    "Opening Hours": [
        {
            "tuesday": "8 AM–3 PM"
        },
        {
            "wednesday": "8 AM–3 PM"
        },
        {
            "thursday": "8 AM–3 PM"
        },
        {
            "friday": "8 AM–3 PM"
        },
        {
            "saturday": "8 AM–3 PM"
        },
        {
            "sunday": "8:30 AM–3 PM"
        },
        {
            "monday": "Closed"
        }
    ],
    "Description": "Cozy, bustling eatery known for its eggs Benedict also boasts an extensive salad bar.",
    "Details": [
        {
            "from_the_business": [
                "Identifies as women-owned"
            ]
        },
        {
            "highlights": [
                "Great coffee",
                "Great dessert",
                "Great tea selection"
            ]
        },
        {
            "popular_for": [
                "Breakfast",
                "Lunch",
                "Solo dining"
            ]
        },
        {
            "accessibility": [
                "Wheelchair accessible entrance",
                "Wheelchair accessible parking lot",
                "Wheelchair accessible restroom",
                "Wheelchair accessible seating"
            ]
        },
        {
            "offerings": [
                "Coffee",
                "Comfort food",
                "Healthy options",
                "Quick bite",
                "Vegetarian options"
            ]
        },
        {
            "dining_options": [
                "Breakfast",
                "Brunch",
                "Lunch",
                "Catering",
                "Dessert",
                "Seating"
            ]
        },
        {
            "amenities": [
                "Gender-neutral restroom",
                "Restroom",
                "Wi-Fi",
                "Free Wi-Fi"
            ]
        },
        {
            "atmosphere": [
                "Casual",
                "Cozy",
                "Trendy"
            ]
        },
        {
            "crowd": [
                "College students",
                "Family-friendly",
                "Groups",
                "LGBTQ+ friendly",
                "Tourists",
                "Transgender safespace"
            ]
        },
        {
            "planning": [
                "Usually a wait"
            ]
        },
        {
            "payments": [
                "Credit cards",
                "Debit cards",
                "NFC mobile payments"
            ]
        },
        {
            "children": [
                "Good for kids",
                "High chairs",
                "Kids' menu"
            ]
        },
        {
            "parking": [
                "Paid parking lot"
            ]
        }
    ],
    "User Reviews": {
        "summary": [
            {
                "snippet": "\"Comfy and cozy atmosphere, yummy yummy fruit plate\""
            },
            {
                "snippet": "\"Great portions, tasty food, kind service.\""
            },
            {
                "snippet": "\"Well maintained dining area, friendliest staff and a bake shop in-house...\""
            }
        ],
        "most_relevant": [
            {
                "username": "Hank Putter",
                "rating": 4,
                "contributor_id": "110004903601536251886",
                "description": "Quite good. I would say get the eggs Benedict. Make sure to read the menu properly my friends got the pecan waffle but didn’t want to pay extra for toppings so it was a bare waffle LOLOLOL. Don’t really love the order at counter then sit down model but that how it be at a lot of brunch places in aa. Had to wait a long time in line.",
                "link": "https://www.google.com/maps/reviews/data=!4m8!14m7!1m6!2m5!1sChZDSUhNMG9nS0VJQ0FnSURyM0tYdFBnEAE!2m1!1s0x0:0x1b4f20286dc8827f!3m1!1s2@1:CIHM0ogKEICAgIDr3KXtPg%7CCgwIhOfWtAYQiLLelAE%7C?hl=en-US",
                "images": [
                    {
                        "thumbnail": "https://lh5.googleusercontent.com/p/AF1QipNJldGkVB7XtvnHWbN6exVTXGMyUvK4wGkfMpGx=w150-h150-k-no-p"
                    },
                    {
                        "thumbnail": "https://lh5.googleusercontent.com/p/AF1QipPFPKPQLSaXCGS_d2nOAWjZthpu1zxVdnm0FCbo=w150-h150-k-no-p"
                    },
                    {
                        "thumbnail": "https://lh5.googleusercontent.com/p/AF1QipOChZRFKhi_3QXQG77GyJ4O5J6vHLizqmdGqHvH=w150-h150-k-no-p"
                    },
                    {
                        "thumbnail": "https://lh5.googleusercontent.com/p/AF1QipMgEJu_e1nGQjNn46o7k3-FgdahWp8Dxaw6GFl4=w150-h150-k-no-p"
                    },
                    {
                        "thumbnail": "https://lh5.googleusercontent.com/p/AF1QipPh9R6inhvbQJqvevNRNujbhKWEgA8Hp3VUm-4B=w150-h150-k-no-p"
                    },
                    {
                        "thumbnail": "https://lh5.googleusercontent.com/p/AF1QipMNnt3TZ-0grY2PI4Dxe4oe86KHewbaA1DCQGki=w150-h150-k-no-p"
                    }
                ],
                "date": "3 months ago"
            },
            {
                "username": "P M",
                "rating": 5,
                "contributor_id": "116950078538355696931",
                "description": "Love love love this place. Been coming here since I was a baby. Homemade muffins daily. Everyday is a different flavor muffin. Veggie Morning Delight is amazing with their ranch dressing to dip it in.",
                "link": "https://www.google.com/maps/reviews/data=!4m8!14m7!1m6!2m5!1sChZDSUhNMG9nS0VJQ0FnSUNsZ2NIc0t3EAE!2m1!1s0x0:0x1b4f20286dc8827f!3m1!1s2@1:CIHM0ogKEICAgIClgcHsKw%7CCgwIo5HqqgYQ2NG24gI%7C?hl=en-US",
                "images": [
                    {
                        "thumbnail": "https://lh5.googleusercontent.com/p/AF1QipMCbOJxxxDmek_91bf-D3t-zvDdJWdiyPMJ4Jz3=w150-h150-k-no-p"
                    },
                    {
                        "thumbnail": "https://lh5.googleusercontent.com/p/AF1QipONtH-2PwuPKV9FaVmKtzWFDOBwbk3WH86AlKcI=w150-h150-k-no-p"
                    },
                    {
                        "thumbnail": "https://lh5.googleusercontent.com/p/AF1QipND59_L4szWm0im114pwo0bczMxv2nS-7zp5fKz=w150-h150-k-no-p"
                    },
                    {
                        "thumbnail": "https://lh5.googleusercontent.com/p/AF1QipOXKfDHIpFHmCHX8KHZkJnwLZlEnufVbIek4mHe=w150-h150-k-no-p"
                    },
                    {
                        "thumbnail": "https://lh5.googleusercontent.com/p/AF1QipN2TmBrHD1Zx3uIRs9I1UtcaQ47auK2j5w7Bc75=w150-h150-k-no-p"
                    }
                ],
                "date": "11 months ago"
            },
            {
                "username": "Maurielle C",
                "rating": 3,
                "contributor_id": "102013884837832721376",
                "description": "Good food and good service. The wait on a Saturday around 11am was around 45 minutes-1 hour, so be aware you won’t get in and go. But the staff is friendly and the food is tasteful. Very close to other shopping attractions downtown, so in a convenient location! Would recommend eating lunch here.",
                "link": "https://www.google.com/maps/reviews/data=!4m8!14m7!1m6!2m5!1sChZDSUhNMG9nS0VJQ0FnSUQ1c3MtVEpnEAE!2m1!1s0x0:0x1b4f20286dc8827f!3m1!1s2@1:CIHM0ogKEICAgID5ss-TJg%7CCgwIwenSqQYQuIf92gM%7C?hl=en-US",
                "images": [
                    {
                        "thumbnail": "https://lh5.googleusercontent.com/p/AF1QipOV__AC0thpBx6Sp8kvgHLjPdkCto3xljh0lpTE=w150-h150-k-no-p"
                    },
                    {
                        "thumbnail": "https://lh5.googleusercontent.com/p/AF1QipN4GMg7_yn4wrV1m94NABZrdLKJO3nEH7glSAsz=w150-h150-k-no-p"
                    },
                    {
                        "thumbnail": "https://lh5.googleusercontent.com/p/AF1QipMBMtw-nLMT95aTPTZph0Bpl81DnfsoiPgobscH=w150-h150-k-no-p"
                    },
                    {
                        "thumbnail": "https://lh5.googleusercontent.com/p/AF1QipPBq9mVi6a9cIGXcY0GvKjjaRw6UjkMhr6qJ50R=w150-h150-k-no-p"
                    },
                    {
                        "thumbnail": "https://lh5.googleusercontent.com/p/AF1QipNJAj-Wv-xmdskVth2_91joJGKlqxu8c6nsXktW=w150-h150-k-no-p"
                    },
                    {
                        "thumbnail": "https://lh5.googleusercontent.com/p/AF1QipM3p3c9rmOhDd7FRwze_RYI3Vyg7EqXN2qb6xlx=w150-h150-k-no-p"
                    },
                    {
                        "thumbnail": "https://lh5.googleusercontent.com/p/AF1QipMEHnCWdcMJGGmHerNw92IQoVlmuf3clju7jLjc=w150-h150-k-no-p"
                    },
                    {
                        "thumbnail": "https://lh5.googleusercontent.com/p/AF1QipOwlXWnC3HgbwUq1NSPZ2CNPxBM-6vWFq8LwIVR=w150-h150-k-no-p"
                    }
                ],
                "date": "a year ago"
            },
            {
                "username": "Lionel Wallace",
                "rating": 4,
                "contributor_id": "109829714012243595205",
                "description": "Afternoon delight is so good. The food is always fresh and made to oder. The service is 5 stars, and the atmosphere is too. Breakfast or lunch, you can't go wrong if you pull up to Afternoon delight",
                "link": "https://www.google.com/maps/reviews/data=!4m8!14m7!1m6!2m5!1sChZDSUhNMG9nS0VJQ0FnSUNkMjRqN1h3EAE!2m1!1s0x0:0x1b4f20286dc8827f!3m1!1s2@1:CIHM0ogKEICAgICd24j7Xw%7CCgwIx9OFsAYQuK_e1QI%7C?hl=en-US",
                "images": [
                    {
                        "thumbnail": "https://lh5.googleusercontent.com/p/AF1QipMg-UgUSpBtIOl-qkakCIUEXJqInN61Nm7ZFw-U=w150-h150-k-no-p"
                    },
                    {
                        "thumbnail": "https://lh5.googleusercontent.com/p/AF1QipOma90b8f-4fItOeiBdiJ5upYUn2aaaSums73EG=w150-h150-k-no-p"
                    },
                    {
                        "thumbnail": "https://lh5.googleusercontent.com/p/AF1QipP1bQxQGUE42_Na5LqkwagkJ8vyrCv58sqQt4s1=w150-h150-k-no-p"
                    },
                    {
                        "thumbnail": "https://lh5.googleusercontent.com/p/AF1QipMUoZ10qigddx6lATDtwNa-i0RzKThFp5blLCOw=w150-h150-k-no-p"
                    }
                ],
                "date": "7 months ago"
            },
            {
                "username": "Richard Federbusch",
                "rating": 4,
                "contributor_id": "115975951804305490867",
                "description": "Brunch is simply amazing here.  Baked goods are fresh and delicious.  Eggs are overflowing in the breakfast biscuit.  Belgian waffles have tons of fresh fruit and are filling.  The \"small\" fruit cup is actually quite large and has great variety.  Frankly, only downside is that it takes forever to order and get your food during peak times.  Servers and staff are friendly and working hard, but they just seem a little under staffed.  Still definitely recommend, but be prepared to wait in line.",
                "link": "https://www.google.com/maps/reviews/data=!4m8!14m7!1m6!2m5!1sChZDSUhNMG9nS0VJQ0FnSUNaMk9mY0h3EAE!2m1!1s0x0:0x1b4f20286dc8827f!3m1!1s2@1:CIHM0ogKEICAgICZ2OfcHw%7CCgwI69PTpwYQsNmPkwI%7C?hl=en-US",
                "images": [
                    {
                        "thumbnail": "https://lh5.googleusercontent.com/p/AF1QipMObK05NxrvtAbHTVVKjhVQo6mfUmTdr-GBR8cW=w150-h150-k-no-p"
                    },
                    {
                        "thumbnail": "https://lh5.googleusercontent.com/p/AF1QipPsVRDusX5ZXMHBsARYuEWFiMkEe0k2QVxZWwfb=w150-h150-k-no-p"
                    },
                    {
                        "thumbnail": "https://lh5.googleusercontent.com/p/AF1QipMiekyDciT1NOQeXzFPu37nU_7RMULeKvtoteNK=w150-h150-k-no-p"
                    }
                ],
                "date": "a year ago"
            },
            {
                "username": "Carol Sutherland",
                "rating": 5,
                "contributor_id": "110369597111054747271",
                "description": "We catered food for brunch (June 2024) and it was fantastic!  The food was delicious, exactly what was discussed in the order process, ready on time and the amounts were very generous,.  Everything was packed up perfectly, so all the food looked great as well.  All our guests raved about the taste – quiches were rich and creamy, pastries fresh and delicious.  I would highly recommend Afternoon Delight and will go out of my way to enjoy their food again!  Thank you!",
                "link": "https://www.google.com/maps/reviews/data=!4m8!14m7!1m6!2m5!1sChdDSUhNMG9nS0VJQ0FnSURMMXFHRHRnRRAB!2m1!1s0x0:0x1b4f20286dc8827f!3m1!1s2@1:CIHM0ogKEICAgIDL1qGDtgE%7CCgwIx_71swYQ2KWxtAE%7C?hl=en-US",
                "date": "4 months ago"
            },
            {
                "username": "Sandesh S",
                "rating": 5,
                "contributor_id": "106315786632761780429",
                "description": "We visited AD on a Sunday and weren't expecting the wait for close to 50 minutes! But I guess any place that has this long of a wait better be good and AD did not disappoint, at all! Everyone in our party of 5 enjoyed their main entrees except for the blueberry muffin (very dry) and seafood just doesnt jive with an omelet!! Service was a tad bit slow but that gave us more time with friends. Do try their shakes but be warned of their size!! In summary - An awesome brunch + lunch spot in A2. 5/5!",
                "link": "https://www.google.com/maps/reviews/data=!4m8!14m7!1m6!2m5!1sChZDSUhNMG9nS0VJQ0FnSUNINzkzb2FBEAE!2m1!1s0x0:0x1b4f20286dc8827f!3m1!1s2@1:CIHM0ogKEICAgICH793oaA%7CCgwIyp6BtwYQ6OWm1QE%7C?hl=en-US",
                "date": "2 months ago"
            },
            {
                "username": "Taylor Knetter",
                "rating": 5,
                "contributor_id": "103333678687808345863",
                "description": "I was just there for takeout but would have loved to dine in the simple, stylish atmosphere. The staff are all friendly and helpful. The menu options are excellent. I ordered Smoked Salmon Eggs Benedict with a Mocha Cappuccino shake, and for my fiancé the Tuna Melt with orange juice. Both were incredibly delicious. Obvious quality ingredients. I ran back in to leave a bigger tip after enjoying the meal so much.",
                "link": "https://www.google.com/maps/reviews/data=!4m8!14m7!1m6!2m5!1sChZDSUhNMG9nS0VJQ0FnSURyLS1mM1VBEAE!2m1!1s0x0:0x1b4f20286dc8827f!3m1!1s2@1:CIHM0ogKEICAgIDr--f3UA%7CCgwIt-bvtAYQkN7ZoAI%7C?hl=en-US",
                "date": "3 months ago"
            }
        ]
    },
    "Services": {
        "dine_in": true,
        "curbside_pickup": true
    }
}