{
    "Title": "Anna's House - Ann Arbor",
    "Price": [],
    "Place ID": "ChIJM3_tioWvPIgRSZnIK7ENpvs",
    "Type ID": [],
    "Type": [
        "Restaurant"
    ],
    "Address": "445 E Eisenhower Pkwy #1, Ann Arbor, MI 48108",
    "GPS Coordinates": {
        "latitude": 42.2443205,
        "longitude": -83.7417409
    },
    "Phone Number": "(734) 726-9490",
    "Rating": 4.3,
    "Rating Summary": [
        {
            "stars": 1,
            "amount": 96
        },
        {
            "stars": 2,
            "amount": 50
        },
        {
            "stars": 3,
            "amount": 77
        },
        {
            "stars": 4,
            "amount": 201
        },
        {
            "stars": 5,
            "amount": 800
        }
    ],
    "Opening Hours": [
        {
            "tuesday": "7 AM–3 PM"
        },
        {
            "wednesday": "7 AM–3 PM"
        },
        {
            "thursday": "7 AM–3 PM"
        },
        {
            "friday": "7 AM–3 PM"
        },
        {
            "saturday": "7 AM–3 PM"
        },
        {
            "sunday": "7 AM–3 PM"
        },
        {
            "monday": "7 AM–3 PM"
        }
    ],
    "Description": [],
    "Details": [
        {
            "highlights": [
                "Great coffee",
                "Great dessert",
                "Great tea selection"
            ]
        },
        {
            "popular_for": [
                "Breakfast",
                "Lunch",
                "Dinner",
                "Solo dining"
            ]
        },
        {
            "accessibility": [
                "Wheelchair accessible entrance",
                "Wheelchair accessible parking lot",
                "Wheelchair accessible restroom",
                "Wheelchair accessible seating"
            ]
        },
        {
            "offerings": [
                "Beer",
                "Coffee",
                "Comfort food",
                "Healthy options",
                "Organic dishes",
                "Quick bite",
                "Small plates",
                "Vegan options",
                "Vegetarian options"
            ]
        },
        {
            "dining_options": [
                "Breakfast",
                "Brunch",
                "Lunch",
                "Dinner",
                "Catering",
                "Dessert",
                "Seating"
            ]
        },
        {
            "amenities": [
                "Restroom",
                "Wi-Fi",
                "Free Wi-Fi"
            ]
        },
        {
            "atmosphere": [
                "Casual",
                "Cozy",
                "Trendy"
            ]
        },
        {
            "crowd": [
                "College students",
                "Family-friendly",
                "Groups",
                "LGBTQ+ friendly",
                "Tourists"
            ]
        },
        {
            "planning": [
                "Accepts reservations",
                "Usually a wait"
            ]
        },
        {
            "payments": [
                "Credit cards",
                "Debit cards"
            ]
        },
        {
            "children": [
                "Good for kids",
                "High chairs",
                "Kids' menu"
            ]
        },
        {
            "parking": [
                "Free parking lot",
                "Free street parking",
                "Plenty of parking"
            ]
        },
        {
            "pets": [
                "Dogs allowed outside"
            ]
        }
    ],
    "User Reviews": {
        "summary": [
            {
                "snippet": "\"The service here was excellent, staff super friendly Food absolutely delicious!\""
            },
            {
                "snippet": "\"Great breakfast and brunch place for gluten free options.\""
            },
            {
                "snippet": "\"Ordered scrambled light but received over cooked very dry eggs.\""
            }
        ],
        "most_relevant": [
            {
                "username": "Michael Conser",
                "rating": 4,
                "contributor_id": "106801395239419712488",
                "description": "Everything was good here! The atmosphere is really cute, clean and inviting. The service was friendly and attentive. The food tasted FRESH and wholesome. Lots of vegan and gluten-free options. Great breakfast place worth a trip and many returns!",
                "link": "https://www.google.com/maps/reviews/data=!4m8!14m7!1m6!2m5!1sChZDSUhNMG9nS0VJQ0FnSUNMLTlIMUx3EAE!2m1!1s0x0:0xfba60db12bc89949!3m1!1s2@1:CIHM0ogKEICAgICL-9H1Lw%7CCgwI4tXgswYQwNGQtQM%7C?hl=en-US",
                "images": [
                    {
                        "thumbnail": "https://lh5.googleusercontent.com/p/AF1QipObOgkB_viuSrKyhSbP6Xc041FNUIIw9pBe_oNv=w150-h150-k-no-p"
                    },
                    {
                        "thumbnail": "https://lh5.googleusercontent.com/p/AF1QipNxZ0QBZO2XlS0C6-St_4Vg62JktZujEoPc1Acc=w150-h150-k-no-p"
                    },
                    {
                        "thumbnail": "https://lh5.googleusercontent.com/p/AF1QipMG91IIjPEkoteI5J6KOpGXm-U-jnWo_3RbARMA=w150-h150-k-no-p"
                    },
                    {
                        "thumbnail": "https://lh5.googleusercontent.com/p/AF1QipOFjOTdDqvsD8U-bfETjjoY2wQZTqtiL0yafXNr=w150-h150-k-no-p"
                    },
                    {
                        "thumbnail": "https://lh5.googleusercontent.com/p/AF1QipOCTRDXXac9oqTlj6e1GgZo3YhRrZUtmjhvCFjH=w150-h150-k-no-p"
                    },
                    {
                        "thumbnail": "https://lh5.googleusercontent.com/p/AF1QipNwA4gYq9ra-jqMtnjtaniy0venDoEWjItKSrHb=w150-h150-k-no-p"
                    },
                    {
                        "thumbnail": "https://lh5.googleusercontent.com/p/AF1QipMqcbyvz6to3OaJnGrO7GIeRmeviHUSm5t_sl0b=w150-h150-k-no-p"
                    }
                ],
                "date": "4 months ago"
            },
            {
                "username": "Alyssa",
                "rating": 1,
                "contributor_id": "100880665555482546039",
                "description": "Anna’s is my favorite restaurant, today for the first time me and my family of four got to go orders instead of dining in like we usually do. We put our order in at 2 p.m. they close at 3 one of the reasons we got to go. I ordered candied pecan and banana French toast for my young son 7 and a monte cristo for my husband, both of which were just plain bread, not dipped in French toast egg batter. As you can imagine, my 7 year old wouldn’t eat his food. If this had been a cheap place I wouldn’t leave a negative review, but I’m honestly so flabbergasted that they would just put some slices of plain bread in a to go box with some toppings and I paid 16 dollars for this.  I usually am amazed with everything Anna’s is, the food, the service , everything is usually great and is why it is my favorite  restaurant and is usually worth the prices. Today I am beyond disappointed, being in the service industry myself I would never serve food like this to someone. Attaching pictures of their stock photo and what I received.",
                "link": "https://www.google.com/maps/reviews/data=!4m8!14m7!1m6!2m5!1sChZDSUhNMG9nS0VJQ0FnSUNyNkxPOWVREAE!2m1!1s0x0:0xfba60db12bc89949!3m1!1s2@1:CIHM0ogKEICAgICr6LO9eQ%7CCgwI4c-WtAYQ8KHq5gE%7C?hl=en-US",
                "images": [
                    {
                        "thumbnail": "https://lh5.googleusercontent.com/p/AF1QipOlks-uPKFdvWvQsUJ_c8DZF1JOi1q6UQ5-lpwt=w150-h150-k-no-p"
                    },
                    {
                        "thumbnail": "https://lh5.googleusercontent.com/p/AF1QipOcm0n6Tai7LAQmdZBJl6bS1csNV3FMOJcqdDTV=w150-h150-k-no-p"
                    },
                    {
                        "thumbnail": "https://lh5.googleusercontent.com/p/AF1QipMkIG8_BVlnX5s8FYzNK1kL5okk08N_V3PFeg48=w150-h150-k-no-p"
                    }
                ],
                "date": "4 months ago"
            },
            {
                "username": "Jeremy Krill",
                "rating": 5,
                "contributor_id": "100664918262897774190",
                "description": "Seriously, this place has THE best brunch around!  It's always busy, and there is a reason for that.  We met our college-aged daughter for her birthday and were not disappointed!  The chicken and waffles are perfection (pictured below), along with the Billion Dollar Bacon and Cinnamon Monkey Bread for table starters.  The entire menu looks great!  We will be back to try some more.",
                "link": "https://www.google.com/maps/reviews/data=!4m8!14m7!1m6!2m5!1sChZDSUhNMG9nS0VJQ0FnSUNqMlpuZWZREAE!2m1!1s0x0:0xfba60db12bc89949!3m1!1s2@1:CIHM0ogKEICAgICj2ZnefQ%7CCgwIg5ifsQYQqM7-2gI%7C?hl=en-US",
                "images": [
                    {
                        "thumbnail": "https://lh5.googleusercontent.com/p/AF1QipMWeHqH_CdhgAWQmGhzoAr65Ya3y5DwvnpxssqT=w150-h150-k-no-p"
                    },
                    {
                        "thumbnail": "https://lh5.googleusercontent.com/p/AF1QipNP_boAIQkQqx6ZmPNqaGDAXf10sDHd1buVYodM=w150-h150-k-no-p"
                    }
                ],
                "date": "6 months ago"
            },
            {
                "username": "Ivo d'Aguiar",
                "rating": 5,
                "contributor_id": "116161536123798815804",
                "description": "We loved the environment of Anna’s House. It takes you back to grandma’s where we usually have our best memories. The food was great and the place was packed. Service was also pretty good but it took a little bit long, sometimes. Overall, It is an awesome place to have a breakfast or even brunch. Not expensive for what it provides.",
                "link": "https://www.google.com/maps/reviews/data=!4m8!14m7!1m6!2m5!1sChdDSUhNMG9nS0VJQ0FnSUMxX2JUanRnRRAB!2m1!1s0x0:0xfba60db12bc89949!3m1!1s2@1:CIHM0ogKEICAgIC1_bTjtgE%7CCgwIy5rRrAYQkNfd1wI%7C?hl=en-US",
                "images": [
                    {
                        "thumbnail": "https://lh5.googleusercontent.com/p/AF1QipOuAlmbqQ70g9ewEu1fP6lMmu6XobfWGBBN3V7l=w150-h150-k-no-p"
                    },
                    {
                        "thumbnail": "https://lh5.googleusercontent.com/p/AF1QipMUaDbiSuYyPKxemn2USj2nGK80DobGr4M4lOQQ=w150-h150-k-no-p"
                    },
                    {
                        "thumbnail": "https://lh5.googleusercontent.com/p/AF1QipN5VO7cKz3r0OIVlL7IttHfQR5WlucpANXTY01x=w150-h150-k-no-p"
                    },
                    {
                        "thumbnail": "https://lh5.googleusercontent.com/p/AF1QipNLNBN1_o3SsemndSaI7mot83vgpQ3jGo5emKQo=w150-h150-k-no-p"
                    },
                    {
                        "thumbnail": "https://lh5.googleusercontent.com/p/AF1QipPsJ5vushDAl63X01qHJr5XR--IyD6rhvq7MYFY=w150-h150-k-no-p"
                    },
                    {
                        "thumbnail": "https://lh5.googleusercontent.com/p/AF1QipOAjlmtgjR8NlHcOuwLPT_ROwxeslzIRyQE5HY_=w150-h150-k-no-p"
                    }
                ],
                "date": "10 months ago"
            },
            {
                "username": "Max M",
                "rating": 5,
                "contributor_id": "103238843115783051993",
                "description": "Solid 4.5 stars out of 5 stars (rounded up to 5 stars).\n\nNice location, nice ambience. Service was good.\nFood was good and tasty, more on the healthier side. I did not know, but they have a lot of vegan options.\n\nI have the western omelette put the sausage gravy on top it was quite good. I also really like the gourmet hot chocolate and I asked them to put a little bit of sugar sprinkle on top of the whip cream.\n\nWait time today was about an hour for a party of five people and they do not take reservations. Didn’t love the weight but can’t be helped for such a good restaurant when so many people are waiting. I will need to check in advance next time prior to arriving.\n\nRestaurant was clean and well maintained.\n\nWe definitely recommend, and will be back.",
                "link": "https://www.google.com/maps/reviews/data=!4m8!14m7!1m6!2m5!1sChdDSUhNMG9nS0VJQ0FnSUREeXNhbWxRRRAB!2m1!1s0x0:0xfba60db12bc89949!3m1!1s2@1:CIHM0ogKEICAgIDDysamlQE%7CCgwIt93MsAYQkKeRyQM%7C?hl=en-US",
                "images": [
                    {
                        "thumbnail": "https://lh5.googleusercontent.com/p/AF1QipNOfYCsJwlifBLGyl0fhwwcgBZtSI9gVaLhbmy4=w150-h150-k-no-p"
                    },
                    {
                        "thumbnail": "https://lh5.googleusercontent.com/p/AF1QipPj7nAwG3_5gr4-_78DnlxhBZdG1e8_B88ixify=w150-h150-k-no-p"
                    }
                ],
                "date": "7 months ago"
            },
            {
                "username": "Chris White",
                "rating": 5,
                "contributor_id": "115991000682895785067",
                "description": "Alex my server was simply amazing, quick service and told us about the resident ducks that require feeding for breakfast and lunch :)\nThe food is always good here, I love all of their options of food. Gluten free to plant based.  Omelet was awesome and alot of good food.\n\nTheir decorations are great as well  I love the retro look and feel to the whole place.",
                "link": "https://www.google.com/maps/reviews/data=!4m8!14m7!1m6!2m5!1sChZDSUhNMG9nS0VJQ0FnSUNEMGNtWmVnEAE!2m1!1s0x0:0xfba60db12bc89949!3m1!1s2@1:CIHM0ogKEICAgICD0cmZeg%7CCgwI0_SasAYQ8KXzqwE%7C?hl=en-US",
                "images": [
                    {
                        "thumbnail": "https://lh5.googleusercontent.com/p/AF1QipOl0CU2Ts0AfmWS7nvlPp-tTiKP_pOTgU_ez20v=w150-h150-k-no-p"
                    },
                    {
                        "thumbnail": "https://lh5.googleusercontent.com/p/AF1QipM3H9i2iRDL5wozfA3x2L7oKO-AX6Evl1FRAkLi=w150-h150-k-no-p"
                    }
                ],
                "date": "7 months ago"
            },
            {
                "username": "APJ",
                "rating": 5,
                "contributor_id": "111121836957773188959",
                "description": "My go to destination for brunch on any lazy sunday. From its warm and inviting ambience to its mouthwatering menu offerings this place has my heart! My personal favorite is Cappuccino with a dash of hazelnut and eggs benedict. My husband loves their range of omelettes and my kid absolutely relishes their french toasts and pancakes",
                "link": "https://www.google.com/maps/reviews/data=!4m8!14m7!1m6!2m5!1sChZDSUhNMG9nS0VJQ0FnSUNEaXNQcUVREAE!2m1!1s0x0:0xfba60db12bc89949!3m1!1s2@1:CIHM0ogKEICAgICDisPqEQ%7CCgwImaaMsAYQgNHQ_QI%7C?hl=en-US",
                "images": [
                    {
                        "thumbnail": "https://lh5.googleusercontent.com/p/AF1QipMHmtVyKbYjqpoeG55ZagJ0JKZwhF2jOtEzZm_7=w150-h150-k-no-p"
                    },
                    {
                        "thumbnail": "https://lh5.googleusercontent.com/p/AF1QipNafvuj6rUyNS_ZRJno5jC__KsalabgV1LEPoJ3=w150-h150-k-no-p"
                    },
                    {
                        "thumbnail": "https://lh5.googleusercontent.com/p/AF1QipNdcCHvcCjwRxtkXShWKhPKvGWavTa-dXLIbq48=w150-h150-k-no-p"
                    },
                    {
                        "thumbnail": "https://lh5.googleusercontent.com/p/AF1QipM2QfiobLT3D7A-Ua2q8OPU6ysTJaMgyLUCKQ0S=w150-h150-k-no-p"
                    }
                ],
                "date": "7 months ago"
            },
            {
                "username": "Pannaphat Scott",
                "rating": 5,
                "contributor_id": "116036791199857321348",
                "description": "Such a great experience here 💛💙 Modern home style Breakfast place. Atmosphere is great food are good portion size the price is even better than many place compare to the plate and decor on it. Coffee here is on point for me hot and cold. Recommend for anyone that love the nice relax place for little meet up or family meals. The location is in the middle of everything from highway, mall, convenient store or even downtown. Great place!\n📍I will be regular here for sure!",
                "link": "https://www.google.com/maps/reviews/data=!4m8!14m7!1m6!2m5!1sChZDSUhNMG9nS0VJQ0FnSUNKd18zbmVBEAE!2m1!1s0x0:0xfba60db12bc89949!3m1!1s2@1:CIHM0ogKEICAgICJw_3neA%7CCgwIh-ClpQYQ6PXSjQE%7C?hl=en-US",
                "images": [
                    {
                        "thumbnail": "https://lh5.googleusercontent.com/p/AF1QipOSK-ov-LcuXkodaS6OgovIAlHcnYm-x6do4HC_=w150-h150-k-no-p"
                    },
                    {
                        "thumbnail": "https://lh5.googleusercontent.com/p/AF1QipMjIvKxaF7yIYUD9pv1rsjqMyEYxo7JwY456caB=w150-h150-k-no-p"
                    },
                    {
                        "thumbnail": "https://lh5.googleusercontent.com/p/AF1QipMslsr4SC9McBFmUTdKSnKioGdsGY0Yf0jXyH1F=w150-h150-k-no-p"
                    },
                    {
                        "thumbnail": "https://lh5.googleusercontent.com/p/AF1QipMRuCMXypNwkf1t8HK0rdwLgkJZrs8Z5-J-9B-H=w150-h150-k-no-p"
                    },
                    {
                        "thumbnail": "https://lh5.googleusercontent.com/p/AF1QipOxvT1RH9eKZmGTRkK5_4dR2X-3SwjgQIELuHMZ=w150-h150-k-no-p"
                    },
                    {
                        "thumbnail": "https://lh5.googleusercontent.com/p/AF1QipOO6fTJHtSrK71_ZT2bvVJlbcFwXT6fTxNoBuIt=w150-h150-k-no-p"
                    },
                    {
                        "thumbnail": "https://lh5.googleusercontent.com/p/AF1QipP18jnOhZNIsynMldaDsYkJRobsjzuj3m8owRej=w150-h150-k-no-p"
                    },
                    {
                        "thumbnail": "https://lh5.googleusercontent.com/p/AF1QipMkQ_UjPMNP0iTWp70Z9wfB9Bx2Qfz2nLdKVvT9=w150-h150-k-no-p"
                    },
                    {
                        "thumbnail": "https://lh5.googleusercontent.com/p/AF1QipN_mLpafmDBTFhTFJcxY05xb96BFvu9p3GYL2Qn=w150-h150-k-no-p"
                    },
                    {
                        "thumbnail": "https://lh5.googleusercontent.com/p/AF1QipM2aaFnXqdCg4hBWXE5U7RDrcxiZqtkRNceI8cE=w150-h150-k-no-p"
                    },
                    {
                        "thumbnail": "https://lh5.googleusercontent.com/p/AF1QipOdLfMDdoMZbx_H-OXJhGDWchPhPutdies9aida=w150-h150-k-no-p"
                    },
                    {
                        "thumbnail": "https://lh5.googleusercontent.com/p/AF1QipMsWa9Zr1W6Ha3s4nhPOgbmzGLzcC5pKojOjwVB=w150-h150-k-no-p"
                    },
                    {
                        "thumbnail": "https://lh5.googleusercontent.com/p/AF1QipNpIYSEB1zfZauT5M5nEYmLmpopdH5IgTsWdowg=w150-h150-k-no-p"
                    },
                    {
                        "thumbnail": "https://lh5.googleusercontent.com/p/AF1QipPayUmnlssz0pgDIc3S9dvjZqD8RZPH4m-qA7U9=w150-h150-k-no-p"
                    }
                ],
                "date": "a year ago"
            }
        ]
    },
    "Services": {
        "dine_in": true,
        "takeout": true,
        "delivery": true
    }
}