{
    "Title": "Avalon Cafe and Kitchen",
    "Price": "$$",
    "Place ID": "ChIJUz8FOTyuPIgRFbCR3-i6F8A",
    "Type ID": [],
    "Type": [
        "Restaurant",
        "Brunch restaurant",
        "Coffee shop"
    ],
    "Address": "120 E Liberty St, Ann Arbor, MI 48104",
    "GPS Coordinates": {
        "latitude": 42.2794007,
        "longitude": -83.7476492
    },
    "Phone Number": "(734) 263-2996",
    "Rating": 4.3,
    "Rating Summary": [
        {
            "stars": 1,
            "amount": 49
        },
        {
            "stars": 2,
            "amount": 36
        },
        {
            "stars": 3,
            "amount": 99
        },
        {
            "stars": 4,
            "amount": 261
        },
        {
            "stars": 5,
            "amount": 652
        }
    ],
    "Opening Hours": [
        {
            "tuesday": "8 AM–3 PM"
        },
        {
            "wednesday": "8 AM–3 PM"
        },
        {
            "thursday": "8 AM–3 PM"
        },
        {
            "friday": "8 AM–3 PM"
        },
        {
            "saturday": "8 AM–3 PM"
        },
        {
            "sunday": "8 AM–3 PM"
        },
        {
            "monday": "8 AM–3 PM"
        }
    ],
    "Description": "Lively joint combining a bakery, coffee bar & restaurant with New American breakfast & lunch dishes.",
    "Details": [
        {
            "highlights": [
                "Fast service",
                "Great coffee",
                "Great dessert",
                "Great tea selection"
            ]
        },
        {
            "popular_for": [
                "Breakfast",
                "Lunch",
                "Dinner",
                "Solo dining"
            ]
        },
        {
            "accessibility": [
                "Wheelchair accessible entrance",
                "Wheelchair accessible parking lot",
                "Wheelchair accessible restroom",
                "Wheelchair accessible seating"
            ]
        },
        {
            "offerings": [
                "Alcohol",
                "Beer",
                "Cocktails",
                "Coffee",
                "Comfort food",
                "Happy hour drinks",
                "Happy hour food",
                "Hard liquor",
                "Healthy options",
                "Quick bite",
                "Small plates",
                "Vegan options",
                "Vegetarian options",
                "Wine"
            ]
        },
        {
            "dining_options": [
                "Breakfast",
                "Brunch",
                "Lunch",
                "Dinner",
                "Catering",
                "Counter service",
                "Dessert",
                "Seating"
            ]
        },
        {
            "amenities": [
                "Bar onsite",
                "Gender-neutral restroom",
                "Restroom",
                "Free Wi-Fi"
            ]
        },
        {
            "atmosphere": [
                "Casual",
                "Cozy",
                "Trendy"
            ]
        },
        {
            "crowd": [
                "College students",
                "Family-friendly",
                "Groups",
                "LGBTQ+ friendly",
                "Tourists"
            ]
        },
        {
            "planning": [
                "Accepts reservations"
            ]
        },
        {
            "payments": [
                "Credit cards",
                "Debit cards",
                "NFC mobile payments"
            ]
        },
        {
            "children": [
                "Good for kids",
                "Has changing table(s)",
                "High chairs",
                "Kids' menu"
            ]
        },
        {
            "parking": [
                "Paid parking garage",
                "Paid parking lot",
                "Paid street parking",
                "Somewhat difficult to find a space"
            ]
        },
        {
            "pets": [
                "Dogs allowed outside"
            ]
        }
    ],
    "User Reviews": {
        "summary": [
            {
                "snippet": "\"We had potato tacos, quesadillas, Irish coffee, sangria, regular coffees.\""
            },
            {
                "snippet": "\"Very nice brunch place...busy but very good service, good selections on menu\""
            },
            {
                "snippet": "\"Good food, lively atmosphere (though too loud); Longish wait for Sunday brunch.\""
            }
        ],
        "most_relevant": [
            {
                "username": "Susan Willett",
                "rating": 5,
                "contributor_id": "104490793070397858385",
                "description": "The service was fabulous. My dining partner said he has had service before from our same server and that she has been working there for about eight years. I find that amazing in this day and time.\nThe menu is extremely diverse. They are a breakfast, brunch, lunch restaurant only their menu covers all three!\nYou can get anything from avocado toast, to oatmeal, to specialty crafted sandwiches and some delicious pancakes and French toast .\nThe coffee was great too. My dining partner had an orange juice which was freshly squeezed.\nIf you’re in Ann Arbor in the downtown area, stop in to the Avalon for absolutely exquisite service and food that is stellar!!!",
                "link": "https://www.google.com/maps/reviews/data=!4m8!14m7!1m6!2m5!1sChdDSUhNMG9nS0VJQ0FnSURicUo2bmp3RRAB!2m1!1s0x0:0xc017bae8df91b015!3m1!1s2@1:CIHM0ogKEICAgIDbqJ6njwE%7CCgwIktCutQYQsLnf6wI%7C?hl=en-US",
                "images": [
                    {
                        "thumbnail": "https://lh5.googleusercontent.com/p/AF1QipNsahtjo4Y0jeE6ygtg63pa0bK6goPfe3aUoWo3=w150-h150-k-no-p"
                    },
                    {
                        "thumbnail": "https://lh5.googleusercontent.com/p/AF1QipOFa1dBVS0ilxwGSSqTSRzsQgSqiqg928vDytYP=w150-h150-k-no-p"
                    },
                    {
                        "thumbnail": "https://lh5.googleusercontent.com/p/AF1QipPV4bysol9wkzU6L4RBK4Gg945-JdzdJRpmVKlv=w150-h150-k-no-p"
                    }
                ],
                "date": "3 months ago"
            },
            {
                "username": "Hank Putter",
                "rating": 4,
                "contributor_id": "110004903601536251886",
                "description": "A solid smash for brunch the mushroom burger was my favorite and they had fun cold brew flavors, although the strawberry cold brew had no distinct strawberry flavor to it. The bacon avacado egg sandwich was good but the bread really eroded my mouth it felt like I was chewing for 3 eons, but ig that’s the case with sourdough. Dude also the bacon on the sandwich was delicious. BE WARNED ITS PRICEY🤑",
                "link": "https://www.google.com/maps/reviews/data=!4m8!14m7!1m6!2m5!1sChZDSUhNMG9nS0VJQ0FnSURyXy15U0VnEAE!2m1!1s0x0:0xc017bae8df91b015!3m1!1s2@1:CIHM0ogKEICAgIDr_-ySEg%7CCgwIo_z1tAYQ4KCFjQI%7C?hl=en-US",
                "images": [
                    {
                        "thumbnail": "https://lh5.googleusercontent.com/p/AF1QipP7sH5_iiDUmmgf0N7ttphH_N18pWVwJC--GJCc=w150-h150-k-no-p"
                    },
                    {
                        "thumbnail": "https://lh5.googleusercontent.com/p/AF1QipOw1ih-2Olko1t5EmoD527sV8MdNr9hTR-bbQYR=w150-h150-k-no-p"
                    },
                    {
                        "thumbnail": "https://lh5.googleusercontent.com/p/AF1QipOsnZ5dzkQx9XlF6L4CLJ55zJ5vJOReuUXIvT3Y=w150-h150-k-no-p"
                    },
                    {
                        "thumbnail": "https://lh5.googleusercontent.com/p/AF1QipMiiOuIwoB7GrnPADU0QzVzx72Rng2_pI5mnWT1=w150-h150-k-no-p"
                    },
                    {
                        "thumbnail": "https://lh5.googleusercontent.com/p/AF1QipP00SM72z8ejSEbKr1LYTkDlvuNXsgFFqaLPzY3=w150-h150-k-no-p"
                    }
                ],
                "date": "3 months ago"
            },
            {
                "username": "Sarina",
                "rating": 5,
                "contributor_id": "107601755880795960430",
                "description": "Loved the food! Salmon omelette was amazing, would definitely recommend. Perfect amount of food with the salad and toast on the side. Blueberry pancakes were a great sweet treat after, we got the kids size so the portion was just right.",
                "link": "https://www.google.com/maps/reviews/data=!4m8!14m7!1m6!2m5!1sChZDSUhNMG9nS0VJQ0FnSURIOV9tSUNBEAE!2m1!1s0x0:0xc017bae8df91b015!3m1!1s2@1:CIHM0ogKEICAgIDH9_mICA%7CCgwIyP-3twYQiKCxpQE%7C?hl=en-US",
                "images": [
                    {
                        "thumbnail": "https://lh5.googleusercontent.com/p/AF1QipO2xIkiplvlA6a6tTqXTwLibsHdCXmzzgc0Hw8d=w150-h150-k-no-p"
                    }
                ],
                "date": "a month ago"
            },
            {
                "username": "Zee Mattingly",
                "rating": 2,
                "contributor_id": "106957093267934966603",
                "description": "The food here is amazing but last time I visited the service was horrible. Our waitress took our order and then disappeared for a full hour. Someone else brought our food out, and she did not come back to check how the food was or if we needed anything else. We had finished our food and were sitting waiting for her to come back for 30 minutes before giving up and heading inside to ask for the bill. The host told us he would find her for us and it took another 15 minutes after that for her to bring the bill out. 10 minutes later she still hadn't come back for it and it had started raining so we went inside to have them take the bill so we could leave. We got there around 9:30, were finished eating about 45 minutes later, and weren't able to leave until 11:15. I don't know if our waitress was just having an off day or if something was wrong but it was really disappointing.",
                "link": "https://www.google.com/maps/reviews/data=!4m8!14m7!1m6!2m5!1sChZDSUhNMG9nS0VJQ0FnSUQ3eTVTckV3EAE!2m1!1s0x0:0xc017bae8df91b015!3m1!1s2@1:CIHM0ogKEICAgID7y5SrEw%7CCgsIj-e8tgYQ8KapDw%7C?hl=en-US",
                "images": [
                    {
                        "thumbnail": "https://lh5.googleusercontent.com/p/AF1QipN85uMZnUWODz0AQRsKBYI9YhYBObNRMhRnop9G=w150-h150-k-no-p"
                    },
                    {
                        "thumbnail": "https://lh5.googleusercontent.com/p/AF1QipMlIhX2s-45Ls9IINpfYSoJFLkT22ouIto50vE0=w150-h150-k-no-p"
                    }
                ],
                "date": "2 months ago"
            },
            {
                "username": "Ahmed",
                "rating": 5,
                "contributor_id": "109902249534369525206",
                "description": "Decent spot for a coffee within one of Downtown Ann Arbor’s most scenic spots. Service was pretty good and the coffee itself was great. Can’t really ask for much more.",
                "link": "https://www.google.com/maps/reviews/data=!4m8!14m7!1m6!2m5!1sChdDSUhNMG9nS0VJQ0FnSURUekozTjJ3RRAB!2m1!1s0x0:0xc017bae8df91b015!3m1!1s2@1:CIHM0ogKEICAgIDTzJ3N2wE%7CCgwI2Lq9sgYQuLvcgQI%7C?hl=en-US",
                "images": [
                    {
                        "thumbnail": "https://lh5.googleusercontent.com/p/AF1QipOi5-KhtIFBG1JkSW23Cn3wjRBOeUAEAIGOGZIU=w150-h150-k-no-p"
                    },
                    {
                        "thumbnail": "https://lh5.googleusercontent.com/p/AF1QipNUUn5iDblQjmJvm5MWam_UK-3j62pE7wA03_Qk=w150-h150-k-no-p"
                    },
                    {
                        "thumbnail": "https://lh5.googleusercontent.com/p/AF1QipPwxmxc2Xqi0F6xFCE5pP6SFp1Nconm23P7QGV-=w150-h150-k-no-p"
                    },
                    {
                        "thumbnail": "https://lh5.googleusercontent.com/p/AF1QipPLI3xmBnyHcHxu2083a7KGVDqEe2MFt6yH4-Gw=w150-h150-k-no-p"
                    },
                    {
                        "thumbnail": "https://lh5.googleusercontent.com/p/AF1QipPIFeAaDTf4AQAbxAWXFvEs3VB1UWUZWHBn-HY-=w150-h150-k-no-p"
                    },
                    {
                        "thumbnail": "https://lh5.googleusercontent.com/p/AF1QipPn4MIYhDT9GRwFmXQjYjy-2G7wDSfA9xVhYmJe=w150-h150-k-no-p"
                    }
                ],
                "date": "5 months ago"
            },
            {
                "username": "Udit Anand",
                "rating": 5,
                "contributor_id": "110386330880806543827",
                "description": "Great food! We enjoyed the Mushroom Burger, the Roasted Veggie Bowl (with Tofu), the blueberry pancakes from the kids menu, the mushroom gravy, and the potato cakes.\n\nThe Avocado toast plated well but wasn't as tasty (the avocado was bland and the toast had the overpowering bitter taste of olive oil) but everything else was top notch. Would highly recommend going to Avalon. Also, the staff was super polite and great hosts :)",
                "link": "https://www.google.com/maps/reviews/data=!4m8!14m7!1m6!2m5!1sChZDSUhNMG9nS0VJQ0FnSUNPd01pQUFREAE!2m1!1s0x0:0xc017bae8df91b015!3m1!1s2@1:CIHM0ogKEICAgICOwMiAAQ%7CCgsI0ujPlAYQoI-NNQ%7C?hl=en-US",
                "images": [
                    {
                        "thumbnail": "https://lh5.googleusercontent.com/p/AF1QipPX_eQL7U18RyGeP32znzwxEM57CbuoM1D6cj2G=w150-h150-k-no-p"
                    },
                    {
                        "thumbnail": "https://lh5.googleusercontent.com/p/AF1QipPcZji9oRQwn5NBMA3JQI9D8sJUq9aYRWotuJcw=w150-h150-k-no-p"
                    },
                    {
                        "thumbnail": "https://lh5.googleusercontent.com/p/AF1QipOTKWDwoeRycljRnwmgibeUUYgLpZ2NFiltxNaI=w150-h150-k-no-p"
                    },
                    {
                        "thumbnail": "https://lh5.googleusercontent.com/p/AF1QipPTkFlFXvoOCQydeoacYDPUbJKcCm_EP87hHy-Z=w150-h150-k-no-p"
                    },
                    {
                        "thumbnail": "https://lh5.googleusercontent.com/p/AF1QipOfisvEzlxccz6O4_E9U7ow2ZRu-e1KJGAvzsHI=w150-h150-k-no-p"
                    },
                    {
                        "thumbnail": "https://lh5.googleusercontent.com/p/AF1QipO5WESTCi8bXA4NxNbkMcQVnuWlk27MaETsdrXs=w150-h150-k-no-p"
                    },
                    {
                        "thumbnail": "https://lh5.googleusercontent.com/p/AF1QipMYlBDGX_5x9Gh3D_PDO99wGXs5k72jEvqVlFQ4=w150-h150-k-no-p"
                    },
                    {
                        "thumbnail": "https://lh5.googleusercontent.com/p/AF1QipMgSU125bvJTvRDdN8sNvHAZZam_0ILZihxMw04=w150-h150-k-no-p"
                    }
                ],
                "date": "2 years ago"
            },
            {
                "username": "Alan Leung",
                "rating": 3,
                "contributor_id": "103016831710705848459",
                "description": "The food was good, however the service was terrible. The waiter did not come back to refill our waters the entire hour visit. He didn’t really come back to check on us. When I got up to use the restroom I spotted him chatting with the bartender instead of grabbing our checks. I saw him continuing to chat while we waited for about 15 minutes for our checks to come in.",
                "link": "https://www.google.com/maps/reviews/data=!4m8!14m7!1m6!2m5!1sChdDSUhNMG9nS0VJQ0FnSUREOHM3RTFRRRAB!2m1!1s0x0:0xc017bae8df91b015!3m1!1s2@1:CIHM0ogKEICAgIDD8s7E1QE%7CCgwIicvLsAYQ2M6vvgE%7C?hl=en-US",
                "images": [
                    {
                        "thumbnail": "https://lh5.googleusercontent.com/p/AF1QipMBk2DeTlYErMAe21iUsSHuWcPaHzQ_Ulh4NA32=w150-h150-k-no-p"
                    }
                ],
                "date": "7 months ago"
            },
            {
                "username": "Laura",
                "rating": 4,
                "contributor_id": "102619440479154790282",
                "description": "Generous portion. The fried chicken tasted good. Good food quality while sometimes tastes sour or too salty.",
                "link": "https://www.google.com/maps/reviews/data=!4m8!14m7!1m6!2m5!1sChdDSUhNMG9nS0VJQ0FnSUNsd282YTN3RRAB!2m1!1s0x0:0xc017bae8df91b015!3m1!1s2@1:CIHM0ogKEICAgIClwo6a3wE%7CCgwIuuymtQYQiIieqAM%7C?hl=en-US",
                "images": [
                    {
                        "thumbnail": "https://lh5.googleusercontent.com/p/AF1QipOI3Jp-x5N9KBh5pWr6KY8toot9bHWV5Px2jTx5=w150-h150-k-no-p"
                    },
                    {
                        "thumbnail": "https://lh5.googleusercontent.com/p/AF1QipNZctsbuPSP0s8KlAbrk1WGrmik0mJFy8JiW3sQ=w150-h150-k-no-p"
                    },
                    {
                        "thumbnail": "https://lh5.googleusercontent.com/p/AF1QipPcQ_ITCdORk0FacwQNnESbSnZ8-9tXxsQVVlc3=w150-h150-k-no-p"
                    }
                ],
                "date": "3 months ago"
            }
        ]
    },
    "Services": {
        "dine_in": true,
        "curbside_pickup": true,
        "no_contact_delivery": true
    }
}