{
    "Title": "Aventura",
    "Price": [],
    "Place ID": "ChIJ1fh_fz6uPIgRz6sDQ5frrZY",
    "Type ID": [],
    "Type": [
        "Restaurant",
        "Bar",
        "Charcuterie",
        "Cocktail bar",
        "Small plates restaurant",
        "Spanish restaurant",
        "Tapas bar",
        "Tapas restaurant",
        "Wine bar"
    ],
    "Address": "216 E Washington St, Ann Arbor, MI 48104",
    "GPS Coordinates": {
        "latitude": 42.280279799999995,
        "longitude": -83.74649509999999
    },
    "Phone Number": "(734) 369-3153",
    "Rating": 4.5,
    "Rating Summary": [
        {
            "stars": 1,
            "amount": 27
        },
        {
            "stars": 2,
            "amount": 52
        },
        {
            "stars": 3,
            "amount": 126
        },
        {
            "stars": 4,
            "amount": 352
        },
        {
            "stars": 5,
            "amount": 1140
        }
    ],
    "Opening Hours": [
        {
            "tuesday": "4–10 PM"
        },
        {
            "wednesday": "4–10 PM"
        },
        {
            "thursday": "4–10 PM"
        },
        {
            "friday": "4–11 PM"
        },
        {
            "saturday": "4–11 PM"
        },
        {
            "sunday": "4–10 PM"
        },
        {
            "monday": "4–10 PM"
        }
    ],
    "Description": "Tapas, paella, wine & cocktails offered in a stylish, contemporary space with rustic touches.",
    "Details": [
        {
            "from_the_business": [
                "Identifies as women-owned"
            ]
        },
        {
            "highlights": [
                "Great beer selection",
                "Great cocktails",
                "Great coffee",
                "Great dessert",
                "Great wine list"
            ]
        },
        {
            "popular_for": [
                "Lunch",
                "Dinner",
                "Solo dining"
            ]
        },
        {
            "accessibility": [
                "Wheelchair accessible entrance",
                "Wheelchair accessible restroom",
                "Wheelchair accessible seating"
            ]
        },
        {
            "offerings": [
                "Alcohol",
                "Beer",
                "Cocktails",
                "Coffee",
                "Comfort food",
                "Happy hour drinks",
                "Happy hour food",
                "Hard liquor",
                "Late-night food",
                "Private dining room",
                "Small plates",
                "Vegetarian options",
                "Wine"
            ]
        },
        {
            "dining_options": [
                "Brunch",
                "Lunch",
                "Dinner",
                "Dessert",
                "Seating"
            ]
        },
        {
            "amenities": [
                "Bar onsite",
                "Restroom",
                "Wi-Fi",
                "Free Wi-Fi"
            ]
        },
        {
            "atmosphere": [
                "Cozy",
                "Romantic",
                "Trendy",
                "Upscale"
            ]
        },
        {
            "crowd": [
                "College students",
                "Family-friendly",
                "Groups",
                "LGBTQ+ friendly",
                "Tourists",
                "Transgender safespace"
            ]
        },
        {
            "planning": [
                "Lunch reservations recommended",
                "Dinner reservations recommended",
                "Accepts reservations",
                "Usually a wait"
            ]
        },
        {
            "payments": [
                "Credit cards",
                "Debit cards",
                "NFC mobile payments"
            ]
        },
        {
            "children": [
                "High chairs"
            ]
        },
        {
            "parking": [
                "Free street parking",
                "Paid parking garage",
                "Paid parking lot",
                "Paid street parking",
                "Somewhat difficult to find a space"
            ]
        }
    ],
    "User Reviews": {
        "summary": [
            {
                "snippet": "\"Enjoyed the food and service, but the place was a bit too hot\""
            },
            {
                "snippet": "\"Great tapas restaurant with a nice selection of meat and veggie dishes.\""
            },
            {
                "snippet": "\"An amazing atmosphere along with the most delish small plates.\""
            }
        ],
        "most_relevant": [
            {
                "username": "Evan B",
                "rating": 5,
                "contributor_id": "109300623382587634576",
                "description": "Recently had one of the best meals I’ve ever had in the USA at Aventura in Ann Arbor! Amazing tapas, incredible paella, and a perfect wine from Tenerife. Highly recommend this spot for a true Spanish dining experience!",
                "link": "https://www.google.com/maps/reviews/data=!4m8!14m7!1m6!2m5!1sChdDSUhNMG9nS0VJQ0FnSUNYXzZtZjVnRRAB!2m1!1s0x0:0x96adeb974303abcf!3m1!1s2@1:CIHM0ogKEICAgICX_6mf5gE%7CCgwIueXeuAYQyOashAM%7C?hl=en-US",
                "images": [
                    {
                        "thumbnail": "https://lh5.googleusercontent.com/p/AF1QipOpSuoQ2pOpbThG6JhziSDbWgfdiFG7zWKt-ZR4=w150-h150-k-no-p"
                    },
                    {
                        "thumbnail": "https://lh5.googleusercontent.com/p/AF1QipPqKETMEAQs6qTugBAJjjLRd7SM6EEzyA-CGph6=w150-h150-k-no-p"
                    },
                    {
                        "thumbnail": "https://lh5.googleusercontent.com/p/AF1QipM3t0SsYIH8BvvycP6WiCcp24iKVpSDIY4PvClV=w150-h150-k-no-p"
                    },
                    {
                        "thumbnail": "https://lh5.googleusercontent.com/p/AF1QipNFYbgw6acEdhLE2HAbbzVrAfrnRJU6gmlSO2bU=w150-h150-k-no-p"
                    },
                    {
                        "thumbnail": "https://lh5.googleusercontent.com/p/AF1QipPDmNU9WCVwkNSZOYWUegN_fGUyEO1MY1S7shfD=w150-h150-k-no-p"
                    },
                    {
                        "thumbnail": "https://lh5.googleusercontent.com/p/AF1QipOScAoUpGSSMzD0PqOzcW2RdUgBfFZtRjNCLBdC=w150-h150-k-no-p"
                    }
                ],
                "date": "3 weeks ago"
            },
            {
                "username": "Angela Steinhubel",
                "rating": 5,
                "contributor_id": "110987210571059767379",
                "description": "We sat at the back patio this time which was an absolutely lovely experience! The staff was extremely kind in helping with our dietary restrictions and everything we ended up eating was delicious. Tapas style means you get to try a bunch of fun things too! We also had the paella and had plenty leftover even though three of us were eating it. Definitely don't miss this spot if you're in Ann Arbor! (Pictures are patatas bravas, bacon wrapped dates, and chicken paella)",
                "link": "https://www.google.com/maps/reviews/data=!4m8!14m7!1m6!2m5!1sChZDSUhNMG9nS0VJQ0FnSUNucEl6TlNREAE!2m1!1s0x0:0x96adeb974303abcf!3m1!1s2@1:CIHM0ogKEICAgICnpIzNSQ%7CCgwIxtbCtwYQoNLFigE%7C?hl=en-US",
                "images": [
                    {
                        "thumbnail": "https://lh5.googleusercontent.com/p/AF1QipOjMIcYtGiCae_kLIWWXvVZR9G37_XLa6DwtV4s=w150-h150-k-no-p"
                    },
                    {
                        "thumbnail": "https://lh5.googleusercontent.com/p/AF1QipPBR0OdeKy91BzJMQQQefcu9EtrDA93T7bjVkk1=w150-h150-k-no-p"
                    },
                    {
                        "thumbnail": "https://lh5.googleusercontent.com/p/AF1QipNsBo4jGou7wbGAcZqxoUteJ7cqUWVkX80Ii7TI=w150-h150-k-no-p"
                    }
                ],
                "date": "a month ago"
            },
            {
                "username": "shreyas kulkarni",
                "rating": 5,
                "contributor_id": "117150546200924555497",
                "description": "Great ambience. The food is delicious. Loved the experience. It was my first time eating tapas and the server was very helpful. Certainly on the expensive side.",
                "link": "https://www.google.com/maps/reviews/data=!4m8!14m7!1m6!2m5!1sChZDSUhNMG9nS0VJQ0FnSUNuMHNuRWFREAE!2m1!1s0x0:0x96adeb974303abcf!3m1!1s2@1:CIHM0ogKEICAgICn0snEaQ%7CCgwIgZPLtwYQ6JnR2gI%7C?hl=en-US",
                "images": [
                    {
                        "thumbnail": "https://lh5.googleusercontent.com/p/AF1QipPRQWM6TMZqiZeYGtJLr5gZ-sDthU10lR0ZbO4Y=w150-h150-k-no-p"
                    },
                    {
                        "thumbnail": "https://lh5.googleusercontent.com/p/AF1QipPq_ClHoIztqPwQ5n0p30EB5XVjaWQbY55qH8Cf=w150-h150-k-no-p"
                    },
                    {
                        "thumbnail": "https://lh5.googleusercontent.com/p/AF1QipOo5Kfnug9QlH_IgZ_J77oBkaux-WzP9Q2iQcKx=w150-h150-k-no-p"
                    },
                    {
                        "thumbnail": "https://lh5.googleusercontent.com/p/AF1QipNYL4l9aQb_g0iNmvOeei03v3Twl_rfbxHeB4ZQ=w150-h150-k-no-p"
                    },
                    {
                        "thumbnail": "https://lh5.googleusercontent.com/p/AF1QipPYQuZQaajVOMGmVBJjriuMB14fwNU-lfoNIX8l=w150-h150-k-no-p"
                    },
                    {
                        "thumbnail": "https://lh5.googleusercontent.com/p/AF1QipMFpVge-wXW_7N-3yJJv8hAAnw21n1ZPaNdQKpO=w150-h150-k-no-p"
                    },
                    {
                        "thumbnail": "https://lh5.googleusercontent.com/p/AF1QipN1TfYfy5GpRPjCU9Fj-ai2-xMCohDCvvX7Z1d7=w150-h150-k-no-p"
                    },
                    {
                        "thumbnail": "https://lh5.googleusercontent.com/p/AF1QipOrlOeCTqrcArAgKfbZY5eZZOt_YUIfVQY5_u7J=w150-h150-k-no-p"
                    },
                    {
                        "thumbnail": "https://lh5.googleusercontent.com/p/AF1QipNfzt3pVUOJPzVitQ0cr18o2biad8jV076XaeWI=w150-h150-k-no-p"
                    },
                    {
                        "thumbnail": "https://lh5.googleusercontent.com/p/AF1QipNhRneA7i5HnW4Wk26wiw5PzdVmRzl4Kt_SXR_w=w150-h150-k-no-p"
                    }
                ],
                "date": "a month ago"
            },
            {
                "username": "Brett Skipper",
                "rating": 5,
                "contributor_id": "104768704465481664043",
                "description": "Stopped in for dinner while In town on a road trip. We were seated quickly and the service was attentive. We were given a nice window seat. We ordered the Seafood Paella and Sangria. Everything was delicious! We would certainly return!",
                "link": "https://www.google.com/maps/reviews/data=!4m8!14m7!1m6!2m5!1sChZDSUhNMG9nS0VJQ0FnSUNicXA3ckhnEAE!2m1!1s0x0:0x96adeb974303abcf!3m1!1s2@1:CIHM0ogKEICAgICbqp7rHg%7CCgwIzNKKtQYQyPb8rQM%7C?hl=en-US",
                "images": [
                    {
                        "thumbnail": "https://lh5.googleusercontent.com/p/AF1QipP9UT3yrk0HYPLZRMyrCiUnM5q8sSPndn1kjd2b=w150-h150-k-no-p"
                    },
                    {
                        "thumbnail": "https://lh5.googleusercontent.com/p/AF1QipNilTeVRr1ucM8pKYi54MsRKLpuWtsMP6X8UUPX=w150-h150-k-no-p"
                    },
                    {
                        "thumbnail": "https://lh5.googleusercontent.com/p/AF1QipMNCRsysoNtqN7fRrkWm30PMDgwqgXGr6aTaDGI=w150-h150-k-no-p"
                    },
                    {
                        "thumbnail": "https://lh5.googleusercontent.com/p/AF1QipOo36Sc-rqVIr6FwHkI3JFxeSx0dF0_zlGq50SQ=w150-h150-k-no-p"
                    },
                    {
                        "thumbnail": "https://lh5.googleusercontent.com/p/AF1QipMeoy-gnAExmoqCdPPUFgQNIAhpDrm6G4Svfz4v=w150-h150-k-no-p"
                    }
                ],
                "date": "3 months ago"
            },
            {
                "username": "Rashid Abdullah",
                "rating": 5,
                "contributor_id": "114341422236991735145",
                "description": "Today, we're going to talk about an amazing adventure we had recently, and trust me, you're going to want to hear all about it. So, let's dive right in!\nNow, I'm not sure if you've heard, but Ann Arbor is a fantastic place for foodies like us. One of the best spots we've discovered is this incredible restaurant that serves up healthy, nutritional, and absolutely delicious food and beverages.\nI'll admit, I was a little hesitant at first. You see, I've had some not-so-great experiences with parking in Ann Arbor. But I'm here to tell you that it's totally worth it! I would battle the hell of parking in Ann Arbor every day just to eat here.\nNow, let me tell you about my first visit to this restaurant. I was a bit nervous, as it was my first time there, but the ladies working the counter were absolutely amazing. They were so sweet and helpful, and it really made my experience that much better. I'm definitely going to be returning to this place, and I'm so excited to try even more of their delicious menu items.\nI have to say, this place is just great! It's always clean, the service is timely and kind, and I recently had the chance to try their amazing Smoothies. I went in fairly close to closing time, but I was still greeted with kindness and a perfectly made Smoothie.\nAnd let me tell you, their menu is a foodie's dream. They have a variety of fresh fruit and nuts, and I'm already planning my next visit to try even more of their tasty treats.\nSo, there you have it, folks! Our latest adventure in Ann Arbor. I can't wait to share more of our experiences with you, and I hope you're as excited as we are to explore this amazing city.\nThank you so much for joining us today, and if you enjoyed this video, please don't forget to like, share, and subscribe. Until next time, keep exploring and enjoying the adventure!",
                "link": "https://www.google.com/maps/reviews/data=!4m8!14m7!1m6!2m5!1sChZDSUhNMG9nS0VJQ0FnSURINU12Wlh3EAE!2m1!1s0x0:0x96adeb974303abcf!3m1!1s2@1:CIHM0ogKEICAgIDH5MvZXw%7CCgwI_ZiNtwYQ6IaAhQM%7C?hl=en-US",
                "images": [
                    {
                        "thumbnail": "https://lh5.googleusercontent.com/p/AF1QipOs_dNtyBCiMkHRNLkmOst-EhxvxkLFdPyZwG_C=w150-h150-k-no-p"
                    },
                    {
                        "thumbnail": "https://lh5.googleusercontent.com/p/AF1QipNR4SLLJyggeTS7VubYzgf28JFOKdFfHU-l6pVG=w150-h150-k-no-p"
                    },
                    {
                        "thumbnail": "https://lh5.googleusercontent.com/p/AF1QipNJgfy4vVz3UZfYpC20YsyuADHQRMBxjatztPDo=w150-h150-k-no-p"
                    },
                    {
                        "thumbnail": "https://lh5.googleusercontent.com/p/AF1QipM5khadjxuEgeYEv_NaoRIRC_bOV6YRG3FOn-p4=w150-h150-k-no-p"
                    },
                    {
                        "thumbnail": "https://lh5.googleusercontent.com/p/AF1QipNmPQQiy8Sx0MK58GnkPKNP5DOAR_dHUeQIQvZ7=w150-h150-k-no-p"
                    },
                    {
                        "thumbnail": "https://lh5.googleusercontent.com/p/AF1QipNful5VdqtkNmPHPBV0-pW6Rnojs6__I4fC9Nty=w150-h150-k-no-p"
                    }
                ],
                "date": "2 months ago"
            },
            {
                "username": "Ginb Om",
                "rating": 4,
                "contributor_id": "114291202828037126427",
                "description": "Really good paella!!! We think the tapas are a little bit too salty, but not too bad. Also very OVERPRICED compared to the portion size. they charged 15 or 16 dollar for three pieces of mushrooms. 😂😂😂",
                "link": "https://www.google.com/maps/reviews/data=!4m8!14m7!1m6!2m5!1sChdDSUhNMG9nS0VJQ0FnSUNYc3F2MHpnRRAB!2m1!1s0x0:0x96adeb974303abcf!3m1!1s2@1:CIHM0ogKEICAgICXsqv0zgE%7CCgwIv_S2uAYQyJj-mwM%7C?hl=en-US",
                "images": [
                    {
                        "thumbnail": "https://lh5.googleusercontent.com/p/AF1QipMM6mcfQ1FS4Wv0AWAfHc0SyDA3MREa8vCq6TQh=w150-h150-k-no-p"
                    },
                    {
                        "thumbnail": "https://lh5.googleusercontent.com/p/AF1QipMCgOwX_zzShdyLoNloMQE6IhpdUibbsBcgAVMC=w150-h150-k-no-p"
                    },
                    {
                        "thumbnail": "https://lh5.googleusercontent.com/p/AF1QipOvjJ6oF6jOLNINSlWk1Sudxc8YP3fQZieDArvh=w150-h150-k-no-p"
                    }
                ],
                "date": "4 weeks ago"
            },
            {
                "username": "Madison DeLacy",
                "rating": 5,
                "contributor_id": "118058350078810948753",
                "description": "Obsessed with this place. Great vibes, service, and such good food. Cannot say enough good things about the charcuterie board. We also got the classic paella and Brussels sprouts. If you're looking to sit outside on a nice night, their back patio is really cute. This is also a perfect place for large groups. They're very accommodating for large parties and you can get a ton of tapas for everyone to be able to try a variety of items. Looking forward to my next visit!",
                "link": "https://www.google.com/maps/reviews/data=!4m8!14m7!1m6!2m5!1sChdDSUhNMG9nS0VJQ0FnSUNMcDlxT2tBRRAB!2m1!1s0x0:0x96adeb974303abcf!3m1!1s2@1:CIHM0ogKEICAgICLp9qOkAE%7CCgwI4bbhswYQiKKVvAE%7C?hl=en-US",
                "images": [
                    {
                        "thumbnail": "https://lh5.googleusercontent.com/p/AF1QipPkRj4IiCz-g9mZ_oveWrRM6JfIDKj3Q_UNXUW2=w150-h150-k-no-p"
                    },
                    {
                        "thumbnail": "https://lh5.googleusercontent.com/p/AF1QipNosDOdKm4_AUOHl7HPNXohJeolmQw0JOqGrKSx=w150-h150-k-no-p"
                    }
                ],
                "date": "4 months ago"
            },
            {
                "username": "C CB",
                "rating": 5,
                "contributor_id": "117467155160853720991",
                "description": "Atmosphere was great. Sat in the outside patio area and I loved all the plants and the decor. The service was absolutely amazing. A lot of attention to detail. And the food was the best part of the entire experience. For the quality of food and the portion sizes pricing is affordable too. Will for sure be back.",
                "link": "https://www.google.com/maps/reviews/data=!4m8!14m7!1m6!2m5!1sChdDSUhNMG9nS0VJQ0FnSURUM2MydHlRRRAB!2m1!1s0x0:0x96adeb974303abcf!3m1!1s2@1:CIHM0ogKEICAgIDT3c2tyQE%7CCgwI6IvPsgYQsOb2jgE%7C?hl=en-US",
                "images": [
                    {
                        "thumbnail": "https://lh5.googleusercontent.com/p/AF1QipM2GW1ukQr7YfmxwJI8DjzkIr8J4p_0r4NHTnNg=w150-h150-k-no-p"
                    }
                ],
                "date": "5 months ago"
            }
        ]
    },
    "Services": {
        "dine_in": true,
        "takeout": true,
        "delivery": false
    }
}