{
    "Title": "Benny's Family Dining",
    "Price": [],
    "Place ID": "ChIJGeP_OLSvPIgRQjnLyY0TF6s",
    "Type ID": [],
    "Type": [
        "Restaurant"
    ],
    "Address": "1952 S Industrial Hwy, Ann Arbor, MI 48104",
    "GPS Coordinates": {
        "latitude": 42.258514999999996,
        "longitude": -83.7375893
    },
    "Phone Number": "(734) 663-6302",
    "Rating": 4.4,
    "Rating Summary": [
        {
            "stars": 1,
            "amount": 23
        },
        {
            "stars": 2,
            "amount": 16
        },
        {
            "stars": 3,
            "amount": 63
        },
        {
            "stars": 4,
            "amount": 163
        },
        {
            "stars": 5,
            "amount": 506
        }
    ],
    "Opening Hours": [
        {
            "tuesday": "7 AM–3 PM"
        },
        {
            "wednesday": "7 AM–3 PM"
        },
        {
            "thursday": "7 AM–3 PM"
        },
        {
            "friday": "7 AM–3 PM"
        },
        {
            "saturday": "7 AM–3 PM"
        },
        {
            "sunday": "7 AM–3 PM"
        },
        {
            "monday": "7 AM–3 PM"
        }
    ],
    "Description": "Stalwart, unpretentious diner serving up familiar American, Italian & Mexican entrees, plus gyros.",
    "Details": [
        {
            "highlights": [
                "Great coffee",
                "Great dessert"
            ]
        },
        {
            "popular_for": [
                "Breakfast",
                "Lunch",
                "Solo dining"
            ]
        },
        {
            "accessibility": [
                "Wheelchair accessible entrance",
                "Wheelchair accessible parking lot",
                "Wheelchair accessible restroom",
                "Wheelchair accessible seating"
            ]
        },
        {
            "offerings": [
                "Coffee",
                "Comfort food",
                "Halal food",
                "Happy hour food",
                "Organic dishes",
                "Quick bite",
                "Small plates",
                "Vegetarian options"
            ]
        },
        {
            "dining_options": [
                "Breakfast",
                "Brunch",
                "Lunch",
                "Catering",
                "Dessert",
                "Seating"
            ]
        },
        {
            "amenities": [
                "Restroom"
            ]
        },
        {
            "atmosphere": [
                "Casual",
                "Cozy"
            ]
        },
        {
            "crowd": [
                "College students",
                "Family-friendly",
                "Groups",
                "LGBTQ+ friendly",
                "Tourists",
                "Transgender safespace"
            ]
        },
        {
            "payments": [
                "Credit cards",
                "Debit cards",
                "NFC mobile payments"
            ]
        },
        {
            "children": [
                "Good for kids",
                "High chairs",
                "Kids' menu"
            ]
        },
        {
            "parking": [
                "Free parking lot",
                "Free street parking",
                "Plenty of parking"
            ]
        },
        {
            "pets": [
                "Dogs allowed outside"
            ]
        }
    ],
    "User Reviews": {
        "summary": [
            {
                "snippet": "\"The chicken tortilla wrap, fries, pink lemonade and the strawberry milkshake\""
            },
            {
                "snippet": "\"Quiet and relaxing place to eat Great home cooked food\""
            },
            {
                "snippet": "\"Good diner with loads to choose from - and the serving portions are great.\""
            }
        ],
        "most_relevant": [
            {
                "username": "Jacob Madsen",
                "rating": 5,
                "contributor_id": "114680251286085601553",
                "description": "Benny’s was amazing. One of the best breakfast spots in Ann Arbor. Best customer service and great food. Got the Western Omelet and their rice pudding. So amazing!!",
                "link": "https://www.google.com/maps/reviews/data=!4m8!14m7!1m6!2m5!1sChdDSUhNMG9nS0VJQ0FnSURYcmVETDR3RRAB!2m1!1s0x0:0xab17138dc9cb3942!3m1!1s2@1:CIHM0ogKEICAgIDXreDL4wE%7CCgwIpuqGuQYQgNzXtwE%7C?hl=en-US",
                "images": [
                    {
                        "thumbnail": "https://lh5.googleusercontent.com/p/AF1QipNbg2XQZi7xD3abaj-9TnBkpzr4bumfUwozd2ML=w150-h150-k-no-p"
                    },
                    {
                        "thumbnail": "https://lh5.googleusercontent.com/p/AF1QipNcuWcwwHrAl_10AwhqhqVGirElm-dpE52O5uyp=w150-h150-k-no-p"
                    }
                ],
                "date": "a week ago"
            },
            {
                "username": "Allan Dsouza",
                "rating": 4,
                "contributor_id": "107541867575423847888",
                "description": "Good diner with loads to choose from - and the serving portions are great. Very friendly staff who are very attentive to their customers.",
                "link": "https://www.google.com/maps/reviews/data=!4m8!14m7!1m6!2m5!1sChdDSUhNMG9nS0VJQ0FnSUQ3MUpxSzhnRRAB!2m1!1s0x0:0xab17138dc9cb3942!3m1!1s2@1:CIHM0ogKEICAgID71JqK8gE%7CCgwIjOSYtgYQuLSwxQM%7C?hl=en-US",
                "images": [
                    {
                        "thumbnail": "https://lh5.googleusercontent.com/p/AF1QipMcoKLSlsAkrHPr7tymI2jxf6SA81qNFb5oKHYb=w150-h150-k-no-p"
                    },
                    {
                        "thumbnail": "https://lh5.googleusercontent.com/p/AF1QipN6NbmLQAtXeoYBKw1EzbSj5Krd-ACBoPGrp1uZ=w150-h150-k-no-p"
                    },
                    {
                        "thumbnail": "https://lh5.googleusercontent.com/p/AF1QipNgoC6ZEDD0Th7v9z-bVyTNbQSpieq2sd4TczDO=w150-h150-k-no-p"
                    },
                    {
                        "thumbnail": "https://lh5.googleusercontent.com/p/AF1QipOfsdaMxEkuF0QYELc6_HRKj0IvF8-zSM6X9dMD=w150-h150-k-no-p"
                    },
                    {
                        "thumbnail": "https://lh5.googleusercontent.com/p/AF1QipONqSB7uKlBWYvxzCmxJVAf-d72xbwvHFZHjtdD=w150-h150-k-no-p"
                    },
                    {
                        "thumbnail": "https://lh5.googleusercontent.com/p/AF1QipNnLb7E_yKIg7bZsKGrvyf_NynGhQR88gADiP2Z=w150-h150-k-no-p"
                    },
                    {
                        "thumbnail": "https://lh5.googleusercontent.com/p/AF1QipOOdCZfH18GiN4cLGaza3gHsdT-jBVQtdQODIV1=w150-h150-k-no-p"
                    },
                    {
                        "thumbnail": "https://lh5.googleusercontent.com/p/AF1QipPa5W5TSgbsTuJWsC-kIGRu9bKrBjzuSBT-HHQS=w150-h150-k-no-p"
                    }
                ],
                "date": "2 months ago"
            },
            {
                "username": "Thomas Deren",
                "rating": 5,
                "contributor_id": "110435672925493389268",
                "description": "A neighborhood mainstay, the classic cozy diner experience!  Can't go wrong on the menu, especially for breakfast, and experience the spot where Michael Phelps used to eat his mountains of eggs.  Easy location on gamedays or anytime, fast service and lots of parking!",
                "link": "https://www.google.com/maps/reviews/data=!4m8!14m7!1m6!2m5!1sChZDSUhNMG9nS0VJQ0FnSUNYMi1YckVREAE!2m1!1s0x0:0xab17138dc9cb3942!3m1!1s2@1:CIHM0ogKEICAgICX2-XrEQ%7CCgwIwofWuAYQqJ-dxQM%7C?hl=en-US",
                "date": "3 weeks ago"
            },
            {
                "username": "Brian Masserman",
                "rating": 5,
                "contributor_id": "114458048043005784015",
                "description": "This is a really good quality family dining restaurant. The food is very fresh. I had the traditional turkey club which was absolutely delicious. The cappuccino is out of this world. Very nice owner and staff. My server has been with this place for 20 years and loves her job. They aim to please",
                "link": "https://www.google.com/maps/reviews/data=!4m8!14m7!1m6!2m5!1sChZDSUhNMG9nS0VJQ0FnSUNDeV92b0pREAE!2m1!1s0x0:0xab17138dc9cb3942!3m1!1s2@1:CIHM0ogKEICAgICCy_voJQ%7CCgwIicHE-gUQ0NvM8QI%7C?hl=en-US",
                "images": [
                    {
                        "thumbnail": "https://lh5.googleusercontent.com/p/AF1QipNjXJ6qUG9yclhbIsCz0iKzY7QmtC3FZ5IUChaS=w150-h150-k-no-p"
                    },
                    {
                        "thumbnail": "https://lh5.googleusercontent.com/p/AF1QipPYApWrEXrXq1hAz5VnbtH8M7AzH3K_UaqKUTXF=w150-h150-k-no-p"
                    },
                    {
                        "thumbnail": "https://lh5.googleusercontent.com/p/AF1QipNEu6kL5LoMoZdmouZWYiRyXLz5Z8UvyDc7Vyzf=w150-h150-k-no-p"
                    },
                    {
                        "thumbnail": "https://lh5.googleusercontent.com/p/AF1QipOeBBfrFIpjkOS9PQxDYEw6cnfJUHywII_cNQLs=w150-h150-k-no-p"
                    }
                ],
                "date": "4 years ago"
            },
            {
                "username": "Ben Geiger",
                "rating": 5,
                "contributor_id": "100232352953652080107",
                "description": "I ordered the Slim Jim w\\o tomato 🍅 and asked for Bacon 🥓 to be added. They definitely added bacon to the sandwich and it was perfect. Atmosphere was easy going with a wait staff that took care of you. Mom had the pancakes 🥞 and the scrambled eggs 🥚 🍳, (mini breakfast) she said she would highly recommend it.\nI'm not much for soup but I got the chicken lemon 🍋 rice 🌾 🍚 with the combo (I'm going to try the coleslaw next time) and thought it could have a bit more pepper 🌶️ or spice, but I like things spicy 🥵\nLove the location and off street parking 🅿️ (I'm missing a leg so ♿ parking is one of the first things I look for) and being so close to UofM yet off campus enough to not have to park on the street 🛣️ .",
                "link": "https://www.google.com/maps/reviews/data=!4m8!14m7!1m6!2m5!1sChdDSUhNMG9nS0VJQ0FnSUNyOGJfX19nRRAB!2m1!1s0x0:0xab17138dc9cb3942!3m1!1s2@1:CIHM0ogKEICAgICr8b___gE%7CCgwIu4eytAYQqJ-r8AE%7C?hl=en-US",
                "date": "4 months ago"
            },
            {
                "username": "Rene Bernard",
                "rating": 3,
                "contributor_id": "109735138949378084922",
                "description": "Okax diner. Show more courage and add spices to the omelet. Start with salt and pepper. Then try other oregano or parsley. This would make a hugh difference.",
                "link": "https://www.google.com/maps/reviews/data=!4m8!14m7!1m6!2m5!1sChZDSUhNMG9nS0VJQ0FnSURYai1lWkhREAE!2m1!1s0x0:0xab17138dc9cb3942!3m1!1s2@1:CIHM0ogKEICAgIDXj-eZHQ%7CCgwIjrKRuQYQ6JLgvQE%7C?hl=en-US",
                "date": "a week ago"
            },
            {
                "username": "Kate Kelley",
                "rating": 5,
                "contributor_id": "104097180436277906504",
                "description": "Our family loooves Benny & his wonderful restaurant. Friendly, cozy & very fast with fabulous food and staff! Thank you for being such a happy place to venture with our minions. ❤️🥰",
                "link": "https://www.google.com/maps/reviews/data=!4m8!14m7!1m6!2m5!1sChZDSUhNMG9nS0VJQ0FnSUNIczZpMlVREAE!2m1!1s0x0:0xab17138dc9cb3942!3m1!1s2@1:CIHM0ogKEICAgICHs6i2UQ%7CCgwI04P3tgYQiKbeuQM%7C?hl=en-US",
                "images": [
                    {
                        "thumbnail": "https://lh5.googleusercontent.com/p/AF1QipOc8nWVsUb_fYeckSWUBeE01Lm10yLBy4yqI4bY=w150-h150-k-no-p"
                    }
                ],
                "date": "2 months ago"
            },
            {
                "username": "Rebecca Crosbie",
                "rating": 5,
                "contributor_id": "100812610303393436256",
                "description": "Hearty and great for those times when you want home cooked comfort food in large amounts. I especially like their omelettes (usually tender/not overcooked) and hash browns (not underdone and crisped on the outside and soft on the inside). I also enjoy the corned beef hash (comes w 2 eggs). Update: I have eaten in the restaurant 3 times with family.  They have friendly, very attentive servers and just good service all around. Kari/Carrie served us each time, and on the 3rd visit, she remembered everything extra we asked for the table on the last visits 😁!\nThe rest of the time I have done takeout. Prices are lower in person or if you call in your order versus order on DoorDash.\nIt is also nice that they are open Mondays.",
                "link": "https://www.google.com/maps/reviews/data=!4m8!14m7!1m6!2m5!1sChZDSUhNMG9nS0VJQ0FnSUM5MUo2c0JBEAE!2m1!1s0x0:0xab17138dc9cb3942!3m1!1s2@1:CIHM0ogKEICAgIC91J6sBA%7CCgwIouyCsgYQwLapjAE%7C?hl=en-US",
                "date": "6 months ago"
            }
        ]
    },
    "Services": {
        "dine_in": true,
        "curbside_pickup": true,
        "delivery": true
    }
}