{
    "Title": "Biercamp",
    "Price": [],
    "Place ID": "ChIJ04EVwrWvPIgRHrkzezlG4Jk",
    "Type ID": [],
    "Type": [
        "Restaurant",
        "Brewery",
        "Gourmet grocery store",
        "Meat products store"
    ],
    "Address": "1643 S State St, Ann Arbor, MI 48104",
    "GPS Coordinates": {
        "latitude": 42.258506,
        "longitude": -83.74000199999999
    },
    "Phone Number": "(734) 995-2437",
    "Rating": 4.9,
    "Rating Summary": [
        {
            "stars": 1,
            "amount": 0
        },
        {
            "stars": 2,
            "amount": 2
        },
        {
            "stars": 3,
            "amount": 5
        },
        {
            "stars": 4,
            "amount": 35
        },
        {
            "stars": 5,
            "amount": 370
        }
    ],
    "Opening Hours": [
        {
            "tuesday": "11 AM–5 PM"
        },
        {
            "wednesday": "11 AM–5 PM"
        },
        {
            "thursday": "11 AM–8 PM"
        },
        {
            "friday": "11 AM–8 PM"
        },
        {
            "saturday": "11 AM–8 PM"
        },
        {
            "sunday": "11 AM–5 PM"
        },
        {
            "monday": "11 AM–5 PM"
        }
    ],
    "Description": "Artisan meat, cheese & sandwich hub with indoor-outdoor seating, house-brewed beers & a retail area.",
    "Details": [
        {
            "highlights": [
                "Fast service",
                "Great beer selection"
            ]
        },
        {
            "popular_for": [
                "Lunch",
                "Solo dining"
            ]
        },
        {
            "accessibility": [
                "Wheelchair accessible entrance",
                "Wheelchair accessible parking lot",
                "Wheelchair accessible restroom",
                "Wheelchair accessible seating"
            ]
        },
        {
            "offerings": [
                "Alcohol",
                "Beer",
                "Coffee",
                "Comfort food",
                "Quick bite"
            ]
        },
        {
            "dining_options": [
                "Lunch",
                "Dinner",
                "Dessert",
                "Seating"
            ]
        },
        {
            "amenities": [
                "Bar onsite",
                "Gender-neutral restroom",
                "Restroom"
            ]
        },
        {
            "atmosphere": [
                "Casual",
                "Cozy",
                "Trendy"
            ]
        },
        {
            "crowd": [
                "Family-friendly",
                "Groups",
                "LGBTQ+ friendly",
                "Tourists",
                "Transgender safespace"
            ]
        },
        {
            "payments": [
                "Credit cards",
                "Debit cards",
                "NFC mobile payments"
            ]
        },
        {
            "children": [
                "Good for kids",
                "High chairs",
                "Kids' menu"
            ]
        },
        {
            "parking": [
                "Free parking lot",
                "Free street parking",
                "Plenty of parking"
            ]
        },
        {
            "pets": [
                "Dogs allowed outside"
            ]
        }
    ],
    "User Reviews": {
        "summary": [
            {
                "snippet": "\"Great meats to take home, really tasty sandwiches and beer for there\""
            },
            {
                "snippet": "\"The price is super reasonable for the high quality food and the quantity of it.\""
            },
            {
                "snippet": "\"The curry ketchup was icing on the cake, great place to eat!\""
            }
        ],
        "most_relevant": [
            {
                "username": "Rachel M",
                "rating": 5,
                "contributor_id": "109509459694887387208",
                "description": "It was so beautiful outside, perfect weather to eat! So many options for seating, either shaded or in the sun. Service was impeccable and food came out within a few minutes. A variety of toppings and sauces to put on the side. They also had jars of freshly made pickles, pickled eggs, and other mason jar filled goodies for sale along with some meat products. 10/10 experience! Will be coming back in the future!🌸",
                "link": "https://www.google.com/maps/reviews/data=!4m8!14m7!1m6!2m5!1sChZDSUhNMG9nS0VJQ0FnSURici1yNFFnEAE!2m1!1s0x0:0x99e046397b33b91e!3m1!1s2@1:CIHM0ogKEICAgIDbr-r4Qg%7CCgwIo-7etQYQ-Iak2AI%7C?hl=en-US",
                "images": [
                    {
                        "thumbnail": "https://lh5.googleusercontent.com/p/AF1QipNMMlz1Z3IUsHnO7g9ks7qz1XPJSAmLrN7U3Gnv=w150-h150-k-no-p"
                    },
                    {
                        "thumbnail": "https://lh5.googleusercontent.com/p/AF1QipMjsnxYxKhajASPmyNxMmAfFL7BJJWnUv8HyAav=w150-h150-k-no-p"
                    },
                    {
                        "thumbnail": "https://lh5.googleusercontent.com/p/AF1QipMOJK7jyAxXmLPU7pStJrEkEm1sfmWsqip0BYHu=w150-h150-k-no-p"
                    },
                    {
                        "thumbnail": "https://lh5.googleusercontent.com/p/AF1QipNqbbCQOojXRcewHKaiOWEEkFDMOnNXOYC297RU=w150-h150-k-no-p"
                    },
                    {
                        "thumbnail": "https://lh5.googleusercontent.com/p/AF1QipNR-DkdnO7luhalNqX7TdiRQqi6hvK_DFatHoX_=w150-h150-k-no-p"
                    },
                    {
                        "thumbnail": "https://lh5.googleusercontent.com/p/AF1QipOSePfw00EbX1QZ6-z6GmJUDOtSByetrs5qY7Fx=w150-h150-k-no-p"
                    },
                    {
                        "thumbnail": "https://lh5.googleusercontent.com/p/AF1QipN0SAD95ktdzUtp4s72hQvFR3QWiJW19gci_X0B=w150-h150-k-no-p"
                    },
                    {
                        "thumbnail": "https://lh5.googleusercontent.com/p/AF1QipMx0jRIm6gKwu49AnhGafldR9uo5EOkxcN8O0g9=w150-h150-k-no-p"
                    }
                ],
                "date": "3 months ago"
            },
            {
                "username": "Bigg O",
                "rating": 5,
                "contributor_id": "111809918248971464691",
                "description": "Very nice place to eat. Love the outdoor seating area. Well shaded and perfect for a 80 degree Michigan afternoon. Italian sausage was great. Wife had the brat burger but wasn't impressed. She said it was bland. Looked good to me. The loaded tots were delicious too. Wish they had more options for something to drink. Overall thought the place was great but $85 for three people to eat lunch is crazy!",
                "link": "https://www.google.com/maps/reviews/data=!4m8!14m7!1m6!2m5!1sChZDSUhNMG9nS0VJQ0FnSUNiX3JhREVREAE!2m1!1s0x0:0x99e046397b33b91e!3m1!1s2@1:CIHM0ogKEICAgICb_raDEQ%7CCgwIqNmUtQYQqI3ghwM%7C?hl=en-US",
                "images": [
                    {
                        "thumbnail": "https://lh5.googleusercontent.com/p/AF1QipNS7FnPzKFovduvpwQEcUDxuKiU3H0gs5SNA39i=w150-h150-k-no-p"
                    },
                    {
                        "thumbnail": "https://lh5.googleusercontent.com/p/AF1QipP1iagXMKxw0bWXDIBngy5-XIqEHvCGhLcaHC5-=w150-h150-k-no-p"
                    },
                    {
                        "thumbnail": "https://lh5.googleusercontent.com/p/AF1QipMcXc2OIN6kn913lpjX8rGr2a7muDc_swZoUNiw=w150-h150-k-no-p"
                    }
                ],
                "date": "3 months ago"
            },
            {
                "username": "Deborah Bohn",
                "rating": 5,
                "contributor_id": "108294922657096137986",
                "description": "I’m not a beer drinker nor am I a bratwurst eater, BUT this place we ABSOLUTELY will go back to.  The cherry brat was superb! And since they give taste tests, the blond IPA was perfect! What a nice risk for Mother’s Day.   A perfect buzz and a better than perfect taste.",
                "link": "https://www.google.com/maps/reviews/data=!4m8!14m7!1m6!2m5!1sChdDSUhNMG9nS0VJQ0FnSUNUa3NYcnZBRRAB!2m1!1s0x0:0x99e046397b33b91e!3m1!1s2@1:CIHM0ogKEICAgICTksXrvAE%7CCgwIl8-EsgYQkJaMmAI%7C?hl=en-US",
                "images": [
                    {
                        "thumbnail": "https://lh5.googleusercontent.com/p/AF1QipPd8A8XPTq1WPNpfluhnqDzVkVZysKT9vJ5Vc3E=w150-h150-k-no-p"
                    },
                    {
                        "thumbnail": "https://lh5.googleusercontent.com/p/AF1QipPO5t2pe07bKF-lglB8iwEYYVDjkOnyi5axYcNI=w150-h150-k-no-p"
                    },
                    {
                        "thumbnail": "https://lh5.googleusercontent.com/p/AF1QipPWUQ67wEByPO8_oBjW7U49qxgcCM08BBMtLnQw=w150-h150-k-no-p"
                    },
                    {
                        "thumbnail": "https://lh5.googleusercontent.com/p/AF1QipOhE8L0F1vUYHObzt9DnJI_9LCs-E80BNlQsjm3=w150-h150-k-no-p"
                    },
                    {
                        "thumbnail": "https://lh5.googleusercontent.com/p/AF1QipNv_OyXTDhFCywAhVbhi4wF3jqaghcYjn8_awYW=w150-h150-k-no-p"
                    },
                    {
                        "thumbnail": "https://lh5.googleusercontent.com/p/AF1QipNTI1TMgZmkLc38ssH1VdevC52ofLF8Rw8dDCuj=w150-h150-k-no-p"
                    },
                    {
                        "thumbnail": "https://lh5.googleusercontent.com/p/AF1QipNumd5h4PudbHRBsD5E2EAX9zDEnHASB7p5lV3G=w150-h150-k-no-p"
                    },
                    {
                        "thumbnail": "https://lh5.googleusercontent.com/p/AF1QipMlWgMqawfRM1Mj4Un9Lj-ffQgwsgAqXmA90OPg=w150-h150-k-no-p"
                    }
                ],
                "date": "6 months ago"
            },
            {
                "username": "Bill Harker",
                "rating": 5,
                "contributor_id": "111067592264560081069",
                "description": "Biercamp has great beer and food. We ordered the chili, Chicago dog, brisket sandwich, and backwoods tots. The brisket was tender the pickles and soft bun really made the sandwich. It was also great to eat outside on a nice day!",
                "link": "https://www.google.com/maps/reviews/data=!4m8!14m7!1m6!2m5!1sChdDSUhNMG9nS0VJQ0FnSUNMbUsyamdnRRAB!2m1!1s0x0:0x99e046397b33b91e!3m1!1s2@1:CIHM0ogKEICAgICLmK2jggE%7CCgwI5ZyyswYQqMjtigM%7C?hl=en-US",
                "images": [
                    {
                        "thumbnail": "https://lh5.googleusercontent.com/p/AF1QipNyN9y36uIJ1I8qckwDikpMOy9s5fJv52MA1whb=w150-h150-k-no-p"
                    },
                    {
                        "thumbnail": "https://lh5.googleusercontent.com/p/AF1QipPJPECG5rVW257sNMk2pXDInTB5OyTR3rGmMW4a=w150-h150-k-no-p"
                    },
                    {
                        "thumbnail": "https://lh5.googleusercontent.com/p/AF1QipND60oTsgBEsa8VtTMNFfivu9wJIpvdTtgjm93Q=w150-h150-k-no-p"
                    }
                ],
                "date": "4 months ago"
            },
            {
                "username": "Kevin Tan",
                "rating": 5,
                "contributor_id": "111790687473840619006",
                "description": "Sunny Day Satisfaction at Biercamp\n\nOn a bright sunny day, I ventured to Biercamp in Ann Arbor for a delightful lunch takeout experience that still leaves my taste buds reminiscing. Known for their commitment to handmade, locally sourced foods, Biercamp offers a rustic charm that is hard to find elsewhere.\n\nMost Enjoyed Dish: The 12HR Smoked Brisket sandwich was the star of the meal.\nServed on a soft, buttery brioche bun, the brisket was incredibly juicy, tender, and packed with flavor, complemented beautifully by the tanginess of pickles and onions, and a delicious BBQ sauce that tied everything together perfectly.\n\nAlso Tried:\n\n-Cheddar Hot Dogs: Freshly made in-house and smoked on site, these hot dogs were a treat. Served on a toasted bun, they were a simple pleasure that brought out the child in me.\n-Chicken Bratwurst: Also made in-house and served on a toasted bun, the bratwurst was succulent and seasoned to perfection, making for a satisfying bite.\n\nLoved Their Self-Served Topping Bar:\nA highlight was their self-served topping bar, which featured a variety of condiments including yellow mustard, dijon, backwoods sweet jalapeno mustard, ketchup, BBQ sauce, onions, sauerkraut, dill relish, and sweet relish. This allowed for a personalized touch to each dish, enhancing the flavors according to my preference.\n\nOther Thoughts:\nI'm particularly intrigued by their nitro cold brew, which I plan to try on my next visit. The concept of combining a craft brewery atmosphere with exceptional food quality makes Biercamp a standout.\n\nFinal Impressions:\nBiercamp is more than just a barbecue spot; it's a testament to the art of in-house meat preparation and smoking, complemented by an impressive selection of craft beers.\nWhether you’re dining in their all-season outdoor beer garden or grabbing a quick takeout, their dedication to quality and flavor is evident.\nHighly recommended for anyone looking for a genuine, flavorful meal in a casual, friendly setting.",
                "link": "https://www.google.com/maps/reviews/data=!4m8!14m7!1m6!2m5!1sChdDSUhNMG9nS0VJQ0FnSURqMXBtYml3RRAB!2m1!1s0x0:0x99e046397b33b91e!3m1!1s2@1:CIHM0ogKEICAgIDj1pmbiwE%7CCgwInJ3QsQYQgPbdwAE%7C?hl=en-US",
                "images": [
                    {
                        "thumbnail": "https://lh5.googleusercontent.com/p/AF1QipPey_-W5BQCj-HfkgKWfYk5OHCOkHJgLgFsFpP9=w150-h150-k-no-p"
                    },
                    {
                        "thumbnail": "https://lh5.googleusercontent.com/p/AF1QipPNGtSokku4wmeaR7ZCIAcUUjGUJutFrLWg_wUy=w150-h150-k-no-p"
                    },
                    {
                        "thumbnail": "https://lh5.googleusercontent.com/p/AF1QipOG-d74DrJzzFSm0W-KRhFGfbgTKRoQH0BXS3Ud=w150-h150-k-no-p"
                    },
                    {
                        "thumbnail": "https://lh5.googleusercontent.com/p/AF1QipOkkGDtGWTaxPE6eyhFWUJan6rr1W7m8iuO6PpZ=w150-h150-k-no-p"
                    },
                    {
                        "thumbnail": "https://lh5.googleusercontent.com/p/AF1QipMB8znVQjOCxIeE4lHhdQWyz0jh-v3_I1MRHJWb=w150-h150-k-no-p"
                    },
                    {
                        "thumbnail": "https://lh5.googleusercontent.com/p/AF1QipMpjpjZ_k-LVfQbt_4jwGpZk6Z9NfSvCfBECBQH=w150-h150-k-no-p"
                    },
                    {
                        "thumbnail": "https://lh5.googleusercontent.com/p/AF1QipPlb2Wva2nv8RcLJOBIbl0n2lygQEVftnkaz9_y=w150-h150-k-no-p"
                    }
                ],
                "date": "6 months ago"
            },
            {
                "username": "Odette Pantoja",
                "rating": 5,
                "contributor_id": "116107457280762358508",
                "description": "I am from Texas and this is my favorite place to get brisket. They do it right with a delicious sauce and pickles and onions 🤤 My mom really enjoys their pulled pork sandwiches. For us this is a piece of our old home, Texas 😊 We've bought sausage and chorizo and also extremely yummy. I can't wait for the day that I try more of their menu but it's tough not to get their brisket. We saw pastrami and Reuben sandwiches on their menu. I'm already looking forward to my next visit 😋😋😋 BTW, the staff is extremely helpful and friendly. Also the extra seating next door is another great addition 👍🏼",
                "link": "https://www.google.com/maps/reviews/data=!4m8!14m7!1m6!2m5!1sChdDSUhNMG9nS0VJQ0FnSURObnZxSnB3RRAB!2m1!1s0x0:0x99e046397b33b91e!3m1!1s2@1:CIHM0ogKEICAgIDNnvqJpwE%7CCgwIpdW6rQYQ2N6KkQE%7C?hl=en-US",
                "images": [
                    {
                        "thumbnail": "https://lh5.googleusercontent.com/p/AF1QipM8g_2E7ydE3T4hKZgnKWtCN4BN_EA89LN8lxo=w150-h150-k-no-p"
                    }
                ],
                "date": "9 months ago"
            },
            {
                "username": "Allie Krueger",
                "rating": 5,
                "contributor_id": "114762677454729698291",
                "description": "Great spot to hangout outside of UM’s busy campus. The the brisket sandwich was fabulous, and great outdoor area, great for bringing your dog or kids.",
                "link": "https://www.google.com/maps/reviews/data=!4m8!14m7!1m6!2m5!1sChZDSUhNMG9nS0VJQ0FnSUNIeXBTRk93EAE!2m1!1s0x0:0x99e046397b33b91e!3m1!1s2@1:CIHM0ogKEICAgICHypSFOw%7CCgwI_83ctgYQsLr02QE%7C?hl=en-US",
                "images": [
                    {
                        "thumbnail": "https://lh5.googleusercontent.com/p/AF1QipOSQEM8G4t_ehZXnhcvwkGvvcmZwoh92Xl7Nbk8=w150-h150-k-no-p"
                    },
                    {
                        "thumbnail": "https://lh5.googleusercontent.com/p/AF1QipNEaNynjLa1gy9z1SUAEIH9sFYrkKpjXHa4iVoo=w150-h150-k-no-p"
                    }
                ],
                "date": "2 months ago"
            },
            {
                "username": "Evan McLean",
                "rating": 5,
                "contributor_id": "100001649588934916298",
                "description": "Awesome place for some beer, BBQ and brats. The best brat I had was the bacon cheddar, the second best maybe the Hawaiian. Definitely would like to try them all. The curry ketchup was icing on the cake, great place to eat!",
                "link": "https://www.google.com/maps/reviews/data=!4m8!14m7!1m6!2m5!1sChZDSUhNMG9nS0VJQ0FnSUM1aU1mRldnEAE!2m1!1s0x0:0x99e046397b33b91e!3m1!1s2@1:CIHM0ogKEICAgIC5iMfFWg%7CCgsIuqORqQYQgP6iOg%7C?hl=en-US",
                "images": [
                    {
                        "thumbnail": "https://lh5.googleusercontent.com/p/AF1QipNegNSek4A14rcEGRBtQwJ0Xy_4Y402KKhrjJG4=w150-h150-k-no-p"
                    },
                    {
                        "thumbnail": "https://lh5.googleusercontent.com/p/AF1QipM6iiw5mhELN0LYPp4jGBEteacc8BLAXAmfvfhI=w150-h150-k-no-p"
                    },
                    {
                        "thumbnail": "https://lh5.googleusercontent.com/p/AF1QipNcKZbm_PkHlOxze7thYPB4S4v1-5JS_xbGwBdr=w150-h150-k-no-p"
                    },
                    {
                        "thumbnail": "https://lh5.googleusercontent.com/p/AF1QipPyHvWGPIi5X_V4R6xmk0WWK6qnlqB_Q0CbUjb3=w150-h150-k-no-p"
                    },
                    {
                        "thumbnail": "https://lh5.googleusercontent.com/p/AF1QipPtYtgCKUcmjljJYHb5Tp_fqXPql3qjKN3HRFJP=w150-h150-k-no-p"
                    },
                    {
                        "thumbnail": "https://lh5.googleusercontent.com/p/AF1QipOxRK286yEZ2Spf2PVxC6gsNQKosrU46mRD2OD9=w150-h150-k-no-p"
                    }
                ],
                "date": "a year ago"
            }
        ]
    },
    "Services": {
        "dine_in": true,
        "curbside_pickup": true,
        "no_contact_delivery": true
    }
}