{
    "Title": "Bigalora Wood Fired Cucina",
    "Price": [],
    "Place ID": "ChIJnfwjCR-vPIgR5h3Tf00QDyg",
    "Type ID": [],
    "Type": [
        "Pizza restaurant",
        "Takeout Restaurant"
    ],
    "Address": "3050 Washtenaw Ave #112, Ann Arbor, MI 48104",
    "GPS Coordinates": {
        "latitude": 42.256406299999995,
        "longitude": -83.6990701
    },
    "Phone Number": "(734) 971-2442",
    "Rating": 4.4,
    "Rating Summary": [
        {
            "stars": 1,
            "amount": 50
        },
        {
            "stars": 2,
            "amount": 46
        },
        {
            "stars": 3,
            "amount": 104
        },
        {
            "stars": 4,
            "amount": 326
        },
        {
            "stars": 5,
            "amount": 884
        }
    ],
    "Opening Hours": [
        {
            "tuesday": "11 AM–9 PM"
        },
        {
            "wednesday": "11 AM–9 PM"
        },
        {
            "thursday": "11 AM–9 PM"
        },
        {
            "friday": "11 AM–10 PM"
        },
        {
            "saturday": "11 AM–10 PM"
        },
        {
            "sunday": "12–9 PM"
        },
        {
            "monday": "11 AM–9 PM"
        }
    ],
    "Description": "Contemporary Italian eatery providing Neapolitan, wood-fired pizzas, plus small plates & gelato.",
    "Details": [
        {
            "highlights": [
                "Fast service",
                "Great dessert"
            ]
        },
        {
            "popular_for": [
                "Lunch",
                "Dinner",
                "Solo dining"
            ]
        },
        {
            "accessibility": [
                "Wheelchair accessible entrance",
                "Wheelchair accessible parking lot",
                "Wheelchair accessible restroom",
                "Wheelchair accessible seating"
            ]
        },
        {
            "offerings": [
                "Alcohol",
                "Beer",
                "Cocktails",
                "Coffee",
                "Comfort food",
                "Happy hour drinks",
                "Happy hour food",
                "Hard liquor",
                "Healthy options",
                "Organic dishes",
                "Small plates",
                "Vegetarian options",
                "Wine"
            ]
        },
        {
            "dining_options": [
                "Brunch",
                "Lunch",
                "Dinner",
                "Catering",
                "Dessert",
                "Seating"
            ]
        },
        {
            "amenities": [
                "Bar onsite",
                "Restroom"
            ]
        },
        {
            "atmosphere": [
                "Casual",
                "Trendy"
            ]
        },
        {
            "crowd": [
                "Groups",
                "Tourists"
            ]
        },
        {
            "planning": [
                "Accepts reservations"
            ]
        },
        {
            "payments": [
                "Credit cards",
                "Debit cards",
                "NFC mobile payments"
            ]
        },
        {
            "children": [
                "Good for kids",
                "High chairs",
                "Kids' menu"
            ]
        },
        {
            "parking": [
                "Free parking lot",
                "Free street parking"
            ]
        }
    ],
    "User Reviews": {
        "summary": [
            {
                "snippet": "\"Excellent pizza, classy atmosphere, good service, nice people!\""
            },
            {
                "snippet": "\"The crust, cheese and toppings were good but the sauce ruined my experience.\""
            },
            {
                "snippet": "\"Salads, gluten free pasta, desserts, and tasty appetizers.\""
            }
        ],
        "most_relevant": [
            {
                "username": "Negin",
                "rating": 4,
                "contributor_id": "108405855699998735757",
                "description": "This place menu is quite diverse in salads and pizza. I have tried it several times and the food is ok in general. Anything I tried never wowed me but it was delicious enough to go back. Bur I live the many seating options both in summer and winter. Really spacious and nice atmosphere, good for big groups. One problem is they don’t split checks. They say they take multiple payments but it becomes way to complicated and we always end up paying each our companies.",
                "link": "https://www.google.com/maps/reviews/data=!4m8!14m7!1m6!2m5!1sChdDSUhNMG9nS0VJQ0FnSURqdTlDdXdBRRAB!2m1!1s0x0:0x280f104d7fd31de6!3m1!1s2@1:CIHM0ogKEICAgIDju9CuwAE%7CCgsImvbqsQYQyMfvCA%7C?hl=en-US",
                "images": [
                    {
                        "thumbnail": "https://lh5.googleusercontent.com/p/AF1QipNXHWcufx3rnm8nWC9OjkGUlLpw1pvAJZDK0Ysi=w150-h150-k-no-p"
                    },
                    {
                        "thumbnail": "https://lh5.googleusercontent.com/p/AF1QipNpZoQ-ltU4Haumssm0Lk9OVlEh5azs-uLnn9CY=w150-h150-k-no-p"
                    },
                    {
                        "thumbnail": "https://lh5.googleusercontent.com/p/AF1QipNnYuKxR3JeqoKJ1dOA4nHE-6FlC1Z8e1111AbZ=w150-h150-k-no-p"
                    },
                    {
                        "thumbnail": "https://lh5.googleusercontent.com/p/AF1QipMyqXvUzec6F2HRnJXUgX_40D7xI9gzSch8ve6T=w150-h150-k-no-p"
                    }
                ],
                "date": "6 months ago"
            },
            {
                "username": "Sneha Gampa",
                "rating": 5,
                "contributor_id": "110180108653154047710",
                "description": "We recently visited Bigalora Wood Fired Cucina and had a good experience. We tried the Mediterranean and Pesto Genovese pizzas, the ricotta-stuffed shells pasta, and the focaccia. All of the dishes were delicious. The service was also good, making for an overall great dining experience.",
                "link": "https://www.google.com/maps/reviews/data=!4m8!14m7!1m6!2m5!1sChZDSUhNMG9nS0VJQ0FnSUNUejgtNUxBEAE!2m1!1s0x0:0x280f104d7fd31de6!3m1!1s2@1:CIHM0ogKEICAgICTz8-5LA%7CCgwI4LmtsgYQqNDO0QE%7C?hl=en-US",
                "images": [
                    {
                        "thumbnail": "https://lh5.googleusercontent.com/p/AF1QipN3mRpPiUdAIedCPeZwb3TimH_HXoCreLgCp1JI=w150-h150-k-no-p"
                    },
                    {
                        "thumbnail": "https://lh5.googleusercontent.com/p/AF1QipNnFPnFaOlOBfXcEvzpclMgeedOR5-x7xJjDTUH=w150-h150-k-no-p"
                    },
                    {
                        "thumbnail": "https://lh5.googleusercontent.com/p/AF1QipOF2MZATM5zOXovvlMKVsNae0sB-QYwjbTqFT8B=w150-h150-k-no-p"
                    },
                    {
                        "thumbnail": "https://lh5.googleusercontent.com/p/AF1QipOCwmdACITgtLldMKrihM2LTKvCUBf8IJoyhcJG=w150-h150-k-no-p"
                    },
                    {
                        "thumbnail": "https://lh5.googleusercontent.com/p/AF1QipM8EGlN3OA9h4YH3S1b2JoS6AdELPFhY3QnaTIs=w150-h150-k-no-p"
                    }
                ],
                "date": "5 months ago"
            },
            {
                "username": "Darty kins",
                "rating": 5,
                "contributor_id": "101061868152938885728",
                "description": "Dined in on 09.07.24. Not from the area, so I searched up best pizza in the area and came here. It was amazing. Very nice restaurant and the staff was nice. Aston was our server and he was very attentive! Would highly recommend 👌!",
                "link": "https://www.google.com/maps/reviews/data=!4m8!14m7!1m6!2m5!1sChZDSUhNMG9nS0VJQ0FnSUNIdmNmSUJREAE!2m1!1s0x0:0x280f104d7fd31de6!3m1!1s2@1:CIHM0ogKEICAgICHvcfIBQ%7CCgwIj4b0tgYQsNu6vAI%7C?hl=en-US",
                "images": [
                    {
                        "thumbnail": "https://lh5.googleusercontent.com/p/AF1QipP90uF4e4VjgcukvbxpwxyPEyogxLMX44HqfymX=w150-h150-k-no-p"
                    }
                ],
                "date": "2 months ago"
            },
            {
                "username": "Bhupen S.",
                "rating": 4,
                "contributor_id": "114286262158886466467",
                "description": "We went for dinner and loved the food, service and ambiance.\nThe bread with marinara sauce was amazing, loved the pizzas, chicken parm and fish.\n\nTiramasrhu was great - perfect.",
                "link": "https://www.google.com/maps/reviews/data=!4m8!14m7!1m6!2m5!1sChdDSUhNMG9nS0VJQ0FnSUR6bTZDVjNRRRAB!2m1!1s0x0:0x280f104d7fd31de6!3m1!1s2@1:CIHM0ogKEICAgIDzm6CV3QE%7CCgwIkfmmswYQuO_imAE%7C?hl=en-US",
                "images": [
                    {
                        "thumbnail": "https://lh5.googleusercontent.com/p/AF1QipN-DbP88eVUuDn3LATOKxWdTlL254tVIzLERL33=w150-h150-k-no-p"
                    },
                    {
                        "thumbnail": "https://lh5.googleusercontent.com/p/AF1QipPYYUtZZ5hD7OH_Wx4tbQkb04MlRn2XgIUOrzMf=w150-h150-k-no-p"
                    },
                    {
                        "thumbnail": "https://lh5.googleusercontent.com/p/AF1QipO17Ujl6hdkRWj4R-IPcWlGYpgm1xHGdBsLIpRo=w150-h150-k-no-p"
                    },
                    {
                        "thumbnail": "https://lh5.googleusercontent.com/p/AF1QipPIxpTVpPVD4GMTNG4_5aj4sHQ_zlEoYwogPad9=w150-h150-k-no-p"
                    },
                    {
                        "thumbnail": "https://lh5.googleusercontent.com/p/AF1QipNCgQpF8X97XwX3HxLAuqp467Kb07Kp8pls8AS1=w150-h150-k-no-p"
                    },
                    {
                        "thumbnail": "https://lh5.googleusercontent.com/p/AF1QipO-PWU-jc-eew_rR2UbKdEAFZJF1Vw8vJt9lIS3=w150-h150-k-no-p"
                    },
                    {
                        "thumbnail": "https://lh5.googleusercontent.com/p/AF1QipMCTrdL9sioOPNmRVu598GHw98V3O7PFlMaMWXG=w150-h150-k-no-p"
                    },
                    {
                        "thumbnail": "https://lh5.googleusercontent.com/p/AF1QipMDoY1aYYQU4M3YOOT7RkS5htuL9Swd-3GPMFlX=w150-h150-k-no-p"
                    }
                ],
                "date": "5 months ago"
            },
            {
                "username": "Suzanne Jacques",
                "rating": 1,
                "contributor_id": "111877560426174764092",
                "description": "Dined in on 09/01/2024– ordered a gluten free pizza and it was inedible. The crust was so hard it could neither break it into pieces with my hands nor bite through it. Gluten free crust is pretty much always drier and harder than regular crust, it should never go into the over for too long. Do not come here for the gf pizzas. I could only eat the somewhat edible parts although it was still difficult to chew. Photo included.",
                "link": "https://www.google.com/maps/reviews/data=!4m8!14m7!1m6!2m5!1sChdDSUhNMG9nS0VJQ0FnSUNIOUx5WDZnRRAB!2m1!1s0x0:0x280f104d7fd31de6!3m1!1s2@1:CIHM0ogKEICAgICH9LyX6gE%7CCgsIz4HTtgYQ6LPiEg%7C?hl=en-US",
                "images": [
                    {
                        "thumbnail": "https://lh5.googleusercontent.com/p/AF1QipPMgrn4nBmmTq5tYZl3uiqS9Evfk4xUfkRuHbiZ=w150-h150-k-no-p"
                    }
                ],
                "date": "2 months ago"
            },
            {
                "username": "Mark Connely",
                "rating": 3,
                "contributor_id": "118272899642612268415",
                "description": "This was the worst gluten free pizza I have ever had had there been enough toppings I could have at least eaten them the flavor was just very poor the pizza was supposed to have fennel couldn't find it or taste it it was a ridiculous waste of 50 bucks for 2 pizzas small thin tasteless. The wait staff was good and attentive when I asked if this is how the pizza always looked she just walked off.",
                "link": "https://www.google.com/maps/reviews/data=!4m8!14m7!1m6!2m5!1sChdDSUhNMG9nS0VJQ0FnSUNiaG9ySmlRRRAB!2m1!1s0x0:0x280f104d7fd31de6!3m1!1s2@1:CIHM0ogKEICAgICbhorJiQE%7CCgwIr_ONtQYQqJOa9AI%7C?hl=en-US",
                "images": [
                    {
                        "thumbnail": "https://lh5.googleusercontent.com/p/AF1QipM2m_8_iaORURvD7i3R-EKEjC8E21EjzaK_CTs3=w150-h150-k-no-p"
                    },
                    {
                        "thumbnail": "https://lh5.googleusercontent.com/p/AF1QipO6DV0i6tkpHnewL7MqITI2TuUSniEeDViuVxZe=w150-h150-k-no-p"
                    }
                ],
                "date": "3 months ago"
            },
            {
                "username": "Stephanie Hoffon",
                "rating": 4,
                "contributor_id": "111205269348090965110",
                "description": "Ordered 2 pizzas, their special of the day soup(kale sausage and potatoes). Also the tiramisu.\nThe mortadella pizza hands down is my new obsession. The pistachio pesto is the perfect pairing! Extra done with red pepper flakes easily made this the best pizza I've had.\nThe funghi pizza was meh. I added caramelized onion and zucchini to mine. It's missing something and I'm just not sure what. I had ordered red sauce on the side but sadly got food to go and it wasn't included.\nThe soup was not great. Very bland. Definitely not worth the price. Also container was half empty...\nTiramisu was solid and a decent sized piece. I'm very happy with it. Very fresh tasting. Strong coffee flavor that was extremely pleasantly balanced with the cream.",
                "link": "https://www.google.com/maps/reviews/data=!4m8!14m7!1m6!2m5!1sChdDSUhNMG9nS0VJQ0FnSUQ5NkxuRTdBRRAB!2m1!1s0x0:0x280f104d7fd31de6!3m1!1s2@1:CIHM0ogKEICAgID96LnE7AE%7CCgwIzpzDrwYQsMrI0gM%7C?hl=en-US",
                "images": [
                    {
                        "thumbnail": "https://lh5.googleusercontent.com/p/AF1QipMzdh8vAsvX9aiX2szQErwtjwC0zH0LuYSxNijq=w150-h150-k-no-p"
                    },
                    {
                        "thumbnail": "https://lh5.googleusercontent.com/p/AF1QipOQXpjKr-B1Ga2DBkc8Cxan8utz7Y8wOxQF85YF=w150-h150-k-no-p"
                    },
                    {
                        "thumbnail": "https://lh5.googleusercontent.com/p/AF1QipOzTyCZe1ab-AUHaHedM3I-3-GBfNNpbiJF8Sad=w150-h150-k-no-p"
                    },
                    {
                        "thumbnail": "https://lh5.googleusercontent.com/p/AF1QipN-7AnWPNNC5QgWi7m4uNWQxXSJX1RtvwLkdUcM=w150-h150-k-no-p"
                    }
                ],
                "date": "8 months ago"
            },
            {
                "username": "Samuel Rose",
                "rating": 3,
                "contributor_id": "102124435887070760928",
                "description": "Unfortunately, I found Bigalora lacking. I ordered the pepperoni pizza and the dessert pizza. Both severely lacked flavor and were overwhelmed by the dough. Definitely not worth the price of admission.",
                "link": "https://www.google.com/maps/reviews/data=!4m8!14m7!1m6!2m5!1sChZDSUhNMG9nS0VJQ0FnSUNueFp2bGJ3EAE!2m1!1s0x0:0x280f104d7fd31de6!3m1!1s2@1:CIHM0ogKEICAgICnxZvlbw%7CCgwI4fDctwYQiP3QtwI%7C?hl=en-US",
                "images": [
                    {
                        "thumbnail": "https://lh5.googleusercontent.com/p/AF1QipNGJl91lWpcpJ5nPcgZt1ZxpGoo46LC1f1dhIm_=w150-h150-k-no-p"
                    },
                    {
                        "thumbnail": "https://lh5.googleusercontent.com/p/AF1QipPPCrWj60dUn-vacvpI6TK2tQ5TzOgg7_JopfG-=w150-h150-k-no-p"
                    }
                ],
                "date": "a month ago"
            }
        ]
    },
    "Services": {
        "dine_in": true,
        "curbside_pickup": true,
        "delivery": true
    }
}