{
    "Title": "Bill's Beer Garden",
    "Price": [],
    "Place ID": "ChIJWZZ75DyuPIgR83ns15nVxaA",
    "Type ID": [],
    "Type": [
        "Beer garden",
        "Bar"
    ],
    "Address": "218 S Ashley St, Ann Arbor, MI 48104",
    "GPS Coordinates": {
        "latitude": 42.2797607,
        "longitude": -83.75024309999999
    },
    "Phone Number": "(734) 369-8001",
    "Rating": 4.7,
    "Rating Summary": [
        {
            "stars": 1,
            "amount": 3
        },
        {
            "stars": 2,
            "amount": 8
        },
        {
            "stars": 3,
            "amount": 19
        },
        {
            "stars": 4,
            "amount": 130
        },
        {
            "stars": 5,
            "amount": 489
        }
    ],
    "Opening Hours": [
        {
            "tuesday": "Closed"
        },
        {
            "wednesday": "5:30–10 PM"
        },
        {
            "thursday": "5:30–11 PM"
        },
        {
            "friday": "5:30–11 PM"
        },
        {
            "saturday": "5:30–11 PM"
        },
        {
            "sunday": "Closed"
        },
        {
            "monday": "Closed"
        }
    ],
    "Description": "Seasonal beer courtyard features local craft brews & wine in the evenings with picnic table seating.",
    "Details": [
        {
            "highlights": [
                "Bar games",
                "Fast service",
                "Fireplace"
            ]
        },
        {
            "accessibility": [
                "Wheelchair accessible entrance",
                "Wheelchair accessible restroom",
                "Wheelchair accessible seating"
            ]
        },
        {
            "offerings": [
                "Alcohol",
                "Beer",
                "Cocktails",
                "Coffee",
                "Hard liquor",
                "Wine"
            ]
        },
        {
            "dining_options": [
                "Outside food allowed",
                "Seating"
            ]
        },
        {
            "amenities": [
                "Bar onsite",
                "Restroom",
                "Wi-Fi",
                "Free Wi-Fi"
            ]
        },
        {
            "atmosphere": [
                "Casual",
                "Trending",
                "Trendy"
            ]
        },
        {
            "crowd": [
                "College students",
                "Family-friendly",
                "Groups",
                "LGBTQ+ friendly",
                "Tourists"
            ]
        },
        {
            "payments": [
                "Credit cards",
                "Debit cards",
                "NFC mobile payments"
            ]
        },
        {
            "children": [
                "Good for kids",
                "Has changing table(s)"
            ]
        },
        {
            "pets": [
                "Dogs allowed"
            ]
        }
    ],
    "User Reviews": {
        "summary": [
            {
                "snippet": "\"Place gets packed, so getting a spot to sit for a bigger group can be tough.\""
            },
            {
                "snippet": "\"The staff are always super friendly and the margaritas just can’t be beat!\""
            },
            {
                "snippet": "\"Unbeatable people watching and atmosphere.\""
            }
        ],
        "most_relevant": [
            {
                "username": "Emma Correia",
                "rating": 4,
                "contributor_id": "114911501806286339397",
                "description": "A very popular location, good luck getting a seat if you arrive later in the night. They move the line for drinks along incredibly fast, don't be intimidated. Prices are quite reasonable for a nice draft beer. Young and energetic scene but some of everything in the crowd. Good beer, make some friends due to close proximity.",
                "link": "https://www.google.com/maps/reviews/data=!4m8!14m7!1m6!2m5!1sChZDSUhNMG9nS0VJQ0FnSUNIa0k2cWZBEAE!2m1!1s0x0:0xa0c5d599d7ec79f3!3m1!1s2@1:CIHM0ogKEICAgICHkI6qfA%7CCgwIwezJtgYQ6MPV0QM%7C?hl=en-US",
                "images": [
                    {
                        "thumbnail": "https://lh5.googleusercontent.com/p/AF1QipPhZnBaOGQkbomZbsWS-LbgB8FNcBCfGZSQTdxt=w150-h150-k-no-p"
                    }
                ],
                "date": "2 months ago"
            },
            {
                "username": "Gerson Balza",
                "rating": 5,
                "contributor_id": "107222384348065849291",
                "description": "Awesome beer garden in Ann Arbor. They didn’t have food, but you can take anything there. The beer selection was good as well as cocktails.",
                "link": "https://www.google.com/maps/reviews/data=!4m8!14m7!1m6!2m5!1sChdDSUhNMG9nS0VJQ0FnSUQ3bWNUWXpBRRAB!2m1!1s0x0:0xa0c5d599d7ec79f3!3m1!1s2@1:CIHM0ogKEICAgID7mcTYzAE%7CCgwIuM2utgYQ-PyilAI%7C?hl=en-US",
                "images": [
                    {
                        "thumbnail": "https://lh5.googleusercontent.com/p/AF1QipPpZDeOEuXOhoVA5tCbchb3dL3s2vhBfwbMPrcf=w150-h150-k-no-p"
                    },
                    {
                        "thumbnail": "https://lh5.googleusercontent.com/p/AF1QipOcM6itPRYpVqIKsVsOiOvV7a1xGkzfHNF6ytzC=w150-h150-k-no-p"
                    },
                    {
                        "thumbnail": "https://lh5.googleusercontent.com/p/AF1QipNuMXrOVlwgM6TnXwSXlftdzk4jkn6Hnd_1ORjD=w150-h150-k-no-p"
                    },
                    {
                        "thumbnail": "https://lh5.googleusercontent.com/p/AF1QipM-VEzpBOF_IuZE7KarFylOrkgV6NkvZmjxoUuI=w150-h150-k-no-p"
                    }
                ],
                "date": "2 months ago"
            },
            {
                "username": "Wendy Smigielski",
                "rating": 5,
                "contributor_id": "102334395040130770509",
                "description": "My first time there, October 50's outside, they have warming areas so it was very comfortable sitting outside. The staff was amazing!! So nice!! They made the experience! 👍🏼 Oh and the free donut with hot cider",
                "link": "https://www.google.com/maps/reviews/data=!4m8!14m7!1m6!2m5!1sChdDSUhNMG9nS0VJQ0FnSUNGeGVxRmx3RRAB!2m1!1s0x0:0xa0c5d599d7ec79f3!3m1!1s2@1:CIHM0ogKEICAgICFxeqFlwE%7CCgwI5Zb7qQYQwKGnjwE%7C?hl=en-US",
                "images": [
                    {
                        "thumbnail": "https://lh5.googleusercontent.com/p/AF1QipPLniZIqZMHNRGrXZ8wr9oK1Wlaq_5EmXcPMBZW=w150-h150-k-no-p"
                    },
                    {
                        "thumbnail": "https://lh5.googleusercontent.com/p/AF1QipPJzpNxGfxxorTcFIrdfJlWbd9ITRD3t5IrV42P=w150-h150-k-no-p"
                    },
                    {
                        "thumbnail": "https://lh5.googleusercontent.com/p/AF1QipO7bAbVjNTJICsRiBmM0g9t3O-I3spnaZlAwO_E=w150-h150-k-no-p"
                    },
                    {
                        "thumbnail": "https://lh5.googleusercontent.com/p/AF1QipOr4XHwRt-I1TKjpBod5PBYjqBajtbv6nvWUGQG=w150-h150-k-no-p"
                    },
                    {
                        "thumbnail": "https://lh5.googleusercontent.com/p/AF1QipNDyrtI1QQDA6PKSSnqyEqdcLUUmcL0OEsuM66c=w150-h150-k-no-p"
                    },
                    {
                        "thumbnail": "https://lh5.googleusercontent.com/p/AF1QipNFTB-4mSzljc_TA3CX0Oa88mYHSR4jKun1WqzJ=w150-h150-k-no-p"
                    },
                    {
                        "thumbnail": "https://lh5.googleusercontent.com/p/AF1QipMmBAMeyIeIN6L7LeRFYABlx0HLXB4OJ0ukdiIm=w150-h150-k-no-p"
                    }
                ],
                "date": "a year ago"
            },
            {
                "username": "Amy",
                "rating": 5,
                "contributor_id": "100630121857528530153",
                "description": "Outdoor beer garden, bring your own food in, great atmosphere. Always a line to get in or to get a drink most days. Picnic table seating, huge selection of beers, seltzers and cocktails. Heat lamps as the weather starts to get cold at night. Always take out of town visitors here.",
                "link": "https://www.google.com/maps/reviews/data=!4m8!14m7!1m6!2m5!1sChdDSUhNMG9nS0VJQ0FnSUNydjdfVDBnRRAB!2m1!1s0x0:0xa0c5d599d7ec79f3!3m1!1s2@1:CIHM0ogKEICAgICrv7_T0gE%7CCgsI-YjFtAYQkLrmeQ%7C?hl=en-US",
                "date": "4 months ago"
            },
            {
                "username": "Ellice Clark",
                "rating": 5,
                "contributor_id": "105990339859370077889",
                "description": "Best bar in Ann Arbor! Amazing rotating selection of local craft beer",
                "link": "https://www.google.com/maps/reviews/data=!4m8!14m7!1m6!2m5!1sChZDSUhNMG9nS0VJQ0FnSUNYdzgzTEJ3EAE!2m1!1s0x0:0xa0c5d599d7ec79f3!3m1!1s2@1:CIHM0ogKEICAgICXw83LBw%7CCgwI4ITRuAYQ0LWM0wI%7C?hl=en-US",
                "images": [
                    {
                        "thumbnail": "https://lh5.googleusercontent.com/p/AF1QipNG3BOgTYCR2MQXzrjnUFj-EyHsgopZgKaDgxtj=w150-h150-k-no-p"
                    }
                ],
                "date": "3 weeks ago"
            },
            {
                "username": "L.N. Hitsman",
                "rating": 5,
                "contributor_id": "111980434138534378166",
                "description": "We went here for the first time last weekend, and we loved it. Great beer selection, friendly staff, wonderful atmosphere, and  the perfect spot for a hot day.\n\nWalking through a cool mist with beers in hand, right before you find a place to sit, was welcomed on a 90+ degree day.(I went on Amazon and bought this amazing misting hose attachment while we sat and drank our beers. Message me if you want the product details)\n\nYou can rent games such as chess, checkers, Jenga, etc. And set up shop at a picnic table with friends.\n\nHighly recommend!",
                "link": "https://www.google.com/maps/reviews/data=!4m8!14m7!1m6!2m5!1sChdDSUhNMG9nS0VJQ0FnSUNROWJiMzRBRRAB!2m1!1s0x0:0xa0c5d599d7ec79f3!3m1!1s2@1:CIHM0ogKEICAgICQ9bb34AE%7CCgwIiu2A2gUQgMXh0gE%7C?hl=en-US",
                "images": [
                    {
                        "thumbnail": "https://lh5.googleusercontent.com/p/AF1QipMf3hJvOiaQ7tkRg3twtRpJHdkQj0hc0tCcC6C-=w150-h150-k-no-p"
                    },
                    {
                        "thumbnail": "https://lh5.googleusercontent.com/p/AF1QipNramVCPbp3eHvVeMoY-A7CQxyn5_iCZ6skTRem=w150-h150-k-no-p"
                    }
                ],
                "date": "6 years ago"
            },
            {
                "username": "Sport Mom",
                "rating": 4,
                "contributor_id": "104851335979632387902",
                "description": "A great outdoor patio area. Picnic tables with solo stoves. A fun time on a Summer evening! The Raspy Cat is my favorite beer on tap. Also, bc it’s outdoors it is animal friendly. There would be 5 stars if this place had an indoor area so it could be open all year.",
                "link": "https://www.google.com/maps/reviews/data=!4m8!14m7!1m6!2m5!1sChZDSUhNMG9nS0VJQ0FnSURCbzlqb0dREAE!2m1!1s0x0:0xa0c5d599d7ec79f3!3m1!1s2@1:CIHM0ogKEICAgIDBo9joGQ%7CCgsI-JreoAYQ0IauRQ%7C?hl=en-US",
                "images": [
                    {
                        "thumbnail": "https://lh5.googleusercontent.com/p/AF1QipOL-LzEXPNKvkPIua1cmTSlnC9Lv-eIPhXnLJMJ=w150-h150-k-no-p"
                    }
                ],
                "date": "a year ago"
            },
            {
                "username": "Vikram Bala",
                "rating": 5,
                "contributor_id": "118263460813448768909",
                "description": "The atmosphere is phenomenal and there are so many choices for drinks... And there are so many unique ones too!! I had a lot of fun here - it's the perfect place for a nice summer evening. Pro tip: bring some cards / games to play; it'll greatly enhance your experience!! My only wish is that they had food options, maybe some light appetizers??",
                "link": "https://www.google.com/maps/reviews/data=!4m8!14m7!1m6!2m5!1sChdDSUhNMG9nS0VJQ0FnSURqMk9INWpRRRAB!2m1!1s0x0:0xa0c5d599d7ec79f3!3m1!1s2@1:CIHM0ogKEICAgIDj2OH5jQE%7CCgsIi6-8sQYQ0IKEDg%7C?hl=en-US",
                "date": "6 months ago"
            }
        ]
    },
    "Services": {
        "dine_in": true,
        "delivery": false
    }
}