{
    "Title": "Black Pearl",
    "Price": [],
    "Place ID": "ChIJK3b_WjyuPIgRYJeutjpr3Xo",
    "Type ID": [],
    "Type": [
        "Seafood restaurant",
        "Banquet hall",
        "Cocktail bar",
        "Event venue",
        "Restaurant"
    ],
    "Address": "302 S Main St, Ann Arbor, MI 48104",
    "GPS Coordinates": {
        "latitude": 42.2794212,
        "longitude": -83.74889809999999
    },
    "Phone Number": "(734) 222-0400",
    "Rating": 4.5,
    "Rating Summary": [
        {
            "stars": 1,
            "amount": 18
        },
        {
            "stars": 2,
            "amount": 21
        },
        {
            "stars": 3,
            "amount": 68
        },
        {
            "stars": 4,
            "amount": 179
        },
        {
            "stars": 5,
            "amount": 618
        }
    ],
    "Opening Hours": [
        {
            "tuesday": "5–10 PM"
        },
        {
            "wednesday": "5–10 PM"
        },
        {
            "thursday": "5–10 PM"
        },
        {
            "friday": "5–11 PM"
        },
        {
            "saturday": "5–11 PM"
        },
        {
            "sunday": "5–9 PM"
        },
        {
            "monday": "5–10 PM"
        }
    ],
    "Description": "Sleek seafood venue that adopts a lounge aura with cocktails, music & dimmed lights after 9 PM.",
    "Details": [
        {
            "highlights": [
                "Great dessert"
            ]
        },
        {
            "popular_for": [
                "Dinner",
                "Solo dining"
            ]
        },
        {
            "accessibility": [
                "Wheelchair accessible entrance",
                "Wheelchair accessible parking lot",
                "Wheelchair accessible restroom",
                "Wheelchair accessible seating"
            ]
        },
        {
            "offerings": [
                "Alcohol",
                "Beer",
                "Cocktails",
                "Coffee",
                "Comfort food",
                "Happy hour drinks",
                "Happy hour food",
                "Hard liquor",
                "Healthy options",
                "Late-night food",
                "Small plates",
                "Vegetarian options",
                "Wine"
            ]
        },
        {
            "dining_options": [
                "Dinner",
                "Dessert",
                "Seating"
            ]
        },
        {
            "amenities": [
                "Bar onsite",
                "Restroom",
                "Wi-Fi",
                "Free Wi-Fi"
            ]
        },
        {
            "atmosphere": [
                "Casual",
                "Cozy",
                "Romantic",
                "Trendy",
                "Upscale"
            ]
        },
        {
            "crowd": [
                "Groups",
                "Tourists"
            ]
        },
        {
            "planning": [
                "Dinner reservations recommended",
                "Accepts reservations"
            ]
        },
        {
            "payments": [
                "Credit cards",
                "Debit cards",
                "NFC mobile payments"
            ]
        },
        {
            "children": [
                "High chairs",
                "Kids' menu"
            ]
        },
        {
            "pets": [
                "Dogs allowed"
            ]
        }
    ],
    "User Reviews": {
        "summary": [
            {
                "snippet": "\"Cozy atmosphere, excellent service and good food at a reasonable price.\""
            },
            {
                "snippet": "\"We enjoyed the outdoor dining, cocktails and quality of surf and turf.\""
            },
            {
                "snippet": "\"Limited menu - for a seafood restaurant no crab or lobster on the menu.\""
            }
        ],
        "most_relevant": [
            {
                "username": "Paul Hansford",
                "rating": 5,
                "contributor_id": "111441256364375758204",
                "description": "The Black Pearl in Ann Arbor is a hidden gem on Main Street that's a perfect blend of relaxed vibes with an upscale twist. Known especially for their fish tacos, the seafood options are consistently fresh and expertly done.  We had a group gathering in their private room on Halloween.\n\nThere's an option to sit indoors or on the patio, and live music kicks in after 9:00 p.m., which adds to the lively ambiance. They’re open later on weekends, so it’s a great spot to wind down or keep the night going. Call ahead or book online, especially if you’re going during prime hours.",
                "link": "https://www.google.com/maps/reviews/data=!4m8!14m7!1m6!2m5!1sChZDSUhNMG9nS0VJQ0FnSUMzcEtuVEp3EAE!2m1!1s0x0:0x7add6b3ab6ae9760!3m1!1s2@1:CIHM0ogKEICAgIC3pKnTJw%7CCgwIqIabuQYQwL3HlwM%7C?hl=en-US",
                "images": [
                    {
                        "thumbnail": "https://lh5.googleusercontent.com/p/AF1QipNp39nWBu5mfTgds3_JQJrwUlWIC8sexNl0vV7B=w150-h150-k-no-p"
                    },
                    {
                        "thumbnail": "https://lh5.googleusercontent.com/p/AF1QipOTbHhtInX8yjkh1XjN-12r9cIx8emZboKcob9n=w150-h150-k-no-p"
                    },
                    {
                        "thumbnail": "https://lh5.googleusercontent.com/p/AF1QipMWvCIkI2LT0QiA5zYHfBuAFgZxFEpiDcExqRM8=w150-h150-k-no-p"
                    }
                ],
                "date": "a week ago"
            },
            {
                "username": "Heather Jackson",
                "rating": 5,
                "contributor_id": "116948967870440165090",
                "description": "I ate at the Black Pearl with my family. It was a wonderful experience. The staff were the most  friendly and attentive I've ever encountered! The atmosphere was cool and fun.  I liked the outdoor seating arrangement.\n\nThe food was phenomenal:\nMy dad ordered the weekly special, which was the hangar wagyu steak. He shared a bite with me, and it was out of this world! I think he was quiet most of the meal because he was so absorbed in the flavor of the steak.\nMy mom ordered the salmon, and she was very happy with it. The salsa sauce complimented it really well. I also think it was the most beautifully presented.\nI enjoyed the red snapper!  The quinoa was also very flavorful and rich. I don't know how they did that because I usually find quinoa bland and dry. The plantains were another showstopping highlight. They were absolutely perfect. Crispy caramelized outside, melt in your mouth inside. They were flavorful, just the right level of sweetness, and not at all starchy.\n\nWe were very pleased with our experience here. I would highly recommend this restaurant to anyone, especially if you have a special occasion.",
                "link": "https://www.google.com/maps/reviews/data=!4m8!14m7!1m6!2m5!1sChdDSUhNMG9nS0VJQ0FnSUM3NTl5SG1nRRAB!2m1!1s0x0:0x7add6b3ab6ae9760!3m1!1s2@1:CIHM0ogKEICAgIC759yHmgE%7CCgsIme-ItgYQgJ22TA%7C?hl=en-US",
                "images": [
                    {
                        "thumbnail": "https://lh5.googleusercontent.com/p/AF1QipPkq27Owf-LjL09c2gQj99GjxXjaMFTmX475kMt=w150-h150-k-no-p"
                    },
                    {
                        "thumbnail": "https://lh5.googleusercontent.com/p/AF1QipOKUpAUd2XibiuCsWs97h8F8tTLZgoNlRQ9skyO=w150-h150-k-no-p"
                    },
                    {
                        "thumbnail": "https://lh5.googleusercontent.com/p/AF1QipPlBGHYZF-1hYXlq3_7czmVNAkYKt0ZaZTs4jNm=w150-h150-k-no-p"
                    }
                ],
                "date": "2 months ago"
            },
            {
                "username": "Jessica Fearer",
                "rating": 5,
                "contributor_id": "101392711146040330152",
                "description": "Atmosphere was amazing. We got\nTo sit in the patio area. Burger was amazing. Sushi was ok. I felt it needed a little more flavor.",
                "link": "https://www.google.com/maps/reviews/data=!4m8!14m7!1m6!2m5!1sChZDSUhNMG9nS0VJQ0FnSUNIaE15Z1NBEAE!2m1!1s0x0:0x7add6b3ab6ae9760!3m1!1s2@1:CIHM0ogKEICAgICHhMygSA%7CCgwI1-PPtgYQsIK9tAM%7C?hl=en-US",
                "images": [
                    {
                        "thumbnail": "https://lh5.googleusercontent.com/p/AF1QipNP6_FrV2l3DooRMRh2GKGDsE1fsOIPDK5dafOw=w150-h150-k-no-p"
                    },
                    {
                        "thumbnail": "https://lh5.googleusercontent.com/p/AF1QipOL6FlWJHalVLRpOBGICd5RoEmUuq0XW4agPvfk=w150-h150-k-no-p"
                    },
                    {
                        "thumbnail": "https://lh5.googleusercontent.com/p/AF1QipN6Xs30hu5fAklqhwOzXjkidw_BVbvX-s3RFJSN=w150-h150-k-no-p"
                    }
                ],
                "date": "2 months ago"
            },
            {
                "username": "E A",
                "rating": 5,
                "contributor_id": "111808658130492091202",
                "description": "This place slightly looks like a dive bar, but the menu is AMAZING. I had the crab rangoon dip which was very good,  but the scallops. MY GOD. The best scallops I have likely ever had. The bartender said they do variations of it menu to menu, so I'm excited to grab these again soon! This place is a must.",
                "link": "https://www.google.com/maps/reviews/data=!4m8!14m7!1m6!2m5!1sChdDSUhNMG9nS0VJQ0FnSURicjlxdnNRRRAB!2m1!1s0x0:0x7add6b3ab6ae9760!3m1!1s2@1:CIHM0ogKEICAgIDbr9qvsQE%7CCgsIx-jetQYQoM3TeA%7C?hl=en-US",
                "images": [
                    {
                        "thumbnail": "https://lh5.googleusercontent.com/p/AF1QipMveREmN8KdXjJ0uUMk6O_dhQ93g6irQEjd_Wi_=w150-h150-k-no-p"
                    },
                    {
                        "thumbnail": "https://lh5.googleusercontent.com/p/AF1QipOGgDinlt2WONPr8nEW2FoSRpv38qBl_zt8cX7X=w150-h150-k-no-p"
                    }
                ],
                "date": "3 months ago"
            },
            {
                "username": "Gloria Li",
                "rating": 5,
                "contributor_id": "118073775695507193005",
                "description": "Delicious! Friendly staff, love the outdoor patio in the seating. Never disappointed with the food, been here a couple times and it’s consistently been amazing. Photos shows the Beet Salad (one of the best salads I’ve ever had!) and the Surf and Turf Pasta, and the Mano Keylime and Chocolate Mousse Cake.",
                "link": "https://www.google.com/maps/reviews/data=!4m8!14m7!1m6!2m5!1sChZDSUhNMG9nS0VJQ0FnSUNid1lYSVF3EAE!2m1!1s0x0:0x7add6b3ab6ae9760!3m1!1s2@1:CIHM0ogKEICAgICbwYXIQw%7CCgwIj96VtQYQiJGx-gE%7C?hl=en-US",
                "images": [
                    {
                        "thumbnail": "https://lh5.googleusercontent.com/p/AF1QipMv9m1s6KbdI3vTl6xB0IhGhgX8ImgRJ9UMo6--=w150-h150-k-no-p"
                    },
                    {
                        "thumbnail": "https://lh5.googleusercontent.com/p/AF1QipNP641aTcs2yRebD_7p884k5c6M3ah-AHzCTY5E=w150-h150-k-no-p"
                    }
                ],
                "date": "3 months ago"
            },
            {
                "username": "Kirsten Duenas",
                "rating": 5,
                "contributor_id": "118419129058280227885",
                "description": "Excellent food!! We placed carry out order, everything was delicious. Next time we will dine in for sure. Seafood rolls and salmon cakes were fresh and super tasty but the brussel sprouts omg!! They're a must try, have had at many different restaurants but not like this.",
                "link": "https://www.google.com/maps/reviews/data=!4m8!14m7!1m6!2m5!1sChdDSUhNMG9nS0VJQ0FnSUNuaGEyT2d3RRAB!2m1!1s0x0:0x7add6b3ab6ae9760!3m1!1s2@1:CIHM0ogKEICAgICnha2OgwE%7CCgwIlbzctwYQ6Ov2igM%7C?hl=en-US",
                "images": [
                    {
                        "thumbnail": "https://lh5.googleusercontent.com/p/AF1QipP8j2cy4CgSv8GUe6iyqZl1hYMUmLmEf0v48Huo=w150-h150-k-no-p"
                    }
                ],
                "date": "a month ago"
            },
            {
                "username": "Danielle Mackey",
                "rating": 5,
                "contributor_id": "118355335795180954156",
                "description": "The black pearl on a summer night is the best. Nice breeze, music and some cocktails. The service is outstanding! They changed up the menu and I absolutely love it. The salmon was spicy but so good. I also had the seasonal salad and the unique combination  of mango with peppers, pomegranate seeds and almonds was so yummy and freshening. In addition to the food and great service the drinks are hands down my favorite. The last straw-berry is a perfect blend of tart with a kiss of sweetness. I also tried the new strawberry crème brûlée had more of a yogurt consistency but still good.",
                "link": "https://www.google.com/maps/reviews/data=!4m8!14m7!1m6!2m5!1sChdDSUhNMG9nS0VJQ0FnSUNMd29UMzVRRRAB!2m1!1s0x0:0x7add6b3ab6ae9760!3m1!1s2@1:CIHM0ogKEICAgICLwoT35QE%7CCgwI_fy9swYQkNi0sAE%7C?hl=en-US",
                "images": [
                    {
                        "thumbnail": "https://lh5.googleusercontent.com/p/AF1QipPrYNVuaVsPStB4IYLuR0NMcfTcym0lt7Reqdwp=w150-h150-k-no-p"
                    },
                    {
                        "thumbnail": "https://lh5.googleusercontent.com/p/AF1QipOCbjnw1mHguoTjwm1e-cv5p9i7vEDyj2Co0Kdv=w150-h150-k-no-p"
                    },
                    {
                        "thumbnail": "https://lh5.googleusercontent.com/p/AF1QipOvi2vtcbvsobYmVxtWAIW562aIU00LDBdyZoRr=w150-h150-k-no-p"
                    }
                ],
                "date": "4 months ago"
            },
            {
                "username": "Seth & Stephanie Perrin",
                "rating": 4,
                "contributor_id": "116612359600100556995",
                "description": "More of a bar environment. Even though we were seated in the dining area it was extremely loud. Our waiter was super cool and attentive. The Crab Rangoon dip was AMAZING! The wontons were fresh but I wish they came out warm. But so good. We split the surf and turf pasta and OMG I would get that time and time again.",
                "link": "https://www.google.com/maps/reviews/data=!4m8!14m7!1m6!2m5!1sChZDSUhNMG9nS0VJQ0FnSUNuazdxOEF3EAE!2m1!1s0x0:0x7add6b3ab6ae9760!3m1!1s2@1:CIHM0ogKEICAgICnk7q8Aw%7CCgwIwaLltwYQkLap7wE%7C?hl=en-US",
                "images": [
                    {
                        "thumbnail": "https://lh5.googleusercontent.com/p/AF1QipOvCbhMWbepTQnE2e-uBvoqvc_2CRqGWZAOb62q=w150-h150-k-no-p"
                    }
                ],
                "date": "a month ago"
            }
        ]
    },
    "Services": {
        "dine_in": true,
        "curbside_pickup": true,
        "delivery": true
    }
}