{
    "Title": "Blue Tractor BBQ & Brewery",
    "Price": "$$",
    "Place ID": "ChIJpV_z0T2uPIgRoG99QZpngLA",
    "Type ID": [],
    "Type": [
        "Restaurant",
        "Bar",
        "Barbecue restaurant",
        "Brewery"
    ],
    "Address": "207 E Washington St, Ann Arbor, MI 48104",
    "GPS Coordinates": {
        "latitude": 42.2806472,
        "longitude": -83.7469083
    },
    "Phone Number": "(734) 222-4095",
    "Rating": 4.1,
    "Rating Summary": [
        {
            "stars": 1,
            "amount": 98
        },
        {
            "stars": 2,
            "amount": 73
        },
        {
            "stars": 3,
            "amount": 132
        },
        {
            "stars": 4,
            "amount": 366
        },
        {
            "stars": 5,
            "amount": 737
        }
    ],
    "Opening Hours": [
        {
            "tuesday": "3–10 PM"
        },
        {
            "wednesday": "3–10 PM"
        },
        {
            "thursday": "3–10 PM"
        },
        {
            "friday": "12–11 PM"
        },
        {
            "saturday": "12–11 PM"
        },
        {
            "sunday": "12–10 PM"
        },
        {
            "monday": "3–10 PM"
        }
    ],
    "Description": "Warm brewpub offers house craft beers paired with BBQ, smoked meats & biscuits amid live music.",
    "Details": [
        {
            "highlights": [
                "Fast service",
                "Sports"
            ]
        },
        {
            "popular_for": [
                "Lunch",
                "Dinner",
                "Solo dining"
            ]
        },
        {
            "accessibility": [
                "Wheelchair accessible entrance",
                "Wheelchair accessible parking lot",
                "Wheelchair accessible restroom",
                "Wheelchair accessible seating"
            ]
        },
        {
            "offerings": [
                "Alcohol",
                "Beer",
                "Cocktails",
                "Coffee",
                "Comfort food",
                "Happy hour drinks",
                "Happy hour food",
                "Hard liquor",
                "Late-night food",
                "Private dining room",
                "Quick bite",
                "Vegetarian options",
                "Wine"
            ]
        },
        {
            "dining_options": [
                "Lunch",
                "Dinner",
                "Catering",
                "Dessert",
                "Seating"
            ]
        },
        {
            "amenities": [
                "Bar onsite",
                "Restroom",
                "Wi-Fi",
                "Free Wi-Fi"
            ]
        },
        {
            "atmosphere": [
                "Casual",
                "Cozy",
                "Trendy"
            ]
        },
        {
            "crowd": [
                "College students",
                "Family-friendly",
                "Groups",
                "LGBTQ+ friendly",
                "Tourists"
            ]
        },
        {
            "planning": [
                "Accepts reservations"
            ]
        },
        {
            "payments": [
                "Credit cards",
                "Debit cards",
                "NFC mobile payments"
            ]
        },
        {
            "children": [
                "Good for kids",
                "Has changing table(s)",
                "High chairs",
                "Kids' menu"
            ]
        },
        {
            "parking": [
                "Paid parking garage",
                "Paid parking lot",
                "Paid street parking"
            ]
        },
        {
            "pets": [
                "Dogs allowed outside"
            ]
        }
    ],
    "User Reviews": {
        "summary": [
            {
                "snippet": "\"The food was awesome, we had sausage, ribs, chicken, and brisket.\""
            },
            {
                "snippet": "\"Great atmosphere, delicious food, delicious drinks and attentive staff\""
            },
            {
                "snippet": "\"Other than that guy the place was nice and the beer was of standard quality.\""
            }
        ],
        "most_relevant": [
            {
                "username": "Kevin Tan",
                "rating": 5,
                "contributor_id": "111790687473840619006",
                "description": "After a vigorous morning workout, my friend and I were ravenous and in search of a hearty meal. Blue Tractor BBQ & Brewery seemed like the perfect pit stop. Tucked in the heart of town, this spot not only promises a commitment to local produce and finely crafted beers but also a tempting BBQ menu that we couldn’t wait to dive into.\n\nFood Ordered:\nWe opted for the BBQ Platters, which were a delight to our taste buds but left us wanting a bit more in terms of portion size — perhaps not quite enough to fully satisfy two exercised appetites.\n-The Sliced Beef Brisket was a standout, expertly smoked for 18 hours with a simple salt and pepper rub; it was as tender as it was flavorful.\n-The Smoked Chicken thighs, brined and smoked to perfection, hit that smoky sweet spot beautifully.\n-The Sausage Link, less salty than typical sausages and featuring a special sauce or marinade, was a pleasant surprise in both taste and texture.\n\nFor sides, the Sweet Potato Fries were a delicious pick, and the Braised Greens added a nice balance to the meat-heavy platter.\n\nAlthough we initially craved a Salmon Sandwich, it was no longer available. The staff recommended another fish filet sandwich (the name escapes me), which turned out to be delicious and perfectly seasoned — a serendipitous substitute that did not disappoint.\n\nBrews and More:\nDon't miss the happy hour from 3-6 pm daily, where you can enjoy half-price sides and brews. It's a fantastic deal, especially for tasting their award-winning craft beer.\n\nFinal Thoughts:\nBlue Tractor BBQ & Brewery impresses with its commitment to local sourcing and high-quality ingredients. The atmosphere is ideal for relaxing post-workout, and while the portions could be larger, the delicious flavors and excellent service make it well worth a visit. Highly recommended for a genuine A^2 dining experience.",
                "link": "https://www.google.com/maps/reviews/data=!4m8!14m7!1m6!2m5!1sChZDSUhNMG9nS0VJQ0FnSURqN0xld2VBEAE!2m1!1s0x0:0xb080679a417d6fa0!3m1!1s2@1:CIHM0ogKEICAgIDj7LeweA%7CCgwI4dPDsQYQqJaVnwM%7C?hl=en-US",
                "images": [
                    {
                        "thumbnail": "https://lh5.googleusercontent.com/p/AF1QipNcdIRfvliy-RQPMgIRmny7EPuOMZXjDXdqhD1Q=w150-h150-k-no-p"
                    },
                    {
                        "thumbnail": "https://lh5.googleusercontent.com/p/AF1QipNQaqI5E1M0peUI3KNWaVPjP19HKAkynBqen_dL=w150-h150-k-no-p"
                    },
                    {
                        "thumbnail": "https://lh5.googleusercontent.com/p/AF1QipNI9NWQAMuWVImsHhuizAIti4gjqJtlm31evlUy=w150-h150-k-no-p"
                    },
                    {
                        "thumbnail": "https://lh5.googleusercontent.com/p/AF1QipP3WzE2f9ZjHQn0p4aScyX1YMoBIQ-TYL378Gq8=w150-h150-k-no-p"
                    }
                ],
                "date": "6 months ago"
            },
            {
                "username": "Chuck Blatt",
                "rating": 3,
                "contributor_id": "112932846637074666281",
                "description": "First time and while I enjoyed it I have had better BBQ.  The brisket was good but the turkey was dry and not good.  The cornbread was average.  The BBQ chips were good and better then the fries.  The waffle fries were above average but mashed potatoes we below average.   The normal BBQ sauce was good but the vinegar based was very thin.   I would try again and would like to try the ribs.",
                "link": "https://www.google.com/maps/reviews/data=!4m8!14m7!1m6!2m5!1sChZDSUhNMG9nS0VJQ0FnSUNqM3RhVWFnEAE!2m1!1s0x0:0xb080679a417d6fa0!3m1!1s2@1:CIHM0ogKEICAgICj3taUag%7CCgwI0LOXsQYQ8PHskQM%7C?hl=en-US",
                "images": [
                    {
                        "thumbnail": "https://lh5.googleusercontent.com/p/AF1QipNdrN-rjyI6ma2T9nWAJI9p2rgqKagcK_vJZwj8=w150-h150-k-no-p"
                    },
                    {
                        "thumbnail": "https://lh5.googleusercontent.com/p/AF1QipPSwW09LWlJcKHLHe8T4j4HNn0urMwH_xS0bhWk=w150-h150-k-no-p"
                    },
                    {
                        "thumbnail": "https://lh5.googleusercontent.com/p/AF1QipOWAdU6nDKMkKrPEZsp3DRo2wK9bX3Snc18qcG1=w150-h150-k-no-p"
                    },
                    {
                        "thumbnail": "https://lh5.googleusercontent.com/p/AF1QipP7lzL-2D85FaY0tQXH85i7RL6DUhMuT_AI9qpw=w150-h150-k-no-p"
                    },
                    {
                        "thumbnail": "https://lh5.googleusercontent.com/p/AF1QipMDphm-IGewbFoNURims2eB-OIRq9O6M0Iidfc9=w150-h150-k-no-p"
                    },
                    {
                        "thumbnail": "https://lh5.googleusercontent.com/p/AF1QipObwq00FVFzfLguhkzYwL_wjTPDEV7NEjwIQnUS=w150-h150-k-no-p"
                    }
                ],
                "date": "6 months ago"
            },
            {
                "username": "David Mandujano",
                "rating": 5,
                "contributor_id": "101415528174381095485",
                "description": "Best brewery in Ann Arbor. New craft beers are added to the drink menu constantly and food is amazing! Blue Tractor, if you’re reading this, please bring the cauliflower Starter back!\n\nMy favorite place in Ann Arbor, a must visit stop even if you’re driving by.",
                "link": "https://www.google.com/maps/reviews/data=!4m8!14m7!1m6!2m5!1sChZDSUhNMG9nS0VJQ0FnSUN6OC02MkRBEAE!2m1!1s0x0:0xb080679a417d6fa0!3m1!1s2@1:CIHM0ogKEICAgICz8-62DA%7CCgwIvun-sgYQ0JbHpwI%7C?hl=en-US",
                "images": [
                    {
                        "thumbnail": "https://lh5.googleusercontent.com/p/AF1QipOdoggGgUVu06HwvD_EESOooTY2W3gi7-x_3rbu=w150-h150-k-no-p"
                    },
                    {
                        "thumbnail": "https://lh5.googleusercontent.com/p/AF1QipMS-KMhjIVfT3IN_cXXfmIw3Gk2iVHvAB7HHC43=w150-h150-k-no-p"
                    },
                    {
                        "thumbnail": "https://lh5.googleusercontent.com/p/AF1QipOOAMHsLTz7_ItXEHEckC_WhJOjKEWPvE1X-WA0=w150-h150-k-no-p"
                    }
                ],
                "date": "5 months ago"
            },
            {
                "username": "Max Douthit",
                "rating": 5,
                "contributor_id": "108380721776602629274",
                "description": "Holy macaroni this grub is the bees knees. Very delicious, competitive pricing for down town Ann Arbor, and a fine selection of food and drinks. I would recommend this for carnivores but there are also vegetarian and pescatarian options.",
                "link": "https://www.google.com/maps/reviews/data=!4m8!14m7!1m6!2m5!1sChdDSUhNMG9nS0VJQ0FnSUREaF9hVWtBRRAB!2m1!1s0x0:0xb080679a417d6fa0!3m1!1s2@1:CIHM0ogKEICAgIDDh_aUkAE%7CCgwIksvxsAYQyKTy9AI%7C?hl=en-US",
                "images": [
                    {
                        "thumbnail": "https://lh5.googleusercontent.com/p/AF1QipOCqMURJiOjWUStjmx2jFHb2zjGGDwBbZ6-I8iO=w150-h150-k-no-p"
                    },
                    {
                        "thumbnail": "https://lh5.googleusercontent.com/p/AF1QipPgHjzX1IawjOkFpxT53fIHfT3PC4wu2fd-GaGy=w150-h150-k-no-p"
                    },
                    {
                        "thumbnail": "https://lh5.googleusercontent.com/p/AF1QipMFc-r3KHOSil8decNZMry7ECRBW4OS5VzQktfe=w150-h150-k-no-p"
                    },
                    {
                        "thumbnail": "https://lh5.googleusercontent.com/p/AF1QipP_e8SpZdvfp73sLzHFP634JA3vTjHycDW6Iskz=w150-h150-k-no-p"
                    },
                    {
                        "thumbnail": "https://lh5.googleusercontent.com/p/AF1QipOt-V7w6dBZ-CB8LBx-Y9oFRsODpBuGK9zZlWl-=w150-h150-k-no-p"
                    }
                ],
                "date": "6 months ago"
            },
            {
                "username": "Carlo Chalhoub",
                "rating": 5,
                "contributor_id": "112445528220385611508",
                "description": "Great place.our host Sophia was great in going through the drinks and food different options\nGreat craft beers if you are into trying new things. I suggest getting a flight of their locally brewed beer.",
                "link": "https://www.google.com/maps/reviews/data=!4m8!14m7!1m6!2m5!1sChdDSUhNMG9nS0VJQ0FnSUNEeWJfQ3BBRRAB!2m1!1s0x0:0xb080679a417d6fa0!3m1!1s2@1:CIHM0ogKEICAgICDyb_CpAE%7CCgsI2YCdsAYQ6JnEEQ%7C?hl=en-US",
                "images": [
                    {
                        "thumbnail": "https://lh5.googleusercontent.com/p/AF1QipNFYk04GCPgxGWg0omoGnclGheKnMlCpM6Py4IW=w150-h150-k-no-p"
                    },
                    {
                        "thumbnail": "https://lh5.googleusercontent.com/p/AF1QipMe8XGdGSJY62xE7DEkbKEKJjylNngHz8Q4CkKm=w150-h150-k-no-p"
                    },
                    {
                        "thumbnail": "https://lh5.googleusercontent.com/p/AF1QipOT9hyVo5ijwgJ-FW9XpAToexwmz2CGqmJEh4ia=w150-h150-k-no-p"
                    },
                    {
                        "thumbnail": "https://lh5.googleusercontent.com/p/AF1QipPwlWlw32gApPYt_TYN4QsQjQJL7_3XL1atlOuF=w150-h150-k-no-p"
                    },
                    {
                        "thumbnail": "https://lh5.googleusercontent.com/p/AF1QipMI5rvUbxjtxpJ8Yzi_gGFa-ghCohNz0i4lzYyB=w150-h150-k-no-p"
                    },
                    {
                        "thumbnail": "https://lh5.googleusercontent.com/p/AF1QipPNiKKybgL8i2BST2fz7nXcJ3kA3IE-_bmuvO38=w150-h150-k-no-p"
                    },
                    {
                        "thumbnail": "https://lh5.googleusercontent.com/p/AF1QipM7L6GaES2GtgTImSWwMu0lhstJ4-Hwvbe39FXI=w150-h150-k-no-p"
                    },
                    {
                        "thumbnail": "https://lh5.googleusercontent.com/p/AF1QipMbZWtevWJET7cK_URK9UiuCYCI-AZqMUe8kMeS=w150-h150-k-no-p"
                    },
                    {
                        "thumbnail": "https://lh5.googleusercontent.com/p/AF1QipNd1BxYxYYHExFddK18jt0tW_bDBz1gOv3Fu7Z8=w150-h150-k-no-p"
                    }
                ],
                "date": "7 months ago"
            },
            {
                "username": "Jason Lopez",
                "rating": 5,
                "contributor_id": "106013370359285697884",
                "description": "The barbecue is awesome. The pulled pork was like butter the brisket pulled apart perfect and the ribs were tender and delicious. The meat was delicious without sauce. The coleslaw was perfect.\nThe server was awesome she was nice and friendly.\nI definitely recommend this as a good barbecue place.",
                "link": "https://www.google.com/maps/reviews/data=!4m8!14m7!1m6!2m5!1sChZDSUhNMG9nS0VJQ0FnSURIeWVQTWZBEAE!2m1!1s0x0:0xb080679a417d6fa0!3m1!1s2@1:CIHM0ogKEICAgIDHyePMfA%7CCgwIrIimtwYQiKPImgI%7C?hl=en-US",
                "date": "a month ago"
            },
            {
                "username": "Kenneth Ryan",
                "rating": 5,
                "contributor_id": "113993774161621516737",
                "description": "We got there 5 minutes before the kitchen closed. The manager, Dave, was very kind to let us in and recommended on what to get since it was our first time there. In just a few minutes we were enjoying one of the best burgers and fries (sweet potatoes) I’ve had in my life!!. The beer was really good as well. It’s not cheap but I gladly paid the bill for an excellent service and even better food! Don’t know how the service is when it’s full, but I’m definitely coming back to this place when I return to Ann Arbor.",
                "link": "https://www.google.com/maps/reviews/data=!4m8!14m7!1m6!2m5!1sChdDSUhNMG9nS0VJQ0FnSURyMTYtdnd3RRAB!2m1!1s0x0:0xb080679a417d6fa0!3m1!1s2@1:CIHM0ogKEICAgIDr16-vwwE%7CCgwI2YLytAYQ8LP-hwI%7C?hl=en-US",
                "date": "3 months ago"
            },
            {
                "username": "Justin Earhart",
                "rating": 3,
                "contributor_id": "114111353402700761989",
                "description": "Just ok, wouldn't go out of my way. Nice people and good service. Small portions high price. My pulled pork sandwich and chips was $17.",
                "link": "https://www.google.com/maps/reviews/data=!4m8!14m7!1m6!2m5!1sChZDSUhNMG9nS0VJQ0FnSUNMX1B5M2RREAE!2m1!1s0x0:0xb080679a417d6fa0!3m1!1s2@1:CIHM0ogKEICAgICL_Py3dQ%7CCgwItvm8swYQ2IvwlAE%7C?hl=en-US",
                "images": [
                    {
                        "thumbnail": "https://lh5.googleusercontent.com/p/AF1QipPUeR4dqF9xpZz5TnMNVAlL7gC2Bh3ALrFwedhc=w150-h150-k-no-p"
                    }
                ],
                "date": "4 months ago"
            }
        ]
    },
    "Services": {
        "dine_in": true,
        "takeout": true,
        "no_contact_delivery": true
    }
}