{
    "Title": "Blue Nile Ethiopian Restaurant",
    "Price": [],
    "Place ID": "ChIJqyrfeD6uPIgR75I7iacApHA",
    "Type ID": [],
    "Type": [
        "Ethiopian restaurant",
        "Restaurant"
    ],
    "Address": "221 E Washington St, Ann Arbor, MI 48104",
    "GPS Coordinates": {
        "latitude": 42.2805417,
        "longitude": -83.7463056
    },
    "Phone Number": "(734) 998-4746",
    "Rating": 4.3,
    "Rating Summary": [
        {
            "stars": 1,
            "amount": 64
        },
        {
            "stars": 2,
            "amount": 26
        },
        {
            "stars": 3,
            "amount": 61
        },
        {
            "stars": 4,
            "amount": 182
        },
        {
            "stars": 5,
            "amount": 603
        }
    ],
    "Opening Hours": [
        {
            "tuesday": "5–10 PM"
        },
        {
            "wednesday": "5–10 PM"
        },
        {
            "thursday": "5–10 PM"
        },
        {
            "friday": "4–10:30 PM"
        },
        {
            "saturday": "4–10:30 PM"
        },
        {
            "sunday": "3–9 PM"
        },
        {
            "monday": "Closed"
        }
    ],
    "Description": "Comfortable, colorful Ethiopian restaurant featuring all-you-can-eat platters & honey wine.",
    "Details": [
        {
            "highlights": [
                "Fast service",
                "Great coffee",
                "Great tea selection",
                "Live music"
            ]
        },
        {
            "popular_for": [
                "Lunch",
                "Dinner",
                "Solo dining"
            ]
        },
        {
            "accessibility": [
                "Wheelchair accessible entrance",
                "Wheelchair accessible parking lot",
                "Wheelchair accessible restroom",
                "Wheelchair accessible seating"
            ]
        },
        {
            "offerings": [
                "Alcohol",
                "All you can eat",
                "Beer",
                "Cocktails",
                "Coffee",
                "Comfort food",
                "Hard liquor",
                "Healthy options",
                "Small plates",
                "Vegan options",
                "Vegetarian options",
                "Wine"
            ]
        },
        {
            "dining_options": [
                "Lunch",
                "Dinner",
                "Catering",
                "Dessert",
                "Seating"
            ]
        },
        {
            "amenities": [
                "Bar onsite",
                "Restroom",
                "Wi-Fi",
                "Free Wi-Fi"
            ]
        },
        {
            "atmosphere": [
                "Casual",
                "Cozy",
                "Romantic",
                "Trendy"
            ]
        },
        {
            "crowd": [
                "College students",
                "Family-friendly",
                "Groups",
                "Tourists"
            ]
        },
        {
            "planning": [
                "Dinner reservations recommended",
                "Accepts reservations"
            ]
        },
        {
            "payments": [
                "Credit cards",
                "Debit cards",
                "NFC mobile payments"
            ]
        },
        {
            "children": [
                "Good for kids",
                "High chairs"
            ]
        },
        {
            "parking": [
                "Free street parking",
                "Paid parking garage",
                "Paid parking lot",
                "Paid street parking",
                "Somewhat difficult to find a space"
            ]
        }
    ],
    "User Reviews": {
        "summary": [
            {
                "snippet": "\"Excellent food, great service, and very kind staff.\""
            },
            {
                "snippet": "\"Great place to eat if you dont mind eating with your hands.\""
            },
            {
                "snippet": "\"We were seated quickly, and the server even let us pick the table to sit at.\""
            }
        ],
        "most_relevant": [
            {
                "username": "Jacques Dugger",
                "rating": 5,
                "contributor_id": "101945774855420568361",
                "description": "Wow, what a great restaurant! Tried it for the first time yesterday and I’ll most assuredly be back. I ordered the spicy chicken with the vegetarian feast. (With the veg feast being all you can eat, the chicken is optional/a delicacy). Everything was cooked to perfection and the staff members were all very attentive. Great view of downtown Ann Arbor too. Loved it. A+ all the way!",
                "link": "https://www.google.com/maps/reviews/data=!4m8!14m7!1m6!2m5!1sChZDSUhNMG9nS0VJQ0FnSUMzelBHalpREAE!2m1!1s0x0:0x70a400a7893b92ef!3m1!1s2@1:CIHM0ogKEICAgIC3zPGjZQ%7CCgwI7uyduQYQkJfnwgE%7C?hl=en-US",
                "images": [
                    {
                        "thumbnail": "https://lh5.googleusercontent.com/p/AF1QipPI2vxGHjHEv5wkkmhsaxm7Qilfq3rXNen_kTjT=w150-h150-k-no-p"
                    }
                ],
                "date": "a week ago"
            },
            {
                "username": "Girlie Kulp",
                "rating": 5,
                "contributor_id": "114039357057750578122",
                "description": "This was my second visit to Blue Nile Restaurant in Ann Arbor, Michigan, an Ethiopian eatery. I love it because they offer gluten-free bread made from teff flour. The all-you-can-eat vegetarian feast and the spiced Ethiopian tea, which is naturally sweet, are both delightful. The ambiance is inviting, and the decor transports you beyond the U.S. The staff frequently checks in to see if you need more food. The dishes are flavorful and satisfying without feeling heavy afterward. I also enjoy eating with my fingers and the bread, and the communal vibe reminds me of home in the Philippines. I’d rate this place a 10 out of 10 for its food taste and ambiance. However, there is a $3 charge each time you order more gluten-free bread.",
                "link": "https://www.google.com/maps/reviews/data=!4m8!14m7!1m6!2m5!1sChZDSUhNMG9nS0VJQ0FnSURydGRxbUFREAE!2m1!1s0x0:0x70a400a7893b92ef!3m1!1s2@1:CIHM0ogKEICAgIDrtdqmAQ%7CCgwIk-nmtAYQ0Oel0wI%7C?hl=en-US",
                "images": [
                    {
                        "thumbnail": "https://lh5.googleusercontent.com/p/AF1QipOhwvnzzwHPOTvs7W27re_Tloyl6QnJwNJxSzmC=w150-h150-k-no-p"
                    },
                    {
                        "thumbnail": "https://lh5.googleusercontent.com/p/AF1QipNwG400JLbW2wD_SjeTjiKFa54HCWhK4PyWtPA-=w150-h150-k-no-p"
                    },
                    {
                        "thumbnail": "https://lh5.googleusercontent.com/p/AF1QipNC56F0ygpii63NXNChBqu9REiD9-6vhKEfHVCz=w150-h150-k-no-p"
                    },
                    {
                        "thumbnail": "https://lh5.googleusercontent.com/p/AF1QipMHDRAGG4b7ukd8l3tf1CmAHb26EHwasGY2c-yu=w150-h150-k-no-p"
                    },
                    {
                        "thumbnail": "https://lh5.googleusercontent.com/p/AF1QipN4G-o1mzTFYP9-Wqbymo2BzPTvuYdIevWHEbWM=w150-h150-k-no-p"
                    },
                    {
                        "thumbnail": "https://lh5.googleusercontent.com/p/AF1QipPhutszg-gIf3Incqzxx0uOd_XNXuAUz6fWLFGo=w150-h150-k-no-p"
                    },
                    {
                        "thumbnail": "https://lh5.googleusercontent.com/p/AF1QipNwJTohYcbJJSWW5ocv86UMRu1VsmnNz_zxsDIl=w150-h150-k-no-p"
                    }
                ],
                "date": "3 months ago"
            },
            {
                "username": "Smitha Sudhakaran",
                "rating": 5,
                "contributor_id": "116162212435212033759",
                "description": "Guilt free dinner it was!!! The vegetarian feast was hearty delicious with chicken, mutton and beef sides. Well attended thoughtful service!! The Ethiopian spice tea is a must try, it’s sweetened with cinnamon!!!! Here we get to choose desserts from a tray!! Which is always the best part of dinning in. We tried the bread pudding and lemon sorbet, both were delicious!! A great place for a group to share from a plate!!",
                "link": "https://www.google.com/maps/reviews/data=!4m8!14m7!1m6!2m5!1sChdDSUhNMG9nS0VJQ0FnSUNIczZyZDdRRRAB!2m1!1s0x0:0x70a400a7893b92ef!3m1!1s2@1:CIHM0ogKEICAgICHs6rd7QE%7CCgwI8ZD3tgYQsJbW5AI%7C?hl=en-US",
                "images": [
                    {
                        "thumbnail": "https://lh5.googleusercontent.com/p/AF1QipMyjC80RtrGNVzfdkW2gus21iQ0cSB2khfYkxil=w150-h150-k-no-p"
                    },
                    {
                        "thumbnail": "https://lh5.googleusercontent.com/p/AF1QipONSrp_iVlMYPvrKJAT_Yb1vU93CrOox1OTMprf=w150-h150-k-no-p"
                    }
                ],
                "date": "2 months ago"
            },
            {
                "username": "Vyas Shenoy",
                "rating": 4,
                "contributor_id": "101733084509705024055",
                "description": "I like how standardized the menu is for both drinks and food! Got to try come really different flavors of warm alcoholic beverages and different styles of serving. Definitely worth a experience. We ordered vegetable fiesta with Doro wat curry.",
                "link": "https://www.google.com/maps/reviews/data=!4m8!14m7!1m6!2m5!1sChZDSUhNMG9nS0VJQ0FnSUMxN3BUTEd3EAE!2m1!1s0x0:0x70a400a7893b92ef!3m1!1s2@1:CIHM0ogKEICAgIC17pTLGw%7CCgwIyfe-rAYQ8OGMmgI%7C?hl=en-US",
                "images": [
                    {
                        "thumbnail": "https://lh5.googleusercontent.com/p/AF1QipNeQZOG-MAMUkGPaGFiwngpA7O4mO1VdmHD2Ows=w150-h150-k-no-p"
                    },
                    {
                        "thumbnail": "https://lh5.googleusercontent.com/p/AF1QipPzPlyZdhBnNiBZ1Q0Ag_1x1GOLahxep6PZ3euW=w150-h150-k-no-p"
                    },
                    {
                        "thumbnail": "https://lh5.googleusercontent.com/p/AF1QipMUutp7p5Xx0SpsnWEKSJILA4CeNDmb-HPMLNnV=w150-h150-k-no-p"
                    },
                    {
                        "thumbnail": "https://lh5.googleusercontent.com/p/AF1QipPMo8zSxmh0XL9S1FxUPhFZqf0ZYS4phf5Ua8iy=w150-h150-k-no-p"
                    },
                    {
                        "thumbnail": "https://lh5.googleusercontent.com/p/AF1QipPAlbbcNc1wQ23CYHreuqWyiMhtLDTmmS9cpPlT=w150-h150-k-no-p"
                    },
                    {
                        "thumbnail": "https://lh5.googleusercontent.com/p/AF1QipPbaXFOXLCY1SWZ_wBhpp1frprwWJKbhg-3TAbE=w150-h150-k-no-p"
                    },
                    {
                        "thumbnail": "https://lh5.googleusercontent.com/p/AF1QipOZ-BQAgPml7aMv1_CtQk6QJDWkmmm6gcOCkA1D=w150-h150-k-no-p"
                    },
                    {
                        "thumbnail": "https://lh5.googleusercontent.com/p/AF1QipPcdp8im2vqNLFarz_u2ZosK4jZkl619TCLTTNe=w150-h150-k-no-p"
                    }
                ],
                "date": "10 months ago"
            },
            {
                "username": "Hanan Saad",
                "rating": 1,
                "contributor_id": "101468085627866183058",
                "description": "I recently visited this Ethiopian restaurant and had a rather disappointing experience. They have a mandatory policy of ordering a vegetable tray for $22, which I found quite steep. Unfortunately, the taste of the vegetable tray did not meet my expectations. Additionally, I was surprised to learn that if I wanted to add any meat dish, I would have to order another vegetable tray. This policy feels excessive and takes away from the overall dining experience. I hope they reconsider their approach, as it detracts from what could be a great meal.",
                "link": "https://www.google.com/maps/reviews/data=!4m8!14m7!1m6!2m5!1sChZDSUhNMG9nS0VJQ0FnSURYbU4yS2NREAE!2m1!1s0x0:0x70a400a7893b92ef!3m1!1s2@1:CIHM0ogKEICAgIDXmN2KcQ%7CCgwIypzluAYQ-JKugAI%7C?hl=en-US",
                "date": "2 weeks ago"
            },
            {
                "username": "Catchcandice",
                "rating": 4,
                "contributor_id": "103659486800290789486",
                "description": "Authentic unique cuisine. You begin your meal with a steamy hot towel to cleanse your hands.\nYou will not be disappointed waitresses are dressed in authentic clothing are knowledgeable and helpful with choosing dishes. We always up for the vegetarian platter with lamb and chicken on the side it is a small portion but it’s definitely a delicacy to have meat. Extremely tender and well seasoned. Vegetarian platter is all you can eat. Healthy fulfilling meal and fun to eat with hands! Also try their home brewed tea it’s refreshing.",
                "link": "https://www.google.com/maps/reviews/data=!4m8!14m7!1m6!2m5!1sChZDSUhNMG9nS0VJQ0FnSUMya29iY1BnEAE!2m1!1s0x0:0x70a400a7893b92ef!3m1!1s2@1:CIHM0ogKEICAgIC2kobcPg%7CCgwIiuLskgYQiP-YhwE%7C?hl=en-US",
                "images": [
                    {
                        "thumbnail": "https://lh5.googleusercontent.com/p/AF1QipMc0FquO8gQPBVnuzNXV6-Os6ZPDe6UZFpHSb6G=w150-h150-k-no-p"
                    },
                    {
                        "thumbnail": "https://lh5.googleusercontent.com/p/AF1QipMdLTjkaA60glCryAGhYxAWzxJjIY8xE3KBna12=w150-h150-k-no-p"
                    },
                    {
                        "thumbnail": "https://lh5.googleusercontent.com/p/AF1QipNV9KupNzhFsd2kKgXloTVpTiQkBPUoVi8PzZzv=w150-h150-k-no-p"
                    },
                    {
                        "thumbnail": "https://lh5.googleusercontent.com/p/AF1QipPSHnvcuY3_DtEdSRo6dBWFV2E7M6GKjXY4XUq4=w150-h150-k-no-p"
                    },
                    {
                        "thumbnail": "https://lh5.googleusercontent.com/p/AF1QipOoOaVCZQM6XZ2_5Eem-c24aU2Vvvqno3VDXOCB=w150-h150-k-no-p"
                    },
                    {
                        "thumbnail": "https://lh5.googleusercontent.com/p/AF1QipPnGAUZXVjpHNw9fyBlpPyB3G9IL6d7-Q8-TaDW=w150-h150-k-no-p"
                    },
                    {
                        "thumbnail": "https://lh5.googleusercontent.com/p/AF1QipO24myIAHRRQcbLbtGfI8HY1cIzya1CQEe69Mj0=w150-h150-k-no-p"
                    },
                    {
                        "thumbnail": "https://lh5.googleusercontent.com/p/AF1QipOOUeoE4sLEOdoShHGWAhXp9kcl6uPq5mU-Lc0q=w150-h150-k-no-p"
                    },
                    {
                        "thumbnail": "https://lh5.googleusercontent.com/p/AF1QipORVyVMqx8HPrpojVCJDMHouayB7Q3bU6tJoxhO=w150-h150-k-no-p"
                    },
                    {
                        "thumbnail": "https://lh5.googleusercontent.com/p/AF1QipPEGxw8pv9EchV3EpLiOOTFHCvHoR3iKiK8oiJ7=w150-h150-k-no-p"
                    },
                    {
                        "thumbnail": "https://lh5.googleusercontent.com/p/AF1QipNd85AjCvH5-2qnxtPV-t9oaYOWz7nM1vfOZUcE=w150-h150-k-no-p"
                    },
                    {
                        "thumbnail": "https://lh5.googleusercontent.com/p/AF1QipPsP84KrCkkpSOlJToUjtclZ_-QhgmD47NOIaw3=w150-h150-k-no-p"
                    },
                    {
                        "thumbnail": "https://lh5.googleusercontent.com/p/AF1QipNqT_CzL9w9wAv1xezSeysZVvtEkwLBDGrwR_zC=w150-h150-k-no-p"
                    },
                    {
                        "thumbnail": "https://lh5.googleusercontent.com/p/AF1QipOhQ-zZePDrB-8i19WkqL6VnDDn39g0L8gbXvOR=w150-h150-k-no-p"
                    },
                    {
                        "thumbnail": "https://lh5.googleusercontent.com/p/AF1QipOmHVdD7BqNB7BqoWsk8UFkbo0cMOmUyf-h5U32=w150-h150-k-no-p"
                    },
                    {
                        "thumbnail": "https://lh5.googleusercontent.com/p/AF1QipMb-5nzUfoDjhxLGBV8R3J7LIjg20DVJpCuJsLQ=w150-h150-k-no-p"
                    },
                    {
                        "thumbnail": "https://lh5.googleusercontent.com/p/AF1QipN5KnU5x2gak0vinn1hdKgyVzLLPkOfMl9ZyD_k=w150-h150-k-no-p"
                    },
                    {
                        "thumbnail": "https://lh5.googleusercontent.com/p/AF1QipMT9fSNyFjpco4YS8cuHCkI8ansrQOCzDEyasSD=w150-h150-k-no-p"
                    },
                    {
                        "thumbnail": "https://lh5.googleusercontent.com/p/AF1QipOZNnSJaReJwOBcbMtZFPbu9l-11l72X2eq-BXz=w150-h150-k-no-p"
                    },
                    {
                        "thumbnail": "https://lh5.googleusercontent.com/p/AF1QipPTOWP7XNc70YsxFt1DFqER8afxCV4s7MRV8VgH=w150-h150-k-no-p"
                    },
                    {
                        "thumbnail": "https://lh5.googleusercontent.com/p/AF1QipO1MpeHaVsIWnGHn70Qu1sQj7s29ndk_Cb88lFp=w150-h150-k-no-p"
                    },
                    {
                        "thumbnail": "https://lh5.googleusercontent.com/p/AF1QipPy_imI5L73-9CYIJA8x54Hp14qTyrGzh7tznX8=w150-h150-k-no-p"
                    },
                    {
                        "thumbnail": "https://lh5.googleusercontent.com/p/AF1QipNrncx0-Z6ZVpshiGdQOfdfl4hRXWfUriB7Zg-Y=w150-h150-k-no-p"
                    },
                    {
                        "thumbnail": "https://lh5.googleusercontent.com/p/AF1QipM6AlltL4OJnWrPxyb4drciGY5o9H4kjrG1oR_s=w150-h150-k-no-p"
                    },
                    {
                        "thumbnail": "https://lh5.googleusercontent.com/p/AF1QipN__3heww8ETUd7-o0QozRTE_QWEpqLby_dsJGn=w150-h150-k-no-p"
                    },
                    {
                        "thumbnail": "https://lh5.googleusercontent.com/p/AF1QipP-_-3yNEf9WXzz4EA_eLmfVL6jbrEA9T5w4M3r=w150-h150-k-no-p"
                    },
                    {
                        "thumbnail": "https://lh5.googleusercontent.com/p/AF1QipOIfZQIXN2sAo1duTDnVRc5rVtF8-30KvaHVF0w=w150-h150-k-no-p"
                    },
                    {
                        "thumbnail": "https://lh5.googleusercontent.com/p/AF1QipN29mFCwj2nCKA5dZIMMCjAbCAYHerqUI-5JseS=w150-h150-k-no-p"
                    },
                    {
                        "thumbnail": "https://lh5.googleusercontent.com/p/AF1QipM7VnB0pMZ38poiMVcDll_mRSMXqRhLzoWYXj8b=w150-h150-k-no-p"
                    },
                    {
                        "thumbnail": "https://lh5.googleusercontent.com/p/AF1QipOQxb6UDWucfIQ8NvNEjUdyCEC4ZOuToCehRzlz=w150-h150-k-no-p"
                    },
                    {
                        "thumbnail": "https://lh5.googleusercontent.com/p/AF1QipM_C5n_L-M4W0ED2CGFkXINK30sq0WdzPj6-1_B=w150-h150-k-no-p"
                    }
                ],
                "date": "2 years ago"
            },
            {
                "username": "Eric Lawson",
                "rating": 4,
                "contributor_id": "107262144706503258725",
                "description": "This was an interesting experience.  A couple things of which one might want to be aware:  this is basically a set menu, meaning you get the Vegetarian Feast and that's your option.  You can add meat dishes (just a few choices) a la carte, but only if you get the whole feast; they are add-on only.  We had the spicy beef and chicken.  The chicken was just three tiny drumsticks but quite tender and tasty but really just an appetizer.  The beef was more like a meal addition.\n\nThe service was pleasant, but even though there was hardly anyone there, the servers weren't keeping up so great.\n\nAlso, don't plan on bringing leftovers home.  You can take leftover meat dishes and bread, but not the vegetarian dishes.  Now, you can order or replenish the tray as much as you like but you can't take leftovers.  We had four people, replenished it once and were full.  We ate about 80 percent of the second one (which I think amply justified ordering the second tray, we weren't trying to cheat) and then had to watch them throw away the nice food we just couldn't eat.  In this world of waste and inefficiency, it was very sad to watch.  It definitely left me feeling sad as we left the restaurant.",
                "link": "https://www.google.com/maps/reviews/data=!4m8!14m7!1m6!2m5!1sChZDSUhNMG9nS0VJQ0FnSUQ3d3EzamZREAE!2m1!1s0x0:0x70a400a7893b92ef!3m1!1s2@1:CIHM0ogKEICAgID7wq3jfQ%7CCgwInOCdtgYQ0N6PhQM%7C?hl=en-US",
                "date": "2 months ago"
            },
            {
                "username": "Nicole Pumarada",
                "rating": 5,
                "contributor_id": "118386911790728468629",
                "description": "I love the communal vibe that comes from sharing the vegetarian feast (at meat dishes, which you can order along with the feast). The service and food at Blue Nile are consistently excellent, whether with a group of 3 or party of 12. I also like that they don't bring silverware to the table (though maybe they would if you ask). There is an expectation that everyone can simply eat with the bread as intended rather than pandering to the American comfort zone. That seems respectful to me, like expecting competence. Also, they give you hot moist hand towels before and after the meal, which I find delightful.",
                "link": "https://www.google.com/maps/reviews/data=!4m8!14m7!1m6!2m5!1sChZDSUhNMG9nS0VJQ0FnSUNybnUyMGFBEAE!2m1!1s0x0:0x70a400a7893b92ef!3m1!1s2@1:CIHM0ogKEICAgICrnu20aA%7CCgsIjrSqtAYQ0Nj5FQ%7C?hl=en-US",
                "date": "4 months ago"
            }
        ]
    },
    "Services": {
        "dine_in": true,
        "takeout": true,
        "delivery": true
    }
}