{
    "Title": "Brown Jug Restaurant",
    "Price": [],
    "Place ID": "ChIJgxFrSUSuPIgRNMHA3whSTiA",
    "Type ID": [],
    "Type": [
        "Restaurant",
        "American restaurant",
        "Bar",
        "Cocktail bar"
    ],
    "Address": "1204 S University Ave, Ann Arbor, MI 48104",
    "GPS Coordinates": {
        "latitude": 42.2749081,
        "longitude": -83.7343106
    },
    "Phone Number": "(734) 761-3355",
    "Rating": 4.1,
    "Rating Summary": [
        {
            "stars": 1,
            "amount": 59
        },
        {
            "stars": 2,
            "amount": 30
        },
        {
            "stars": 3,
            "amount": 65
        },
        {
            "stars": 4,
            "amount": 167
        },
        {
            "stars": 5,
            "amount": 335
        }
    ],
    "Opening Hours": [
        {
            "tuesday": "11 AM–2 AM"
        },
        {
            "wednesday": "11 AM–2 AM"
        },
        {
            "thursday": "11 AM–2 AM"
        },
        {
            "friday": "11 AM–2 AM"
        },
        {
            "saturday": "11 AM–2 AM"
        },
        {
            "sunday": "12 PM–2 AM"
        },
        {
            "monday": "11 AM–2 AM"
        }
    ],
    "Description": "Campus pub founded in 1936 serving Greek food & decorated in hometown college football memorabilia.",
    "Details": [
        {
            "highlights": [
                "Fast service",
                "Great beer selection",
                "Great cocktails",
                "Sports"
            ]
        },
        {
            "popular_for": [
                "Lunch",
                "Dinner",
                "Solo dining"
            ]
        },
        {
            "accessibility": [
                "Wheelchair accessible entrance",
                "Wheelchair accessible parking lot",
                "Wheelchair accessible restroom",
                "Wheelchair accessible seating"
            ]
        },
        {
            "offerings": [
                "Alcohol",
                "Beer",
                "Cocktails",
                "Coffee",
                "Comfort food",
                "Happy hour drinks",
                "Happy hour food",
                "Hard liquor",
                "Late-night food",
                "Quick bite",
                "Small plates",
                "Wine"
            ]
        },
        {
            "dining_options": [
                "Breakfast",
                "Lunch",
                "Dinner",
                "Dessert",
                "Seating"
            ]
        },
        {
            "amenities": [
                "Bar onsite",
                "Restroom"
            ]
        },
        {
            "atmosphere": [
                "Casual",
                "Trendy"
            ]
        },
        {
            "crowd": [
                "College students",
                "Groups",
                "Tourists"
            ]
        },
        {
            "payments": [
                "Credit cards",
                "Debit cards",
                "NFC mobile payments"
            ]
        },
        {
            "children": [
                "High chairs"
            ]
        },
        {
            "parking": [
                "Free street parking",
                "Somewhat difficult to find a space"
            ]
        },
        {
            "pets": [
                "Dogs allowed outside"
            ]
        }
    ],
    "User Reviews": {
        "summary": [
            {
                "snippet": "\"Decent service, friendly staff, daily happy hour specials for food & drink.\""
            },
            {
                "snippet": "\"It's a good place for drinks with a group but the music can be piercingly loud.\""
            },
            {
                "snippet": "\"Our family tried a variety of things from pizza to burgers, gyros, and more.\""
            }
        ],
        "most_relevant": [
            {
                "username": "Steve Hartig",
                "rating": 5,
                "contributor_id": "104615610302158773235",
                "description": "This is, of course, an iconic place for any of us Michigan grads.  I haven’t been there in years but we stopped by when we were in town for lunch.   Very nice to see it uncrowned as when I normally go there it is on a football weekend when it is packed.   Who knew that Steve Breaston was a fan of pulled pork and that Bo’s burger was with fried onions on sourdough rye bread.  Very nice lunch spot and great stuff on the walls.",
                "link": "https://www.google.com/maps/reviews/data=!4m8!14m7!1m6!2m5!1sChZDSUhNMG9nS0VJQ0FnSURUeU56Mk1REAE!2m1!1s0x0:0x204e5208dfc0c134!3m1!1s2@1:CIHM0ogKEICAgIDTyNz2MQ%7CCgsIsLW0sgYQ6Jv-NQ%7C?hl=en-US",
                "images": [
                    {
                        "thumbnail": "https://lh5.googleusercontent.com/p/AF1QipOMrPe3Kl0NsD4VgllpxgquJ4EvyjDzrw-z_j-j=w150-h150-k-no-p"
                    },
                    {
                        "thumbnail": "https://lh5.googleusercontent.com/p/AF1QipMAN8QB6leBwabJavFs1YErLZZET9prFXcC0Col=w150-h150-k-no-p"
                    },
                    {
                        "thumbnail": "https://lh5.googleusercontent.com/p/AF1QipN6CbgClRyO3mnDkOqArc3YSIARJ2G-BWxfOXHN=w150-h150-k-no-p"
                    },
                    {
                        "thumbnail": "https://lh5.googleusercontent.com/p/AF1QipOV6-sBvT_CW0H6aukMBEjqhXzTbFNxsLESVLH5=w150-h150-k-no-p"
                    }
                ],
                "date": "5 months ago"
            },
            {
                "username": "josh conley",
                "rating": 5,
                "contributor_id": "106949371065013749629",
                "description": "Good service great guy at the door for security on Friday August 30th. Me my brother and best friend came up from Pittsburgh  for the game against Fresno state. The place was awesome it is a must go to if you are in Ann Arbor and especially a Wolverine life long fan. Thank you for make a good pre game night a great pre game night. Who ever was the security guy I didn't get your name dam glad to have met you we will be back. GO BLUE!!!!!!!!!!!!",
                "link": "https://www.google.com/maps/reviews/data=!4m8!14m7!1m6!2m5!1sChdDSUhNMG9nS0VJQ0FnSUNIb3JHdHFnRRAB!2m1!1s0x0:0x204e5208dfc0c134!3m1!1s2@1:CIHM0ogKEICAgICHorGtqgE%7CCgwI1Y_ZtgYQqMWIrwI%7C?hl=en-US",
                "images": [
                    {
                        "thumbnail": "https://lh5.googleusercontent.com/p/AF1QipPKbHrlP4GnxIY4JdDQxgZaCv_qhCU1eggTEGSX=w150-h150-k-no-p"
                    },
                    {
                        "thumbnail": "https://lh5.googleusercontent.com/p/AF1QipOtoBo2Z1IHU1fPXPsg-QEGjdcjtsAihDfu_BdU=w150-h150-k-no-p"
                    },
                    {
                        "thumbnail": "https://lh5.googleusercontent.com/p/AF1QipNNLuJbvtybZk6VTW9W9tsgW2qmKUysIYr9LPRA=w150-h150-k-no-p"
                    },
                    {
                        "thumbnail": "https://lh5.googleusercontent.com/p/AF1QipMrXs8Gq-6lwR9POeo7EBtcBrsMfKeIKN0oB9E0=w150-h150-k-no-p"
                    },
                    {
                        "thumbnail": "https://lh5.googleusercontent.com/p/AF1QipPYevl4Djv_COkoXUev3ReOrHZXUz4WMI7ZKNSx=w150-h150-k-no-p"
                    },
                    {
                        "thumbnail": "https://lh5.googleusercontent.com/p/AF1QipOXxZlbEuZhTpMLNQzy0HLaWPrOHmDfrdCXIhdd=w150-h150-k-no-p"
                    },
                    {
                        "thumbnail": "https://lh5.googleusercontent.com/p/AF1QipOG6nnTTSNXfzFNIgHQCVK7UKUU2K3CEu9IxE2F=w150-h150-k-no-p"
                    },
                    {
                        "thumbnail": "https://lh5.googleusercontent.com/p/AF1QipMHO8kYeHp7VikQUw1fGaTu3qJnv8UN1jhx3kYB=w150-h150-k-no-p"
                    },
                    {
                        "thumbnail": "https://lh5.googleusercontent.com/p/AF1QipMjAMUNUiixttqmg56-3PaQhU-CBm5tJWs-W5Iy=w150-h150-k-no-p"
                    },
                    {
                        "thumbnail": "https://lh5.googleusercontent.com/p/AF1QipPHFwNKy36ShEA010PXmLMla-j_AAUez9veMgFf=w150-h150-k-no-p"
                    },
                    {
                        "thumbnail": "https://lh5.googleusercontent.com/p/AF1QipO7VhFSGWzLHJSDQEJmzuULJEitku7p0E-mf5T4=w150-h150-k-no-p"
                    },
                    {
                        "thumbnail": "https://lh5.googleusercontent.com/p/AF1QipN277GEx7iIjuk6MU3s3Dlaw4bLw-AlZwI1tGAG=w150-h150-k-no-p"
                    },
                    {
                        "thumbnail": "https://lh5.googleusercontent.com/p/AF1QipONEQ_GyZomN8Ki2t1nvHxoifPS67Nwe1odpoQe=w150-h150-k-no-p"
                    }
                ],
                "date": "2 months ago"
            },
            {
                "username": "Sherri",
                "rating": 5,
                "contributor_id": "118036421787039966255",
                "description": "The atmosphere is nice and there is ample seating. The food is reasonably priced and delicious! The bathrooms could use a face lift🤪",
                "link": "https://www.google.com/maps/reviews/data=!4m8!14m7!1m6!2m5!1sChZDSUhNMG9nS0VJQ0FnSURibGZTYk93EAE!2m1!1s0x0:0x204e5208dfc0c134!3m1!1s2@1:CIHM0ogKEICAgIDblfSbOw%7CCgsI8NfOtQYQ6LSLIQ%7C?hl=en-US",
                "images": [
                    {
                        "thumbnail": "https://lh5.googleusercontent.com/p/AF1QipP0QsZx4YSJalJgLGQ5XIBMAFReM9uuNCXQa7_J=w150-h150-k-no-p"
                    },
                    {
                        "thumbnail": "https://lh5.googleusercontent.com/p/AF1QipN1d8LgTryR21QjplxCJZgFhZSolbl0BGQzNmBi=w150-h150-k-no-p"
                    },
                    {
                        "thumbnail": "https://lh5.googleusercontent.com/p/AF1QipPy9MLg0HityzlEjpRs0ha1zD4wTcqf4JmKQlw0=w150-h150-k-no-p"
                    }
                ],
                "date": "3 months ago"
            },
            {
                "username": "Shannon Martinez",
                "rating": 4,
                "contributor_id": "106786383776179391206",
                "description": "Great little place near campus. We popped in for a quick bite after checking out the campus/downtown area. Our family tried a variety of things from pizza to burgers, gyros, and more. The sweet potato fries were awesome! Everything honestly was delicious, only complaint by any of us was the pizza needed to be a little more well done, but it was still super  flavorful. We'll definitely be back.",
                "link": "https://www.google.com/maps/reviews/data=!4m8!14m7!1m6!2m5!1sChZDSUhNMG9nS0VJQ0FnSUNEaFktQ2NREAE!2m1!1s0x0:0x204e5208dfc0c134!3m1!1s2@1:CIHM0ogKEICAgICDhY-CcQ%7CCgwIyaegsAYQ4LuZsAE%7C?hl=en-US",
                "images": [
                    {
                        "thumbnail": "https://lh5.googleusercontent.com/p/AF1QipNVjbO35Uumtp2L0nSb3Q9HooszgdMUT5snU9Y4=w150-h150-k-no-p"
                    },
                    {
                        "thumbnail": "https://lh5.googleusercontent.com/p/AF1QipN9L_Kb6aIU3mN-D_GJkeT8FE8XjsREsxgNJfLD=w150-h150-k-no-p"
                    },
                    {
                        "thumbnail": "https://lh5.googleusercontent.com/p/AF1QipMGhhgG83Td7bsRZcrKJCw9k0GzfkB53iMFHpsV=w150-h150-k-no-p"
                    }
                ],
                "date": "7 months ago"
            },
            {
                "username": "Chris Behrman",
                "rating": 4,
                "contributor_id": "103781676665204166728",
                "description": "Had to stop in for a cold beer ! Go Blue\nGreat UM college bar !",
                "link": "https://www.google.com/maps/reviews/data=!4m8!14m7!1m6!2m5!1sChdDSUhNMG9nS0VJQ0FnSUQ3eWJiZjlnRRAB!2m1!1s0x0:0x204e5208dfc0c134!3m1!1s2@1:CIHM0ogKEICAgID7ybbf9gE%7CCgwIw7KttgYQuJbv4wE%7C?hl=en-US",
                "images": [
                    {
                        "thumbnail": "https://lh5.googleusercontent.com/p/AF1QipPu1pHT21zcPsYj2_z_HgvTBuj16IZ6Lgpi64tM=w150-h150-k-no-p"
                    },
                    {
                        "thumbnail": "https://lh5.googleusercontent.com/p/AF1QipMCBcE7OjwuhQmU3x0yQ00YN8fIU5vTLfFSoGtO=w150-h150-k-no-p"
                    },
                    {
                        "thumbnail": "https://lh5.googleusercontent.com/p/AF1QipPI797IrVFjv5tQhwgHfpb7z3guRXEDVq02dovw=w150-h150-k-no-p"
                    }
                ],
                "date": "2 months ago"
            },
            {
                "username": "Brian Carlton",
                "rating": 5,
                "contributor_id": "112789995663404131929",
                "description": "Really enjoyed this restaurant. The pizza was great, and the selection is very interesting, in a good way. I was nervous at first as I always am with restaurants that have a large selection of dishes, but you would think that each item on the menu is their specialty with how good it was. Loved the atmosphere, too.",
                "link": "https://www.google.com/maps/reviews/data=!4m8!14m7!1m6!2m5!1sChZDSUhNMG9nS0VJQ0FnSUQ3Zy1YSVh3EAE!2m1!1s0x0:0x204e5208dfc0c134!3m1!1s2@1:CIHM0ogKEICAgID7g-XIXw%7CCgsI2s64tgYQ8IHdYw%7C?hl=en-US",
                "date": "2 months ago"
            },
            {
                "username": "John Rogers",
                "rating": 1,
                "contributor_id": "102552299060073089397",
                "description": "The Atmosphere and the vibe get a 5* but for the service they get a 1* seeing we were given the menu and then set there for 25min and was never asked what we wanted to drink or eat as for the food 1* because we never got to try it but I can say I wished I cud have because the food menu was looking pretty good and the drink menu was fire 🔥🔥🔥🔥 one of the best I have seen but again did not get to try because after 25 minutes we just got up and left and went to the pizza 🍕 house and was taking care of right away food was good as was the drinks $310 with tip.               (( sorry maybe next time Brown 🟤 jug but just know your last on our new avatar of restaurant in Ann arbor))",
                "link": "https://www.google.com/maps/reviews/data=!4m8!14m7!1m6!2m5!1sChZDSUhNMG9nS0VJQ0FnSURuM2V2LUJ3EAE!2m1!1s0x0:0x204e5208dfc0c134!3m1!1s2@1:CIHM0ogKEICAgIDn3ev-Bw%7CCgwI6MGXuAYQ8PrZwwI%7C?hl=en-US",
                "date": "a month ago"
            },
            {
                "username": "BattlerTrunks",
                "rating": 3,
                "contributor_id": "112685851033529714495",
                "description": "The service and atmosphere of sitting outside was very nice. Especially when the street was closed. I wish I could say the food was awesome. It wasn’t bad but I felt it wasn’t as good as what I paid for particularly (ordered a Grilled Chicken Sandwich and my significant other ordered Pesto Chicken Sandwich).",
                "link": "https://www.google.com/maps/reviews/data=!4m8!14m7!1m6!2m5!1sChdDSUhNMG9nS0VJQ0FnSURyMDhhUzNnRRAB!2m1!1s0x0:0x204e5208dfc0c134!3m1!1s2@1:CIHM0ogKEICAgIDr08aS3gE%7CCgwIrYXstAYQ2IPl2wI%7C?hl=en-US",
                "date": "3 months ago"
            }
        ]
    },
    "Services": {
        "dine_in": true,
        "takeout": true,
        "delivery": true
    }
}