{
    "Title": "BTB Burrito",
    "Price": [],
    "Place ID": "ChIJiaNLGkiuPIgRB0zIVjUFjNo",
    "Type ID": [],
    "Type": [
        "Burrito restaurant",
        "Fast food restaurant",
        "Mexican restaurant"
    ],
    "Address": "1140 S University Ave, Ann Arbor, MI 48104",
    "GPS Coordinates": {
        "latitude": 42.2747576,
        "longitude": -83.7348193
    },
    "Phone Number": "(734) 668-8411",
    "Rating": 4.3,
    "Rating Summary": [
        {
            "stars": 1,
            "amount": 40
        },
        {
            "stars": 2,
            "amount": 22
        },
        {
            "stars": 3,
            "amount": 39
        },
        {
            "stars": 4,
            "amount": 85
        },
        {
            "stars": 5,
            "amount": 345
        }
    ],
    "Opening Hours": [
        {
            "tuesday": "11:30 AM–1 AM"
        },
        {
            "wednesday": "11:30 AM–1 AM"
        },
        {
            "thursday": "11:30 AM–2:30 AM"
        },
        {
            "friday": "11:30 AM–2:30 AM"
        },
        {
            "saturday": "3 PM–2:30 AM"
        },
        {
            "sunday": "5–11 PM"
        },
        {
            "monday": "11:30 AM–11 PM"
        }
    ],
    "Description": "Basic, counter-serve spot with late-night hours, serving burritos, tacos & quesadillas.",
    "Details": [
        {
            "highlights": [
                "Fast service"
            ]
        },
        {
            "popular_for": [
                "Lunch",
                "Dinner",
                "Solo dining"
            ]
        },
        {
            "accessibility": [
                "Wheelchair accessible entrance",
                "Wheelchair accessible restroom",
                "Wheelchair accessible seating"
            ]
        },
        {
            "offerings": [
                "Alcohol",
                "Beer",
                "Comfort food",
                "Late-night food",
                "Quick bite",
                "Vegan options",
                "Vegetarian options"
            ]
        },
        {
            "dining_options": [
                "Lunch",
                "Dinner",
                "Catering",
                "Counter service",
                "Dessert",
                "Seating"
            ]
        },
        {
            "amenities": [
                "Bar onsite",
                "Restroom",
                "Wi-Fi",
                "Free Wi-Fi"
            ]
        },
        {
            "atmosphere": [
                "Casual",
                "Trendy"
            ]
        },
        {
            "crowd": [
                "College students",
                "Family-friendly",
                "Tourists"
            ]
        },
        {
            "payments": [
                "Credit cards",
                "Debit cards",
                "NFC mobile payments"
            ]
        },
        {
            "children": [
                "Good for kids"
            ]
        },
        {
            "pets": [
                "Dogs allowed"
            ]
        }
    ],
    "User Reviews": {
        "summary": [
            {
                "snippet": "\"Friendly service, tasty food, awesome location, and it has a super cool vibe.\""
            },
            {
                "snippet": "\"Small place, but big burritos, great flavor, very friendly staff\""
            },
            {
                "snippet": "\"They're open late, have low prices, and serve huge servings of delicious food.\""
            }
        ],
        "most_relevant": [
            {
                "username": "Thomas Deren",
                "rating": 5,
                "contributor_id": "110435672925493389268",
                "description": "My go-to burrito spot!  The tastiest and biggest, doesn't seem physically possible to pack that much in, but they do.  A longtime local spot with a great location too!",
                "link": "https://www.google.com/maps/reviews/data=!4m8!14m7!1m6!2m5!1sChZDSUhNMG9nS0VJQ0FnSURua2VfZklnEAE!2m1!1s0x0:0xda8c053556c84c07!3m1!1s2@1:CIHM0ogKEICAgIDnke_fIg%7CCgwIpLLguAYQ2MHZ5gI%7C?hl=en-US",
                "date": "3 weeks ago"
            },
            {
                "username": "Justin Jensen in Hidden Files",
                "rating": 5,
                "contributor_id": "108722287575583699405",
                "description": "The service was excellent. Even a lady that worked there left her great smelling fragrance on the bag. Then the packaging was more secure than Amazon packages. Revealing a huge medley of delicious ingredients true to the BTB A2 tradition. Keep up the good work! ✌️",
                "link": "https://www.google.com/maps/reviews/data=!4m8!14m7!1m6!2m5!1sChZDSUhNMG9nS0VJQ0FnSURMMmFfMUJREAE!2m1!1s0x0:0xda8c053556c84c07!3m1!1s2@1:CIHM0ogKEICAgIDL2a_1BQ%7CCgwIrIb9swYQ4LSQkgM%7C?hl=en-US",
                "date": "4 months ago"
            },
            {
                "username": "Mark Hanss",
                "rating": 4,
                "contributor_id": "109901851448694559199",
                "description": "EDIT: restaurant reached out and should be offering tap water upon request. Current stars reflect this stated policy along with the delicious food.\n\nI will amend this review accordingly if the policy changes. I've been a fan and advocate for the shredded chicken deluxe burrito since the Big Ten days. How disappointing to find that BTB won't provide tap water to paying customers (should be free to anyone that asks). The State/Packard location always had cups available. The cashier at Cantina was great, no fault to them, but the policy is inexcusable.",
                "link": "https://www.google.com/maps/reviews/data=!4m8!14m7!1m6!2m5!1sChdDSUhNMG9nS0VJQ0FnSURidzRDMHJnRRAB!2m1!1s0x0:0xda8c053556c84c07!3m1!1s2@1:CIHM0ogKEICAgIDbw4C0rgE%7CCgsIhfvUtQYQ6JzXNA%7C?hl=en-US",
                "date": "3 months ago"
            },
            {
                "username": "Will Pinto",
                "rating": 5,
                "contributor_id": "100547771376732852119",
                "description": "Had been craving a burrito and decided to give BTB a try and was not disappointed. I got a steak burrito with guac and medium salsa which ended up being a little pricey at $13 but it was so good. My only issue is that they have no seating so I had to walk all the way back to my dorm in order to eat. I will definitely be coming back with my friends whether it’s for lunch or a midnight snack.",
                "link": "https://www.google.com/maps/reviews/data=!4m8!14m7!1m6!2m5!1sChdDSUhNMG9nS0VJQ0FnSUNGZzZXcHZnRRAB!2m1!1s0x0:0xda8c053556c84c07!3m1!1s2@1:CIHM0ogKEICAgICFg6WpvgE%7CCgwImMWHqgYQiMHZjgM%7C?hl=en-US",
                "images": [
                    {
                        "thumbnail": "https://lh5.googleusercontent.com/p/AF1QipNwljOAyEmPh3NO-WLHHgEM89RsvHYka4msTKB5=w150-h150-k-no-p"
                    }
                ],
                "date": "a year ago"
            },
            {
                "username": "Adam Sarnovsky",
                "rating": 5,
                "contributor_id": "106317243174845765528",
                "description": "Came to Ann Arbor from out of town with my fiancée and needed a quick bite to eat late at night. I was floored when we opened the bag of food when we got home. Some of the best Mexican food I have ever had in my life. Definitely worth the stop by and I know I’ll be craving this for a long time.",
                "link": "https://www.google.com/maps/reviews/data=!4m8!14m7!1m6!2m5!1sChdDSUhNMG9nS0VJQ0FnSUREcU1lUDJBRRAB!2m1!1s0x0:0xda8c053556c84c07!3m1!1s2@1:CIHM0ogKEICAgIDDqMeP2AE%7CCgsI2Pu9sAYQiKGoHQ%7C?hl=en-US",
                "date": "7 months ago"
            },
            {
                "username": "M F",
                "rating": 2,
                "contributor_id": "117823568605085902692",
                "description": "My wife and I ordered grilled chicken quesdila and the chicken were very dry. It wasn't that good but chips n salsa were good.",
                "link": "https://www.google.com/maps/reviews/data=!4m8!14m7!1m6!2m5!1sChdDSUhNMG9nS0VJQ0FnSUNyNGNxVTRBRRAB!2m1!1s0x0:0xda8c053556c84c07!3m1!1s2@1:CIHM0ogKEICAgICr4cqU4AE%7CCgsIu8WttAYQwLbwIQ%7C?hl=en-US",
                "date": "4 months ago"
            },
            {
                "username": "N G",
                "rating": 4,
                "contributor_id": "103413346653960750968",
                "description": "We tried the California burrito and chicken quesadilla. Both were great portion sizes and tasty. I love that this spot on campus is affordable and good.",
                "link": "https://www.google.com/maps/reviews/data=!4m8!14m7!1m6!2m5!1sChdDSUhNMG9nS0VJQ0FnSURzN3QyN2tBRRAB!2m1!1s0x0:0xda8c053556c84c07!3m1!1s2@1:CIHM0ogKEICAgIDs7t27kAE%7CCgwI-ayA8wUQyMbuugI%7C?hl=en-US",
                "images": [
                    {
                        "thumbnail": "https://lh5.googleusercontent.com/p/AF1QipOw3A_wpOTOViB9KophLfQAh45ArzgklVuk5phi=w150-h150-k-no-p"
                    },
                    {
                        "thumbnail": "https://lh5.googleusercontent.com/p/AF1QipOczcXa88KVBlif7fyO3sRPr5o3Sn85ewFeoHzl=w150-h150-k-no-p"
                    },
                    {
                        "thumbnail": "https://lh5.googleusercontent.com/p/AF1QipMlb8lKc--9BdYd8wr8ITISzsA-gsPxjIZ723-b=w150-h150-k-no-p"
                    },
                    {
                        "thumbnail": "https://lh5.googleusercontent.com/p/AF1QipNhIH3gFcLAHKUSkhcoT3CUUuh3nG8aSakWonvO=w150-h150-k-no-p"
                    },
                    {
                        "thumbnail": "https://lh5.googleusercontent.com/p/AF1QipOvLZQmnGyliRMBtWg4RRmWV_xQTVZFx-BP--2-=w150-h150-k-no-p"
                    }
                ],
                "date": "4 years ago"
            },
            {
                "username": "Michael Santiago",
                "rating": 4,
                "contributor_id": "101535746589049979162",
                "description": "Had the fire and ice burrito. The steak was super tasty. Decent sized burrito in general. Def would order again.",
                "link": "https://www.google.com/maps/reviews/data=!4m8!14m7!1m6!2m5!1sChdDSUhNMG9nS0VJQ0FnSURoMkx2dzlBRRAB!2m1!1s0x0:0xda8c053556c84c07!3m1!1s2@1:CIHM0ogKEICAgIDh2Lvw9AE%7CCgwIjI76nwYQqNmvhwE%7C?hl=en-US",
                "images": [
                    {
                        "thumbnail": "https://lh5.googleusercontent.com/p/AF1QipMcFQUKtmb1_bZZ41Sqg_cMQSi0acQMV0rTwScg=w150-h150-k-no-p"
                    }
                ],
                "date": "a year ago"
            }
        ]
    },
    "Services": {
        "dine_in": true,
        "takeout": true,
        "no_contact_delivery": true
    }
}