{
    "Title": "Burger One of Ann Arbor",
    "Price": [],
    "Place ID": "ChIJO_hS2eqvPIgRFa93-P4Pa4E",
    "Type ID": [],
    "Type": [
        "Restaurant",
        "Hamburger restaurant"
    ],
    "Address": "1771 Plymouth Rd Ste 102, Ann Arbor, MI 48105",
    "GPS Coordinates": {
        "latitude": 42.2985231,
        "longitude": -83.7198896
    },
    "Phone Number": "(734) 215-6660",
    "Rating": 4.7,
    "Rating Summary": [
        {
            "stars": 1,
            "amount": 20
        },
        {
            "stars": 2,
            "amount": 14
        },
        {
            "stars": 3,
            "amount": 16
        },
        {
            "stars": 4,
            "amount": 58
        },
        {
            "stars": 5,
            "amount": 581
        }
    ],
    "Opening Hours": [
        {
            "tuesday": "11 AM–10 PM"
        },
        {
            "wednesday": "11 AM–10 PM"
        },
        {
            "thursday": "11 AM–10 PM"
        },
        {
            "friday": "11 AM–10 PM"
        },
        {
            "saturday": "11 AM–10 PM"
        },
        {
            "sunday": "Closed"
        },
        {
            "monday": "11 AM–10 PM"
        }
    ],
    "Description": [],
    "Details": [
        {
            "popular_for": [
                "Lunch",
                "Dinner",
                "Solo dining"
            ]
        },
        {
            "accessibility": [
                "Wheelchair accessible entrance",
                "Wheelchair accessible parking lot",
                "Wheelchair accessible restroom",
                "Wheelchair accessible seating"
            ]
        },
        {
            "offerings": [
                "Comfort food",
                "Halal food",
                "Late-night food",
                "Quick bite",
                "Vegetarian options"
            ]
        },
        {
            "dining_options": [
                "Lunch",
                "Dinner",
                "Dessert",
                "Seating"
            ]
        },
        {
            "amenities": [
                "Restroom",
                "Wi-Fi",
                "Free Wi-Fi"
            ]
        },
        {
            "atmosphere": [
                "Casual"
            ]
        },
        {
            "crowd": [
                "College students",
                "Groups",
                "Tourists"
            ]
        },
        {
            "payments": [
                "Credit cards",
                "Debit cards",
                "NFC mobile payments"
            ]
        },
        {
            "children": [
                "Good for kids",
                "High chairs"
            ]
        },
        {
            "parking": [
                "Free parking lot",
                "Plenty of parking"
            ]
        },
        {
            "pets": [
                "Dogs allowed outside"
            ]
        }
    ],
    "User Reviews": {
        "summary": [
            {
                "snippet": "\"Great food, great service, great people, music is on point.\""
            },
            {
                "snippet": "\"Great freaking burgers, and the price is cheap for the quality.\""
            },
            {
                "snippet": "\"Favorite dishes: onion rings, chicken herba wrap, fries etc.\""
            }
        ],
        "most_relevant": [
            {
                "username": "Alexandra Srnka",
                "rating": 5,
                "contributor_id": "117907090930730847725",
                "description": "Tried burger one for the first time today and was really impressed! The price is comparable to other burger chains but the service and quality is way above average. Compliments to the server - she was very clear, quick, and proactive. Also compliments to the cooks - the burger and fries were 10/10 not greasy and perfectly done. Will definitely be back!",
                "link": "https://www.google.com/maps/reviews/data=!4m8!14m7!1m6!2m5!1sChZDSUhNMG9nS0VJQ0FnSURYZ0wtM0N3EAE!2m1!1s0x0:0x816b0ffef877af15!3m1!1s2@1:CIHM0ogKEICAgIDXgL-3Cw%7CCgwI0KzfuAYQiLbXggM%7C?hl=en-US",
                "images": [
                    {
                        "thumbnail": "https://lh5.googleusercontent.com/p/AF1QipOgge-OrXGd-qziaCKsdUPYBhSc2c19-YehdLhu=w150-h150-k-no-p"
                    }
                ],
                "date": "3 weeks ago"
            },
            {
                "username": "Negin",
                "rating": 5,
                "contributor_id": "108405855699998735757",
                "description": "I have tried Burger One many times by now either for dine in or take out. It’s always delicious and good quality food and great portions for the price. I have tried several of their burgers such as Burger 1 special, moss burger, chapo and crispy chicken burgers. All absolutely delicious. Phily cheese steak sandwich was great. I always order chicken wings here and they are juicy and delicious. Chicken tenders are very juicy and well seasoned as well. I am sensitive to chicken smell and love this place’s chickens. Also all meat is halal at this place!",
                "link": "https://www.google.com/maps/reviews/data=!4m8!14m7!1m6!2m5!1sChZDSUhNMG9nS0VJQ0FnSUN6eDZQaEhnEAE!2m1!1s0x0:0x816b0ffef877af15!3m1!1s2@1:CIHM0ogKEICAgICzx6PhHg%7CCgwIrouDswYQ-MaMzgE%7C?hl=en-US",
                "images": [
                    {
                        "thumbnail": "https://lh5.googleusercontent.com/p/AF1QipN3-YZjwIUW2qHCk7tjeoYOo4qHseC0b7ML8Zg-=w150-h150-k-no-p"
                    },
                    {
                        "thumbnail": "https://lh5.googleusercontent.com/p/AF1QipNQbIZ_Yc0CIjZjlCCjxLzMKzgiUrktIJW2XL4Z=w150-h150-k-no-p"
                    },
                    {
                        "thumbnail": "https://lh5.googleusercontent.com/p/AF1QipNy0mgtPOdySGfrqpDZCxF7ejykDSm5MB5K7HWN=w150-h150-k-no-p"
                    },
                    {
                        "thumbnail": "https://lh5.googleusercontent.com/p/AF1QipMS79qlWFzuOlrROWIdFiDWUZ2KW-pYGsJZJyVZ=w150-h150-k-no-p"
                    }
                ],
                "date": "5 months ago"
            },
            {
                "username": "siri s",
                "rating": 5,
                "contributor_id": "107468151484492424423",
                "description": "Chicken burger 🫶🏻 and Oreo shake 🥤, I could have this all day, every day. My best friend loves this place; he comes here and eats once every week, and if I miss going with him, he often gets me an Oreo shake 🥤.",
                "link": "https://www.google.com/maps/reviews/data=!4m8!14m7!1m6!2m5!1sChdDSUhNMG9nS0VJQ0FnSUN6eGRqZHlnRRAB!2m1!1s0x0:0x816b0ffef877af15!3m1!1s2@1:CIHM0ogKEICAgICzxdjdygE%7CCgwIlon3sgYQ4KHSkgE%7C?hl=en-US",
                "images": [
                    {
                        "thumbnail": "https://lh5.googleusercontent.com/p/AF1QipNL6rh2RuqEd6XcN_Q_ADcxhgtQAvQhT16qwusP=w150-h150-k-no-p"
                    },
                    {
                        "thumbnail": "https://lh5.googleusercontent.com/p/AF1QipOQQQGUwRmL-YDe1n75urOqEfv3vq3HybYLgXb-=w150-h150-k-no-p"
                    },
                    {
                        "thumbnail": "https://lh5.googleusercontent.com/p/AF1QipO4rFJkIzNpzPCPaXBMWOzD1kqRQTGWq8hyt-hB=w150-h150-k-no-p"
                    },
                    {
                        "thumbnail": "https://lh5.googleusercontent.com/p/AF1QipNV8LUWqW7ZulTjom1doG5PGbKpmliXtFptdoFj=w150-h150-k-no-p"
                    }
                ],
                "date": "5 months ago"
            },
            {
                "username": "Taleshia Foster",
                "rating": 5,
                "contributor_id": "102543927505121308765",
                "description": "We ran across this place two weeks ago and decided we wanted to come try different things on the menu. Food is delicious. Service is friendly. And the atmosphere is nice.",
                "link": "https://www.google.com/maps/reviews/data=!4m8!14m7!1m6!2m5!1sChZDSUhNMG9nS0VJQ0FnSUNEaXFlbmVREAE!2m1!1s0x0:0x816b0ffef877af15!3m1!1s2@1:CIHM0ogKEICAgICDiqeneQ%7CCgwIvq6MsAYQwIzsngM%7C?hl=en-US",
                "images": [
                    {
                        "thumbnail": "https://lh5.googleusercontent.com/p/AF1QipMNE-2L41Rogzy0FI14TDOVaaHSEYZxiZYoUb_o=w150-h150-k-no-p"
                    }
                ],
                "date": "7 months ago"
            },
            {
                "username": "Joshua Caleb Arnold",
                "rating": 5,
                "contributor_id": "108119989012942658090",
                "description": "Ginny our server was wonderful. There was a bunch of us in the group. She was patient and helpful. For a few of us it was our first time here. She was great. We ordered Cajun fries for the table. I’m not a fan of Cajun fries but everyone else enjoyed them. I was pressured into trying one. They were good. I just went with regular fries. Must of the group and the burger 1. It was topped with American Cheese, Mozzerella Sticks, Coleslaw, Turkey Bacon, Onion Rings, and Burger 1 Sauce. Holy moly! I had the Arbor burger. It was topped with Lettuce, Tomato, American, Swiss, Monterey Jack Cheese, Turkey Bacon, Fried Egg, Mayo, Ketchup, Pickles on A Brioche Bun. My wife had the ranch  wrap on a tomato basil wrap topped with Lettuce, Tomato, Pickles, Mayo, Turkey Bacon, Ranch, American Cheese. Excellent restaurant. Very enjoyable.",
                "link": "https://www.google.com/maps/reviews/data=!4m8!14m7!1m6!2m5!1sChdDSUhNMG9nS0VJQ0FnSUN4eHZlUXl3RRAB!2m1!1s0x0:0x816b0ffef877af15!3m1!1s2@1:CIHM0ogKEICAgICxxveQywE%7CCgwI15aOowYQwOGcywM%7C?hl=en-US",
                "images": [
                    {
                        "thumbnail": "https://lh5.googleusercontent.com/p/AF1QipOygwQGBCgkHuqH2wmC8Z3KI-LPNfYvXdU_L3gQ=w150-h150-k-no-p"
                    },
                    {
                        "thumbnail": "https://lh5.googleusercontent.com/p/AF1QipMi6ATqzXR8gB15oGtexpLBBnalnExRy9CkPvNT=w150-h150-k-no-p"
                    },
                    {
                        "thumbnail": "https://lh5.googleusercontent.com/p/AF1QipM5NFRvKfv0KPy2DBZH1WTaQz9Pt-Ip82EjjYgZ=w150-h150-k-no-p"
                    },
                    {
                        "thumbnail": "https://lh5.googleusercontent.com/p/AF1QipPNqx2PPscDyp3JX36pbSDAqk0CB5Fzbme2aBm3=w150-h150-k-no-p"
                    }
                ],
                "date": "a year ago"
            },
            {
                "username": "Sam Livingway",
                "rating": 5,
                "contributor_id": "113771928309208409990",
                "description": "If you are looking for a great burger or patty melt look no further. I have been here twice now and both times the quality was consistently excellent.\n\nI've tried the Chapo burger and now the Patty Melt. I also got the East Coast fries this time. My girlfriend got the Patty Melt with American cheese and Burger 1 sauce.\n\nEasy easy easy recommendation for a burger. Worth the trip out to the area if you've got a craving.\n\nWe paid just under $30 for two patty melts, side of fries, side of east coast fries and one pop. It is slightly more than you might expect for that but the quality more than makes up for it.\n\nI'm posting this from my car just after leaving because it was so great. I will be back again soon!",
                "link": "https://www.google.com/maps/reviews/data=!4m8!14m7!1m6!2m5!1sChZDSUhNMG9nS0VJQ0FnSURlc3NfVk53EAE!2m1!1s0x0:0x816b0ffef877af15!3m1!1s2@1:CIHM0ogKEICAgIDess_VNw%7CCgsIgL39mQYQuLGdKw%7C?hl=en-US",
                "images": [
                    {
                        "thumbnail": "https://lh5.googleusercontent.com/p/AF1QipPGYKvJ6XhofSj6TD_kyQy1cDKgcxVU7vmrbk29=w150-h150-k-no-p"
                    },
                    {
                        "thumbnail": "https://lh5.googleusercontent.com/p/AF1QipPK9KRVEs8avwT2Foiw8PTZZWDKmbZAOdFP-HXR=w150-h150-k-no-p"
                    },
                    {
                        "thumbnail": "https://lh5.googleusercontent.com/p/AF1QipMq5f7j7Hxf_DPFO-wVx-vrGjwMWpXigThbE2eP=w150-h150-k-no-p"
                    }
                ],
                "date": "2 years ago"
            },
            {
                "username": "Anish Sahu",
                "rating": 5,
                "contributor_id": "106091250968216672964",
                "description": "I am visiting Ann Arbor, Michigan for the first time and I really enjoyed my dining experience at Burger One. We recieved excellent service by Ginny and our Chapo's Burger, Southwest wrap and nuggets tasted amazing! Must visit if you're in town, highly recommend! ✨",
                "link": "https://www.google.com/maps/reviews/data=!4m8!14m7!1m6!2m5!1sChdDSUhNMG9nS0VJQ0FnSUNCbFBxXzZ3RRAB!2m1!1s0x0:0x816b0ffef877af15!3m1!1s2@1:CIHM0ogKEICAgICBlPq_6wE%7CCgwI99L5nAYQgPyizQM%7C?hl=en-US",
                "images": [
                    {
                        "thumbnail": "https://lh5.googleusercontent.com/p/AF1QipN4hC3PiwkByCeF6wi2NTCn7U3TJcPvuxz0ASAs=w150-h150-k-no-p"
                    },
                    {
                        "thumbnail": "https://lh5.googleusercontent.com/p/AF1QipO-2XER9e83y-ImDoRwHmilSi_HIQqtKGXcllXD=w150-h150-k-no-p"
                    },
                    {
                        "thumbnail": "https://lh5.googleusercontent.com/p/AF1QipPiUqOum8Jpn3070bP1N2ya87LmM0ZWs2Dqpnmc=w150-h150-k-no-p"
                    },
                    {
                        "thumbnail": "https://lh5.googleusercontent.com/p/AF1QipNCohEBMGPdzzOt9TZrWVxORSDtOMXBkh56NPdg=w150-h150-k-no-p"
                    }
                ],
                "date": "a year ago"
            },
            {
                "username": "StabberOFFICIAL",
                "rating": 5,
                "contributor_id": "110116010197409969229",
                "description": "Food was amazing. Probably the most delicious burger I've ever had. The burger 1, arbor super burger, and east coast fries\nGinny was very helpful with her recommendations and she was very nice",
                "link": "https://www.google.com/maps/reviews/data=!4m8!14m7!1m6!2m5!1sChZDSUhNMG9nS0VJQ0FnSUNCNy1MTVF3EAE!2m1!1s0x0:0x816b0ffef877af15!3m1!1s2@1:CIHM0ogKEICAgICB7-LMQw%7CCgwIiMrnnQYQuJrFtgI%7C?hl=en-US",
                "images": [
                    {
                        "thumbnail": "https://lh5.googleusercontent.com/p/AF1QipMzHdCWZS_j3Ffou1dzU_z_6bYVMPQrbr2dSfg=w150-h150-k-no-p"
                    },
                    {
                        "thumbnail": "https://lh5.googleusercontent.com/p/AF1QipNpzuo0W0A7KFTB6IT_x1pBCwa4REIPoWaJGIE=w150-h150-k-no-p"
                    },
                    {
                        "thumbnail": "https://lh5.googleusercontent.com/p/AF1QipOvrI4EsqDoqk-ulX51v7NIvKC1d3Jd3o1Zwo0=w150-h150-k-no-p"
                    },
                    {
                        "thumbnail": "https://lh5.googleusercontent.com/p/AF1QipPu7k1XvKqTJPTcXaRRPZ2D04OE0gyrSxIIVbg=w150-h150-k-no-p"
                    }
                ],
                "date": "a year ago"
            }
        ]
    },
    "Services": {
        "dine_in": true,
        "takeout": true,
        "no_contact_delivery": true
    }
}