{
    "Title": "Cantina",
    "Price": [],
    "Place ID": "ChIJeY2nMUSuPIgRbA4Mf8FEcNQ",
    "Type ID": [],
    "Type": [
        "Night club",
        "Bar",
        "Taco restaurant"
    ],
    "Address": "1140 S University Ave, Ann Arbor, MI 48104",
    "GPS Coordinates": {
        "latitude": 42.2748442,
        "longitude": -83.73481029999999
    },
    "Phone Number": "(734) 222-3715",
    "Rating": 3.8,
    "Rating Summary": [
        {
            "stars": 1,
            "amount": 33
        },
        {
            "stars": 2,
            "amount": 8
        },
        {
            "stars": 3,
            "amount": 37
        },
        {
            "stars": 4,
            "amount": 53
        },
        {
            "stars": 5,
            "amount": 109
        }
    ],
    "Opening Hours": [
        {
            "tuesday": "6 PM–1 AM"
        },
        {
            "wednesday": "6 PM–12 AM"
        },
        {
            "thursday": "6 PM–1 AM"
        },
        {
            "friday": "6 PM–2 AM"
        },
        {
            "saturday": "6 PM–2 AM"
        },
        {
            "sunday": "Closed"
        },
        {
            "monday": "Closed"
        }
    ],
    "Description": "Lively bar & grill offering Mexican fare plus late-night dancing with DJs & live musicians.",
    "Details": [
        {
            "highlights": [
                "Fast service",
                "Great cocktails",
                "Karaoke",
                "Live performances"
            ]
        },
        {
            "accessibility": [
                "Wheelchair accessible restroom"
            ]
        },
        {
            "offerings": [
                "Alcohol",
                "Beer",
                "Cocktails",
                "Dancing",
                "Food",
                "Food at bar",
                "Happy hour drinks",
                "Happy hour food",
                "Hard liquor",
                "Wine"
            ]
        },
        {
            "dining_options": [
                "Seating"
            ]
        },
        {
            "amenities": [
                "Restroom"
            ]
        },
        {
            "atmosphere": [
                "Casual",
                "Trendy"
            ]
        },
        {
            "crowd": [
                "Groups"
            ]
        },
        {
            "payments": [
                "Credit cards",
                "Debit cards",
                "NFC mobile payments"
            ]
        }
    ],
    "User Reviews": {
        "summary": [
            {
                "snippet": "\"Great atmosphere, wonderful staff, and yummy tacos!\""
            },
            {
                "snippet": "\"Never was anyone in charge apologized for the crappy service.\""
            },
            {
                "snippet": "\"Fast service, great food, low prices.\""
            }
        ],
        "most_relevant": [
            {
                "username": "josh conley",
                "rating": 5,
                "contributor_id": "106949371065013749629",
                "description": "Me my brother and friend came up from Pittsburgh to go to a game awesome atmosphere. The bartenders were amazing kind and nice. Security was also on there game and were nice and respectful. I highly recommend this spot.",
                "link": "https://www.google.com/maps/reviews/data=!4m8!14m7!1m6!2m5!1sChdDSUhNMG9nS0VJQ0FnSUNIclAzc3BnRRAB!2m1!1s0x0:0xd47044c17f0c0e6c!3m1!1s2@1:CIHM0ogKEICAgICHrP3spgE%7CCgwIrorVtgYQiJuyuwM%7C?hl=en-US",
                "images": [
                    {
                        "thumbnail": "https://lh5.googleusercontent.com/p/AF1QipNPYZHp29UfZl9UcyZDSWpFBGDrnTC8OR29fMrP=w150-h150-k-no-p"
                    }
                ],
                "date": "2 months ago"
            },
            {
                "username": "Top Notch Balloon Creations",
                "rating": 5,
                "contributor_id": "117754938564395101461",
                "description": "I had the pleasure of providing balloon decor for a corporate event.",
                "link": "https://www.google.com/maps/reviews/data=!4m8!14m7!1m6!2m5!1sChZDSUhNMG9nS0VJQ0FnSUNIbTRUalZnEAE!2m1!1s0x0:0xd47044c17f0c0e6c!3m1!1s2@1:CIHM0ogKEICAgICHm4TjVg%7CCgsIrIf6tgYQ2I33TA%7C?hl=en-US",
                "images": [
                    {
                        "thumbnail": "https://lh5.googleusercontent.com/p/AF1QipOK5cYs4oqZwnJdnVL1BQPovYEbQCnMkyTT6rOZ=w150-h150-k-no-p"
                    },
                    {
                        "thumbnail": "https://lh5.googleusercontent.com/p/AF1QipM1ZIRU-ivHf8rMx6cHc2BCW10Xoz-KcFokOMMK=w150-h150-k-no-p"
                    }
                ],
                "date": "2 months ago"
            },
            {
                "username": "a new yorker",
                "rating": 3,
                "contributor_id": "117488137664604134936",
                "description": "Food + drinks: 3.5\nStaff: 5\nEnvironment: 3\n\nStaff was super friendly with seating us and serving our orders. The interior is honestly nothing special and boring without live music which is only available after certain hours. Food was interesting but good for Ann Arbor standards (chicken tenders are the HIGHLIGHT) and drinks (fishbowl) were ok.",
                "link": "https://www.google.com/maps/reviews/data=!4m8!14m7!1m6!2m5!1sChZDSUhNMG9nS0VJQ0FnSURXNVppZ2FnEAE!2m1!1s0x0:0xd47044c17f0c0e6c!3m1!1s2@1:CIHM0ogKEICAgIDW5Zigag%7CCgwIqMOPkgYQwMe3ugI%7C?hl=en-US",
                "images": [
                    {
                        "thumbnail": "https://lh5.googleusercontent.com/p/AF1QipP6uUtc8stHxChBQ0XAEmb7w5hzLBU_DHLnxkEa=w150-h150-k-no-p"
                    }
                ],
                "date": "2 years ago"
            },
            {
                "username": "Maurielle C",
                "rating": 4,
                "contributor_id": "102013884837832721376",
                "description": "Cantina is a fun place to go out and eat at. Prices are pretty cheap and the atmosphere is fun. Would recommend. Friendly staff.",
                "link": "https://www.google.com/maps/reviews/data=!4m8!14m7!1m6!2m5!1sChdDSUhNMG9nS0VJQ0FnSUQtdk9TcDJRRRAB!2m1!1s0x0:0xd47044c17f0c0e6c!3m1!1s2@1:CIHM0ogKEICAgID-vOSp2QE%7CCgwIyeD7mwYQiPeanQM%7C?hl=en-US",
                "images": [
                    {
                        "thumbnail": "https://lh5.googleusercontent.com/p/AF1QipOhOrXBK_SOFZ4o6bEVxo-tnhkRzjdBuzFTOVUG=w150-h150-k-no-p"
                    },
                    {
                        "thumbnail": "https://lh5.googleusercontent.com/p/AF1QipO9UgXhlpvPfQu5XUHW88ILdFvx3H-XdOky5B9P=w150-h150-k-no-p"
                    },
                    {
                        "thumbnail": "https://lh5.googleusercontent.com/p/AF1QipOse1sylEK4V1k7YKyNJS0Mrfd5ul_Ub41euZhc=w150-h150-k-no-p"
                    },
                    {
                        "thumbnail": "https://lh5.googleusercontent.com/p/AF1QipOQAfEJ9VAUsABK_wt9Pn5PYzT5gV6KxXsT-ii7=w150-h150-k-no-p"
                    },
                    {
                        "thumbnail": "https://lh5.googleusercontent.com/p/AF1QipPWOp8S1W4X4-ewcA4N8wTakTylos6PAZ7o_TxL=w150-h150-k-no-p"
                    },
                    {
                        "thumbnail": "https://lh5.googleusercontent.com/p/AF1QipP21nKhbTz-75xjtjGgpoXBeeVt-YzQtuylXeb1=w150-h150-k-no-p"
                    },
                    {
                        "thumbnail": "https://lh5.googleusercontent.com/p/AF1QipPZDB3a2XhEJuZ5jdTce-M1rlQ1lPV1I0m4WDZG=w150-h150-k-no-p"
                    },
                    {
                        "thumbnail": "https://lh5.googleusercontent.com/p/AF1QipP0cdpchJ9gVBTzdduJbqyHNKN0kGanaBuXKMis=w150-h150-k-no-p"
                    },
                    {
                        "thumbnail": "https://lh5.googleusercontent.com/p/AF1QipOqVANuZQDZd3juHXE5VDe02QuPI6Ag1DWcHtni=w150-h150-k-no-p"
                    },
                    {
                        "thumbnail": "https://lh5.googleusercontent.com/p/AF1QipMyCms6RUKrpDdZlMarqSXwLx-j0tsfCX-Ac9Qy=w150-h150-k-no-p"
                    }
                ],
                "date": "a year ago"
            },
            {
                "username": "Chase Hasper",
                "rating": 5,
                "contributor_id": "100852887579367254512",
                "description": "Great spot for tacos and drinks! Don’t pass up on the 48oz mixed drinks. They’re a great deal and they’re delicious! The tacos were quite possibly some of the best I’ve had.",
                "link": "https://www.google.com/maps/reviews/data=!4m8!14m7!1m6!2m5!1sChZDSUhNMG9nS0VJQ0FnSUNVem9pSmR3EAE!2m1!1s0x0:0xd47044c17f0c0e6c!3m1!1s2@1:CIHM0ogKEICAgICUzoiJdw%7CCgwI7-zd6QUQ8KnCpwM%7C?hl=en-US",
                "images": [
                    {
                        "thumbnail": "https://lh5.googleusercontent.com/p/AF1QipOzQn7aBRJO_npduJX-93ZwGxQjTNeMi-OHxTo9=w150-h150-k-no-p"
                    },
                    {
                        "thumbnail": "https://lh5.googleusercontent.com/p/AF1QipNLQNcVy8vUa77mIR4YleflbALxNN25HozuUXar=w150-h150-k-no-p"
                    },
                    {
                        "thumbnail": "https://lh5.googleusercontent.com/p/AF1QipNuG-KDo7sFH5XBS_GpJQm_c9v73hnuWdzHbCxk=w150-h150-k-no-p"
                    },
                    {
                        "thumbnail": "https://lh5.googleusercontent.com/p/AF1QipNO0_TDdwIFxxhFISY1tuJxig73nu6AfQrrTplD=w150-h150-k-no-p"
                    },
                    {
                        "thumbnail": "https://lh5.googleusercontent.com/p/AF1QipMqBEixJC3FWlwnynfWzLwoTfsripeTmJsrSzDQ=w150-h150-k-no-p"
                    }
                ],
                "date": "5 years ago"
            },
            {
                "username": "Sierra S",
                "rating": 4,
                "contributor_id": "107786027961733687085",
                "description": "The food was A+. Tacos are packed with meat and pickled onion. Salad was great too. I was turned off by the smell of fish when we walked in. Luckily the food was good. Decorations are nice too",
                "link": "https://www.google.com/maps/reviews/data=!4m8!14m7!1m6!2m5!1sChdDSUhNMG9nS0VJQ0FnSURRc3JYaHlRRRAB!2m1!1s0x0:0xd47044c17f0c0e6c!3m1!1s2@1:CIHM0ogKEICAgIDQsrXhyQE%7CCgsIwdPi0AUQwLjGEw%7C?hl=en-US",
                "images": [
                    {
                        "thumbnail": "https://lh5.googleusercontent.com/p/AF1QipODaHIK1wM5To8Ffp-XLUR2qy1Sdk-hchtPHdL9=w150-h150-k-no-p"
                    },
                    {
                        "thumbnail": "https://lh5.googleusercontent.com/p/AF1QipPlOnsB3GL0aQJB9cSZRR1Xu8Es25WBNZP34v2Z=w150-h150-k-no-p"
                    }
                ],
                "date": "6 years ago"
            },
            {
                "username": "The_Geekcraft_Bard",
                "rating": 4,
                "contributor_id": "112988067594202011250",
                "description": "Was there to go clubbing. Didn't try the food but the drinks were on point. It was packed so the bartenders took awhile to get to us, but when they did they were lightning fast. Highly recommend any of the fishbowls. Music was lit. Seems like there were a lot of ppl age 18-20 there. Wish it was 21+ but it's a college city so I understand why not.",
                "link": "https://www.google.com/maps/reviews/data=!4m8!14m7!1m6!2m5!1sChZDSUhNMG9nS0VJQ0FnSUNsdS12c2JREAE!2m1!1s0x0:0xd47044c17f0c0e6c!3m1!1s2@1:CIHM0ogKEICAgIClu-vsbQ%7CCgsIwPWUqwYQkKHKFg%7C?hl=en-US",
                "date": "11 months ago"
            },
            {
                "username": "José ChA",
                "rating": 1,
                "contributor_id": "107779603836474658379",
                "description": "Nice atmosphere, prices are good and they have a lot of drinks.\nThe only bad thing here is the service, waitress are rude or just dont bother on take time on you,\nToday there weren't many people on bar, even so, it took 15 minutes to have a beer.",
                "link": "https://www.google.com/maps/reviews/data=!4m8!14m7!1m6!2m5!1sChdDSUhNMG9nS0VJQ0FnSUNwNzdHOTN3RRAB!2m1!1s0x0:0xd47044c17f0c0e6c!3m1!1s2@1:CIHM0ogKEICAgICp77G93wE%7CCgwIqdDhpgYQ6NDpuwM%7C?hl=en-US",
                "date": "a year ago"
            }
        ]
    },
    "Services": {
        "dine_in": true,
        "takeout": true,
        "delivery": true
    }
}