{
    "Title": "Carlyle Grill",
    "Price": [],
    "Place ID": "ChIJtZrzip-xPIgREmeWAFYto1k",
    "Type ID": [],
    "Type": [
        "Restaurant",
        "American restaurant",
        "Bar & grill"
    ],
    "Address": "3660 Jackson Rd, Ann Arbor, MI 48103",
    "GPS Coordinates": {
        "latitude": 42.285555599999995,
        "longitude": -83.80388889999999
    },
    "Phone Number": "(734) 213-9800",
    "Rating": 4.4,
    "Rating Summary": [
        {
            "stars": 1,
            "amount": 41
        },
        {
            "stars": 2,
            "amount": 47
        },
        {
            "stars": 3,
            "amount": 144
        },
        {
            "stars": 4,
            "amount": 466
        },
        {
            "stars": 5,
            "amount": 1132
        }
    ],
    "Opening Hours": [
        {
            "tuesday": "11 AM–9:30 PM"
        },
        {
            "wednesday": "11 AM–9:30 PM"
        },
        {
            "thursday": "11 AM–9:30 PM"
        },
        {
            "friday": "11 AM–10:30 PM"
        },
        {
            "saturday": "11 AM–10:30 PM"
        },
        {
            "sunday": "11 AM–9:30 PM"
        },
        {
            "monday": "11 AM–9:30 PM"
        }
    ],
    "Description": "Classic American fare, international dishes & drinks are offered in a welcoming setting.",
    "Details": [
        {
            "highlights": [
                "Fast service",
                "Great beer selection",
                "Great cocktails",
                "Great coffee",
                "Great dessert",
                "Great wine list",
                "Sports"
            ]
        },
        {
            "popular_for": [
                "Lunch",
                "Dinner",
                "Solo dining"
            ]
        },
        {
            "accessibility": [
                "Wheelchair accessible entrance",
                "Wheelchair accessible parking lot",
                "Wheelchair accessible restroom",
                "Wheelchair accessible seating"
            ]
        },
        {
            "offerings": [
                "Alcohol",
                "Beer",
                "Cocktails",
                "Coffee",
                "Comfort food",
                "Happy hour drinks",
                "Happy hour food",
                "Hard liquor",
                "Healthy options",
                "Late-night food",
                "Private dining room",
                "Small plates",
                "Vegetarian options",
                "Wine"
            ]
        },
        {
            "dining_options": [
                "Lunch",
                "Dinner",
                "Catering",
                "Dessert",
                "Seating"
            ]
        },
        {
            "amenities": [
                "Bar onsite",
                "Restroom",
                "Wi-Fi",
                "Free Wi-Fi"
            ]
        },
        {
            "atmosphere": [
                "Casual",
                "Cozy",
                "Trendy",
                "Upscale"
            ]
        },
        {
            "crowd": [
                "Family-friendly",
                "Groups",
                "LGBTQ+ friendly",
                "Tourists"
            ]
        },
        {
            "planning": [
                "Dinner reservations recommended",
                "Accepts reservations"
            ]
        },
        {
            "payments": [
                "Credit cards",
                "Debit cards",
                "NFC mobile payments"
            ]
        },
        {
            "children": [
                "Good for kids",
                "High chairs",
                "Kids' menu"
            ]
        },
        {
            "parking": [
                "Free parking lot",
                "Free street parking",
                "Plenty of parking"
            ]
        },
        {
            "pets": [
                "Dogs allowed outside"
            ]
        }
    ],
    "User Reviews": {
        "summary": [
            {
                "snippet": "\"Now the dish, I ordered the chicken pecan with veggies and a loaded potato.\""
            },
            {
                "snippet": "\"The price was commencerit to the quality of food and service.\""
            },
            {
                "snippet": "\"Great atmosphere, menu and tasty drink options (need better beer options tho).\""
            }
        ],
        "most_relevant": [
            {
                "username": "Girlie Kulp",
                "rating": 5,
                "contributor_id": "114039357057750578122",
                "description": "It was my first time at Carlyle Grill in Ann Arbor, Michigan. The ambiance was great, there was plenty of parking, and the service was fast. I ordered the Chicken Avocado Club on a gluten-free bun, and my husband had the Classic Cheeseburger on a gluten-free bun. The menu indicated that items marked \"GF\" could be prepared gluten-free. From what I recall, only the burgers and sandwiches had the \"GF\" designation, otherwise, I would have ordered something else. The food was good and tasty, with generous portions, though it was a bit pricier compared to other places.",
                "link": "https://www.google.com/maps/reviews/data=!4m8!14m7!1m6!2m5!1sChdDSUhNMG9nS0VJQ0FnSURycFp2cnR3RRAB!2m1!1s0x0:0x59a32d5600966712!3m1!1s2@1:CIHM0ogKEICAgIDrpZvrtwE%7CCgwIrPXltAYQsOXo8QI%7C?hl=en-US",
                "images": [
                    {
                        "thumbnail": "https://lh5.googleusercontent.com/p/AF1QipNRt7lHOT9ybTHLk-MT1kUGXb369fhwrmBiQ72K=w150-h150-k-no-p"
                    }
                ],
                "date": "3 months ago"
            },
            {
                "username": "Rob Friese",
                "rating": 5,
                "contributor_id": "101222739908650192402",
                "description": "I don't like to hand out five stars very often, and definitely not in all categories. Carlyle Grill consistently hits the mark. I have never been disappointed. The menu has something for everyone, and everything is prepared superbly. From the staff to the food to the ambiance, very well done.",
                "link": "https://www.google.com/maps/reviews/data=!4m8!14m7!1m6!2m5!1sChZDSUhNMG9nS0VJQ0FnSUNUbDZxTmZnEAE!2m1!1s0x0:0x59a32d5600966712!3m1!1s2@1:CIHM0ogKEICAgICTl6qNfg%7CCgwIufuqsgYQ-JLY8gE%7C?hl=en-US",
                "images": [
                    {
                        "thumbnail": "https://lh5.googleusercontent.com/p/AF1QipMopj77XZWiOdpWthhjUvM6n739Llq8zbkqIcg=w150-h150-k-no-p"
                    }
                ],
                "date": "5 months ago"
            },
            {
                "username": "James Haberland",
                "rating": 5,
                "contributor_id": "100709022261379789986",
                "description": "Was no wait when we went, our waiter was very polite and attentive, the food was very good. I got the Carlyle Mac and Cheese and the Strawberry Lemon Drop to drink.",
                "link": "https://www.google.com/maps/reviews/data=!4m8!14m7!1m6!2m5!1sChdDSUhNMG9nS0VJQ0FnSUNyanN2RnlBRRAB!2m1!1s0x0:0x59a32d5600966712!3m1!1s2@1:CIHM0ogKEICAgICrjsvFyAE%7CCgwIy86otAYQqJLhlwI%7C?hl=en-US",
                "images": [
                    {
                        "thumbnail": "https://lh5.googleusercontent.com/p/AF1QipMlVq3qjDv1nB9dZUXhPgWqcRgMr-7eC0Xc8DZl=w150-h150-k-no-p"
                    },
                    {
                        "thumbnail": "https://lh5.googleusercontent.com/p/AF1QipPDUeAOHw_cLzpAltRUnI_mgU0i0pWs2ONl25Os=w150-h150-k-no-p"
                    },
                    {
                        "thumbnail": "https://lh5.googleusercontent.com/p/AF1QipPnHOb21WkR8zgwAlgTgguhp0JjAssMUaYkFkBw=w150-h150-k-no-p"
                    },
                    {
                        "thumbnail": "https://lh5.googleusercontent.com/p/AF1QipOj98JgAV9_CU4Yu8t1_UyUoBT425u4pW3kgJ13=w150-h150-k-no-p"
                    }
                ],
                "date": "4 months ago"
            },
            {
                "username": "Mary Lynn Van Gelderen",
                "rating": 5,
                "contributor_id": "111672399229723640562",
                "description": "I ate Thanksgiving dinner with my son’s girlfriend today, and it was absolutely fantastic! We were seated right on time for our reservation. The food was incredible (we upgraded to salmon), wonderful and cozy family style, our server was very attentive and helpful, even though the place was packed. Great atmosphere and perfect for a Thanksgiving occasion! Thank you for great experience!",
                "link": "https://www.google.com/maps/reviews/data=!4m8!14m7!1m6!2m5!1sChdDSUhNMG9nS0VJQ0FnSUNsalp6X2hBRRAB!2m1!1s0x0:0x59a32d5600966712!3m1!1s2@1:CIHM0ogKEICAgICljZz_hAE%7CCgsIqoWAqwYQkOX2YQ%7C?hl=en-US",
                "images": [
                    {
                        "thumbnail": "https://lh5.googleusercontent.com/p/AF1QipOivUWxwV58ZDw0KElYIGGJMFvROdCXFnt3E0NI=w150-h150-k-no-p"
                    }
                ],
                "date": "11 months ago"
            },
            {
                "username": "X JaMual",
                "rating": 5,
                "contributor_id": "104923389455468183959",
                "description": "The experience was swell. The atmosphere was welcoming. The lighting and spacing was just right for a comfortable evening out. Now the dish, I ordered the chicken pecan with veggies and a loaded potato. In which, everything was tasteful, well cooked, and nicely presented. The chicken and the veggies had my type of crunch. Lastly, salute to the waiter, who was great. Good energy, humor, and she had us covered. Yeah, I cleaned the plate. 🤟🏾",
                "link": "https://www.google.com/maps/reviews/data=!4m8!14m7!1m6!2m5!1sChZDSUhNMG9nS0VJQ0FnSUNEbWV1c093EAE!2m1!1s0x0:0x59a32d5600966712!3m1!1s2@1:CIHM0ogKEICAgICDmeusOw%7CCgwIucSesAYQqKyz3gE%7C?hl=en-US",
                "images": [
                    {
                        "thumbnail": "https://lh5.googleusercontent.com/p/AF1QipMhdOIRNP0H5_Vc0Nff3HoCD3RP8otcT4pICHFJ=w150-h150-k-no-p"
                    }
                ],
                "date": "7 months ago"
            },
            {
                "username": "Matthew Eddy",
                "rating": 5,
                "contributor_id": "102496979858036812718",
                "description": "Very dark inside so had a more traditional restaurant feel. The patrons mostly seemed like the older crowd. The food was good. I got the blackhead burger... not a fan. I am not sure why I keep trying black bean burgers. The \"paddy\" has the consistency of a thick spread than an actual paddy so it just squeezes out the side. I might try some salmon next time.\n\nOther than that, the place was pretty good and my friends food looked great.  So I would consider coming back and trying something different.",
                "link": "https://www.google.com/maps/reviews/data=!4m8!14m7!1m6!2m5!1sChdDSUhNMG9nS0VJQ0FnSURibGE2ZjB3RRAB!2m1!1s0x0:0x59a32d5600966712!3m1!1s2@1:CIHM0ogKEICAgIDbla6f0wE%7CCgwIvOfOtQYQuIeD2QM%7C?hl=en-US",
                "date": "3 months ago"
            },
            {
                "username": "Rachel Lancaster",
                "rating": 5,
                "contributor_id": "100401214937733416278",
                "description": "This place was great! We were in the area (Auto Mall) and went in for lunch. Great food, great cocktails - and the waitress offered us free carrot cake since we were first time guests! They do say \"cash preferred\", you can save a little on the bill if you don't use a CC.",
                "link": "https://www.google.com/maps/reviews/data=!4m8!14m7!1m6!2m5!1sChdDSUhNMG9nS0VJQ0FnSURuMC12V3p3RRAB!2m1!1s0x0:0x59a32d5600966712!3m1!1s2@1:CIHM0ogKEICAgIDn0-vWzwE%7CCgwI7ZCbuAYQ2PDEzAI%7C?hl=en-US",
                "date": "a month ago"
            },
            {
                "username": "Grace Su Ming",
                "rating": 5,
                "contributor_id": "105329286212731930164",
                "description": "Very fresh tasting food and good drinks. Happy hour is 3 to 6 pm and the happy hour menu has a variety of drinks and food options. Staff very kind. Sweet potato fries were delicious and black bean quesdilla was so crispy and yummy.",
                "link": "https://www.google.com/maps/reviews/data=!4m8!14m7!1m6!2m5!1sChZDSUhNMG9nS0VJQ0FnSUM1MTgzNGVREAE!2m1!1s0x0:0x59a32d5600966712!3m1!1s2@1:CIHM0ogKEICAgIC51834eQ%7CCgwIz8S7qQYQuPqY5AI%7C?hl=en-US",
                "images": [
                    {
                        "thumbnail": "https://lh5.googleusercontent.com/p/AF1QipP_cG8lP34_Mu_op9J9RtD_q-IYof_ElqJKa5s-=w150-h150-k-no-p"
                    },
                    {
                        "thumbnail": "https://lh5.googleusercontent.com/p/AF1QipNnwnWwIaR_mSfHs1XTO5_8L0Du5hv4ntqyVODD=w150-h150-k-no-p"
                    }
                ],
                "date": "a year ago"
            }
        ]
    },
    "Services": {
        "dine_in": true,
        "curbside_pickup": true
    }
}