{
    "Title": "Chans Garden",
    "Price": [],
    "Place ID": "ChIJWzstXM-xPIgRzmHP3s8sH4I",
    "Type ID": [],
    "Type": [
        "Chinese restaurant",
        "Asian restaurant",
        "Delivery Restaurant"
    ],
    "Address": "2265 W Liberty St, Ann Arbor, MI 48103",
    "GPS Coordinates": {
        "latitude": 42.273650599999996,
        "longitude": -83.7777076
    },
    "Phone Number": "(734) 222-8098",
    "Rating": 4,
    "Rating Summary": [
        {
            "stars": 1,
            "amount": 17
        },
        {
            "stars": 2,
            "amount": 7
        },
        {
            "stars": 3,
            "amount": 5
        },
        {
            "stars": 4,
            "amount": 11
        },
        {
            "stars": 5,
            "amount": 65
        }
    ],
    "Opening Hours": [
        {
            "tuesday": "11 AM–10 PM"
        },
        {
            "wednesday": "11 AM–10 PM"
        },
        {
            "thursday": "11 AM–10 PM"
        },
        {
            "friday": "11 AM–10 PM"
        },
        {
            "saturday": "11 AM–10 PM"
        },
        {
            "sunday": "11 AM–10 PM"
        },
        {
            "monday": "11 AM–10 PM"
        }
    ],
    "Description": "Nondescript eatery with an extensive menu of Chinese classics offering takeout & delivery.",
    "Details": [
        {
            "popular_for": [
                "Lunch",
                "Dinner",
                "Solo dining"
            ]
        },
        {
            "accessibility": [
                "Wheelchair accessible parking lot"
            ]
        },
        {
            "offerings": [
                "Comfort food",
                "Quick bite",
                "Vegetarian options"
            ]
        },
        {
            "dining_options": [
                "Lunch",
                "Dinner",
                "Seating"
            ]
        },
        {
            "atmosphere": [
                "Casual"
            ]
        },
        {
            "planning": [
                "Accepts reservations"
            ]
        },
        {
            "payments": [
                "Credit cards",
                "Debit cards"
            ]
        },
        {
            "children": [
                "High chairs",
                "Kids' menu"
            ]
        },
        {
            "pets": [
                "Dogs allowed outside"
            ]
        }
    ],
    "User Reviews": {
        "summary": [
            {
                "snippet": "\"Chan's is the best price/quality/service in the area by a long shot.\""
            },
            {
                "snippet": "\"I ordered spicy ginger & garlic pork.\""
            },
            {
                "snippet": "\"Had an excellent meal from her recently, tofu and veggies lunch special.\""
            }
        ],
        "most_relevant": [
            {
                "username": "Nickie M. Robb",
                "rating": 1,
                "contributor_id": "101074601494319259596",
                "description": "UPDATE: I took back the ENTIRE DINNER today (08/09/2024) like I said I would. The lady working lied and FIRST said, \"Yeah, I know, because you got delivery not pick-up.\" How does that make any sense?\nUp next was, of course, \"You ate the food.\"\nFor her next attempt, she said SHE tried calling me. I pulled up my call history from last night, showed her, and said (very calmly), \"Nope, no missed calls.\" (Now SHE'S not calm.)\nTHEN she said she called Uber Eats and THEY called me TWICE. I asked her to show me where on my call log.\nTHEN, she when my driver showed up she had the driver call me twice...\nShe was SO caught up trying to prove me wrong, she didn't notice that I was filming (for my protection; she appears to be the type that will call the police when she don't get her own way), and you can see me BACK OUT of the \"establishment\" and point out to get the entrée INCLUDING the egg roll was returned to her, but my money was NOT returned to me.\n\nAfter an absolutely awful day,  I ordered delivery off Uber Eats and paid for \"Priority Delivery.\" I ordered the Chicken and Shrimp with Vegetables Dinner Combo and the Cranberry Swirl Cheesecake. My order arrived later than the time frame I paid for. Uber Eats said the order wasn't ready, so it was \"the restaurant's fault\" is what I was told. I received Turtle Cheesecake (See pix) which I can't eat bz I have a nut allergy, so I blessed my neighbor with the Cheesecake. Trying to end my day on a high note, I went to eat my dinner 🍽 and it was just SAD. It was mostly rice 🍚, the vegetables were SLIMY and so chicken 🐔 wasn't appealing either. I'll be returning the dinner along with the egg roll and fortune cookie 🥠 tomorrow. I DO NOT recommend.",
                "link": "https://www.google.com/maps/reviews/data=!4m8!14m7!1m6!2m5!1sChZDSUhNMG9nS0VJQ0FnSURiazZxM0dBEAE!2m1!1s0x0:0x821f2ccfdecf61ce!3m1!1s2@1:CIHM0ogKEICAgIDbk6q3GA%7CCgwI_c_atQYQ4Nyi0wE%7C?hl=en-US",
                "images": [
                    {
                        "thumbnail": "https://lh5.googleusercontent.com/p/AF1QipNozWivC-tZYEB3321WEDLgoYXsaUXp8MK0ptY=w150-h150-k-no-p"
                    },
                    {
                        "thumbnail": "https://lh5.googleusercontent.com/p/AF1QipP1JpHNzJWOqIqs4McoOjmrC5xw3PT8qEp1DYk=w150-h150-k-no-p"
                    },
                    {
                        "thumbnail": "https://lh5.googleusercontent.com/p/AF1QipOAhfyTjwcAEhQSGv8IH_q3oST0BtJg8xVgSaA=w150-h150-k-no-p"
                    }
                ],
                "date": "3 months ago"
            },
            {
                "username": "Weixiang Zhang",
                "rating": 5,
                "contributor_id": "111364488138007048109",
                "description": "Authentic, like actually authentic!! They got zhongji (gelatinous rice balls with fillings) and even has really good congee (jook)!!",
                "link": "https://www.google.com/maps/reviews/data=!4m8!14m7!1m6!2m5!1sChdDSUhNMG9nS0VJQ0FnSURYcDhDSThBRRAB!2m1!1s0x0:0x821f2ccfdecf61ce!3m1!1s2@1:CIHM0ogKEICAgIDXp8CI8AE%7CCgsImeeOuQYQiJ-RFw%7C?hl=en-US",
                "images": [
                    {
                        "thumbnail": "https://lh5.googleusercontent.com/p/AF1QipNGkYn07hGZIJGJ_v_EbK0GVZG91Zo0PW0m8AYd=w150-h150-k-no-p"
                    },
                    {
                        "thumbnail": "https://lh5.googleusercontent.com/p/AF1QipNctvp4e1dxrZucJWIG57J_H45gxtvVExRqHic6=w150-h150-k-no-p"
                    }
                ],
                "date": "a week ago"
            },
            {
                "username": "valenie Hugan",
                "rating": 5,
                "contributor_id": "117390879616776798453",
                "description": "Husband and wife are awesome people….\nThey’re very friendly, accommodating, and fast.  I’ve  been going to them for about 10 years.",
                "link": "https://www.google.com/maps/reviews/data=!4m8!14m7!1m6!2m5!1sChdDSUhNMG9nS0VJQ0FnSUMza05IVWdRRRAB!2m1!1s0x0:0x821f2ccfdecf61ce!3m1!1s2@1:CIHM0ogKEICAgIC3kNHUgQE%7CCgwI68uVuQYQsPjmuAI%7C?hl=en-US",
                "date": "a week ago"
            },
            {
                "username": "Jerry Perez",
                "rating": 1,
                "contributor_id": "114539359449297231104",
                "description": "Hands down the worst Chinese food I’ve had. Also the worst takeout food. At this point I just hope I don’t get sick. The chicken was flavorless, the soup was water, the rice was dry, crab Rangoon were still frozen. Just trash.",
                "link": "https://www.google.com/maps/reviews/data=!4m8!14m7!1m6!2m5!1sChZDSUhNMG9nS0VJQ0FnSURyZ2ZHTFhREAE!2m1!1s0x0:0x821f2ccfdecf61ce!3m1!1s2@1:CIHM0ogKEICAgIDrgfGLXQ%7CCgwIqqfhtAYQqIf-1AI%7C?hl=en-US",
                "date": "3 months ago"
            },
            {
                "username": "Jennifer Hampton",
                "rating": 5,
                "contributor_id": "115642983531279559522",
                "description": "I have eaten at many Chinese restaurants in Ann Arbor and this is the best. I had  Mongolian Beef and my husband had Sweet and sour chicken. We shared each other’s dish. Plenty of food and reasonably priced. I’m definitely going back! The owners are very nice.",
                "link": "https://www.google.com/maps/reviews/data=!4m8!14m7!1m6!2m5!1sChZDSUhNMG9nS0VJQ0FnSUNkcUszd0F3EAE!2m1!1s0x0:0x821f2ccfdecf61ce!3m1!1s2@1:CIHM0ogKEICAgICdqK3wAw%7CCgwIrJagrgYQqMLotgM%7C?hl=en-US",
                "date": "9 months ago"
            },
            {
                "username": "Ahsheen Brenan",
                "rating": 5,
                "contributor_id": "106852724091358072646",
                "description": "Very delicious and staff is so kind and courteous. I will definitely be back. Thank you.",
                "link": "https://www.google.com/maps/reviews/data=!4m8!14m7!1m6!2m5!1sChZDSUhNMG9nS0VJQ0FnSURYcFllNURnEAE!2m1!1s0x0:0x821f2ccfdecf61ce!3m1!1s2@1:CIHM0ogKEICAgIDXpYe5Dg%7CCgwInLSEuQYQoNytgwE%7C?hl=en-US",
                "date": "2 weeks ago"
            },
            {
                "username": "Jenae Kondrat",
                "rating": 5,
                "contributor_id": "104584313897138680952",
                "description": "Live 4 hours North- but came down to Ann Arbor for an appointment-after long day of driving, checking into hotel, decided to order and get it delivered-\n\nThis place...by far the nicest people, huge portions, absolutely delicious and fastest delivery.\n\nI will definitely make it a point to visit them again!!\nThank you!!",
                "link": "https://www.google.com/maps/reviews/data=!4m8!14m7!1m6!2m5!1sChZDSUhNMG9nS0VJQ0FnSUR0dUpLQ1NnEAE!2m1!1s0x0:0x821f2ccfdecf61ce!3m1!1s2@1:CIHM0ogKEICAgIDtuJKCSg%7CCgwIirnzrQYQ0PKRlgE%7C?hl=en-US",
                "date": "9 months ago"
            },
            {
                "username": "Andrea Franson",
                "rating": 5,
                "contributor_id": "114368806678596572838",
                "description": "Had an excellent meal from her recently, tofu and veggies lunch special. It was the best tofu I’ve had from a Chinese restaurant. Will be back for their food again soon",
                "link": "https://www.google.com/maps/reviews/data=!4m8!14m7!1m6!2m5!1sChZDSUhNMG9nS0VJQ0FnSUNqNzRydFJ3EAE!2m1!1s0x0:0x821f2ccfdecf61ce!3m1!1s2@1:CIHM0ogKEICAgICj74rtRw%7CCgwIgLizsQYQ2LaFogI%7C?hl=en-US",
                "date": "6 months ago"
            }
        ]
    },
    "Services": {
        "dine_in": true,
        "takeout": true,
        "no_contact_delivery": true
    }
}