{
    "Title": "Condado Tacos",
    "Price": [],
    "Place ID": "ChIJw01oNkyvPIgR7H2llUNu8KM",
    "Type ID": [],
    "Type": [
        "Taco restaurant",
        "Bar",
        "Catering food and drink supplier",
        "Caterer",
        "Takeout Restaurant",
        "Mexican restaurant",
        "Restaurant",
        "Tex-Mex restaurant",
        "Vegetarian restaurant"
    ],
    "Address": "401 E Liberty St #200, Ann Arbor, MI 48104",
    "GPS Coordinates": {
        "latitude": 42.279591599999996,
        "longitude": -83.7438213
    },
    "Phone Number": "(734) 369-3172",
    "Rating": 4.2,
    "Rating Summary": [
        {
            "stars": 1,
            "amount": 62
        },
        {
            "stars": 2,
            "amount": 37
        },
        {
            "stars": 3,
            "amount": 50
        },
        {
            "stars": 4,
            "amount": 107
        },
        {
            "stars": 5,
            "amount": 497
        }
    ],
    "Opening Hours": [
        {
            "tuesday": "11 AM–11 PM"
        },
        {
            "wednesday": "11 AM–11 PM"
        },
        {
            "thursday": "11 AM–11 PM"
        },
        {
            "friday": "11 AM–12 AM"
        },
        {
            "saturday": "11 AM–12 AM"
        },
        {
            "sunday": "11 AM–11 PM"
        },
        {
            "monday": "11 AM–11 PM"
        }
    ],
    "Description": [],
    "Details": [
        {
            "highlights": [
                "Fast service",
                "Sports"
            ]
        },
        {
            "popular_for": [
                "Lunch",
                "Dinner",
                "Solo dining"
            ]
        },
        {
            "accessibility": [
                "Wheelchair accessible entrance",
                "Wheelchair accessible parking lot",
                "Wheelchair accessible restroom",
                "Wheelchair accessible seating"
            ]
        },
        {
            "offerings": [
                "Alcohol",
                "Beer",
                "Cocktails",
                "Coffee",
                "Comfort food",
                "Happy hour drinks",
                "Hard liquor",
                "Late-night food",
                "Quick bite",
                "Small plates",
                "Vegan options",
                "Vegetarian options",
                "Wine"
            ]
        },
        {
            "dining_options": [
                "Lunch",
                "Dinner",
                "Catering",
                "Dessert",
                "Seating"
            ]
        },
        {
            "amenities": [
                "Bar onsite",
                "Restroom",
                "Wi-Fi",
                "Free Wi-Fi"
            ]
        },
        {
            "atmosphere": [
                "Casual",
                "Trendy"
            ]
        },
        {
            "crowd": [
                "College students",
                "Family-friendly",
                "Groups",
                "LGBTQ+ friendly",
                "Tourists",
                "Transgender safespace"
            ]
        },
        {
            "planning": [
                "Accepts reservations"
            ]
        },
        {
            "payments": [
                "Credit cards",
                "Debit cards",
                "NFC mobile payments"
            ]
        },
        {
            "children": [
                "Good for kids",
                "High chairs",
                "Kids' menu"
            ]
        },
        {
            "parking": [
                "Paid parking garage",
                "Paid street parking"
            ]
        },
        {
            "pets": [
                "Dogs allowed outside"
            ]
        }
    ],
    "User Reviews": {
        "summary": [
            {
                "snippet": "\"Good place to hangout and have drinks and appetizers, food not much.\""
            },
            {
                "snippet": "\"Acceptable margaritas, minimal beer choices, pretty tasty vegan tacos though.\""
            },
            {
                "snippet": "\"The portions weren't worth the price I paid, and the flavor was just ok.\""
            }
        ],
        "most_relevant": [
            {
                "username": "Vice -Versa",
                "rating": 4,
                "contributor_id": "104031660270933959345",
                "description": "Crazy creativity, in this place super vibrant entertaining fresh ingredients nice variety of flavors the Cactus drink is Greatness in a glass, sweet heat taco is phenomenal with tender steak and mango habanero kick. Smoked cheddar queso is great addition to the fresh chips only with the air conditioning will thicking up so eat soon. The cool ranch is okay but the ground beef taste a little lack luster, all the Brisket and steak options are definitely worth every bite, and I for sure will be making a return.",
                "link": "https://www.google.com/maps/reviews/data=!4m8!14m7!1m6!2m5!1sChdDSUhNMG9nS0VJQ0FnSUM3OU5tc2pRRRAB!2m1!1s0x0:0xa3f06e4395a57dec!3m1!1s2@1:CIHM0ogKEICAgIC79NmsjQE%7CCgwIzMDrtQYQgMS2mAI%7C?hl=en-US",
                "images": [
                    {
                        "thumbnail": "https://lh5.googleusercontent.com/p/AF1QipPIgAWy831cZIIXsZa_g51YwxVwyo4qq08OjYS3=w150-h150-k-no-p"
                    },
                    {
                        "thumbnail": "https://lh5.googleusercontent.com/p/AF1QipNPzIqT4vHEzXnpaqvjY5qNzRdg0HQ7KXzPeCWl=w150-h150-k-no-p"
                    },
                    {
                        "thumbnail": "https://lh5.googleusercontent.com/p/AF1QipPdELUYsEzcVlTxpxV2hjQnMB8EFED7fmcU5TA1=w150-h150-k-no-p"
                    },
                    {
                        "thumbnail": "https://lh5.googleusercontent.com/p/AF1QipOGBvkxXAukaVz0KrmY72JRHEssOIR-J24E-han=w150-h150-k-no-p"
                    },
                    {
                        "thumbnail": "https://lh5.googleusercontent.com/p/AF1QipMrfXMBrtKe9apNqII_HsTb8f3YbRCDhmMQOoAS=w150-h150-k-no-p"
                    },
                    {
                        "thumbnail": "https://lh5.googleusercontent.com/p/AF1QipNUNEAvNtz6TNNcbSbRsSflG3kWHJ0-ZTyyfmxI=w150-h150-k-no-p"
                    },
                    {
                        "thumbnail": "https://lh5.googleusercontent.com/p/AF1QipMzs0g-aqZo5LdDG2yRWVqRHQppKCe_1nDvuo74=w150-h150-k-no-p"
                    },
                    {
                        "thumbnail": "https://lh5.googleusercontent.com/p/AF1QipMWMOGr6QlRf4bj6d4hk989W0YGsQvYdAwQ6eLe=w150-h150-k-no-p"
                    },
                    {
                        "thumbnail": "https://lh5.googleusercontent.com/p/AF1QipOeCDJHqiZm3n4WA1SOkZLuhGwRfwW5lTuRTPdX=w150-h150-k-no-p"
                    }
                ],
                "date": "2 months ago"
            },
            {
                "username": "Hank Putter",
                "rating": 3,
                "contributor_id": "110004903601536251886",
                "description": "Not bad at all, Lucy’s fire taco is always a good choice. I don’t know sometimes for me the sauces be too acidic or sour. Honestly I thought that the chili tofu tasted like a hotel lobby but my friend said it was good. Our server Joe is hella chill💯",
                "link": "https://www.google.com/maps/reviews/data=!4m8!14m7!1m6!2m5!1sChdDSUhNMG9nS0VJQ0FnSUR6eE1fZGp3RRAB!2m1!1s0x0:0xa3f06e4395a57dec!3m1!1s2@1:CIHM0ogKEICAgIDzxM_djwE%7CCgwI0PaAtQYQ2IKfqgM%7C?hl=en-US",
                "images": [
                    {
                        "thumbnail": "https://lh5.googleusercontent.com/p/AF1QipO9CxjvUONoi8Rubb_7AFKasIIb7rR5PZr_cUoa=w150-h150-k-no-p"
                    },
                    {
                        "thumbnail": "https://lh5.googleusercontent.com/p/AF1QipOjflB2P7Z48WJ6121YushjfVDd8J4lONHt8ZGL=w150-h150-k-no-p"
                    },
                    {
                        "thumbnail": "https://lh5.googleusercontent.com/p/AF1QipPx4ZZ-VkWTWLNLqx9SYl14Exx3d5beT8OKBT-P=w150-h150-k-no-p"
                    },
                    {
                        "thumbnail": "https://lh5.googleusercontent.com/p/AF1QipM-z7rB9hhUyGtsoitvhVPgwyVokY5bODPBuFp5=w150-h150-k-no-p"
                    }
                ],
                "date": "3 months ago"
            },
            {
                "username": "Ruth Mella",
                "rating": 4,
                "contributor_id": "116630870398351311612",
                "description": "Service: I wanted to say I enjoyed my service yesterday night. My server was very patient with my friends and I. The server also familiar with the menu which I also liked because It was my first time.\nAtmosphere: I enjoyed this the most, the wall art is beautiful from the bathroom to the whole building. I enjoyed the colorful dim lights on a Sunday night & I enjoyed how it wasn't busy. The menu is also really pretty as well.\nParking: Its Ann Arbor, either have to park in a garage & walk or a pay meter. Luckily on Sunday there is free parking.\nFood: All tacos have to be bought individually which can be pretty pricy. I only been here once, i tried 2 tacos. A Chicken Bacon Ranch taco, I didn’t really like it because of the taste of the chicken and there was a lot of queso. I had a collard green taco or something close to that name with seasoned beef & I liked how that tasted but it gave spicy taco bell taco. I liked that the tacos were double wrapped. I also enjoyed the complementary chips, the taste of the chips was different for me, very similar to the corn taste which I enjoyed & the guac and red salsa were also good. The salsa was less spicy than the guacamole which I’m not a spicy fan but I love guac so I overcame.",
                "link": "https://www.google.com/maps/reviews/data=!4m8!14m7!1m6!2m5!1sChZDSUhNMG9nS0VJQ0FnSUNIeDlfVE5nEAE!2m1!1s0x0:0xa3f06e4395a57dec!3m1!1s2@1:CIHM0ogKEICAgICHx9_TNg%7CCgwI7Mz8tgYQwL-BvwI%7C?hl=en-US",
                "images": [
                    {
                        "thumbnail": "https://lh5.googleusercontent.com/p/AF1QipPvto1X0kc1v4aYMeWG7_Lsj3anhrsW1b6Ql2cw=w150-h150-k-no-p"
                    },
                    {
                        "thumbnail": "https://lh5.googleusercontent.com/p/AF1QipOa4ZjQ8FsKrsGryoHpj5P43xExXsQtp_IWv-l7=w150-h150-k-no-p"
                    },
                    {
                        "thumbnail": "https://lh5.googleusercontent.com/p/AF1QipMeuQDgDCSmcDxs26XQCj56lw7uJme26367IGau=w150-h150-k-no-p"
                    }
                ],
                "date": "2 months ago"
            },
            {
                "username": "Ahmed",
                "rating": 5,
                "contributor_id": "109902249534369525206",
                "description": "Candados never disappoints-\n\nI’ve ordered Candados loads of times throughout my time in Ann Arbor and honestly have loved all of it. The food is solid each and every time. Lucy’s Fire is a must-try, and honestly every other thing I’ve tried on a whim has always just tasted incredible. I would quite call these authentic, but the tacos just taste so good…\n\nThe ambiance here is a little on the hyper end and on weekend nights, can get very loud, but is otherwise quite calm.\n\nSolid food and a great dining experience. I’d recommend!",
                "link": "https://www.google.com/maps/reviews/data=!4m8!14m7!1m6!2m5!1sChdDSUhNMG9nS0VJQ0FnSUNIenRyWWtBRRAB!2m1!1s0x0:0xa3f06e4395a57dec!3m1!1s2@1:CIHM0ogKEICAgICHztrYkAE%7CCgwIpbfktgYQ6Lm67wE%7C?hl=en-US",
                "images": [
                    {
                        "thumbnail": "https://lh5.googleusercontent.com/p/AF1QipMpowkVzJyHqPLSl8eHw8P0Sa2WSgFYFhUtz4yc=w150-h150-k-no-p"
                    }
                ],
                "date": "2 months ago"
            },
            {
                "username": "Katelyn Thomas",
                "rating": 5,
                "contributor_id": "106316313458506586678",
                "description": "Super cute Mexican place with an awesome autmosphere! The service and food was so FAST! I had the brisket taco which I HIGHLY recommend! The margaritas are also super delicious 😋",
                "link": "https://www.google.com/maps/reviews/data=!4m8!14m7!1m6!2m5!1sChdDSUhNMG9nS0VJQ0FnSURib3NLQTFnRRAB!2m1!1s0x0:0xa3f06e4395a57dec!3m1!1s2@1:CIHM0ogKEICAgIDbosKA1gE%7CCgwIsve4tQYQ-KyBmgI%7C?hl=en-US",
                "images": [
                    {
                        "thumbnail": "https://lh5.googleusercontent.com/p/AF1QipPix0XWruv1LSkNZpwsebOXp8NhOzrtT1Zi2weI=w150-h150-k-no-p"
                    },
                    {
                        "thumbnail": "https://lh5.googleusercontent.com/p/AF1QipMn2KN9kRCSseZAr9GYv9t3gD-dF35ZUTXwpyUy=w150-h150-k-no-p"
                    },
                    {
                        "thumbnail": "https://lh5.googleusercontent.com/p/AF1QipPBTlJykjt8mimjw5OH5uxJCMqzvTM68DazXiry=w150-h150-k-no-p"
                    },
                    {
                        "thumbnail": "https://lh5.googleusercontent.com/p/AF1QipNV22Q0VDZazCLzwydkpUrlVdYve87julSzWLJf=w150-h150-k-no-p"
                    },
                    {
                        "thumbnail": "https://lh5.googleusercontent.com/p/AF1QipOucKjpZ_ENPV8tTqyAM_cJNpTHcIAh57KOp6DP=w150-h150-k-no-p"
                    }
                ],
                "date": "3 months ago"
            },
            {
                "username": "nathan nowicki",
                "rating": 3,
                "contributor_id": "113173157611267941419",
                "description": "Dined in for lunch. Not overly busy. Sat at the bar. The bar tender ignored my empty drink till after my meal was finished. Ordered 2 tacos and a side of rice. Tacos were good. Chicken taco had a watery juice in the bottom. Pork taco was tasty. The rice was very plain flavored and was luke warm. Food is served wrapped in foil and placed in a plastic basket. Plastic utensils as well. Street art stoner vibe to the murals that surround the place. Well stocked bar. Steel seats become uncomfortable after about a half hour of sitting.",
                "link": "https://www.google.com/maps/reviews/data=!4m8!14m7!1m6!2m5!1sChdDSUhNMG9nS0VJQ0FnSUNyc3IteHd3RRAB!2m1!1s0x0:0xa3f06e4395a57dec!3m1!1s2@1:CIHM0ogKEICAgICrsr-xwwE%7CCgwI95ihtAYQ4IPDwQI%7C?hl=en-US",
                "images": [
                    {
                        "thumbnail": "https://lh5.googleusercontent.com/p/AF1QipPyRYIb-o_WBBCxtU1GJtnfnJ-NW7QQfKZYY-wk=w150-h150-k-no-p"
                    },
                    {
                        "thumbnail": "https://lh5.googleusercontent.com/p/AF1QipNkP8-9dgB4q4l6ke2YmBxWKLIO_R50oXtZt6Lg=w150-h150-k-no-p"
                    },
                    {
                        "thumbnail": "https://lh5.googleusercontent.com/p/AF1QipMQkyCh-eym73tbZh2I5h9-6B-abpuceD7vY2Ef=w150-h150-k-no-p"
                    },
                    {
                        "thumbnail": "https://lh5.googleusercontent.com/p/AF1QipOMEyZCCQvsBw3th8s7_rlKOhdb5Be_6Sd0dcPi=w150-h150-k-no-p"
                    },
                    {
                        "thumbnail": "https://lh5.googleusercontent.com/p/AF1QipOZhhFDoDTTWh54aOO1y0q86Q70ywpGv70SE5kk=w150-h150-k-no-p"
                    },
                    {
                        "thumbnail": "https://lh5.googleusercontent.com/p/AF1QipNF3-WD2HD9AHBaiDSoFCjJA5tSDHkaDx-HgjBd=w150-h150-k-no-p"
                    },
                    {
                        "thumbnail": "https://lh5.googleusercontent.com/p/AF1QipMtz0yd9lUWLFcae3r60XweCFj9u9lhBMiQabCb=w150-h150-k-no-p"
                    },
                    {
                        "thumbnail": "https://lh5.googleusercontent.com/p/AF1QipO3W6HyDT5_GHs5bMRWxH7fLHcjIdhABJKCH4j4=w150-h150-k-no-p"
                    },
                    {
                        "thumbnail": "https://lh5.googleusercontent.com/p/AF1QipMzyi-cCmmuoWbb1Pi6mXX6_CFTg3IoQ1m43Y_C=w150-h150-k-no-p"
                    }
                ],
                "date": "4 months ago"
            },
            {
                "username": "Vikram Bala",
                "rating": 5,
                "contributor_id": "118263460813448768909",
                "description": "I think this place is highly underrated! The tacos 🌮 are very big for the price 💲 and you can make it even cheaper by building your own from scratch!! The taste 👅 isn't anything extraordinary, but it's definitely above average. Much more value than nearby Isalita, for example...",
                "link": "https://www.google.com/maps/reviews/data=!4m8!14m7!1m6!2m5!1sChdDSUhNMG9nS0VJQ0FnSURibGEtSF93RRAB!2m1!1s0x0:0xa3f06e4395a57dec!3m1!1s2@1:CIHM0ogKEICAgIDbla-H_wE%7CCgwI1ILPtQYQwKHI_gI%7C?hl=en-US",
                "images": [
                    {
                        "thumbnail": "https://lh5.googleusercontent.com/p/AF1QipOzWwXa-fRhSmnBgfD8DxgPzizzMGsYHdpYY658=w150-h150-k-no-p"
                    }
                ],
                "date": "3 months ago"
            },
            {
                "username": "Jush",
                "rating": 5,
                "contributor_id": "110989160115283826025",
                "description": "Amazing staff and food. The restaurant is very clean and well decorated. Creates a chill atmosphere, they have great drinks (both alcoholic and non-alcoholic). Their Cactus Juice mocktail was great, they also serve margaritas on a flight where you can choose any three flavors (pictured were mango, hibiscus, and strawberry). Higjly recommend hibiscus. The tacos were amazing I highly recommend (and pictured) the Cali Green for a sweeter (honey chipotle) ground beef taco, Dado Supreme was mild spice.",
                "link": "https://www.google.com/maps/reviews/data=!4m8!14m7!1m6!2m5!1sChZDSUhNMG9nS0VJQ0FnSURiMzhmeVpREAE!2m1!1s0x0:0xa3f06e4395a57dec!3m1!1s2@1:CIHM0ogKEICAgIDb38fyZQ%7CCgwIpbbgtQYQoIn4jAI%7C?hl=en-US",
                "images": [
                    {
                        "thumbnail": "https://lh5.googleusercontent.com/p/AF1QipM-suQMetx5vhcolZ6cLKeHiRT-m4FGllnGBD6-=w150-h150-k-no-p"
                    },
                    {
                        "thumbnail": "https://lh5.googleusercontent.com/p/AF1QipMHU9t4XjKSrCAU6NYbVaNK8uGwnQyEkqbl2BtX=w150-h150-k-no-p"
                    },
                    {
                        "thumbnail": "https://lh5.googleusercontent.com/p/AF1QipOzidZWAhcKrNtIdytBXdihndqY0Ufs_21VK6dj=w150-h150-k-no-p"
                    }
                ],
                "date": "3 months ago"
            }
        ]
    },
    "Services": {
        "dine_in": true,
        "takeout": true,
        "delivery": true
    }
}