{
    "Title": "Cosa Sabrosa",
    "Price": [],
    "Place ID": "ChIJhbWqTNuxPIgRuiy-EBWahGA",
    "Type ID": [],
    "Type": [
        "Mexican restaurant",
        "Live music venue"
    ],
    "Address": "2070 W Stadium Blvd, Ann Arbor, MI 48103",
    "GPS Coordinates": {
        "latitude": 42.2720024,
        "longitude": -83.77464359999999
    },
    "Phone Number": "(734) 330-6028",
    "Rating": 4.7,
    "Rating Summary": [
        {
            "stars": 1,
            "amount": 3
        },
        {
            "stars": 2,
            "amount": 6
        },
        {
            "stars": 3,
            "amount": 2
        },
        {
            "stars": 4,
            "amount": 5
        },
        {
            "stars": 5,
            "amount": 119
        }
    ],
    "Opening Hours": [
        {
            "tuesday": "4–8:30 PM"
        },
        {
            "wednesday": "4–8:30 PM"
        },
        {
            "thursday": "4–8:30 PM"
        },
        {
            "friday": "4–8:30 PM"
        },
        {
            "saturday": "4–8:30 PM"
        },
        {
            "sunday": "Closed"
        },
        {
            "monday": "Closed"
        }
    ],
    "Description": [],
    "Details": [
        {
            "highlights": [
                "Fast service",
                "Live music",
                "Sports"
            ]
        },
        {
            "popular_for": [
                "Lunch",
                "Dinner",
                "Solo dining"
            ]
        },
        {
            "accessibility": [
                "Wheelchair accessible entrance",
                "Wheelchair accessible parking lot",
                "Wheelchair accessible restroom",
                "Wheelchair accessible seating"
            ]
        },
        {
            "offerings": [
                "Alcohol",
                "Beer",
                "Comfort food",
                "Quick bite",
                "Small plates",
                "Vegetarian options"
            ]
        },
        {
            "dining_options": [
                "Lunch",
                "Dinner",
                "Catering",
                "Dessert",
                "Seating"
            ]
        },
        {
            "amenities": [
                "Bar onsite",
                "Restroom",
                "Wi-Fi",
                "Free Wi-Fi"
            ]
        },
        {
            "atmosphere": [
                "Casual"
            ]
        },
        {
            "crowd": [
                "Family-friendly"
            ]
        },
        {
            "payments": [
                "Credit cards",
                "Debit cards",
                "NFC mobile payments"
            ]
        },
        {
            "children": [
                "Good for kids"
            ]
        },
        {
            "parking": [
                "Free parking lot",
                "Plenty of parking"
            ]
        }
    ],
    "User Reviews": {
        "summary": [
            {
                "snippet": "\"Great food, nice people, and live music from jazz, classic rock, motown.\""
            },
            {
                "snippet": "\"I’ve had the lamb, cauliflower, and chicken tacos, the nachos, queso, and.\""
            },
            {
                "snippet": "\"Super friendly service and the online ordering couldn’t have been easier.\""
            }
        ],
        "most_relevant": [
            {
                "username": "Cindy Strader",
                "rating": 5,
                "contributor_id": "102900647155310666771",
                "description": "Jeff and his amazing team put together a fantastic dinner buffet for our anniversary party! The food was so fresh and delicious, they arrived on time and people raved about the meal! Highly recommend them!",
                "link": "https://www.google.com/maps/reviews/data=!4m8!14m7!1m6!2m5!1sChdDSUhNMG9nS0VJQ0FnSURMMXVqamx3RRAB!2m1!1s0x0:0x60849a1510be2cba!3m1!1s2@1:CIHM0ogKEICAgIDL1ujjlwE%7CCgwItfP1swYQoN-0pwI%7C?hl=en-US",
                "images": [
                    {
                        "thumbnail": "https://lh5.googleusercontent.com/p/AF1QipPpU3CKgXTZtvywIXjyiIlarjhPtJPmSzmZb42e=w150-h150-k-no-p"
                    }
                ],
                "date": "4 months ago"
            },
            {
                "username": "Lewis Cardenas",
                "rating": 5,
                "contributor_id": "106169153330171304040",
                "description": "Kudos to the talented chefs behind the scenes for crafting the finest tacos in Ann Arbor. One suggestion: consider doubling up on the tortillas, as they tend to fall apart easily. We appreciated the grilled tortillas, as most places use them right out of the package without warming them up. The delicious guac, along with the flavorful elote and pickled veggies, was also a hit. The churros were also enjoyable. Although the horchata was tasty, it was sweeter than anticipated. We will certainly be back. Do keep in mind that the prices are higher than most places in town.",
                "link": "https://www.google.com/maps/reviews/data=!4m8!14m7!1m6!2m5!1sChZDSUhNMG9nS0VJQ0FnSUNEMV9UMGF3EAE!2m1!1s0x0:0x60849a1510be2cba!3m1!1s2@1:CIHM0ogKEICAgICD1_T0aw%7CCgwIx721sAYQ0KGh7QE%7C?hl=en-US",
                "images": [
                    {
                        "thumbnail": "https://lh5.googleusercontent.com/p/AF1QipPrIpMUwA6djEcAslqDHYhnUUlGYdbpC2ggXOAc=w150-h150-k-no-p"
                    },
                    {
                        "thumbnail": "https://lh5.googleusercontent.com/p/AF1QipNN-_xhzZgRTX9fW3ReVSCB6GK4_DW014up9LLI=w150-h150-k-no-p"
                    },
                    {
                        "thumbnail": "https://lh5.googleusercontent.com/p/AF1QipOPJp_ujef1pUfRJ8wXvo2J2tZgkVsIHCWqokkl=w150-h150-k-no-p"
                    }
                ],
                "date": "7 months ago"
            },
            {
                "username": "Kiyah Meade",
                "rating": 5,
                "contributor_id": "101609492913149361827",
                "description": "If you’re looking for the best dinner in AA, look no farther. It’s an 11/10 experience every single time and I make all of my friends go here. If you like birria, all of their options are amazing and I highly recommend the birria burrito! I was having a terrible day so I rewarded myself with one tonight and nearly cried tears of joy when I saw that they threw in some donuts with my order too. Cosa Sabrosa has my heart and deserves all of the good in the world <3",
                "link": "https://www.google.com/maps/reviews/data=!4m8!14m7!1m6!2m5!1sChZDSUhNMG9nS0VJQ0FnSUNiOU1MTkR3EAE!2m1!1s0x0:0x60849a1510be2cba!3m1!1s2@1:CIHM0ogKEICAgICb9MLNDw%7CCgwI9_GAtQYQ4MulwAM%7C?hl=en-US",
                "date": "3 months ago"
            },
            {
                "username": "【Dino.Rino】",
                "rating": 1,
                "contributor_id": "108423246468230021773",
                "description": "Customer service good . Food is tasteless . No seasoning . Had birria  tacos and quesadilla .OMG never again .  Disgusting . Just got it and it’s going straight to the trash . Order was under Osborne .",
                "link": "https://www.google.com/maps/reviews/data=!4m8!14m7!1m6!2m5!1sChZDSUhNMG9nS0VJQ0FnSUNUckkzZk1nEAE!2m1!1s0x0:0x60849a1510be2cba!3m1!1s2@1:CIHM0ogKEICAgICTrI3fMg%7CCgwIl6aAsgYQiKXd9wE%7C?hl=en-US",
                "images": [
                    {
                        "thumbnail": "https://lh5.googleusercontent.com/p/AF1QipNjzde18ZnX0F1awprvSngh35YogG0muvB1A_7w=w150-h150-k-no-p"
                    }
                ],
                "date": "6 months ago"
            },
            {
                "username": "Brian Alvarez",
                "rating": 5,
                "contributor_id": "102587043703471852380",
                "description": "This is the best Latin food outside of a cookout you will find in Ann arbor. I mean that from the bottom of my heart. Not only is it amazing but it is consistent the first day me and my wife got it. We had to go back the next day. And it was just as good. They have great vegetarian options and the staff is super friendly. I also love the periodical music that's live in the next room. Whether to go or in-house with a beer, you cannot go wrong. I've lived here my whole life and I've never tasted Latin food this good. Why are you still reading this? You should be ordering online right now. Go trust me. Thank me later",
                "link": "https://www.google.com/maps/reviews/data=!4m8!14m7!1m6!2m5!1sChZDSUhNMG9nS0VJQ0FnSUNEdjhIMWNREAE!2m1!1s0x0:0x60849a1510be2cba!3m1!1s2@1:CIHM0ogKEICAgICDv8H1cQ%7CCgwIocS3sAYQ0JGY0AM%7C?hl=en-US",
                "date": "7 months ago"
            },
            {
                "username": "Emma Morterud",
                "rating": 5,
                "contributor_id": "107113390472182012136",
                "description": "Me and my bf tried this place and by the end we were falling into food comas. We couldn’t handle anymore sensory experiences😂 The food was THAT damn good. The kind of meal you might shed a tear for. Seriously god bless this place. The only sad thing is it’s kind of hidden and they deserve so much more business. They could easily be poppin as a walk in restaurant in down\ntown AA 👏👏👏",
                "link": "https://www.google.com/maps/reviews/data=!4m8!14m7!1m6!2m5!1sChdDSUhNMG9nS0VJQ0FnSUNwcjdPNm1nRRAB!2m1!1s0x0:0x60849a1510be2cba!3m1!1s2@1:CIHM0ogKEICAgICpr7O6mgE%7CCgwImojmpgYQyO_myQE%7C?hl=en-US",
                "images": [
                    {
                        "thumbnail": "https://lh5.googleusercontent.com/p/AF1QipMxTRxySi8LOa8WqP4Qg9wucWp0PjycdEHEzsbV=w150-h150-k-no-p"
                    },
                    {
                        "thumbnail": "https://lh5.googleusercontent.com/p/AF1QipNddKBVqyF4Lio1EDBJ6u_1qXkFbwC0DpYHp1QG=w150-h150-k-no-p"
                    }
                ],
                "date": "a year ago"
            },
            {
                "username": "Kathleen Arrington",
                "rating": 5,
                "contributor_id": "104221918027233326920",
                "description": "The menu here is simple but everything I have ever ordered is delicious and prepared with exceptional care. The birria tacos are amazing!\nI usually get takeout but in summertime there are seats outside. Indoor seating is at the  Zal Gaz Grotto bar where you can also order drinks. On some nights there is live music next door.\nThis my go to place for carry out Mexican food.",
                "link": "https://www.google.com/maps/reviews/data=!4m8!14m7!1m6!2m5!1sChZDSUhNMG9nS0VJQ0FnSURqMTdXeUF3EAE!2m1!1s0x0:0x60849a1510be2cba!3m1!1s2@1:CIHM0ogKEICAgIDj17WyAw%7CCgwIoqrusQYQ2NS9iQM%7C?hl=en-US",
                "date": "6 months ago"
            },
            {
                "username": "Penelopea Gordon",
                "rating": 5,
                "contributor_id": "115111133889706161776",
                "description": "Extraordinary. Never before have I consumed such excellence.\n\nThe experience is unconventional. Be prepared for an isolated ordering interface bereft of any person-on-person interaction. Be ready for the partially-smooth iPad user interface. Be ready for the unattached dining which seems to only be offered outside. Be ready for an unpredictable wait time. However, if you’re not a complete utter intolerant imbecile, you’ll sacrifice a bit of convenience for the absolute paradise of food which awaits. We ordered a plethora of items: the Elote, Birria Quesadilla, Steak Tacos, Beans, Rice and to finish it all off, Churros. I’m going to spare the reader the details but what words I have for each item could fill multiple pages. An eatery of elation.\n\nI implore you to check it out. To miss out on such deliciousness would be criminal.",
                "link": "https://www.google.com/maps/reviews/data=!4m8!14m7!1m6!2m5!1sChZDSUhNMG9nS0VJQ0FnSUNUaGJ5cEx3EAE!2m1!1s0x0:0x60849a1510be2cba!3m1!1s2@1:CIHM0ogKEICAgICThbypLw%7CCgwIo66asgYQuLK6tAM%7C?hl=en-US",
                "date": "5 months ago"
            }
        ]
    },
    "Services": {
        "dine_in": true,
        "curbside_pickup": true
    }
}