{
    "Title": "Cottage Inn Pizza Ann Arbor Packard",
    "Price": [],
    "Place ID": "ChIJW9gy9DeuPIgREn-NRb_nbJY",
    "Type ID": [],
    "Type": [
        "Pizza delivery",
        "Caterer",
        "Italian restaurant",
        "Pizza restaurant",
        "Pizza takeaway",
        "Sandwich shop"
    ],
    "Address": "546 Packard St, Ann Arbor, MI 48104, United States",
    "GPS Coordinates": {
        "latitude": 42.2719737,
        "longitude": -83.74213929999999
    },
    "Phone Number": "+1 734-769-5555",
    "Rating": 3.9,
    "Rating Summary": [
        {
            "stars": 1,
            "amount": 50
        },
        {
            "stars": 2,
            "amount": 11
        },
        {
            "stars": 3,
            "amount": 14
        },
        {
            "stars": 4,
            "amount": 34
        },
        {
            "stars": 5,
            "amount": 150
        }
    ],
    "Opening Hours": [
        {
            "tuesday": "10 AM–2 AM"
        },
        {
            "wednesday": "10 AM–2 AM"
        },
        {
            "thursday": "10 AM–4 AM"
        },
        {
            "friday": "10 AM–4 AM"
        },
        {
            "saturday": "10 AM–4 AM"
        },
        {
            "sunday": "10 AM–2 AM"
        },
        {
            "monday": "10 AM–2 AM"
        }
    ],
    "Description": "Long-running Midwestern chain serving deep-dish & thin-crust pizzas, plus subs, salads & more.",
    "Details": [
        {
            "from_the_business": [
                "Identifies as women-owned"
            ]
        },
        {
            "accessibility": [
                "Wheelchair-accessible car park",
                "Wheelchair-accessible entrance"
            ]
        },
        {
            "payments": [
                "Credit cards",
                "Debit cards",
                "NFC mobile payments"
            ]
        }
    ],
    "User Reviews": {
        "summary": [
            {
                "snippet": "\"Good Pizza , nice people, had to wait a bit.\""
            },
            {
                "snippet": "\"Not to mention the feta bread I had ordered was absolutely delicious.\""
            },
            {
                "snippet": "\"Crust burnt, cheese minimal, definitely not like it used to be.\""
            }
        ],
        "most_relevant": [
            {
                "username": "Louis Diana",
                "rating": 1,
                "contributor_id": "110776759410377484783",
                "description": "I mean, let’s be honest, at its best, it’s corporate mass-produced pizza. My issues are the people that run it. Every orders 15 to 20 minutes late because they just sit around getting high next to all of the food equipment. Photo attached thanks for playing.",
                "link": "https://www.google.com/maps/reviews/data=!4m8!14m7!1m6!2m5!1sChZDSUhNMG9nS0VJQ0FnSURMX3JlaUtBEAE!2m1!1s0x0:0x966ce7bf458d7f12!3m1!1s2@1:CIHM0ogKEICAgIDL_reiKA%7CCgwI6__4swYQ-LWNlQI%7C?hl=en-GB",
                "images": [
                    {
                        "thumbnail": "https://lh5.googleusercontent.com/p/AF1QipN270snsHkJpsH28ccn4ERxLgVlle14FKkrk0f8=w150-h150-k-no-p"
                    }
                ],
                "date": "4 months ago"
            },
            {
                "username": "Gary Buttyan",
                "rating": 5,
                "contributor_id": "117203022244753896942",
                "description": "I walked in, ordered my pizza to go (take-out only), 15 minutes later, I walked out the door.  (This was a Thursday evening.  Might be different on the weekend). Pizza was excellent.  I would go back next time I'm in town.",
                "link": "https://www.google.com/maps/reviews/data=!4m8!14m7!1m6!2m5!1sChZDSUhNMG9nS0VJQ0FnSUQ3cHJ2U1JREAE!2m1!1s0x0:0x966ce7bf458d7f12!3m1!1s2@1:CIHM0ogKEICAgID7prvSRQ%7CCgwIieiktgYQwL625QI%7C?hl=en-GB",
                "date": "2 months ago"
            },
            {
                "username": "Christopher Van Buren",
                "rating": 5,
                "contributor_id": "100040163676406840891",
                "description": "I ordered a pizza 🍕 while at work. I picked it up before closing. The service was excellent, and the pizza was fresh and hot. 5 Stars 🌟",
                "link": "https://www.google.com/maps/reviews/data=!4m8!14m7!1m6!2m5!1sChZDSUhNMG9nS0VJQ0FnSUNuNGJ6akd3EAE!2m1!1s0x0:0x966ce7bf458d7f12!3m1!1s2@1:CIHM0ogKEICAgICn4bzjGw%7CCgsIsf_WtwYQgL3Ieg%7C?hl=en-GB",
                "date": "a month ago"
            },
            {
                "username": "Chris Logan",
                "rating": 2,
                "contributor_id": "100936891312373014689",
                "description": "A couple of weeks or so ago I ordered one of the specials that included garlic cream cheese and didn't get it so I called them up and told them and they said that they would send me some when the driver got back I never got it !! And tonight I ordered something at 1:29am which was supposed to be delivered at 2:07an at 2:07am II got an email saying that it was on the way and would be delivered at 2:14am and that my driver was Billy  C but it never came and of course I got no answer from the store because they were closed so I want my 200 reward points back and whatever compensation for making me starve !!!",
                "link": "https://www.google.com/maps/reviews/data=!4m8!14m7!1m6!2m5!1sChdDSUhNMG9nS0VJQ0FnSUNYZ2NtNjJnRRAB!2m1!1s0x0:0x966ce7bf458d7f12!3m1!1s2@1:CIHM0ogKEICAgICXgcm62gE%7CCgwImIfDuAYQ6MbI2AI%7C?hl=en-GB",
                "date": "3 weeks ago"
            },
            {
                "username": "Tiffany Henry",
                "rating": 5,
                "contributor_id": "114703771914382719034",
                "description": "Honestly, the BEST pizza I have ever had. The BBQ Chicken will blow your mind!!! 11/10 would drive 2 hours to eat here again.",
                "link": "https://www.google.com/maps/reviews/data=!4m8!14m7!1m6!2m5!1sChZDSUhNMG9nS0VJQ0FnSUNieXZlT0hREAE!2m1!1s0x0:0x966ce7bf458d7f12!3m1!1s2@1:CIHM0ogKEICAgICbyveOHQ%7CCgwIlrSKtQYQgMCurAE%7C?hl=en-GB",
                "date": "3 months ago"
            },
            {
                "username": "Jill Loebbaka",
                "rating": 1,
                "contributor_id": "116877762684920940840",
                "description": "I'm not sure why they never have my order lately?! Past few weeks go in and they're like, \"sorry I don't have that order or sorry our system is down\". It's so bad that I'm not gonna go there anymore! Like 4 times! Which sucks cuz I LOVE Cottage Inn and especially because this location is supposed to be open until 4am on U of M campus area",
                "link": "https://www.google.com/maps/reviews/data=!4m8!14m7!1m6!2m5!1sChZDSUhNMG9nS0VJQ0FnSUREc2V6R1pnEAE!2m1!1s0x0:0x966ce7bf458d7f12!3m1!1s2@1:CIHM0ogKEICAgIDDsezGZg%7CCgwIkdrcsAYQkPD0lQI%7C?hl=en-GB",
                "date": "7 months ago"
            },
            {
                "username": "Lanika B",
                "rating": 2,
                "contributor_id": "117839506282044902620",
                "description": "I usually don’t leave reviews but the employees here are so rude and petty. Had a problem both times we have ordered. They didn’t even cut our pizza",
                "link": "https://www.google.com/maps/reviews/data=!4m8!14m7!1m6!2m5!1sChZDSUhNMG9nS0VJQ0FnSUNMMUxTSmN3EAE!2m1!1s0x0:0x966ce7bf458d7f12!3m1!1s2@1:CIHM0ogKEICAgICL1LSJcw%7CCgsIsI-3swYQsKOMIA%7C?hl=en-GB",
                "date": "4 months ago"
            },
            {
                "username": "Anthony Zahm",
                "rating": 4,
                "contributor_id": "112184337068671832504",
                "description": "Cottage Inn Pizza has always been an American institution. In my opinion. Their pizza and other options are fitted to fit even the most picky eater. With easy to please menu items such as the cinnamon Inn sticks and the ever so lovable Motor City meatball pizza. With much to offer and at affordable prices, is no loss of great quality. This is the pizza choice you want to make.",
                "link": "https://www.google.com/maps/reviews/data=!4m8!14m7!1m6!2m5!1sChdDSUhNMG9nS0VJQ0FnSUMwMUxIaDFnRRAB!2m1!1s0x0:0x966ce7bf458d7f12!3m1!1s2@1:CIHM0ogKEICAgIC01LHh1gE%7CCgwIodn76wUQ6L3hpwI%7C?hl=en-GB",
                "images": [
                    {
                        "thumbnail": "https://lh5.googleusercontent.com/p/AF1QipPCLqqu-Ry9r0h0BtMgX1wFzO9MMEnUcxVu_9zh=w150-h150-k-no-p"
                    },
                    {
                        "thumbnail": "https://lh5.googleusercontent.com/p/AF1QipOVhnMYWSR9LMz-zBPvX0hPVK0Fc5zu_7ygevNE=w150-h150-k-no-p"
                    },
                    {
                        "thumbnail": "https://lh5.googleusercontent.com/p/AF1QipOfVN4AYqWfSzG-7ddoxo6zY4QxJu2U4uGnwrTz=w150-h150-k-no-p"
                    }
                ],
                "date": "5 years ago"
            }
        ]
    },
    "Services": {
        "kerbside_pickup": true,
        "no_contact_delivery": true,
        "dine_in": false
    }
}