{
    "Title": "Culantro Ann Arbor",
    "Price": [],
    "Place ID": "ChIJ1wMJU_6vPIgRlJL5szsSyrs",
    "Type ID": [],
    "Type": [
        "Peruvian restaurant"
    ],
    "Address": "223 N Main St, Ann Arbor, MI 48104",
    "GPS Coordinates": {
        "latitude": 42.2831569,
        "longitude": -83.7486163
    },
    "Phone Number": "(734) 369-4302",
    "Rating": 4.5,
    "Rating Summary": [
        {
            "stars": 1,
            "amount": 11
        },
        {
            "stars": 2,
            "amount": 6
        },
        {
            "stars": 3,
            "amount": 13
        },
        {
            "stars": 4,
            "amount": 27
        },
        {
            "stars": 5,
            "amount": 195
        }
    ],
    "Opening Hours": [
        {
            "tuesday": "11 AM–9 PM"
        },
        {
            "wednesday": "11 AM–9 PM"
        },
        {
            "thursday": "11 AM–9 PM"
        },
        {
            "friday": "11 AM–10 PM"
        },
        {
            "saturday": "12–10 PM"
        },
        {
            "sunday": "12–9 PM"
        },
        {
            "monday": "11 AM–9 PM"
        }
    ],
    "Description": [],
    "Details": [
        {
            "popular_for": [
                "Lunch",
                "Dinner",
                "Solo dining"
            ]
        },
        {
            "offerings": [
                "Comfort food",
                "Halal food",
                "Healthy options",
                "Quick bite",
                "Vegan options",
                "Vegetarian options"
            ]
        },
        {
            "dining_options": [
                "Lunch",
                "Dinner",
                "Dessert"
            ]
        },
        {
            "amenities": [
                "Restroom"
            ]
        },
        {
            "atmosphere": [
                "Casual",
                "Cozy",
                "Trendy"
            ]
        },
        {
            "crowd": [
                "Tourists"
            ]
        },
        {
            "payments": [
                "Credit cards"
            ]
        },
        {
            "children": [
                "Good for kids"
            ]
        },
        {
            "parking": [
                "Paid parking lot",
                "Paid street parking"
            ]
        }
    ],
    "User Reviews": {
        "summary": [
            {
                "snippet": "\"Place was very clean, staff friendly and the meals reasonably priced.\""
            },
            {
                "snippet": "\"The food was tasty 😋 and I was SHOCKED ⚡ with the prices.\""
            },
            {
                "snippet": "\"Nice atmosphere and people but my beef dish was very overcooked and dry.\""
            }
        ],
        "most_relevant": [
            {
                "username": "Vikram Bala",
                "rating": 5,
                "contributor_id": "118263460813448768909",
                "description": "My oh my! Was very pleased with my Culantro experience. The food was tasty 😋 and I was SHOCKED ⚡ with the prices. They are VERY reasonable, and in fact, kinda cheap for AA standards! Both the chicken 🐔 and rice 🍚 were flavorful and well-seasoned. The trendy decor, brilliant lighting 💡, and Peruvian-themed interior were only added bonuses! Hope to return in the future!!",
                "link": "https://www.google.com/maps/reviews/data=!4m8!14m7!1m6!2m5!1sChZDSUhNMG9nS0VJQ0FnSUNuMTlmSWNBEAE!2m1!1s0x0:0xbbca123bb3f99294!3m1!1s2@1:CIHM0ogKEICAgICn19fIcA%7CCgsIl73ttwYQ4KDzGA%7C?hl=en-US",
                "images": [
                    {
                        "thumbnail": "https://lh5.googleusercontent.com/p/AF1QipPLsQNPlFdJ9t712cBKAyiFNKb6LH6fAvwnk6G0=w150-h150-k-no-p"
                    }
                ],
                "date": "a month ago"
            },
            {
                "username": "Monica Villegas",
                "rating": 5,
                "contributor_id": "110102799735314599771",
                "description": "We had the Salchipulpos, the empanadas, Patacones Picantes, and the Chica Morada. The Salchipulpos and the Patacones were amazing, and the Chica Morada was a delicious refresher. Ultimately, it was tasty and very filling. The empanadas were good, healthy tasting.",
                "link": "https://www.google.com/maps/reviews/data=!4m8!14m7!1m6!2m5!1sChZDSUhNMG9nS0VJQ0FnSUNYdTV6cVl3EAE!2m1!1s0x0:0xbbca123bb3f99294!3m1!1s2@1:CIHM0ogKEICAgICXu5zqYw%7CCgwI567WuAYQoM_XqwI%7C?hl=en-US",
                "images": [
                    {
                        "thumbnail": "https://lh5.googleusercontent.com/p/AF1QipPjyWAgV_XEn58uti-gbLQ-4Jrc8mVmlCkWm4tc=w150-h150-k-no-p"
                    },
                    {
                        "thumbnail": "https://lh5.googleusercontent.com/p/AF1QipOaWpEwmElB94AJFwKVbSlG9XpFvbrkvyL00d8z=w150-h150-k-no-p"
                    },
                    {
                        "thumbnail": "https://lh5.googleusercontent.com/p/AF1QipPbNshgF8PHrRxOSkfqgsRKh2Z-Ljs-25NJJOWW=w150-h150-k-no-p"
                    }
                ],
                "date": "3 weeks ago"
            },
            {
                "username": "Bernard Dugan",
                "rating": 4,
                "contributor_id": "105049998825299460085",
                "description": "What a good find. Love Peruvian chicken, its so well seasoned. We got a half chicken and lomo salteado. With rice beans and yuca frita. We started with chicken empanadas. The sauces are so good and spicy. I wish this place served a wine or beer. Love Culantro. Try it!!!",
                "link": "https://www.google.com/maps/reviews/data=!4m8!14m7!1m6!2m5!1sChdDSUhNMG9nS0VJQ0FnSUM3NS1PVmtnRRAB!2m1!1s0x0:0xbbca123bb3f99294!3m1!1s2@1:CIHM0ogKEICAgIC75-OVkgE%7CCgsIq5CJtgYQ4ICWAw%7C?hl=en-US",
                "images": [
                    {
                        "thumbnail": "https://lh5.googleusercontent.com/p/AF1QipMOXlpX4LqgUCPvhkUSLbkbv6T29u6JMzvsxEg9=w150-h150-k-no-p"
                    },
                    {
                        "thumbnail": "https://lh5.googleusercontent.com/p/AF1QipN5s_UyQvBUpxA5CI6nmT03tZtNSf0GD5OyE7oY=w150-h150-k-no-p"
                    },
                    {
                        "thumbnail": "https://lh5.googleusercontent.com/p/AF1QipORK6shSEct_OgOuazqEbSarcI_N8fniXIsIhya=w150-h150-k-no-p"
                    },
                    {
                        "thumbnail": "https://lh5.googleusercontent.com/p/AF1QipPMJb7lD_EsemUgjcwKO1VGYVw-hhMrI1kJZoaH=w150-h150-k-no-p"
                    },
                    {
                        "thumbnail": "https://lh5.googleusercontent.com/p/AF1QipMBraELBmPYJDaX9K7Gc0_fzPGIcAlVBWqh31us=w150-h150-k-no-p"
                    }
                ],
                "date": "2 months ago"
            },
            {
                "username": "Brian Tang",
                "rating": 5,
                "contributor_id": "108198164559738450994",
                "description": "I’ve lived in Ann Arbor for 3 years and eaten at maybe 40-50 restaurants here. I think this is easily the best restaurant in Ann Arbor. I ordered the chicken (pollo a la braso), and it was seasoned and cooked perfectly. The rice was also fluffy and well-seasoned. Their service was friendly and accommodating as well. I ordered it another day for delivery and it was still great. I can’t stop thinking about this chicken. If their other dishes are this high quality then this restaurant deserves a Michelin star.",
                "link": "https://www.google.com/maps/reviews/data=!4m8!14m7!1m6!2m5!1sChZDSUhNMG9nS0VJQ0FnSUQ3bUlmamFBEAE!2m1!1s0x0:0xbbca123bb3f99294!3m1!1s2@1:CIHM0ogKEICAgID7mIfjaA%7CCgwIlu-UtgYQ0ML-9AE%7C?hl=en-US",
                "images": [
                    {
                        "thumbnail": "https://lh5.googleusercontent.com/p/AF1QipO43ILMIs-CdJvbrNkPMb1qsYcaDhTx4ssMZnn8=w150-h150-k-no-p"
                    }
                ],
                "date": "2 months ago"
            },
            {
                "username": "Eric White",
                "rating": 5,
                "contributor_id": "104385636929400759586",
                "description": "Culantro was an amazing stop for dinner! Highly recommended if you’re in the area.  The wait time to order, get seated, and receive my food was timely and the food was super tasty. Pictured below is the 1/4 lb Pan con Pollo with a side side, black beans, and a plate of Fritas.",
                "link": "https://www.google.com/maps/reviews/data=!4m8!14m7!1m6!2m5!1sChZDSUhNMG9nS0VJQ0FnSUNYbnB6WmZREAE!2m1!1s0x0:0xbbca123bb3f99294!3m1!1s2@1:CIHM0ogKEICAgICXnpzZfQ%7CCgwI6oDBuAYQoNCwrQE%7C?hl=en-US",
                "images": [
                    {
                        "thumbnail": "https://lh5.googleusercontent.com/p/AF1QipMs8_3DbufI0S_D4oe4TxCU8oEA8fEy2z8qkxRF=w150-h150-k-no-p"
                    }
                ],
                "date": "3 weeks ago"
            },
            {
                "username": "Kevin Tan",
                "rating": 5,
                "contributor_id": "111790687473840619006",
                "description": "1st Experience at Culantro: 5 Star Recommended.\n\nI had a delightful exploration of Peruvian flavors in Culantro.\nFrom spicy appetizers to rich, comforting entrees and innovative vegan options, each dish was a testament to the restaurant's commitment to flavor and quality.\n\nAppetizer Delight:\n-Patacones Picantes\nStarting off with Patacones Picantes, the crispy deep-fried banana plantains topped with spicy aji verde and pico de gallo were a vibrant introduction to the meal, offering a delightful mix of sour and spicy notes.\n\nMain Courses to Remember\n\n-Pan Con Pollo\nThe marinated and roasted chicken sandwich, enhanced with salsa criolla and served with fries, was a comforting blend of flavors, demonstrating the magic of simple, well-executed dishes.\n\n-Carne a La Plancha\nThis dish featured a well-done steak topped with an egg and served with an array of sides, including the standout chimichurri sauce that added a fresh, herby dimension to the meal.\n\n-Tallarin Verde Vegan\nA testament to the restaurant's versatility, this vegan spaghetti tossed in a rich, flavorful sauce with sautéed veggies and portobello mushrooms proved that plant-based dishes could dazzle the palate just as much as any meat dish.",
                "link": "https://www.google.com/maps/reviews/data=!4m8!14m7!1m6!2m5!1sChZDSUhNMG9nS0VJQ0FnSUNEdEltTU93EAE!2m1!1s0x0:0xbbca123bb3f99294!3m1!1s2@1:CIHM0ogKEICAgICDtImMOw%7CCgsIx5eDsAYQ4JGHFA%7C?hl=en-US",
                "images": [
                    {
                        "thumbnail": "https://lh5.googleusercontent.com/p/AF1QipMtOClN5Ce3PF27dNQ7vZwEN82IRtZ_18PMIQoe=w150-h150-k-no-p"
                    },
                    {
                        "thumbnail": "https://lh5.googleusercontent.com/p/AF1QipMXJ-zKQ9kNm5MVzsmkTL49Prm2U9V_b84HjxFf=w150-h150-k-no-p"
                    },
                    {
                        "thumbnail": "https://lh5.googleusercontent.com/p/AF1QipMBDjL537QEZVzBDmm6TsSOotR4LyZzbsvPvy5d=w150-h150-k-no-p"
                    },
                    {
                        "thumbnail": "https://lh5.googleusercontent.com/p/AF1QipNPcE5SQjhZAeB1L53TLubkJ_8SjMGEqOocPo-m=w150-h150-k-no-p"
                    }
                ],
                "date": "7 months ago"
            },
            {
                "username": "Janice David",
                "rating": 5,
                "contributor_id": "107411883841197464965",
                "description": "Worth the wait!\nEverything we had was amazing. Delicious, unique, and fresh. Esp recommend the Culantro Bowl if you are looking for bold vibrant flavors and the Aji de Gallina if you want something savory and comforting. Both juices we had were also delicious and refreshing. The whole time we were there it was packed with a line to the door and I can see why. 5 stars",
                "link": "https://www.google.com/maps/reviews/data=!4m8!14m7!1m6!2m5!1sChZDSUhNMG9nS0VJQ0FnSUROMS1LVkFREAE!2m1!1s0x0:0xbbca123bb3f99294!3m1!1s2@1:CIHM0ogKEICAgIDN1-KVAQ%7CCgwImqXRrQYQqIz4jQM%7C?hl=en-US",
                "images": [
                    {
                        "thumbnail": "https://lh5.googleusercontent.com/p/AF1QipO0ML6EdCHolvE7UGpAf--90ie7H32QJh4gEsPB=w150-h150-k-no-p"
                    },
                    {
                        "thumbnail": "https://lh5.googleusercontent.com/p/AF1QipPAwwW2yMgKMMWqKREOiX6GYLw9-hDNe7REwCZ-=w150-h150-k-no-p"
                    },
                    {
                        "thumbnail": "https://lh5.googleusercontent.com/p/AF1QipPKQXfu9XdYUDesrDJBljhqdFJa7AIrCYMPZNgR=w150-h150-k-no-p"
                    },
                    {
                        "thumbnail": "https://lh5.googleusercontent.com/p/AF1QipPyXHDHBg37fgRB1A_Q4dTVDoC2W7a69Y6fy7YT=w150-h150-k-no-p"
                    }
                ],
                "date": "9 months ago"
            },
            {
                "username": "Hank Putter",
                "rating": 3,
                "contributor_id": "110004903601536251886",
                "description": "Good food but a little lackluster. If you get the Pan con Pollo ask for extra sauce because it was dry. The Lomo Saltado was too salty LOL. Portion sizes are also pretty small. The actual restaurant is really small and it’s order at the booth and they don’t really have a system so when you walk in make sure to snag a table and then go order.",
                "link": "https://www.google.com/maps/reviews/data=!4m8!14m7!1m6!2m5!1sChdDSUhNMG9nS0VJQ0FnSUREeXBTbXBnRRAB!2m1!1s0x0:0xbbca123bb3f99294!3m1!1s2@1:CIHM0ogKEICAgIDDypSmpgE%7CCgsImrLMsAYQ4IGVHw%7C?hl=en-US",
                "images": [
                    {
                        "thumbnail": "https://lh5.googleusercontent.com/p/AF1QipMx6czmQFiaZdglZD_MGMQBbUjeD5jWGoXAmjIA=w150-h150-k-no-p"
                    },
                    {
                        "thumbnail": "https://lh5.googleusercontent.com/p/AF1QipPNVbTcS1UpfapajpA7rXcCpf3CCkRLKR3GBbvU=w150-h150-k-no-p"
                    },
                    {
                        "thumbnail": "https://lh5.googleusercontent.com/p/AF1QipOHM6gNv1oS1SmBspI3OcVhfdh-l5f5aJNe2j1S=w150-h150-k-no-p"
                    },
                    {
                        "thumbnail": "https://lh5.googleusercontent.com/p/AF1QipNVGMIYUCSlxqgKbL4khnHVyENQJL1XvD3Gcwr0=w150-h150-k-no-p"
                    },
                    {
                        "thumbnail": "https://lh5.googleusercontent.com/p/AF1QipM-gL3TpPXHuOBmeh2U3LOW7iJvqGWSSo3rCA26=w150-h150-k-no-p"
                    }
                ],
                "date": "7 months ago"
            }
        ]
    },
    "Services": {
        "dine_in": true,
        "takeout": true,
        "no_contact_delivery": true
    }
}