{
    "Title": "Dalat Restaurant",
    "Price": [],
    "Place ID": "ChIJ-TgoqTioPIgRB2JM8hgQJ4w",
    "Type ID": [],
    "Type": [
        "Vietnamese restaurant",
        "Asian restaurant"
    ],
    "Address": "2216 S Main St, Ann Arbor, MI 48103",
    "GPS Coordinates": {
        "latitude": 42.2527748,
        "longitude": -83.7505941
    },
    "Phone Number": "(734) 487-7600",
    "Rating": 4.4,
    "Rating Summary": [
        {
            "stars": 1,
            "amount": 21
        },
        {
            "stars": 2,
            "amount": 10
        },
        {
            "stars": 3,
            "amount": 40
        },
        {
            "stars": 4,
            "amount": 92
        },
        {
            "stars": 5,
            "amount": 314
        }
    ],
    "Opening Hours": [
        {
            "tuesday": "11 AM–7:30 PM"
        },
        {
            "wednesday": "11 AM–7:30 PM"
        },
        {
            "thursday": "11 AM–7:30 PM"
        },
        {
            "friday": "11 AM–7:30 PM"
        },
        {
            "saturday": "11 AM–7 PM"
        },
        {
            "sunday": "Closed"
        },
        {
            "monday": "11 AM–7:30 PM"
        }
    ],
    "Description": "Long-running, family-owned eatery serving Vietnamese fare, including pho, in simple environs.",
    "Details": [
        {
            "from_the_business": [
                "Identifies as Asian-owned",
                "Identifies as women-owned"
            ]
        },
        {
            "highlights": [
                "Fast service",
                "Great tea selection"
            ]
        },
        {
            "popular_for": [
                "Lunch",
                "Dinner",
                "Solo dining"
            ]
        },
        {
            "accessibility": [
                "Wheelchair accessible entrance",
                "Wheelchair accessible parking lot",
                "Wheelchair accessible restroom",
                "Wheelchair accessible seating"
            ]
        },
        {
            "offerings": [
                "Coffee",
                "Comfort food",
                "Healthy options",
                "Quick bite",
                "Small plates",
                "Vegan options",
                "Vegetarian options"
            ]
        },
        {
            "dining_options": [
                "Lunch",
                "Dinner",
                "Dessert",
                "Seating"
            ]
        },
        {
            "amenities": [
                "Restroom",
                "Wi-Fi",
                "Free Wi-Fi"
            ]
        },
        {
            "atmosphere": [
                "Casual",
                "Cozy"
            ]
        },
        {
            "crowd": [
                "College students",
                "Groups",
                "Tourists"
            ]
        },
        {
            "planning": [
                "Accepts reservations"
            ]
        },
        {
            "payments": [
                "Credit cards",
                "Debit cards",
                "NFC mobile payments"
            ]
        },
        {
            "children": [
                "Good for kids",
                "High chairs"
            ]
        },
        {
            "parking": [
                "Free parking lot",
                "Plenty of parking"
            ]
        }
    ],
    "User Reviews": {
        "summary": [
            {
                "snippet": "\"I ordered iced Vietnamese coffee and the #10 chicken pho.\""
            },
            {
                "snippet": "\"Delicious food, good bubble tea sushi, recommend mango flavor\""
            },
            {
                "snippet": "\"This rude owner thinks that I gave the stars based on over priced price.\""
            }
        ],
        "most_relevant": [
            {
                "username": "Laura Thompson",
                "rating": 5,
                "contributor_id": "112089818882514472571",
                "description": "Dalat Vietnamese Restaurant is worth a visit.  I have been here twice.  Each time I order the Phở tái nạm (Beef Noodles Soup).  So delicious.  Bean sprouts, lime, basil leaves and jalapeños served on a side plate to use as desired.\n\nPho tai nam is a  traditional Vietnamese beef-base rice noodles soup with medium well-done sliced beef, beef brisket topped with onions & cilantro.  They have many other dishes besides the noodle soups.  For lunch there are different specials as well such as Benito boxes. They offer sit down service or pick up.  The staff waits on you quickly.  If you pay with credit card there is a extra charge.  When paying in cash they will discount the bill given to you.\n4-23-2024 Stopped by again and decided to try something new. Bánh xèo.  It is a piece of pan-fried golden crispy crêpe filled with shrimp & chicken (or pork), mushrooms, beansprouts and onions. On the side they give you a sweet and sour sauce to use with it.  I never had this before but I am wondering if mine was over cooked.  It was very crispy and brown not golden.  On the internet when you look up this dish it looks yellow almost resembling an egg omelet in appearance.  It seemed like a very greasy dish.  I also got the Spring rolls.  My mistake to order to fried dishes together.  Way to much oil.  I won't try this again.  The Pho is way too good to get this dish.  I will try to included photos.",
                "link": "https://www.google.com/maps/reviews/data=!4m8!14m7!1m6!2m5!1sChdDSUhNMG9nS0VJQ0FnSUNSMmFQazlRRRAB!2m1!1s0x0:0x8c271018f24c6207!3m1!1s2@1:CIHM0ogKEICAgICR2aPk9QE%7CCgwIor27sQYQkLLs5AI%7C?hl=en-US",
                "images": [
                    {
                        "thumbnail": "https://lh5.googleusercontent.com/p/AF1QipNZwpbDH8bfIx2Xwoew--JR8IhS_JJsECnGtp7X=w150-h150-k-no-p"
                    },
                    {
                        "thumbnail": "https://lh5.googleusercontent.com/p/AF1QipMtAHKG_xyxKnmJCzsxNAvAPhxjFTNApCm9VTCd=w150-h150-k-no-p"
                    },
                    {
                        "thumbnail": "https://lh5.googleusercontent.com/p/AF1QipPBNrMiWqBD87LoNmm4nU0s4dD1JbHx8xugq3z1=w150-h150-k-no-p"
                    },
                    {
                        "thumbnail": "https://lh5.googleusercontent.com/p/AF1QipMuS_5EJdZU_bVGwL0j65YqgOPBPjhdPlYHUaIa=w150-h150-k-no-p"
                    }
                ],
                "date": "6 months ago"
            },
            {
                "username": "Candace Winslow",
                "rating": 5,
                "contributor_id": "107031535556652009384",
                "description": "After reading extreme pro/con reviews and owner's idc responses, I had to try this place myself. It was fine. Fresh ingredients, not overcooked, 5 minutes at lunch hour, not huge proportions. my bad for not noting the dish I ordered. Plenty of seating inside and a little spot around the corner if you want to eat outdoors. If I had any suggestion, it would be to order Medium or ask for more spice on to go order.",
                "link": "https://www.google.com/maps/reviews/data=!4m8!14m7!1m6!2m5!1sChdDSUhNMG9nS0VJQ0FnSURqZzhHQXRRRRAB!2m1!1s0x0:0x8c271018f24c6207!3m1!1s2@1:CIHM0ogKEICAgIDjg8GAtQE%7CCgwIypXlsQYQ-Oy2nQI%7C?hl=en-US",
                "images": [
                    {
                        "thumbnail": "https://lh5.googleusercontent.com/p/AF1QipPzDiJHQv0NgI4nk9YVbs8-66ahEpdV8WZ5ywgb=w150-h150-k-no-p"
                    }
                ],
                "date": "6 months ago"
            },
            {
                "username": "Dawn Prostell",
                "rating": 4,
                "contributor_id": "106153925260412976940",
                "description": "We had the #2 appetizers, which were very fresh and delicious. I had the #14 Pho, which had chicken, shrimp, crab, and squid. The broth was amazing. All the ingredients tasted very fresh. We also split #25 Xao Ca Ri, and it was also very good. Everything was seasoned just right. Go at lunchtime as they do have specials. Location was easy to find, and the atmosphere was very inviting.",
                "link": "https://www.google.com/maps/reviews/data=!4m8!14m7!1m6!2m5!1sChZDSUhNMG9nS0VJQ0FnSUNWak4zWWFREAE!2m1!1s0x0:0x8c271018f24c6207!3m1!1s2@1:CIHM0ogKEICAgICVjN3YaQ%7CCgwI5bS-qwYQ0Ij33gI%7C?hl=en-US",
                "images": [
                    {
                        "thumbnail": "https://lh5.googleusercontent.com/p/AF1QipNtB_RCKlTxzwL25vhyd7NdVPdVptqs7q7FZgr5=w150-h150-k-no-p"
                    },
                    {
                        "thumbnail": "https://lh5.googleusercontent.com/p/AF1QipNRe0nvnXQ_47sjfQtbruvRvVYpEdwI51rCyuPu=w150-h150-k-no-p"
                    }
                ],
                "date": "11 months ago"
            },
            {
                "username": "Ellen Bauer",
                "rating": 5,
                "contributor_id": "102153278433919250391",
                "description": "Tried for the first time and everything was really good! They had a lot of vegetarian options. Their Vietnamese iced coffee was great. Friendly service. Will definitely be back.",
                "link": "https://www.google.com/maps/reviews/data=!4m8!14m7!1m6!2m5!1sChdDSUhNMG9nS0VJQ0FnSURYcnFDUW53RRAB!2m1!1s0x0:0x8c271018f24c6207!3m1!1s2@1:CIHM0ogKEICAgIDXrqCQnwE%7CCgsIltH4uAYQyJG2IQ%7C?hl=en-US",
                "date": "2 weeks ago"
            },
            {
                "username": "Chulwon Lee",
                "rating": 4,
                "contributor_id": "105416772281571033509",
                "description": "The best, most authentic Vietnamese pho place in the town. Their BunBoHue is really good. I did not really liked their noodle(bun), but the broth had good enough spiciness and nicely balanced layers of different flavors. Their pho was also very authentic. The prices are also quite reasonable, considering the crazy inflation nowadays. Overall I'd definitely recommend this place to anyone seeking for an authentic Vietnamese joint.",
                "link": "https://www.google.com/maps/reviews/data=!4m8!14m7!1m6!2m5!1sChdDSUhNMG9nS0VJQ0FnSUNaOGRlQTdRRRAB!2m1!1s0x0:0x8c271018f24c6207!3m1!1s2@1:CIHM0ogKEICAgICZ8deA7QE%7CCgwIgaSDqAYQyPWpsAI%7C?hl=en-US",
                "images": [
                    {
                        "thumbnail": "https://lh5.googleusercontent.com/p/AF1QipMZJF_OmMcVSYjpTYz4lLABE-c6QIbPuul1outJ=w150-h150-k-no-p"
                    },
                    {
                        "thumbnail": "https://lh5.googleusercontent.com/p/AF1QipPrRP1f9fwKH1wg_cEp_Idys3ezR6oGj8lR8QM5=w150-h150-k-no-p"
                    },
                    {
                        "thumbnail": "https://lh5.googleusercontent.com/p/AF1QipOA8kxXQ825HZ8CyqSRKb0wRVrDo3slzKlbmyk_=w150-h150-k-no-p"
                    },
                    {
                        "thumbnail": "https://lh5.googleusercontent.com/p/AF1QipN17pN46uO-F1nMGr2uYBtKZZASMd9sBiigpWOD=w150-h150-k-no-p"
                    },
                    {
                        "thumbnail": "https://lh5.googleusercontent.com/p/AF1QipOcSgBzrGibjA3DuvnG863AFxMrU3PjEfAC7C_w=w150-h150-k-no-p"
                    },
                    {
                        "thumbnail": "https://lh5.googleusercontent.com/p/AF1QipN8sqXRgf3GM3AIUI9mzu2kX1AIO-CucGKrEEsK=w150-h150-k-no-p"
                    },
                    {
                        "thumbnail": "https://lh5.googleusercontent.com/p/AF1QipO-6F4DtL_wmqrKnO36wf0kWY_a78Ljk7e2j6u8=w150-h150-k-no-p"
                    },
                    {
                        "thumbnail": "https://lh5.googleusercontent.com/p/AF1QipODbd07xjOIXatJHVFkaI0NzXrd08hRFSaBlJzp=w150-h150-k-no-p"
                    },
                    {
                        "thumbnail": "https://lh5.googleusercontent.com/p/AF1QipPBlzrYd1gr-uYSbMwPP9IQNWazRZb9x059RK-u=w150-h150-k-no-p"
                    },
                    {
                        "thumbnail": "https://lh5.googleusercontent.com/p/AF1QipP2jPiTnrshdW3LuZuApk2vIZt3jIHU0nr5cpGW=w150-h150-k-no-p"
                    },
                    {
                        "thumbnail": "https://lh5.googleusercontent.com/p/AF1QipPkakDaMvOpG4MKvztvbdn0EFCXh1eoodkwJ3QO=w150-h150-k-no-p"
                    }
                ],
                "date": "a year ago"
            },
            {
                "username": "Alice",
                "rating": 5,
                "contributor_id": "117082194834501935064",
                "description": "Stopped by for lunch and ordered a vegetarian bento box and pho. All of the food was wonderful and warmed me up on a cold winter day. The servers were friendly and the food was served quickly. I will definitely be returning and I really recommend you try this place too. :3",
                "link": "https://www.google.com/maps/reviews/data=!4m8!14m7!1m6!2m5!1sChZDSUhNMG9nS0VJQ0FnSUNkcFo2V0tBEAE!2m1!1s0x0:0x8c271018f24c6207!3m1!1s2@1:CIHM0ogKEICAgICdpZ6WKA%7CCgwIlPm-rgYQkIHhgQE%7C?hl=en-US",
                "images": [
                    {
                        "thumbnail": "https://lh5.googleusercontent.com/p/AF1QipMoA8zKZuDUhdjKkQtv6isHtvzTRZ9LVxpRItj1=w150-h150-k-no-p"
                    }
                ],
                "date": "8 months ago"
            },
            {
                "username": "Nathan Noland",
                "rating": 5,
                "contributor_id": "115403620397059731904",
                "description": "This place turned out to be a solid stop. The Bánh xèo was the winner for me - it had amazing texture and was crisp, filled with flavorful and fresh ingredients. The fried egg rolls were also really good. It’s a great choice if you’re in the area and it was a much needed break from American foods that were pretty much the only thing on offer around the cabin we spent the summer at.",
                "link": "https://www.google.com/maps/reviews/data=!4m8!14m7!1m6!2m5!1sChdDSUhNMG9nS0VJQ0FnSURhcjlINF9RRRAB!2m1!1s0x0:0x8c271018f24c6207!3m1!1s2@1:CIHM0ogKEICAgIDar9H4_QE%7CCgwI4aiciQYQsOPF8gE%7C?hl=en-US",
                "images": [
                    {
                        "thumbnail": "https://lh5.googleusercontent.com/p/AF1QipOysDmQXNIBbE7oH0w63rOnafpnRBpJkMZTHu1y=w150-h150-k-no-p"
                    },
                    {
                        "thumbnail": "https://lh5.googleusercontent.com/p/AF1QipOB_C-K-WOh7Sg6243zPr_u524VT9ScdYAB5QR2=w150-h150-k-no-p"
                    },
                    {
                        "thumbnail": "https://lh5.googleusercontent.com/p/AF1QipNc2rhwmcW0Xw8pz7GbYO18iUZ2kxVzbwkdrQcC=w150-h150-k-no-p"
                    }
                ],
                "date": "3 years ago"
            },
            {
                "username": "Rebecca Crosbie",
                "rating": 5,
                "contributor_id": "100812610303393436256",
                "description": "Delicious and hearty chicken and beef pho. Great fried rice (I especially like #34 which is a more delicate tasting basil fried rice compared to normal fried rice). Many vegetarian offerings. Service is always great. Family-run and they take pride in the restaurant. They have some lunch specials in person and sometimes through the clover online purchase app (linked to in their website).",
                "link": "https://www.google.com/maps/reviews/data=!4m8!14m7!1m6!2m5!1sChZDSUhNMG9nS0VJQ0FnSURwNlluRVhnEAE!2m1!1s0x0:0x8c271018f24c6207!3m1!1s2@1:CIHM0ogKEICAgIDp6YnEXg%7CCgwIqb-epwYQuNv81wE%7C?hl=en-US",
                "images": [
                    {
                        "thumbnail": "https://lh5.googleusercontent.com/p/AF1QipNOqjwMrjBL0rmGVvAHaLRV7KZUiPSSScNMHoVr=w150-h150-k-no-p"
                    }
                ],
                "date": "a year ago"
            }
        ]
    },
    "Services": {
        "dine_in": true,
        "takeout": true,
        "no_contact_delivery": true
    }
}