{
    "Title": "Detroit Street Filling Station",
    "Price": [],
    "Place ID": "ChIJWbu34xWuPIgRXrErOhj9_e8",
    "Type ID": [],
    "Type": [
        "Vegan restaurant"
    ],
    "Address": "300 Detroit St, Ann Arbor, MI 48104",
    "GPS Coordinates": {
        "latitude": 42.283411099999995,
        "longitude": -83.7463361
    },
    "Phone Number": "(734) 224-8262",
    "Rating": 4.7,
    "Rating Summary": [
        {
            "stars": 1,
            "amount": 26
        },
        {
            "stars": 2,
            "amount": 17
        },
        {
            "stars": 3,
            "amount": 47
        },
        {
            "stars": 4,
            "amount": 144
        },
        {
            "stars": 5,
            "amount": 1059
        }
    ],
    "Opening Hours": [
        {
            "tuesday": "11:30 AM–8 PM"
        },
        {
            "wednesday": "11:30 AM–8 PM"
        },
        {
            "thursday": "11:30 AM–8 PM"
        },
        {
            "friday": "11:30 AM–8 PM"
        },
        {
            "saturday": "12–8 PM"
        },
        {
            "sunday": "12–8 PM"
        },
        {
            "monday": "11:30 AM–8 PM"
        }
    ],
    "Description": "Casual cafe with art-lined walls serving creative comfort fare, plenty of vegan dishes & cocktails.",
    "Details": [
        {
            "from_the_business": [
                "Identifies as women-owned"
            ]
        },
        {
            "highlights": [
                "Fast service",
                "Great dessert",
                "Great tea selection",
                "Live music"
            ]
        },
        {
            "popular_for": [
                "Lunch",
                "Dinner",
                "Solo dining"
            ]
        },
        {
            "accessibility": [
                "Wheelchair accessible entrance",
                "Wheelchair accessible parking lot",
                "Wheelchair accessible restroom",
                "Wheelchair accessible seating"
            ]
        },
        {
            "offerings": [
                "Alcohol",
                "Beer",
                "Cocktails",
                "Coffee",
                "Comfort food",
                "Hard liquor",
                "Healthy options",
                "Quick bite",
                "Small plates",
                "Vegan options",
                "Vegetarian options",
                "Wine"
            ]
        },
        {
            "dining_options": [
                "Brunch",
                "Lunch",
                "Dinner",
                "Dessert",
                "Seating"
            ]
        },
        {
            "amenities": [
                "Bar onsite",
                "Gender-neutral restroom",
                "Restroom",
                "Wi-Fi",
                "Free Wi-Fi"
            ]
        },
        {
            "atmosphere": [
                "Casual",
                "Cozy",
                "Trendy"
            ]
        },
        {
            "crowd": [
                "College students",
                "Family-friendly",
                "Groups",
                "LGBTQ+ friendly",
                "Tourists",
                "Transgender safespace"
            ]
        },
        {
            "payments": [
                "Credit cards",
                "Debit cards",
                "NFC mobile payments"
            ]
        },
        {
            "children": [
                "Good for kids",
                "High chairs"
            ]
        },
        {
            "parking": [
                "Free street parking",
                "Paid parking lot",
                "Paid street parking",
                "Plenty of parking"
            ]
        },
        {
            "pets": [
                "Dogs allowed outside"
            ]
        }
    ],
    "User Reviews": {
        "summary": [
            {
                "snippet": "\"We ordered the Best Wrap, fried tofu, spinach and artichoke dip and a salad.\""
            },
            {
                "snippet": "\"Super friendly staff, great-tasting dishes, and nice indoor and outdoor seating!\""
            },
            {
                "snippet": "\"Excellent food, great portions, amazing service, and serene atmosphere.\""
            }
        ],
        "most_relevant": [
            {
                "username": "Roshini Rohra",
                "rating": 5,
                "contributor_id": "111841930987792583068",
                "description": "It is a cute place decorated with lots of art and plants. We are vegetarians and had been wanting to try this place since a long time! We went basis the reviews and it did not disappoint!\nWe ordered\n1. Buffalo Cauliflower Wings - This is a must try!\n2. Spinach Artichoke Dip - The dip is amazing!  We ordered it again.\n3. Chk'n Fried Wild Mushroom Sandwich - Mushrooms were a great filler!\n4. The World's Greatest Wrap - The name says it all!\n5. Pad Thai - It was good but the other items we tried were even better!\n\nThe server was very friendly and was always ready to clarify our doubts. The service was fairly quick too.\n\nLot more options to try from! We would definitely go again!",
                "link": "https://www.google.com/maps/reviews/data=!4m8!14m7!1m6!2m5!1sChdDSUhNMG9nS0VJQ0FnSUQ3MjVtVWdnRRAB!2m1!1s0x0:0xeffdfd183a2bb15e!3m1!1s2@1:CIHM0ogKEICAgID725mUggE%7CCgwIkL2-tgYQ2JzDrwE%7C?hl=en-US",
                "images": [
                    {
                        "thumbnail": "https://lh5.googleusercontent.com/p/AF1QipPUhWiok1ZIDVufmBPKDjQKjt5_Sd2mJqFOAxRA=w150-h150-k-no-p"
                    },
                    {
                        "thumbnail": "https://lh5.googleusercontent.com/p/AF1QipOdPt-WjZOU3wHgK9nvlzZuiB4wFQuBIO3AO8Io=w150-h150-k-no-p"
                    },
                    {
                        "thumbnail": "https://lh5.googleusercontent.com/p/AF1QipOPLZTK_Ca6qeqjgZtdtS-Xdx1SzNczc9KH3Gfl=w150-h150-k-no-p"
                    }
                ],
                "date": "2 months ago"
            },
            {
                "username": "Kathleen LaTosch",
                "rating": 5,
                "contributor_id": "110400335464876100080",
                "description": "Lovely mid-September late lunch at the 100% vegan street side cafe.  Waiter recommended a customer favorite - the Reuben - which was delicious, especially the sauerkraut!  He also brought me a complimentary sampler cup of Chana masala soup since it was my first time there.  I could have had more - also delicious.  Highly recommend and will come back!  Lots of gluten free options too.",
                "link": "https://www.google.com/maps/reviews/data=!4m8!14m7!1m6!2m5!1sChZDSUhNMG9nS0VJQ0FnSUNIXzhic0ZnEAE!2m1!1s0x0:0xeffdfd183a2bb15e!3m1!1s2@1:CIHM0ogKEICAgICH_8bsFg%7CCgsIhoCDtwYQ4OnFOw%7C?hl=en-US",
                "images": [
                    {
                        "thumbnail": "https://lh5.googleusercontent.com/p/AF1QipOUiGrIy4UDOFIxz6cmnHUJlMvYuTfoZxeOVJH8=w150-h150-k-no-p"
                    },
                    {
                        "thumbnail": "https://lh5.googleusercontent.com/p/AF1QipMNx-wpz7Rz202RxkXukxrZgUieh728aS_PzXZI=w150-h150-k-no-p"
                    },
                    {
                        "thumbnail": "https://lh5.googleusercontent.com/p/AF1QipP9xQ-LLs1k3EMe5cvihCzMQSVncvX2p14KAhDA=w150-h150-k-no-p"
                    },
                    {
                        "thumbnail": "https://lh5.googleusercontent.com/p/AF1QipPPAlN0FRmmYPxSBule2Mjiv2klD0jslOY96m8Q=w150-h150-k-no-p"
                    },
                    {
                        "thumbnail": "https://lh5.googleusercontent.com/p/AF1QipMMQVaBQn5nrftCgq9pDOlwXzhStrTmdYCnJuC6=w150-h150-k-no-p"
                    },
                    {
                        "thumbnail": "https://lh5.googleusercontent.com/p/AF1QipMNwNjepKdPm9QCbJMXXGDrBJPdq6VCfMbaFWH0=w150-h150-k-no-p"
                    }
                ],
                "date": "2 months ago"
            },
            {
                "username": "Elicia P",
                "rating": 5,
                "contributor_id": "112416246612925227968",
                "description": "Lovely restaurant located on a corner. Street seating as well as open air seating (indoor too).\nOrdering can be done on the phone via qr code or in person with server.\nStaff is very attentive and are knowledgeable in menu items.\nMany items can be modified to your liking or dietary. Love that they ask if need be gf, soy, nut free.\nThe food was very tasty and appealing looking. The portion sizes are definitely enough.\nOverall, loved this restaurant,  the staff, the vibe, and the food. Would come again.",
                "link": "https://www.google.com/maps/reviews/data=!4m8!14m7!1m6!2m5!1sChZDSUhNMG9nS0VJQ0FnSUNYbUpMQk9nEAE!2m1!1s0x0:0xeffdfd183a2bb15e!3m1!1s2@1:CIHM0ogKEICAgICXmJLBOg%7CCgsI9firuAYQ0JL2Ag%7C?hl=en-US",
                "images": [
                    {
                        "thumbnail": "https://lh5.googleusercontent.com/p/AF1QipNjTTcePvHRJ35hE8InVXPH2UlMLGRpXQQHFFmi=w150-h150-k-no-p"
                    },
                    {
                        "thumbnail": "https://lh5.googleusercontent.com/p/AF1QipP58u8WAU9vgrnW5VtmLYKYf-RLmbrwulMVIMDF=w150-h150-k-no-p"
                    }
                ],
                "date": "a month ago"
            },
            {
                "username": "Ben Blue",
                "rating": 5,
                "contributor_id": "103954947471376750790",
                "description": "Awesome spot for vegan food. Menu is 100% plant based. I’ve got a weak spot for a vegan Reuben (this one is tempeh Reuben) and the one here did not disappoint!",
                "link": "https://www.google.com/maps/reviews/data=!4m8!14m7!1m6!2m5!1sChZDSUhNMG9nS0VJQ0FnSURYN0wzdmNnEAE!2m1!1s0x0:0xeffdfd183a2bb15e!3m1!1s2@1:CIHM0ogKEICAgIDX7L3vcg%7CCgsItMfruAYQ6MuQfg%7C?hl=en-US",
                "images": [
                    {
                        "thumbnail": "https://lh5.googleusercontent.com/p/AF1QipOkVMe_hqsTMTIs0q11HJpE0v6MksOTntDMYK8N=w150-h150-k-no-p"
                    },
                    {
                        "thumbnail": "https://lh5.googleusercontent.com/p/AF1QipN0AkpuJoSotRYE8BgGQOBt_a3VkorVbJ7JmFhO=w150-h150-k-no-p"
                    },
                    {
                        "thumbnail": "https://lh5.googleusercontent.com/p/AF1QipNq0jwNjKriPRnieMednjNQbgrnHxhJ8wIy0dMr=w150-h150-k-no-p"
                    },
                    {
                        "thumbnail": "https://lh5.googleusercontent.com/p/AF1QipORD-vfFTnjZyRjfuvpZ44IeUok29qdZANorM0y=w150-h150-k-no-p"
                    },
                    {
                        "thumbnail": "https://lh5.googleusercontent.com/p/AF1QipPnowlQlAr6Hww8hJq1FyKQsJCX4B1mB8loInlo=w150-h150-k-no-p"
                    },
                    {
                        "thumbnail": "https://lh5.googleusercontent.com/p/AF1QipMXHJdr1joiDxO3ikzZU7gXmjMMZn9jpDksZ-St=w150-h150-k-no-p"
                    }
                ],
                "date": "2 weeks ago"
            },
            {
                "username": "Dirty Souf Yankee",
                "rating": 5,
                "contributor_id": "113427137643909466176",
                "description": "I literally wish I could have ordered everything on the menu. Every plate I saw on every person's table looked absolutely delicious!!!! Staff was all super helpful, friendly and kind. The items I *did* order were very yummy. I got the gazpacho soup and raspberry basil cashew grilled cheese. So freaking good!!!",
                "link": "https://www.google.com/maps/reviews/data=!4m8!14m7!1m6!2m5!1sChdDSUhNMG9nS0VJQ0FnSUNILUxXd3RRRRAB!2m1!1s0x0:0xeffdfd183a2bb15e!3m1!1s2@1:CIHM0ogKEICAgICH-LWwtQE%7CCgsI8MTPtgYQ-MGmOw%7C?hl=en-US",
                "images": [
                    {
                        "thumbnail": "https://lh5.googleusercontent.com/p/AF1QipOlsnPWeAoBP4eoGS5zPcj70KZg8xNbBnX1pUiO=w150-h150-k-no-p"
                    },
                    {
                        "thumbnail": "https://lh5.googleusercontent.com/p/AF1QipMqVU2498btmOdPRxi3QJ7wXzUQz66Uq-oOuY-Z=w150-h150-k-no-p"
                    },
                    {
                        "thumbnail": "https://lh5.googleusercontent.com/p/AF1QipMVRKWFJ7H27GAFUmn821JtfEM-LsZe05yId0K8=w150-h150-k-no-p"
                    }
                ],
                "date": "2 months ago"
            },
            {
                "username": "Yuliang Hu",
                "rating": 5,
                "contributor_id": "110046364390822301973",
                "description": "All the dishes we tried so far have been flavorful and the portion sizes were very filling for the price. Easy way to order on the QR code and reasonably efficient service. Nice environment to hangout. Hope they can stay open until later in the evening in the future.",
                "link": "https://www.google.com/maps/reviews/data=!4m8!14m7!1m6!2m5!1sChZDSUhNMG9nS0VJQ0FnSURIblp6YVpREAE!2m1!1s0x0:0xeffdfd183a2bb15e!3m1!1s2@1:CIHM0ogKEICAgIDHnZzaZQ%7CCgwIzPGttwYQyNSUlAE%7C?hl=en-US",
                "images": [
                    {
                        "thumbnail": "https://lh5.googleusercontent.com/p/AF1QipMvPGvkBlxV65RqQ78xOYIaDd3e50Dr1cNLQMQ-=w150-h150-k-no-p"
                    },
                    {
                        "thumbnail": "https://lh5.googleusercontent.com/p/AF1QipOygx1CddRWZaI7b9_fpsuQ3qiBH9Ig8QdTuB54=w150-h150-k-no-p"
                    }
                ],
                "date": "a month ago"
            },
            {
                "username": "Chelsea Naylor",
                "rating": 5,
                "contributor_id": "117722672748674964062",
                "description": "So good my meat-eating friend gave it 4.5/5 stars. The buffalo cauliflower app and \"the greatest wrap\" were especially good; the fun tots were just ok. Super cute ambiance too!",
                "link": "https://www.google.com/maps/reviews/data=!4m8!14m7!1m6!2m5!1sChZDSUhNMG9nS0VJQ0FnSURUazV6WVRREAE!2m1!1s0x0:0xeffdfd183a2bb15e!3m1!1s2@1:CIHM0ogKEICAgIDTk5zYTQ%7CCgsIzPPRsgYQiNylTw%7C?hl=en-US",
                "images": [
                    {
                        "thumbnail": "https://lh5.googleusercontent.com/p/AF1QipNg8WOEHNJ54o9E9NuG4eqs_f9t7fOXBQeAdZzD=w150-h150-k-no-p"
                    },
                    {
                        "thumbnail": "https://lh5.googleusercontent.com/p/AF1QipMmblmvtBuO022YEvw_ACrNP3PSZw34rHJlZZYE=w150-h150-k-no-p"
                    },
                    {
                        "thumbnail": "https://lh5.googleusercontent.com/p/AF1QipP0dn9IQ-x3BV1d8orGC5cIcAcPkO1mtgEwA1X-=w150-h150-k-no-p"
                    }
                ],
                "date": "5 months ago"
            },
            {
                "username": "sandraknight1",
                "rating": 5,
                "contributor_id": "105015091473576106122",
                "description": "You don’t even need to be vegan to love this place. Simply delicious food with a perfect light & airy ambiance adorned with interesting plants and art. My Taco ‘Bout It Salad was exceptional and my son throughly enjoyed his Grilled Queso Burrito. Our server was wonderful. Thank you Detroit Street Filling Station for creating such a splendid eatery for everyone (vegans and all!) Can’t wait to return",
                "link": "https://www.google.com/maps/reviews/data=!4m8!14m7!1m6!2m5!1sChZDSUhNMG9nS0VJQ0FnSURENU1QU1dREAE!2m1!1s0x0:0xeffdfd183a2bb15e!3m1!1s2@1:CIHM0ogKEICAgIDD5MPSWQ%7CCgwIw6XCsAYQoJnwggE%7C?hl=en-US",
                "images": [
                    {
                        "thumbnail": "https://lh5.googleusercontent.com/p/AF1QipP14CVQEHr4i5Hh9eqq30u_g19-B2fuNflRQJJz=w150-h150-k-no-p"
                    },
                    {
                        "thumbnail": "https://lh5.googleusercontent.com/p/AF1QipO27wF_mGsi-yKV_SNz9y9tjryn7xqDCa6U323L=w150-h150-k-no-p"
                    },
                    {
                        "thumbnail": "https://lh5.googleusercontent.com/p/AF1QipPkNuahSaySkOKn4m3Yrn9MSB5BXBbgofojtxGF=w150-h150-k-no-p"
                    },
                    {
                        "thumbnail": "https://lh5.googleusercontent.com/p/AF1QipNaiKztt7j0sS6zaFbfC7jNd1gqFl_I0pPAjVKC=w150-h150-k-no-p"
                    },
                    {
                        "thumbnail": "https://lh5.googleusercontent.com/p/AF1QipPtaUWmJfMF0P4DtlxV3_hPddmm4XZjyPFIU4pJ=w150-h150-k-no-p"
                    },
                    {
                        "thumbnail": "https://lh5.googleusercontent.com/p/AF1QipNAqjZl5P-yx41tbRPlY0SVz5v6LL52t0_Spfl1=w150-h150-k-no-p"
                    },
                    {
                        "thumbnail": "https://lh5.googleusercontent.com/p/AF1QipPpCjJa9vn6lHmWrzeJvU9I6o9veefpyW6f5Hm_=w150-h150-k-no-p"
                    },
                    {
                        "thumbnail": "https://lh5.googleusercontent.com/p/AF1QipPeMj9gxcbOyW9kp4fevDklU1VZPjB1b7MdJfL1=w150-h150-k-no-p"
                    },
                    {
                        "thumbnail": "https://lh5.googleusercontent.com/p/AF1QipNv7uQ35wRENA14JUHj8RfujLbx3-wr_5uj-FzP=w150-h150-k-no-p"
                    }
                ],
                "date": "7 months ago"
            }
        ]
    },
    "Services": {
        "dine_in": true,
        "curbside_pickup": true,
        "delivery": false
    }
}