{
    "Title": "Don Juan Mexican Bar & Grill",
    "Price": [],
    "Place ID": "ChIJo3T7p8-xPIgRBA_6Pgpx600",
    "Type ID": [],
    "Type": [
        "Mexican restaurant"
    ],
    "Address": "2135 W Stadium Blvd, Ann Arbor, MI 48103",
    "GPS Coordinates": {
        "latitude": 42.2722328,
        "longitude": -83.7763628
    },
    "Phone Number": "(734) 769-1650",
    "Rating": 4.3,
    "Rating Summary": [
        {
            "stars": 1,
            "amount": 38
        },
        {
            "stars": 2,
            "amount": 31
        },
        {
            "stars": 3,
            "amount": 60
        },
        {
            "stars": 4,
            "amount": 200
        },
        {
            "stars": 5,
            "amount": 467
        }
    ],
    "Opening Hours": [
        {
            "tuesday": "11 AM–10 PM"
        },
        {
            "wednesday": "11 AM–10 PM"
        },
        {
            "thursday": "11 AM–10 PM"
        },
        {
            "friday": "11 AM–11 PM"
        },
        {
            "saturday": "11 AM–11 PM"
        },
        {
            "sunday": "11 AM–10 PM"
        },
        {
            "monday": "11 AM–10 PM"
        }
    ],
    "Description": "Mexican joint in a strip mall with a sizable menu of classic dishes, plus daiquiris & margaritas.",
    "Details": [
        {
            "highlights": [
                "Fast service",
                "Sports"
            ]
        },
        {
            "popular_for": [
                "Lunch",
                "Dinner",
                "Solo dining"
            ]
        },
        {
            "accessibility": [
                "Wheelchair accessible entrance",
                "Wheelchair accessible parking lot",
                "Wheelchair accessible restroom",
                "Wheelchair accessible seating"
            ]
        },
        {
            "offerings": [
                "Alcohol",
                "Beer",
                "Cocktails",
                "Coffee",
                "Comfort food",
                "Happy hour drinks",
                "Happy hour food",
                "Hard liquor",
                "Late-night food",
                "Quick bite",
                "Small plates",
                "Vegetarian options",
                "Wine"
            ]
        },
        {
            "dining_options": [
                "Lunch",
                "Dinner",
                "Catering",
                "Dessert",
                "Seating"
            ]
        },
        {
            "amenities": [
                "Bar onsite",
                "Restroom",
                "Wi-Fi",
                "Free Wi-Fi"
            ]
        },
        {
            "atmosphere": [
                "Casual",
                "Cozy"
            ]
        },
        {
            "crowd": [
                "Family-friendly",
                "Groups"
            ]
        },
        {
            "planning": [
                "Accepts reservations"
            ]
        },
        {
            "payments": [
                "Credit cards",
                "Debit cards"
            ]
        },
        {
            "children": [
                "Good for kids",
                "High chairs",
                "Kids' menu"
            ]
        },
        {
            "parking": [
                "Free parking lot",
                "Free street parking",
                "Plenty of parking"
            ]
        }
    ],
    "User Reviews": {
        "summary": [
            {
                "snippet": "\"Friendly staff and service and well maintained dining area.\""
            },
            {
                "snippet": "\"Good food ( a bit on the expensive side of options for Mexican food in the area)\""
            },
            {
                "snippet": "\"Ordered chicken chimichangas that has a choice of rice or beans.\""
            }
        ],
        "most_relevant": [
            {
                "username": "Connor Spence",
                "rating": 1,
                "contributor_id": "114859213753148686767",
                "description": "Everything is inedible. The flavor profile of everything is probably the worst Mexican restaurant in the world, Everytime I goto a Mexican restaurant I can at least eat everything wether it’s good or not. This is so bad I can not eat it. I’m here with 2 others and they can’t eat theirs it’s so bad as well.",
                "link": "https://www.google.com/maps/reviews/data=!4m8!14m7!1m6!2m5!1sChdDSUhNMG9nS0VJQ0FnSUM3bXNqYTBRRRAB!2m1!1s0x0:0x4deb710a3efa0f04!3m1!1s2@1:CIHM0ogKEICAgIC7msja0QE%7CCgsI7631tQYQ2MevJg%7C?hl=en-US",
                "images": [
                    {
                        "thumbnail": "https://lh5.googleusercontent.com/p/AF1QipM_d-0AjvePx8f1bbXgdrtwnT1qeeVVbSma1dhc=w150-h150-k-no-p"
                    }
                ],
                "date": "2 months ago"
            },
            {
                "username": "Lisa Chester",
                "rating": 5,
                "contributor_id": "100548362524458663329",
                "description": "Soooo good. Have never been in before but driven by alot. Food was served hot and super good.  Service was attentive and fast. Will be back",
                "link": "https://www.google.com/maps/reviews/data=!4m8!14m7!1m6!2m5!1sChdDSUhNMG9nS0VJQ0FnSUQ5Ml96eHJ3RRAB!2m1!1s0x0:0x4deb710a3efa0f04!3m1!1s2@1:CIHM0ogKEICAgID92_zxrwE%7CCgsI477wrwYQ-P3gIQ%7C?hl=en-US",
                "images": [
                    {
                        "thumbnail": "https://lh5.googleusercontent.com/p/AF1QipN3VtzSkQhS0ZjLOjl5nKZFqUg_UOL42VbzTQFS=w150-h150-k-no-p"
                    },
                    {
                        "thumbnail": "https://lh5.googleusercontent.com/p/AF1QipMoYGE54GvwjgrBR47XbiEMvKKdsQWxVWLMcu3A=w150-h150-k-no-p"
                    },
                    {
                        "thumbnail": "https://lh5.googleusercontent.com/p/AF1QipOxfHF6emDHTDXmd_bWQGC0xi-7vDxNKx7XKphr=w150-h150-k-no-p"
                    }
                ],
                "date": "7 months ago"
            },
            {
                "username": "Rana Siroosian",
                "rating": 3,
                "contributor_id": "111124744728664323934",
                "description": "The food was ok but nothing that wowed me.\nI ordered Enchiladas Supreme which has 4 enchiladas (chicken, beef, cheese, been)\nThe been was not good at all, the cheese was ok, didn’t like the flavor of the beef but the chicken was really good.\nAlso got desserts which was the best part, their desserts were really good and I liked the churros so much.",
                "link": "https://www.google.com/maps/reviews/data=!4m8!14m7!1m6!2m5!1sChdDSUhNMG9nS0VJQ0FnSUQyM3VPemtBRRAB!2m1!1s0x0:0x4deb710a3efa0f04!3m1!1s2@1:CIHM0ogKEICAgID23uOzkAE%7CCgwIqKmGlAYQ4JbtoAM%7C?hl=en-US",
                "images": [
                    {
                        "thumbnail": "https://lh5.googleusercontent.com/p/AF1QipNnJAZ0BuoIGMtZ0N3abD3lEwjrrdq_s6be7W-d=w150-h150-k-no-p"
                    },
                    {
                        "thumbnail": "https://lh5.googleusercontent.com/p/AF1QipOylUsmbWuTjE4V9RbA96a475OZGednGXPJFn2G=w150-h150-k-no-p"
                    },
                    {
                        "thumbnail": "https://lh5.googleusercontent.com/p/AF1QipMuf9WCqNfa5dcZDvdm3WqBdg10Ih_Zeh-pxDos=w150-h150-k-no-p"
                    },
                    {
                        "thumbnail": "https://lh5.googleusercontent.com/p/AF1QipNIaFSgW5opbQjpVHsuE6IUFlac-9CmgnlOtX0B=w150-h150-k-no-p"
                    },
                    {
                        "thumbnail": "https://lh5.googleusercontent.com/p/AF1QipO8paLG-A8KjMEYOzpeaUk6mlieF50_7pX4aYo0=w150-h150-k-no-p"
                    },
                    {
                        "thumbnail": "https://lh5.googleusercontent.com/p/AF1QipPkizxPqEWMRj0LFSstu9OFpaDgUmxU3GpR9v4r=w150-h150-k-no-p"
                    }
                ],
                "date": "2 years ago"
            },
            {
                "username": "Alyse J",
                "rating": 5,
                "contributor_id": "106291599140244991984",
                "description": "Ordered carry out combo #22 (burrito, taco,, rice and beans). Staff was friendly and service was quick. Food tastes great! packaged very well for carry out. Fresh and delicious! forgot to mention it\ncomes with chips and salsa as well. adding on to this post with a photo on my recent dining-in experience. Amazing service, amazing food. if I could give more stars, I would! This place is the best",
                "link": "https://www.google.com/maps/reviews/data=!4m8!14m7!1m6!2m5!1sChZDSUhNMG9nS0VJQ0FnSUN5MDZTN0ZnEAE!2m1!1s0x0:0x4deb710a3efa0f04!3m1!1s2@1:CIHM0ogKEICAgICy06S7Fg%7CCgwI1NmzhgYQ2MvUrwI%7C?hl=en-US",
                "images": [
                    {
                        "thumbnail": "https://lh5.googleusercontent.com/p/AF1QipMoa7nwaDS_AKWhhXYT_vQE90FcBXBxgMsw_5vv=w150-h150-k-no-p"
                    },
                    {
                        "thumbnail": "https://lh5.googleusercontent.com/p/AF1QipN9gWOSfElc0aiZ2_xDSPGTxzzkoaz1Kgk_A7FO=w150-h150-k-no-p"
                    },
                    {
                        "thumbnail": "https://lh5.googleusercontent.com/p/AF1QipPckdf9rqy1Zb-upI0QW6whVdRNP1g_oMQug8RD=w150-h150-k-no-p"
                    }
                ],
                "date": "3 years ago"
            },
            {
                "username": "Rorie Merz",
                "rating": 2,
                "contributor_id": "101016464940315889060",
                "description": "Mixed bag of good and not so good. The traditional margarita was OK but it's got nothing on El Azteco in Lansing.  I had a beef enchilada and it basically had no flavor. However the side of refried beans were very good with a side if chips. The tamales were very tasty but I had a bite of a chicken taco and almost couldn't get it down. The chicken was super dry and chewy.  Someone at our table got the veggie Chimichanga and he gave up on it after 3 or 4 bites.\n\nWhen our family goes out for dinner it's considered a splurge and something special. Dropping over $100 for below average Mexican food as our food splurge was very disturbing.\n\nI think the issue is their menu is way to big.  7 full pages of options.  They need to scale it back and hone in on perfecting less offering IMOP.\n\n2 ⭐ only for the service",
                "link": "https://www.google.com/maps/reviews/data=!4m8!14m7!1m6!2m5!1sChZDSUhNMG9nS0VJQ0FnSUN1eWJXSlJnEAE!2m1!1s0x0:0x4deb710a3efa0f04!3m1!1s2@1:CIHM0ogKEICAgICuybWJRg%7CCgwI94SflwYQqIr_gwE%7C?hl=en-US",
                "images": [
                    {
                        "thumbnail": "https://lh5.googleusercontent.com/p/AF1QipPEbYc6MSeg_q-AZqYnHxgaE-ugZImTYaFi4_P3=w150-h150-k-no-p"
                    },
                    {
                        "thumbnail": "https://lh5.googleusercontent.com/p/AF1QipN7CM7LDEupgiYPK1KSjYGhH6AZVqRs3Rcq7sCU=w150-h150-k-no-p"
                    },
                    {
                        "thumbnail": "https://lh5.googleusercontent.com/p/AF1QipMa744sVi7MaE7J-HZvP57ys3x94zYvbg7dmuY1=w150-h150-k-no-p"
                    },
                    {
                        "thumbnail": "https://lh5.googleusercontent.com/p/AF1QipOCEK4sZ_Vqs6PMxGhZaxWJ3C5Ulhh39ECHenJx=w150-h150-k-no-p"
                    }
                ],
                "date": "2 years ago"
            },
            {
                "username": "Tiffany Weddle",
                "rating": 5,
                "contributor_id": "111913751090541148333",
                "description": "Don Juan was fantastic!\nThe daily happy hour from 3pm-6pm is such a great idea, and the food was very fresh and absolutely 10/10. The staff was outstanding and the ambiance/decor/music made for an even better dining experience. We will definitely be back!",
                "link": "https://www.google.com/maps/reviews/data=!4m8!14m7!1m6!2m5!1sChZDSUhNMG9nS0VJQ0FnSUQ3bWJqOGZnEAE!2m1!1s0x0:0x4deb710a3efa0f04!3m1!1s2@1:CIHM0ogKEICAgID7mbj8fg%7CCgwI_MuutgYQ4NL8wQI%7C?hl=en-US",
                "date": "2 months ago"
            },
            {
                "username": "David Thorne",
                "rating": 3,
                "contributor_id": "101494851102734096399",
                "description": "If you like Mexican food- it’s fine. I would say it’s about $1-$2 more than I’d expect per meal. I found my chicken fajitas, my wife’s chicken quesadilla and my son’s beef taco to be under-seasoned.\n\nI love Mexican food and my standard is- just don’t mess it up and I’ll be happy. Do to some under-seasoning and coating a little more, I consider this an average place to go. It’s still good and I’d be happy to go back- but not before trying some other local options first.",
                "link": "https://www.google.com/maps/reviews/data=!4m8!14m7!1m6!2m5!1sChdDSUhNMG9nS0VJQ0FnSURUeThTV3p3RRAB!2m1!1s0x0:0x4deb710a3efa0f04!3m1!1s2@1:CIHM0ogKEICAgIDTy8SWzwE%7CCgwInsnUsgYQ0OaOwgE%7C?hl=en-US",
                "date": "5 months ago"
            },
            {
                "username": "Trooper Long",
                "rating": 5,
                "contributor_id": "107113811241149314474",
                "description": "You’ll find an extensive menu that includes Mexican food for American tastes, as well as a few dishes that are more authentic at Don Juan Mexican Bar & Grill. Bar is well-stocked with tequilas and other spirits. Service is excellent and fast. Prices are just right for the generous portion size.",
                "link": "https://www.google.com/maps/reviews/data=!4m8!14m7!1m6!2m5!1sChZDSUhNMG9nS0VJQ0FnSUNVZ0pfZVlBEAE!2m1!1s0x0:0x4deb710a3efa0f04!3m1!1s2@1:CIHM0ogKEICAgICUgJ_eYA%7CCgwIiuao6QUQgM693QE%7C?hl=en-US",
                "images": [
                    {
                        "thumbnail": "https://lh5.googleusercontent.com/p/AF1QipOFv8Rk9u5rtFpGlIcOO5UQwLlfBNxQNfbaDAPl=w150-h150-k-no-p"
                    },
                    {
                        "thumbnail": "https://lh5.googleusercontent.com/p/AF1QipPMmHSIB-d-MD-hpNuavM9mDoShPvXPs2J1tm9E=w150-h150-k-no-p"
                    },
                    {
                        "thumbnail": "https://lh5.googleusercontent.com/p/AF1QipMyz2G4FqP4PbRkg1zTSo7wyhpzNhRRLdeESIlS=w150-h150-k-no-p"
                    },
                    {
                        "thumbnail": "https://lh5.googleusercontent.com/p/AF1QipOyXc-Nw1_9g0otmZSCiu9MaKjCH9imqJleHbGM=w150-h150-k-no-p"
                    }
                ],
                "date": "5 years ago"
            }
        ]
    },
    "Services": {
        "dine_in": true,
        "curbside_pickup": true,
        "no_contact_delivery": true
    }
}