{
    "Title": "Fleetwood Diner",
    "Price": [],
    "Place ID": "ChIJk8dH7jyuPIgRbVvbyrxLWoo",
    "Type ID": [],
    "Type": [
        "American restaurant",
        "Breakfast restaurant",
        "Diner"
    ],
    "Address": "300 S Ashley St, Ann Arbor, MI 48104",
    "GPS Coordinates": {
        "latitude": 42.2794806,
        "longitude": -83.750046
    },
    "Phone Number": "(734) 995-5502",
    "Rating": 4.3,
    "Rating Summary": [
        {
            "stars": 1,
            "amount": 177
        },
        {
            "stars": 2,
            "amount": 64
        },
        {
            "stars": 3,
            "amount": 157
        },
        {
            "stars": 4,
            "amount": 433
        },
        {
            "stars": 5,
            "amount": 1479
        }
    ],
    "Opening Hours": [
        {
            "tuesday": "Open 24 hours"
        },
        {
            "wednesday": "Open 24 hours"
        },
        {
            "thursday": "Open 24 hours"
        },
        {
            "friday": "Open 24 hours"
        },
        {
            "saturday": "Open 24 hours"
        },
        {
            "sunday": "Open 24 hours"
        },
        {
            "monday": "Open 24 hours"
        }
    ],
    "Description": "Simple 24-hour eatery serving breakfast, burgers, gyros & traditional American diner bites.",
    "Details": [
        {
            "highlights": [
                "Great coffee"
            ]
        },
        {
            "popular_for": [
                "Breakfast",
                "Lunch",
                "Dinner",
                "Solo dining"
            ]
        },
        {
            "accessibility": [
                "Wheelchair accessible entrance",
                "Wheelchair accessible seating"
            ]
        },
        {
            "offerings": [
                "Coffee",
                "Comfort food",
                "Late-night food",
                "Quick bite",
                "Vegan options",
                "Vegetarian options"
            ]
        },
        {
            "dining_options": [
                "Breakfast",
                "Brunch",
                "Lunch",
                "Dinner",
                "Dessert",
                "Seating"
            ]
        },
        {
            "amenities": [
                "Restroom"
            ]
        },
        {
            "atmosphere": [
                "Casual",
                "Cozy",
                "Historic",
                "Trendy"
            ]
        },
        {
            "crowd": [
                "College students",
                "Groups",
                "Tourists"
            ]
        },
        {
            "payments": [
                "Credit cards",
                "NFC mobile payments"
            ]
        },
        {
            "children": [
                "Good for kids",
                "Kids' menu"
            ]
        },
        {
            "parking": [
                "Free street parking",
                "Paid parking lot",
                "Paid street parking",
                "Somewhat difficult to find a space"
            ]
        },
        {
            "pets": [
                "Dogs allowed"
            ]
        }
    ],
    "User Reviews": {
        "summary": [
            {
                "snippet": "\"Interesting place to eat , food was good ..just ordered burger 🍔 and fries\""
            },
            {
                "snippet": "\"Solid diner fare with breakfast options, sandwiches and fried foods.\""
            },
            {
                "snippet": "\"Food was overpriced for the quality of service received.\""
            }
        ],
        "most_relevant": [
            {
                "username": "Zach Hose",
                "rating": 4,
                "contributor_id": "118198699187879493031",
                "description": "Fleetwood is a pretty cool 24 hour diner. A bit of a dive but in a good way. The food is pretty much your classic diner food and it’s nice that you can get breakfast, lunch, or dinner food any time. After a late night in Ann Arbor, it’s a solid place to go to for a late night meal. I feel like it’s a place that in reality is fine, but, it’ll always seem incredible because whenever you go, it’s probably super late after a night out and it just hits differently lol",
                "link": "https://www.google.com/maps/reviews/data=!4m8!14m7!1m6!2m5!1sChdDSUhNMG9nS0VJQ0FnSUMzeklQNzBnRRAB!2m1!1s0x0:0x8a5a4bbccadb5b6d!3m1!1s2@1:CIHM0ogKEICAgIC3zIP70gE%7CCgwIg_aduQYQ8NS2wgM%7C?hl=en-US",
                "images": [
                    {
                        "thumbnail": "https://lh5.googleusercontent.com/p/AF1QipMdYvBjd2lYSMZMYV0NQo0_BmfsvjZMDioI-_mD=w150-h150-k-no-p"
                    }
                ],
                "date": "a week ago"
            },
            {
                "username": "Sean Q",
                "rating": 5,
                "contributor_id": "104455392814743514861",
                "description": "Weird, cool little diner located in Ann Arbor, MI! This place has a reputation for giving very generous portions! Fleetwood Diner is best known for its Hippie Hashbrowns but almost anything on the menu is good! A very popular place, getting in to actually dine can be tricky, so I recommend getting your order to go. Parking is also challenging, but don't get discouraged, something will open up, even if you end up walking it's worth it! Staff is friendly and helpful. Food is hot, fresh and well prepared!",
                "link": "https://www.google.com/maps/reviews/data=!4m8!14m7!1m6!2m5!1sChdDSUhNMG9nS0VJQ0FnSUNMbGNiQ2tBRRAB!2m1!1s0x0:0x8a5a4bbccadb5b6d!3m1!1s2@1:CIHM0ogKEICAgICLlcbCkAE%7CCgsIh8vXswYQkJ_gfg%7C?hl=en-US",
                "images": [
                    {
                        "thumbnail": "https://lh5.googleusercontent.com/p/AF1QipNS-kG02MFczCxPpHq7RL9ub5Q5gZ0CwbOOscj1=w150-h150-k-no-p"
                    },
                    {
                        "thumbnail": "https://lh5.googleusercontent.com/p/AF1QipN_v3CV8z4C0jWPoA8KMBOc15EQ0P3aObxTa6MG=w150-h150-k-no-p"
                    },
                    {
                        "thumbnail": "https://lh5.googleusercontent.com/p/AF1QipNEEixJnMtYeB7USyThQyCXluBOPc-LBGqesJ4h=w150-h150-k-no-p"
                    },
                    {
                        "thumbnail": "https://lh5.googleusercontent.com/p/AF1QipOnfPUhky-u0wCqbLX5lkiRbqvTng5i_rQWZmEd=w150-h150-k-no-p"
                    }
                ],
                "date": "4 months ago"
            },
            {
                "username": "steven humphrey",
                "rating": 4,
                "contributor_id": "105835537775162970420",
                "description": "Nice title joint. Waitress and cook were very friendly and fast. I had the club with chili cheese fries. Simple enough. Sandwich was good but the chili tasted like cheap canned chili.",
                "link": "https://www.google.com/maps/reviews/data=!4m8!14m7!1m6!2m5!1sChZDSUhNMG9nS0VJQ0FnSUNub2FQamVnEAE!2m1!1s0x0:0x8a5a4bbccadb5b6d!3m1!1s2@1:CIHM0ogKEICAgICnoaPjeg%7CCgsI_ObWtwYQuJ7BLw%7C?hl=en-US",
                "images": [
                    {
                        "thumbnail": "https://lh5.googleusercontent.com/p/AF1QipMbQ0L11lEYu6z7xDrq2wGHbSXT4QJr6YRoEpFq=w150-h150-k-no-p"
                    },
                    {
                        "thumbnail": "https://lh5.googleusercontent.com/p/AF1QipM8DUG8vbujxshGx9RFBHenLQw5KG9QkemnM7Eb=w150-h150-k-no-p"
                    },
                    {
                        "thumbnail": "https://lh5.googleusercontent.com/p/AF1QipOn0YJXk6PhtbD9gUZsWSHu84F4s8oAzXRbOgLY=w150-h150-k-no-p"
                    }
                ],
                "date": "a month ago"
            },
            {
                "username": "william Day",
                "rating": 1,
                "contributor_id": "113095881612709808549",
                "description": "My friend and I used to love this place. We would drive 45 minutes just to order their \"Hippie Hash.\"\nSo disappointed.\nWhile eating, the cook LOUDLY complained to a coworker about personal issues. This went on for a good 15 minutes before my friend had to ask him to stop with his vulgarity. There's more, but why bother. Sadly, we won't be back.\nGood luck in the bathroom. No soap, and it stinks of sewer.\n*Side note, my friend wrote her review and added pictures of the diner. However, they took them down. Odd.\nReposting them.\nIf you can't see them, they again deleted them.",
                "link": "https://www.google.com/maps/reviews/data=!4m8!14m7!1m6!2m5!1sChZDSUhNMG9nS0VJQ0FnSURvMk1uakpBEAE!2m1!1s0x0:0x8a5a4bbccadb5b6d!3m1!1s2@1:CIHM0ogKEICAgIDo2MnjJA%7CCgwI4OSzsQYQiJvxqQI%7C?hl=en-US",
                "images": [
                    {
                        "thumbnail": "https://lh5.googleusercontent.com/p/AF1QipNLd9kyP-NofnNXW5WEpKf1O7zfi3lIzrjvRDcF=w150-h150-k-no-p"
                    },
                    {
                        "thumbnail": "https://lh5.googleusercontent.com/p/AF1QipNVrWswP5zTlqmg1R_xqTxOim8w0BUtvzw9ylb6=w150-h150-k-no-p"
                    },
                    {
                        "thumbnail": "https://lh5.googleusercontent.com/p/AF1QipPz8tp2KpPfX73P3nlkYXSm97JnuzavKs5zmEqd=w150-h150-k-no-p"
                    },
                    {
                        "thumbnail": "https://lh5.googleusercontent.com/p/AF1QipN6J2YYiF8Nyw34IRRLVmT457n2Yd_UK4wEOj6U=w150-h150-k-no-p"
                    },
                    {
                        "thumbnail": "https://lh5.googleusercontent.com/p/AF1QipMvzFmGi2lmwfvKCTOhG1F6rm5PkQHNr3-SkEau=w150-h150-k-no-p"
                    }
                ],
                "date": "6 months ago"
            },
            {
                "username": "Jordan McCall",
                "rating": 5,
                "contributor_id": "112695369126827449638",
                "description": "The absolute, hands-down best hippie hash I’ve ever had. The gyro meat in this meal made me instantly remember why I fell in love with gyros oh so many years ago. Was it a late night meal? Yes. Would I be at this food at any time of any day. Yes.",
                "link": "https://www.google.com/maps/reviews/data=!4m8!14m7!1m6!2m5!1sChdDSUhNMG9nS0VJQ0FnSUNyN2FTa2tBRRAB!2m1!1s0x0:0x8a5a4bbccadb5b6d!3m1!1s2@1:CIHM0ogKEICAgICr7aSkkAE%7CCgwIwrK4tAYQgLGR4QE%7C?hl=en-US",
                "images": [
                    {
                        "thumbnail": "https://lh5.googleusercontent.com/p/AF1QipMtsU51GtPrYbgH9yqJJqUhlHY4A2bnqzCpwfM5=w150-h150-k-no-p"
                    },
                    {
                        "thumbnail": "https://lh5.googleusercontent.com/p/AF1QipMbPGO8f6hOX7j4Kalf6nCpd4JLwH3vn2YNjMk_=w150-h150-k-no-p"
                    }
                ],
                "date": "4 months ago"
            },
            {
                "username": "Vicki",
                "rating": 5,
                "contributor_id": "110755660457140091938",
                "description": "I've been to this diner twice, once for brunch and the other after going out at night. It has all you want for dinner vibes, good graffiti, stickers, greasy food, barstools, etc. When I went for brunch it was great I really enjoyed my meal and the outdoor patio seating was nice under the roof part. Going at night is an entirely different experience haha. I'd say the place is great for a diner but the service is a little slow. I think part of that is because it's always full and there wait staff and cooks are stretched a bit thin. This is just a fair warning that if the place is busy, the meal won't be as quick.",
                "link": "https://www.google.com/maps/reviews/data=!4m8!14m7!1m6!2m5!1sChZDSUhNMG9nS0VJQ0FnSUQ3NWJIUlBREAE!2m1!1s0x0:0x8a5a4bbccadb5b6d!3m1!1s2@1:CIHM0ogKEICAgID75bHRPQ%7CCgsIiKmytgYQsMD8Lw%7C?hl=en-US",
                "images": [
                    {
                        "thumbnail": "https://lh5.googleusercontent.com/p/AF1QipOjW_qRps6AquZApkSE7FJXjr9HzpFZWjsgd8nU=w150-h150-k-no-p"
                    }
                ],
                "date": "2 months ago"
            },
            {
                "username": "KP G",
                "rating": 4,
                "contributor_id": "100610417608913445329",
                "description": "We had an excellent dinner here (gotta love breakfast for dinner!)\n\nTables inside and outside- indoors only about 6 tables, and about 4-5 counter seats.\n\nDog friendly on the patio.",
                "link": "https://www.google.com/maps/reviews/data=!4m8!14m7!1m6!2m5!1sChdDSUhNMG9nS0VJQ0FnSURuNWFTVGdBRRAB!2m1!1s0x0:0x8a5a4bbccadb5b6d!3m1!1s2@1:CIHM0ogKEICAgIDn5aSTgAE%7CCgwIq5qSuAYQyLKL_AE%7C?hl=en-US",
                "images": [
                    {
                        "thumbnail": "https://lh5.googleusercontent.com/p/AF1QipOq80qWyg277vWmHWxQ6kXzVh8UXJSUp-6pTAki=w150-h150-k-no-p"
                    }
                ],
                "date": "a month ago"
            },
            {
                "username": "Ken Plummer",
                "rating": 2,
                "contributor_id": "116737154726987539276",
                "description": "No fly zone\ndirty not a clean restaurant\nmedicore food\npancakes nothing special flat taste\nomelet pretty average and bland\nhippie hash a combination of ingredients like feta peppers potatoes that just\ndon't mix well.... ice tea was good",
                "link": "https://www.google.com/maps/reviews/data=!4m8!14m7!1m6!2m5!1sChdDSUhNMG9nS0VJQ0FnSURUeTZxVTBnRRAB!2m1!1s0x0:0x8a5a4bbccadb5b6d!3m1!1s2@1:CIHM0ogKEICAgIDTy6qU0gE%7CCgwIqNrUsgYQ2MbHpgI%7C?hl=en-US",
                "images": [
                    {
                        "thumbnail": "https://lh5.googleusercontent.com/p/AF1QipO96QEWkLfcec1y7FyMEnwVdUGrqMK3G71aj9z1=w150-h150-k-no-p"
                    },
                    {
                        "thumbnail": "https://lh5.googleusercontent.com/p/AF1QipOLpCm42bKjmLOMq3UiIA3AwZAReRcriOBgE2rE=w150-h150-k-no-p"
                    },
                    {
                        "thumbnail": "https://lh5.googleusercontent.com/p/AF1QipNjqgKy1--d1Uexv4a4sgIpsrxyETQHzeP7t_Bt=w150-h150-k-no-p"
                    }
                ],
                "date": "5 months ago"
            }
        ]
    },
    "Services": {
        "dine_in": true,
        "takeout": true,
        "no_contact_delivery": true
    }
}