{
    "Title": "Good Time Charley's",
    "Price": [],
    "Place ID": "ChIJeY2nMUSuPIgR23r6dNopAv0",
    "Type ID": [],
    "Type": [
        "American restaurant",
        "Bar",
        "Bar & grill",
        "Sports bar"
    ],
    "Address": "1140 S University Ave, Ann Arbor, MI 48104",
    "GPS Coordinates": {
        "latitude": 42.274806399999996,
        "longitude": -83.7348365
    },
    "Phone Number": "(734) 668-8411",
    "Rating": 4.2,
    "Rating Summary": [
        {
            "stars": 1,
            "amount": 54
        },
        {
            "stars": 2,
            "amount": 37
        },
        {
            "stars": 3,
            "amount": 116
        },
        {
            "stars": 4,
            "amount": 280
        },
        {
            "stars": 5,
            "amount": 543
        }
    ],
    "Opening Hours": [
        {
            "tuesday": "3 PM–1 AM"
        },
        {
            "wednesday": "3 PM–1 AM"
        },
        {
            "thursday": "3 PM–2 AM"
        },
        {
            "friday": "3 PM–2 AM"
        },
        {
            "saturday": "3 PM–2 AM"
        },
        {
            "sunday": "5 PM–1 AM"
        },
        {
            "monday": "5 PM–1 AM"
        }
    ],
    "Description": "Casual indoor-outdoor canteen with multiple TVs, daily specials, karaoke & trivia nights.",
    "Details": [
        {
            "highlights": [
                "Fast service",
                "Sports"
            ]
        },
        {
            "popular_for": [
                "Lunch",
                "Dinner"
            ]
        },
        {
            "accessibility": [
                "Wheelchair accessible entrance",
                "Wheelchair accessible parking lot",
                "Wheelchair accessible restroom",
                "Wheelchair accessible seating"
            ]
        },
        {
            "offerings": [
                "Alcohol",
                "Beer",
                "Cocktails",
                "Comfort food",
                "Happy hour drinks",
                "Happy hour food",
                "Hard liquor",
                "Late-night food",
                "Quick bite",
                "Wine"
            ]
        },
        {
            "dining_options": [
                "Lunch",
                "Dinner",
                "Dessert",
                "Seating"
            ]
        },
        {
            "amenities": [
                "Bar onsite",
                "Restroom",
                "Wi-Fi",
                "Free Wi-Fi"
            ]
        },
        {
            "atmosphere": [
                "Casual",
                "Trendy"
            ]
        },
        {
            "crowd": [
                "College students",
                "Groups",
                "Tourists"
            ]
        },
        {
            "payments": [
                "Credit cards",
                "Debit cards",
                "NFC mobile payments"
            ]
        },
        {
            "children": [
                "High chairs",
                "Kids' menu"
            ]
        },
        {
            "pets": [
                "Dogs allowed"
            ]
        }
    ],
    "User Reviews": {
        "summary": [
            {
                "snippet": "\"Pretty decent service, pricing and overall atmosphere.\""
            },
            {
                "snippet": "\"Fried food, burgers, and some sort of delicious cheesy bread abomination.\""
            },
            {
                "snippet": "\"Good prices on low-quality, good-tasting drinks.\""
            }
        ],
        "most_relevant": [
            {
                "username": "Mitchell Alekman",
                "rating": 4,
                "contributor_id": "106493527769118835630",
                "description": "We went here to watch the U of M MSU football game. The atmosphere was great and the nachos were good. The fishbowl was decent. It was fairly priced for the size but not as strong as I was hoping for. Additionally, I do not recommend the brownie Ice cream sunday (pictured below).",
                "link": "https://www.google.com/maps/reviews/data=!4m8!14m7!1m6!2m5!1sChZDSUhNMG9nS0VJQ0FnSURYMVoyTEVREAE!2m1!1s0x0:0xfd0229da74fa7adb!3m1!1s2@1:CIHM0ogKEICAgIDX1Z2LEQ%7CCgwI66KFuQYQ4MDIhAE%7C?hl=en-US",
                "images": [
                    {
                        "thumbnail": "https://lh5.googleusercontent.com/p/AF1QipOgNJMatRvC_iSF7cINVM4Gz1QsoTHP9wj85GoT=w150-h150-k-no-p"
                    }
                ],
                "date": "2 weeks ago"
            },
            {
                "username": "Diana Reyes",
                "rating": 4,
                "contributor_id": "100981529039062563602",
                "description": "Our server was super friendly and helpful, she did a great job! The food was great specially the pizza bread twist app, Santa Fe salad  we’ll really everyone was happy with their order.\nCame after move in bday for a family casual meal and we all loved it.",
                "link": "https://www.google.com/maps/reviews/data=!4m8!14m7!1m6!2m5!1sChZDSUhNMG9nS0VJQ0FnSUQ3dnFyb2F3EAE!2m1!1s0x0:0xfd0229da74fa7adb!3m1!1s2@1:CIHM0ogKEICAgID7vqroaw%7CCgsI_pmptgYQsP_UXw%7C?hl=en-US",
                "images": [
                    {
                        "thumbnail": "https://lh5.googleusercontent.com/p/AF1QipNVZ2wk4Uhg7LglLVGs_apPsX4lh2XTvxvwqOON=w150-h150-k-no-p"
                    },
                    {
                        "thumbnail": "https://lh5.googleusercontent.com/p/AF1QipPfQrRuA7zuNWpUFJklkM4pZfFRkjXtJXitZm5n=w150-h150-k-no-p"
                    }
                ],
                "date": "2 months ago"
            },
            {
                "username": "Fb Nnnnbn",
                "rating": 5,
                "contributor_id": "109169806390566264508",
                "description": "After a Michigan Baseball game, I went to Good Time Charley's for take out and it was great!  I used to come here all the time when I was a student back in the day.  My food was fresh and delicious!  It was a very nice day so I went down to Gallup Park to eat.  Going to Good Time Charley's was a nice walk down memory lane.  Many thanks to all and I will be back soon!",
                "link": "https://www.google.com/maps/reviews/data=!4m8!14m7!1m6!2m5!1sChdDSUhNMG9nS0VJQ0FnSURqcjlfTjBBRRAB!2m1!1s0x0:0xfd0229da74fa7adb!3m1!1s2@1:CIHM0ogKEICAgIDjr9_N0AE%7CCgwIzevwsQYQ8O6iqgM%7C?hl=en-US",
                "images": [
                    {
                        "thumbnail": "https://lh5.googleusercontent.com/p/AF1QipNhX-qPfVF2flEkTgHdhDHUrpm7KpFRQsQGDnKP=w150-h150-k-no-p"
                    },
                    {
                        "thumbnail": "https://lh5.googleusercontent.com/p/AF1QipMoeumkFpzT-_NRmxECP6QIRdj_uFaGb_smDpUq=w150-h150-k-no-p"
                    },
                    {
                        "thumbnail": "https://lh5.googleusercontent.com/p/AF1QipPLxzw0kfuP7S9CMjiGbk6TghQkL6gSfasVgi4y=w150-h150-k-no-p"
                    },
                    {
                        "thumbnail": "https://lh5.googleusercontent.com/p/AF1QipMNO-YKrm5hvIZwyOpPzUsCrTN-QMlbsfX6f0As=w150-h150-k-no-p"
                    }
                ],
                "date": "6 months ago"
            },
            {
                "username": "Young Micro Farming",
                "rating": 3,
                "contributor_id": "110739043062212219513",
                "description": "Stopped in here for a quick bite kinda late most places were closed. Walked in got my hand stamped past that no one wanted to talk to we ended up asking the bar tender and it was seat yourself. Sat down it took a while to get some service but once we did the bar tender was also our waitress. Ended up a decent experience. The stix were absolutely delicious! The fishbowl was so massive we couldn’t finish it.",
                "link": "https://www.google.com/maps/reviews/data=!4m8!14m7!1m6!2m5!1sChdDSUhNMG9nS0VJQ0FnSURKMUpURjJnRRAB!2m1!1s0x0:0xfd0229da74fa7adb!3m1!1s2@1:CIHM0ogKEICAgIDJ1JTF2gE%7CCgwIwNy1pQYQ-PKfpwE%7C?hl=en-US",
                "images": [
                    {
                        "thumbnail": "https://lh5.googleusercontent.com/p/AF1QipO3oMgX5FQu6Qc7HUaqUZ-PTaWQiKO507cVAFaz=w150-h150-k-no-p"
                    },
                    {
                        "thumbnail": "https://lh5.googleusercontent.com/p/AF1QipMgNpVXgyfy4whL3GEwWXhCfApqpg5vbOdHwkKr=w150-h150-k-no-p"
                    },
                    {
                        "thumbnail": "https://lh5.googleusercontent.com/p/AF1QipOoULwX6cIt99afg0s4Pi82_cLQoVqYUXSGD1_6=w150-h150-k-no-p"
                    },
                    {
                        "thumbnail": "https://lh5.googleusercontent.com/p/AF1QipNCNg--GKfrVSqK-ETvxAcmljPsddawF5y1zIe_=w150-h150-k-no-p"
                    },
                    {
                        "thumbnail": "https://lh5.googleusercontent.com/p/AF1QipN_l3mJxIf13OoY_37fqCPntSyJZMJ7xG9VzPaB=w150-h150-k-no-p"
                    },
                    {
                        "thumbnail": "https://lh5.googleusercontent.com/p/AF1QipN-zK0fNLnsZOtQNZ_3u426fgs-aFZErYjPy3fq=w150-h150-k-no-p"
                    }
                ],
                "date": "a year ago"
            },
            {
                "username": "Vikram Bala",
                "rating": 4,
                "contributor_id": "118263460813448768909",
                "description": "Solid overall. Nothing spectacular, but decent food and drinks at decent prices, so can't complain. Atmosphere 🌎 is phenomenal!!",
                "link": "https://www.google.com/maps/reviews/data=!4m8!14m7!1m6!2m5!1sChZDSUhNMG9nS0VJQ0FnSUNqXzR1Y1hnEAE!2m1!1s0x0:0xfd0229da74fa7adb!3m1!1s2@1:CIHM0ogKEICAgICj_4ucXg%7CCgwInL61sQYQ8MvjtwI%7C?hl=en-US",
                "images": [
                    {
                        "thumbnail": "https://lh5.googleusercontent.com/p/AF1QipNMa4BsvLtNkcIFoh5JT9YBnzq5nfP_M0XJHXW3=w150-h150-k-no-p"
                    }
                ],
                "date": "6 months ago"
            },
            {
                "username": "Maxym W",
                "rating": 2,
                "contributor_id": "113319356880967826377",
                "description": "Without letting us know they changed their deals so that their advertised happy hour was not going to be occurring. It was only when they got the bill that we realized that the bill was significantly higher than we expected. They also recently decreased the value of their happy hour and have sub par drinks especially for the price. If you have a choice I would recommend another Ann Arbor bar. Their food is average with limited options but satisfactory",
                "link": "https://www.google.com/maps/reviews/data=!4m8!14m7!1m6!2m5!1sChZDSUhNMG9nS0VJQ0FnSURybGU2UUx3EAE!2m1!1s0x0:0xfd0229da74fa7adb!3m1!1s2@1:CIHM0ogKEICAgIDrle6QLw%7CCgsI86bmtAYQkLuyKQ%7C?hl=en-US",
                "date": "3 months ago"
            },
            {
                "username": "Maya Gomez",
                "rating": 5,
                "contributor_id": "110753395701184322663",
                "description": "I honestly did not like Charlie’s that much. However, our service was amazing! My servers name was Kali and she was awesome. She gave so many recommendations and was so sweet! Otherwise, I really was not satisfied with Charley’s. I did see the manager getting upset with the servers and it made me upset. Looks like their management was intolerable and the food was fine I guess.",
                "link": "https://www.google.com/maps/reviews/data=!4m8!14m7!1m6!2m5!1sChdDSUhNMG9nS0VJQ0FnSUQ3bUpPMzBRRRAB!2m1!1s0x0:0xfd0229da74fa7adb!3m1!1s2@1:CIHM0ogKEICAgID7mJO30QE%7CCgsI1eyUtgYQsJjvHA%7C?hl=en-US",
                "date": "2 months ago"
            },
            {
                "username": "Phillip Hofmeister",
                "rating": 1,
                "contributor_id": "112824135998789361532",
                "description": "Would not recommend. Went at 9:45 on a Friday night. Waitress was very inattentive. We asked for things from our order at least twice after we ordered. We never got one if the items we asked for. Waitress didn't really check in, had to chase her down to get ketchup. Left her a 7% tip (I'm a pretty good tipper generally) and spoke to the manager about why I was leaving a crappy tip. Manager said \"sorry\", but didn't really seem interested in our beef. Our first and probably last visit. Might be nice place if you're going out with a bunch of friends, you aren't Ina hurry, and don't mind not getting things you ordered. 🤷🏼‍♂️",
                "link": "https://www.google.com/maps/reviews/data=!4m8!14m7!1m6!2m5!1sChZDSUhNMG9nS0VJQ0FnSUNMaEt5UmRnEAE!2m1!1s0x0:0xfd0229da74fa7adb!3m1!1s2@1:CIHM0ogKEICAgICLhKyRdg%7CCgwIv5-0swYQqJ3FsAE%7C?hl=en-US",
                "date": "4 months ago"
            }
        ]
    },
    "Services": {
        "dine_in": true,
        "takeout": true,
        "delivery": true
    }
}