{
    "Title": "Heidelberg Restaurant & Bar",
    "Price": "$$",
    "Place ID": "ChIJYRSAKBauPIgRmN5lm6S6KXU",
    "Type ID": [],
    "Type": [
        "German restaurant"
    ],
    "Address": "215 N Main St Suite 200, Ann Arbor, MI 48104",
    "GPS Coordinates": {
        "latitude": 42.2828996,
        "longitude": -83.74881859999999
    },
    "Phone Number": "(734) 585-0063",
    "Rating": 4,
    "Rating Summary": [
        {
            "stars": 1,
            "amount": 66
        },
        {
            "stars": 2,
            "amount": 35
        },
        {
            "stars": 3,
            "amount": 79
        },
        {
            "stars": 4,
            "amount": 139
        },
        {
            "stars": 5,
            "amount": 351
        }
    ],
    "Opening Hours": [
        {
            "tuesday": "4 PM–12 AM"
        },
        {
            "wednesday": "4 PM–12 AM"
        },
        {
            "thursday": "4 PM–2 AM"
        },
        {
            "friday": "4 PM–2 AM"
        },
        {
            "saturday": "4 PM–2 AM"
        },
        {
            "sunday": "4 PM–12 AM"
        },
        {
            "monday": "4 PM–12 AM"
        }
    ],
    "Description": "Charming 3-floor pub & eatery offers a huge, boot-shaped beer glass & ample German & American menus.",
    "Details": [
        {
            "highlights": [
                "Fast service",
                "Live music",
                "Sports"
            ]
        },
        {
            "popular_for": [
                "Lunch",
                "Dinner",
                "Solo dining"
            ]
        },
        {
            "accessibility": [
                "Wheelchair accessible entrance",
                "Wheelchair accessible parking lot",
                "Wheelchair accessible restroom",
                "Wheelchair accessible seating"
            ]
        },
        {
            "offerings": [
                "Alcohol",
                "Beer",
                "Cocktails",
                "Coffee",
                "Comfort food",
                "Happy hour drinks",
                "Happy hour food",
                "Hard liquor",
                "Late-night food",
                "Organic dishes",
                "Small plates",
                "Wine"
            ]
        },
        {
            "dining_options": [
                "Lunch",
                "Dinner",
                "Catering",
                "Dessert",
                "Seating"
            ]
        },
        {
            "amenities": [
                "Bar onsite",
                "Restroom",
                "Wi-Fi",
                "Free Wi-Fi"
            ]
        },
        {
            "atmosphere": [
                "Casual",
                "Cozy",
                "Historic",
                "Trendy"
            ]
        },
        {
            "crowd": [
                "College students",
                "Family-friendly",
                "Groups",
                "LGBTQ+ friendly",
                "Tourists",
                "Transgender safespace"
            ]
        },
        {
            "planning": [
                "Accepts reservations"
            ]
        },
        {
            "payments": [
                "Credit cards",
                "Debit cards",
                "NFC mobile payments"
            ]
        },
        {
            "children": [
                "Good for kids",
                "High chairs"
            ]
        },
        {
            "parking": [
                "Paid parking garage",
                "Paid street parking"
            ]
        }
    ],
    "User Reviews": {
        "summary": [
            {
                "snippet": "\"We love the laid back environment and the home cooked tasting food.\""
            },
            {
                "snippet": "\"They ruined this place with the menu change and the app for ordering food.\""
            },
            {
                "snippet": "\"I ordered a salad with mixed greens, grilled chicken, and balsamic dressing.\""
            }
        ],
        "most_relevant": [
            {
                "username": "Careen L",
                "rating": 5,
                "contributor_id": "112321347907701624036",
                "description": "We went for the first time on a Thursday night and enjoyed some trivia. Having been in Germany a few months prior, what really brought us here was the König Ludwig Weissbier and the $10 1-liter boots did not disappoint. Spaetzle, pretzels, and burgers were incredible. Great atmosphere and overall a wonderful meal with even better service!",
                "link": "https://www.google.com/maps/reviews/data=!4m8!14m7!1m6!2m5!1sChdDSUhNMG9nS0VJQ0FnSUNEMGRhRDVBRRAB!2m1!1s0x0:0x7529baa49b65de98!3m1!1s2@1:CIHM0ogKEICAgICD0daD5AE%7CCgwIqOqasAYQoMnHrgM%7C?hl=en-US",
                "images": [
                    {
                        "thumbnail": "https://lh5.googleusercontent.com/p/AF1QipMFDHmsMzIjaXaXn6D-jq7Xi-DOzqmvz-1D0d0O=w150-h150-k-no-p"
                    },
                    {
                        "thumbnail": "https://lh5.googleusercontent.com/p/AF1QipMjyWAX6DF0X7NWvt00wcMLKjtOulNlWyYPd0hb=w150-h150-k-no-p"
                    }
                ],
                "date": "7 months ago"
            },
            {
                "username": "Jean-paul Panfiloiu",
                "rating": 4,
                "contributor_id": "115479442660186193933",
                "description": "Cool German restaurant. Love the beer selection and Boot mugs. Could use a better cook. I’d come back for beer only. Food wasn’t good.",
                "link": "https://www.google.com/maps/reviews/data=!4m8!14m7!1m6!2m5!1sChZDSUhNMG9nS0VJQ0FnSUN6NUwyYkZnEAE!2m1!1s0x0:0x7529baa49b65de98!3m1!1s2@1:CIHM0ogKEICAgICz5L2bFg%7CCgwIgv3ksgYQsOKCwwE%7C?hl=en-US",
                "images": [
                    {
                        "thumbnail": "https://lh5.googleusercontent.com/p/AF1QipNKVgbuFpAsWNX_a5lqao3E745cEfVpLKsFW08N=w150-h150-k-no-p"
                    },
                    {
                        "thumbnail": "https://lh5.googleusercontent.com/p/AF1QipPIymQSdYE3gwsQqTdPwnTyemo5aiU9m9asHqm7=w150-h150-k-no-p"
                    }
                ],
                "date": "5 months ago"
            },
            {
                "username": "Cathy Morris",
                "rating": 5,
                "contributor_id": "117563310950092553247",
                "description": "I had to stop in here since I am a graduate of Heidelberg University in Tiffin Ohio. We had a drink. The decor is so cool. They have three levels. The upstairs is available for private parties, the main floor is the restaurant, and the lower level is a cool bar vibe. There's a bar in the main restaurant as well. I'll being back to eat soon. The menu looked great.",
                "link": "https://www.google.com/maps/reviews/data=!4m8!14m7!1m6!2m5!1sChdDSUhNMG9nS0VJQ0FnSURSOVlhcGdRRRAB!2m1!1s0x0:0x7529baa49b65de98!3m1!1s2@1:CIHM0ogKEICAgIDR9YapgQE%7CCgwIhfq6ogYQ8Oui1wI%7C?hl=en-US",
                "images": [
                    {
                        "thumbnail": "https://lh5.googleusercontent.com/p/AF1QipNOslmqPqBSIVTqFwmpD2lQcNfGd8Wypu8BGpVI=w150-h150-k-no-p"
                    },
                    {
                        "thumbnail": "https://lh5.googleusercontent.com/p/AF1QipMy9F1QBtM2x8lXgDCM2m0lb0eZfqi7erPPJgbV=w150-h150-k-no-p"
                    },
                    {
                        "thumbnail": "https://lh5.googleusercontent.com/p/AF1QipPULKxA87h84iTpzzqsLfZShP3w-7wi2fsEw2ew=w150-h150-k-no-p"
                    },
                    {
                        "thumbnail": "https://lh5.googleusercontent.com/p/AF1QipNiTakiJDNAkd_LhBSAHrJran_1B3MUZd6sVIul=w150-h150-k-no-p"
                    },
                    {
                        "thumbnail": "https://lh5.googleusercontent.com/p/AF1QipMSx81yfoCkHFymQia4GsATIESZznaMq0XbUZlL=w150-h150-k-no-p"
                    },
                    {
                        "thumbnail": "https://lh5.googleusercontent.com/p/AF1QipP2H94fU6KaiAWXM95aN4g3mExAzMBXQAR4-91r=w150-h150-k-no-p"
                    },
                    {
                        "thumbnail": "https://lh5.googleusercontent.com/p/AF1QipP-boBQ6F0PYfERZPPZ7LI1jbYOYKJKQKtgTF6Y=w150-h150-k-no-p"
                    },
                    {
                        "thumbnail": "https://lh5.googleusercontent.com/p/AF1QipPBBiDi8Lq144rFdwp4s_tw7Cd813tMfyftT41z=w150-h150-k-no-p"
                    },
                    {
                        "thumbnail": "https://lh5.googleusercontent.com/p/AF1QipPKNRki2-GPGn3_8ok-jgxpaVRBGY4oy-Mc2L-b=w150-h150-k-no-p"
                    },
                    {
                        "thumbnail": "https://lh5.googleusercontent.com/p/AF1QipM44MnR0LwcqgxkfwRlv6S5Wlq29yWPEbxLdvWc=w150-h150-k-no-p"
                    },
                    {
                        "thumbnail": "https://lh5.googleusercontent.com/p/AF1QipPdOZJix9O2A7EAv2zJKF63Ed7wE4gDlDhbJ6mZ=w150-h150-k-no-p"
                    },
                    {
                        "thumbnail": "https://lh5.googleusercontent.com/p/AF1QipNzMedVg9pmJwVc0V4Nre4NR4YpWSoCLtVkOdWX=w150-h150-k-no-p"
                    },
                    {
                        "thumbnail": "https://lh5.googleusercontent.com/p/AF1QipNetUUMWSW8Lqb5k6TjrViZedk3cibu70KN5o0_=w150-h150-k-no-p"
                    },
                    {
                        "thumbnail": "https://lh5.googleusercontent.com/p/AF1QipMiMCuiLSYHC6aQO5I0X3vqKYlll90t5m6Ovtxo=w150-h150-k-no-p"
                    },
                    {
                        "thumbnail": "https://lh5.googleusercontent.com/p/AF1QipN5oLuAwJsKZ-gR5jMLczzuTK0hpCE5Ht88KVMD=w150-h150-k-no-p"
                    },
                    {
                        "thumbnail": "https://lh5.googleusercontent.com/p/AF1QipP0Hw9qZ29xArp6t81AakAbVg6r_5U0fZK9DBLb=w150-h150-k-no-p"
                    },
                    {
                        "thumbnail": "https://lh5.googleusercontent.com/p/AF1QipOnd0qOmZsabldiVW7jcWFupUYGh1Fu4HIPJZ6f=w150-h150-k-no-p"
                    },
                    {
                        "thumbnail": "https://lh5.googleusercontent.com/p/AF1QipOMlI07uxmWZGXMYxh6m3JKqb7ObHDxYZmpCCii=w150-h150-k-no-p"
                    },
                    {
                        "thumbnail": "https://lh5.googleusercontent.com/p/AF1QipNjJek1AUdMDb1Uo0jNxpySh8LcdK-r6hnTsJvp=w150-h150-k-no-p"
                    }
                ],
                "date": "a year ago"
            },
            {
                "username": "Diana Alexander",
                "rating": 1,
                "contributor_id": "106805329979043141346",
                "description": "The schnitzel, potato pancakes & sauerkraut were awful! My family is 100% German and my 89 yr old father was so disappointed. Spaten beer was good and the decor was nice, but that’s all. Maybe the wursts are good, but we wanted a whole dinner. Will not be driving that far for it again. Dakota Inn/Rathskeller in Detroit is MUCH better.",
                "link": "https://www.google.com/maps/reviews/data=!4m8!14m7!1m6!2m5!1sChdDSUhNMG9nS0VJQ0FnSUNiczRIRnNnRRAB!2m1!1s0x0:0x7529baa49b65de98!3m1!1s2@1:CIHM0ogKEICAgICbs4HFsgE%7CCgsIk8uftQYQ0MeRfw%7C?hl=en-US",
                "date": "3 months ago"
            },
            {
                "username": "John Modica",
                "rating": 5,
                "contributor_id": "103449072051653401570",
                "description": "At the edge of Ann Arbors, Main Street, there is this old standard of a bar with all the charm that so many other institutions seek to emulate. That Heidelberg, has long withstood the test of time and with its charming staff, will continue to do so.",
                "link": "https://www.google.com/maps/reviews/data=!4m8!14m7!1m6!2m5!1sChdDSUhNMG9nS0VJQ0FnSURUX2Mzc3NnRRAB!2m1!1s0x0:0x7529baa49b65de98!3m1!1s2@1:CIHM0ogKEICAgIDT_c3ssgE%7CCgwI8eHPsgYQqJGz4QE%7C?hl=en-US",
                "images": [
                    {
                        "thumbnail": "https://lh5.googleusercontent.com/p/AF1QipOKOLQdIPwbHLWYV5V0Hua4VJCybAmjftu60OV8=w150-h150-k-no-p"
                    }
                ],
                "date": "5 months ago"
            },
            {
                "username": "Jack Lorraine",
                "rating": 5,
                "contributor_id": "105701151311139821863",
                "description": "The new menu doesn’t disappoint. I only had the curd but for $10 you get a veritable cornucopia of spicy cheese. This is a good deal by local standards. I hope heidelberg ownership sees this I would like my tab comped please. 💦💦",
                "link": "https://www.google.com/maps/reviews/data=!4m8!14m7!1m6!2m5!1sChZDSUhNMG9nS0VJQ0FnSUNkdGZleFlBEAE!2m1!1s0x0:0x7529baa49b65de98!3m1!1s2@1:CIHM0ogKEICAgICdtfexYA%7CCgwI7L7ArgYQ-MXavAM%7C?hl=en-US",
                "images": [
                    {
                        "thumbnail": "https://lh5.googleusercontent.com/p/AF1QipPD3z_RAbLlNMcHcLmIuoejiSUG3uY-oRIj8saJ=w150-h150-k-no-p"
                    },
                    {
                        "thumbnail": "https://lh5.googleusercontent.com/p/AF1QipP29-QQqBmU3VnSebOHWXfpejxDPHjkl9x-9ten=w150-h150-k-no-p"
                    }
                ],
                "date": "8 months ago"
            },
            {
                "username": "Justin Lynch",
                "rating": 2,
                "contributor_id": "112478243357007170326",
                "description": "The schnitzel was just ok. Potato pancakes were somehow rubbery. The beer on tap tasted like the lines have never been cleaned. Our server was great and did not charge us for the beer and replaced them with bottles. The service and atmosphere were great but not the food. Way overpriced.",
                "link": "https://www.google.com/maps/reviews/data=!4m8!14m7!1m6!2m5!1sChZDSUhNMG9nS0VJQ0FnSURULWNtbUtBEAE!2m1!1s0x0:0x7529baa49b65de98!3m1!1s2@1:CIHM0ogKEICAgIDT-cmmKA%7CCgsIi9PKsgYQ4JXJQw%7C?hl=en-US",
                "date": "5 months ago"
            },
            {
                "username": "cookiemonster nom nom",
                "rating": 5,
                "contributor_id": "108538511772713230891",
                "description": "Great atmosphere and nice music. Good food, great drink prices for the big size. The bathrooms were clean and tidy.",
                "link": "https://www.google.com/maps/reviews/data=!4m8!14m7!1m6!2m5!1sChdDSUhNMG9nS0VJQ0FnSURUdmFLZm5RRRAB!2m1!1s0x0:0x7529baa49b65de98!3m1!1s2@1:CIHM0ogKEICAgIDTvaKfnQE%7CCgwImqbPsgYQqNvz-wE%7C?hl=en-US",
                "images": [
                    {
                        "thumbnail": "https://lh5.googleusercontent.com/p/AF1QipMgXQLiK9Cgd6eSiM6wT5dAJ-lcMlq9bBwlKwbZ=w150-h150-k-no-p"
                    }
                ],
                "date": "5 months ago"
            }
        ]
    },
    "Services": {
        "dine_in": true,
        "takeout": true,
        "no_contact_delivery": true
    }
}