{
    "Title": "Jolly Pumpkin Café & Brewery",
    "Price": "$$",
    "Place ID": "ChIJzQ_7XDyuPIgReuoJA541_NA",
    "Type ID": [],
    "Type": [
        "Brewery",
        "Bar",
        "Brewpub",
        "Restaurant"
    ],
    "Address": "311 S Main St, Ann Arbor, MI 48104",
    "GPS Coordinates": {
        "latitude": 42.2791584,
        "longitude": -83.7484618
    },
    "Phone Number": "(734) 913-2730",
    "Rating": 4.4,
    "Rating Summary": [
        {
            "stars": 1,
            "amount": 44
        },
        {
            "stars": 2,
            "amount": 30
        },
        {
            "stars": 3,
            "amount": 69
        },
        {
            "stars": 4,
            "amount": 242
        },
        {
            "stars": 5,
            "amount": 664
        }
    ],
    "Opening Hours": [
        {
            "tuesday": "11:30 AM–10 PM"
        },
        {
            "wednesday": "11:30 AM–10 PM"
        },
        {
            "thursday": "11:30 AM–10 PM"
        },
        {
            "friday": "11:30 AM–11 PM"
        },
        {
            "saturday": "11:30 AM–11 PM"
        },
        {
            "sunday": "11:30 AM–10 PM"
        },
        {
            "monday": "11:30 AM–10 PM"
        }
    ],
    "Description": "Local chain known for truffle fries serves upscale pub fare & pints of rustic craft beer.",
    "Details": [
        {
            "accessibility": [
                "Wheelchair accessible entrance",
                "Wheelchair accessible parking lot",
                "Wheelchair accessible restroom",
                "Wheelchair accessible seating"
            ]
        },
        {
            "offerings": [
                "Alcohol",
                "Beer"
            ]
        },
        {
            "amenities": [
                "Bar onsite"
            ]
        },
        {
            "crowd": [
                "LGBTQ+ friendly"
            ]
        },
        {
            "payments": [
                "Credit cards",
                "Debit cards",
                "NFC mobile payments"
            ]
        },
        {
            "parking": [
                "Paid parking garage",
                "Paid parking lot",
                "Paid street parking"
            ]
        }
    ],
    "User Reviews": {
        "summary": [
            {
                "snippet": "\"The menu has a good selection of appetizers, sandwiches, pizza, and other stuff.\""
            },
            {
                "snippet": "\"No place to rate Food so rated Decor and Service poor but really excellent.\""
            },
            {
                "snippet": "\"Margherita pizza was cooked well but lacked flavor and sauce, so was overpriced.\""
            }
        ],
        "most_relevant": [
            {
                "username": "Rob Macdonald",
                "rating": 5,
                "contributor_id": "105930198607344388396",
                "description": "Stopped in on game day from a bite to eat before the night game. We were able to get a table upstairs without a wait.\n\nThe service was solid, and efficient. Couldn't ask for much more with them being busy. Most importantly the food came quickly, was served hot, and delicious.\n\nI would definitely recommend this restaurant. We will be back.",
                "link": "https://www.google.com/maps/reviews/data=!4m8!14m7!1m6!2m5!1sChdDSUhNMG9nS0VJQ0FnSURIcVBySjdRRRAB!2m1!1s0x0:0xd0fc359e0309ea7a!3m1!1s2@1:CIHM0ogKEICAgIDHqPrJ7QE%7CCgsIvdWItwYQ4JTQJQ%7C?hl=en-US",
                "images": [
                    {
                        "thumbnail": "https://lh5.googleusercontent.com/p/AF1QipP8sjmGONnALYWz_dApyqxVCvzcfoRY258JRb5Y=w150-h150-k-no-p"
                    },
                    {
                        "thumbnail": "https://lh5.googleusercontent.com/p/AF1QipOYW2piDbCfhPYzLzaJQ1k2A701k2no1lcaIXln=w150-h150-k-no-p"
                    },
                    {
                        "thumbnail": "https://lh5.googleusercontent.com/p/AF1QipPuDPGPTBAXiBAxIrWgHP7E0NB8u9TPB9gbfTWR=w150-h150-k-no-p"
                    }
                ],
                "date": "2 months ago"
            },
            {
                "username": "BufferingTurtle",
                "rating": 5,
                "contributor_id": "101519822681866764221",
                "description": "Jolly pumpkin has never disappointed. The red  chicken nachos are one of the best things on the menu and the Fried chicken with orzo mac & cheese was excellent. And our waiter Joe was great too.",
                "link": "https://www.google.com/maps/reviews/data=!4m8!14m7!1m6!2m5!1sChZDSUhNMG9nS0VJQ0FnSUNiOXZtQ1lnEAE!2m1!1s0x0:0xd0fc359e0309ea7a!3m1!1s2@1:CIHM0ogKEICAgICb9vmCYg%7CCgsIkqCRtQYQuJj7Rg%7C?hl=en-US",
                "images": [
                    {
                        "thumbnail": "https://lh5.googleusercontent.com/p/AF1QipPDd5UrRFTKwirKQTN-RH4Z2RNYFsvIDQVuA_3z=w150-h150-k-no-p"
                    },
                    {
                        "thumbnail": "https://lh5.googleusercontent.com/p/AF1QipOo0ZvcFk5nLNcIOqT0stg_7BNaEI8vHGBnx_UN=w150-h150-k-no-p"
                    },
                    {
                        "thumbnail": "https://lh5.googleusercontent.com/p/AF1QipN9PjH8UA3zoMOXPVsh7MINkRIlLqvPzzAfqbSD=w150-h150-k-no-p"
                    },
                    {
                        "thumbnail": "https://lh5.googleusercontent.com/p/AF1QipMIYq4pDOr-3otHC0kyqgbORjfsZ-E3Bp6nGR0t=w150-h150-k-no-p"
                    }
                ],
                "date": "3 months ago"
            },
            {
                "username": "Vikram Bala",
                "rating": 5,
                "contributor_id": "118263460813448768909",
                "description": "I really liked this place! It felt cozy and the food was great. We got a bunch of pizzas 🍕 and split them - all of them were tremendous! The chicken 🍗 nachos were also brilliant 💡 Definitely worth a try if you're in the area!!",
                "link": "https://www.google.com/maps/reviews/data=!4m8!14m7!1m6!2m5!1sChZDSUhNMG9nS0VJQ0FnSUNINi1MdFJ3EAE!2m1!1s0x0:0xd0fc359e0309ea7a!3m1!1s2@1:CIHM0ogKEICAgICH6-LtRw%7CCgwIs8f5tgYQ-LzVlQM%7C?hl=en-US",
                "images": [
                    {
                        "thumbnail": "https://lh5.googleusercontent.com/p/AF1QipODDZmJM1m84hwHzH-1IfLW1IO7RCUVv824Xx5F=w150-h150-k-no-p"
                    },
                    {
                        "thumbnail": "https://lh5.googleusercontent.com/p/AF1QipPO_5eDngyCl57pCyLSYJhT8HQIBjR8bTVFf-NV=w150-h150-k-no-p"
                    }
                ],
                "date": "2 months ago"
            },
            {
                "username": "Alan Leung",
                "rating": 5,
                "contributor_id": "103016831710705848459",
                "description": "The Jolly pumpkin is one of Ann Arbor’s hidden gems. I went during lunch and it was the greatest experience.\n\nThe waitress was super nice and helpful in explaining the beer selections. The food itself was really good too. I had the ginger soy glazed salmon and it was beautifully made and absolutely delicious.",
                "link": "https://www.google.com/maps/reviews/data=!4m8!14m7!1m6!2m5!1sChZDSUhNMG9nS0VJQ0FnSURieDlxbldnEAE!2m1!1s0x0:0xd0fc359e0309ea7a!3m1!1s2@1:CIHM0ogKEICAgIDbx9qnWg%7CCgwInoXbtQYQuKbY2wE%7C?hl=en-US",
                "images": [
                    {
                        "thumbnail": "https://lh5.googleusercontent.com/p/AF1QipNC6WyvALo2qLEBlqVIdVaVr_i8l9bKMcCWAru0=w150-h150-k-no-p"
                    }
                ],
                "date": "3 months ago"
            },
            {
                "username": "Lanie Alyssa",
                "rating": 5,
                "contributor_id": "106947732910566870405",
                "description": "Sorry I forgot to take a pic sooner - I was so hungry! I had the Popeye pizza with a Calabaza Blanca beer. I know nothing about pairing beers with meals but this combo was on point.\nThe preserved lemons on this pizza were delicious. I'm not from Ann Arbor so I bought a jar of them to try and make my own version of this back home.\nOur service was also on point - our waitress realized the kitchen had put vegan cheese on one of our pizzas by the time she was setting it on the table and immediately called attention to it and they corrected it quickly. Excellent service!",
                "link": "https://www.google.com/maps/reviews/data=!4m8!14m7!1m6!2m5!1sChZDSUhNMG9nS0VJQ0FnSUNicV8ySGF3EAE!2m1!1s0x0:0xd0fc359e0309ea7a!3m1!1s2@1:CIHM0ogKEICAgICbq_2Haw%7CCgsIhZmhtQYQ6L-qTQ%7C?hl=en-US",
                "images": [
                    {
                        "thumbnail": "https://lh5.googleusercontent.com/p/AF1QipP4FtCQmSwZonfW5YnGrl0tEYK3uNl8cewJv8Zv=w150-h150-k-no-p"
                    }
                ],
                "date": "3 months ago"
            },
            {
                "username": "R",
                "rating": 4,
                "contributor_id": "111053636218639042566",
                "description": "Nice to finally visit the brewery that helped me get more into sours & saisons. The food on offer delicious and filling. The only disappointment was the taplist on the Jolly Pumpkin side was disappointing in that the taplist online was a month out date.",
                "link": "https://www.google.com/maps/reviews/data=!4m8!14m7!1m6!2m5!1sChZDSUhNMG9nS0VJQ0FnSURUcUpqM1pBEAE!2m1!1s0x0:0xd0fc359e0309ea7a!3m1!1s2@1:CIHM0ogKEICAgIDTqJj3ZA%7CCgwI8-K0sgYQsL-argI%7C?hl=en-US",
                "images": [
                    {
                        "thumbnail": "https://lh5.googleusercontent.com/p/AF1QipOZ1S_vc3PjZ31q_aPv40BmXtx6pxdhqqAeaxre=w150-h150-k-no-p"
                    },
                    {
                        "thumbnail": "https://lh5.googleusercontent.com/p/AF1QipM54WnM3UggLYxjAj2pSG9bOSVTG8PcmUvWIld9=w150-h150-k-no-p"
                    },
                    {
                        "thumbnail": "https://lh5.googleusercontent.com/p/AF1QipPGfbRMLVpairtxW12-WuPx65ocNuKeeIroZHuA=w150-h150-k-no-p"
                    }
                ],
                "date": "5 months ago"
            },
            {
                "username": "Levente Klein",
                "rating": 5,
                "contributor_id": "109495186562177311042",
                "description": "Great truffle pizzas and ginger coated salmon dish.They have a rooftop patio, but you need to ask for it. Great services and they are fast.",
                "link": "https://www.google.com/maps/reviews/data=!4m8!14m7!1m6!2m5!1sChdDSUhNMG9nS0VJQ0FnSUQ3c2UtQnJBRRAB!2m1!1s0x0:0xd0fc359e0309ea7a!3m1!1s2@1:CIHM0ogKEICAgID7se-BrAE%7CCgwIt7OstgYQsKL4hAI%7C?hl=en-US",
                "images": [
                    {
                        "thumbnail": "https://lh5.googleusercontent.com/p/AF1QipP67OmoEM3ZxIX6QGLZZZhobggmZZQNa5xA9O0T=w150-h150-k-no-p"
                    },
                    {
                        "thumbnail": "https://lh5.googleusercontent.com/p/AF1QipOI9kyHuBi0GP6YLXstG-oGIZ3X2qiSgmkmrLil=w150-h150-k-no-p"
                    }
                ],
                "date": "2 months ago"
            },
            {
                "username": "Yoshi Kuronuma",
                "rating": 4,
                "contributor_id": "110891120322819999086",
                "description": "Love the atmosphere.  They open for outside seating during the summer season.  Great place to hangout or drink with your friends, family, and/or someone special.  Good quality of food and beer. Their Truffle flies are my favorite. It's a great with beer.  Staff and service are great too.",
                "link": "https://www.google.com/maps/reviews/data=!4m8!14m7!1m6!2m5!1sChZDSUhNMG9nS0VJQ0FnSUN4ejVhSWJnEAE!2m1!1s0x0:0xd0fc359e0309ea7a!3m1!1s2@1:CIHM0ogKEICAgICxz5aIbg%7CCgsI9ZPQowYQkOLhFQ%7C?hl=en-US",
                "images": [
                    {
                        "thumbnail": "https://lh5.googleusercontent.com/p/AF1QipNsvg99Trxjjw_IgCpW68DYywVFKA1c7RFnK8rF=w150-h150-k-no-p"
                    },
                    {
                        "thumbnail": "https://lh5.googleusercontent.com/p/AF1QipPbbVwltsCB7oykv26hXknBMlMfJGB6D9n4SWKy=w150-h150-k-no-p"
                    },
                    {
                        "thumbnail": "https://lh5.googleusercontent.com/p/AF1QipP1cziKPcdITMJXVxwwb-z5tSexZAxqoEeciovo=w150-h150-k-no-p"
                    },
                    {
                        "thumbnail": "https://lh5.googleusercontent.com/p/AF1QipNaqWDKdxAiFlEWzLbXFQN-Omfft_Vmuk74QPoa=w150-h150-k-no-p"
                    },
                    {
                        "thumbnail": "https://lh5.googleusercontent.com/p/AF1QipMeb5uBt1cS4IaIhKrb61ZOA7x3r8BlVK5SRfLU=w150-h150-k-no-p"
                    }
                ],
                "date": "a year ago"
            }
        ]
    },
    "Services": {
        "dine_in": true,
        "takeout": true,
        "delivery": true
    }
}