{
    "Title": "Juicy Kitchen",
    "Price": [],
    "Place ID": "ChIJh84dXfKxPIgR9p7oL_JIOl4",
    "Type ID": [],
    "Type": [
        "Health food restaurant",
        "Breakfast restaurant",
        "Brunch restaurant",
        "Cafe",
        "Lunch restaurant"
    ],
    "Address": "1506 N Maple Rd, Ann Arbor, MI 48103",
    "GPS Coordinates": {
        "latitude": 42.2955976,
        "longitude": -83.7804298
    },
    "Phone Number": "(734) 585-5562",
    "Rating": 4.7,
    "Rating Summary": [
        {
            "stars": 1,
            "amount": 6
        },
        {
            "stars": 2,
            "amount": 5
        },
        {
            "stars": 3,
            "amount": 25
        },
        {
            "stars": 4,
            "amount": 69
        },
        {
            "stars": 5,
            "amount": 431
        }
    ],
    "Opening Hours": [
        {
            "tuesday": "Closed"
        },
        {
            "wednesday": "8 AM–2 PM"
        },
        {
            "thursday": "8 AM–2 PM"
        },
        {
            "friday": "8 AM–2 PM"
        },
        {
            "saturday": "8 AM–2 PM"
        },
        {
            "sunday": "8 AM–2 PM"
        },
        {
            "monday": "Closed"
        }
    ],
    "Description": "Cozy breakfast & lunch nook with vegetarian, vegan & gluten-free options, plus smoothies & espresso.",
    "Details": [
        {
            "from_the_business": [
                "Identifies as women-owned"
            ]
        },
        {
            "highlights": [
                "Great coffee",
                "Great tea selection"
            ]
        },
        {
            "popular_for": [
                "Breakfast",
                "Lunch",
                "Solo dining"
            ]
        },
        {
            "accessibility": [
                "Wheelchair accessible entrance",
                "Wheelchair accessible parking lot",
                "Wheelchair accessible seating"
            ]
        },
        {
            "offerings": [
                "Coffee",
                "Comfort food",
                "Healthy options",
                "Organic dishes",
                "Quick bite",
                "Vegan options",
                "Vegetarian options"
            ]
        },
        {
            "dining_options": [
                "Breakfast",
                "Brunch",
                "Lunch",
                "Catering",
                "Dessert",
                "Seating"
            ]
        },
        {
            "amenities": [
                "Gender-neutral restroom",
                "Restroom",
                "Wi-Fi",
                "Free Wi-Fi"
            ]
        },
        {
            "atmosphere": [
                "Casual",
                "Cozy",
                "Trendy"
            ]
        },
        {
            "crowd": [
                "Family-friendly",
                "LGBTQ+ friendly",
                "Tourists",
                "Transgender safespace"
            ]
        },
        {
            "payments": [
                "Credit cards",
                "Debit cards",
                "NFC mobile payments"
            ]
        },
        {
            "children": [
                "Good for kids",
                "High chairs"
            ]
        },
        {
            "parking": [
                "Free parking lot",
                "Plenty of parking"
            ]
        },
        {
            "pets": [
                "Dogs allowed"
            ]
        }
    ],
    "User Reviews": {
        "summary": [
            {
                "snippet": "\"Super friendly staff and tasty food.\""
            },
            {
                "snippet": "\"Their apology was to offer me an energy ball for the wait and the trip home.\""
            },
            {
                "snippet": "\"Good selection of breakfast and lunch options including vegan.\""
            }
        ],
        "most_relevant": [
            {
                "username": "Bahar",
                "rating": 5,
                "contributor_id": "112764359122842326370",
                "description": "After returning for our second visit in a year, I can confidently say that The Juicy Kitchen is one of the best brunch spots we've tried in MI. From the food to the service and hospitality, everything is exceptional.\nThe owner, who greeted us warmly, is incredibly welcoming and communicative. The staff members are friendly, warm, and extremely helpful. Words can't quite capture how wonderful this place is. Don't be surprised by its small size and tucked-away location in a plaza, it's truly a hidden gem in Ann Arbor!",
                "link": "https://www.google.com/maps/reviews/data=!4m8!14m7!1m6!2m5!1sChdDSUhNMG9nS0VJQ0FnSURqdFpfRG5BRRAB!2m1!1s0x0:0x5e3a48f22fe89ef6!3m1!1s2@1:CIHM0ogKEICAgIDjtZ_DnAE%7CCgwImaLgsQYQiOn7mgM%7C?hl=en-US",
                "images": [
                    {
                        "thumbnail": "https://lh5.googleusercontent.com/p/AF1QipOJsuzbQoFSYdpCLcjVyeW887wqoNZ2HW_gSkK1=w150-h150-k-no-p"
                    }
                ],
                "date": "6 months ago"
            },
            {
                "username": "Bora Esenler",
                "rating": 5,
                "contributor_id": "105037618868679272175",
                "description": "Refreshing, authentic & quality food.\nWe’ll be regulars here when in town.\nDefinitely better then continental or regular classic breakfast.\nThe products are organic and produce are fresh.\nThey have gluten free options!!!",
                "link": "https://www.google.com/maps/reviews/data=!4m8!14m7!1m6!2m5!1sChZDSUhNMG9nS0VJQ0FnSUQ3cWJiWlNnEAE!2m1!1s0x0:0x5e3a48f22fe89ef6!3m1!1s2@1:CIHM0ogKEICAgID7qbbZSg%7CCgwIzeuttgYQwKbSjgE%7C?hl=en-US",
                "images": [
                    {
                        "thumbnail": "https://lh5.googleusercontent.com/p/AF1QipMYeATuskbnOWs3q09dDhaAIeTmu6WcanbAkPon=w150-h150-k-no-p"
                    },
                    {
                        "thumbnail": "https://lh5.googleusercontent.com/p/AF1QipPWD15ix0qeSpiUve1bFiRojfD9myfE0mku5o1N=w150-h150-k-no-p"
                    },
                    {
                        "thumbnail": "https://lh5.googleusercontent.com/p/AF1QipOH9dlNey0pdU8PU_h_Ce2TJX7k3UxfcdU-4NA3=w150-h150-k-no-p"
                    },
                    {
                        "thumbnail": "https://lh5.googleusercontent.com/p/AF1QipPnemcnhVgnfs1OLzElFXLH0XPJFrvPSIMGplF_=w150-h150-k-no-p"
                    },
                    {
                        "thumbnail": "https://lh5.googleusercontent.com/p/AF1QipM6NqcBxrdZvxMQIBI4kzZ9PUbbET8EW9SWAwIz=w150-h150-k-no-p"
                    },
                    {
                        "thumbnail": "https://lh5.googleusercontent.com/p/AF1QipNktc_bIUg3IvnvutMXYfEjvNQqJ2cFy_BqD_N7=w150-h150-k-no-p"
                    },
                    {
                        "thumbnail": "https://lh5.googleusercontent.com/p/AF1QipOeyemWaxAyTEobppu56-DxJokilvYB8_jzSDhZ=w150-h150-k-no-p"
                    },
                    {
                        "thumbnail": "https://lh5.googleusercontent.com/p/AF1QipO2yaCKj2vAxgP3rArMqo9Z_oyfnPV7B2vwRXmg=w150-h150-k-no-p"
                    },
                    {
                        "thumbnail": "https://lh5.googleusercontent.com/p/AF1QipNCA_GdP-kSc9YACNUw0o81klNk2AAW6ZOpaxUU=w150-h150-k-no-p"
                    },
                    {
                        "thumbnail": "https://lh5.googleusercontent.com/p/AF1QipMECfPTIrnrrnBAAEjyzGzWg00_06GVq9knuAL0=w150-h150-k-no-p"
                    },
                    {
                        "thumbnail": "https://lh5.googleusercontent.com/p/AF1QipOtSpFsKXOvVmDTrkI60JZvNQvRp-HcYZymj1w1=w150-h150-k-no-p"
                    },
                    {
                        "thumbnail": "https://lh5.googleusercontent.com/p/AF1QipMRL5m0O3X9Pxy6ryDSbwFQGz3qq6DsyoqmdeYr=w150-h150-k-no-p"
                    },
                    {
                        "thumbnail": "https://lh5.googleusercontent.com/p/AF1QipORg3gvKXLl7awYwOx62ycTEtqSmoxwbeJXxx6p=w150-h150-k-no-p"
                    },
                    {
                        "thumbnail": "https://lh5.googleusercontent.com/p/AF1QipNBP_txAkqlF_hGiZUo_Tx9Fxdgw2wgZoubOErL=w150-h150-k-no-p"
                    }
                ],
                "date": "2 months ago"
            },
            {
                "username": "Khrys Williams (Alpena Girl)",
                "rating": 5,
                "contributor_id": "103998934539913456649",
                "description": "The food was amazing, the atmosphere was wonderful, people tripping over others to be nice, and not just the staff. It's food that puts everyone in a good mood. I wish it was larger, because there was a solid line from the register to the door all the time I was there. When I went back to Ann Arbor, I was really sad that they were closed that day.",
                "link": "https://www.google.com/maps/reviews/data=!4m8!14m7!1m6!2m5!1sChZDSUhNMG9nS0VJQ0FnSUNuN09hVUFREAE!2m1!1s0x0:0x5e3a48f22fe89ef6!3m1!1s2@1:CIHM0ogKEICAgICn7OaUAQ%7CCgwImK7GtwYQoJbd3AE%7C?hl=en-US",
                "images": [
                    {
                        "thumbnail": "https://lh5.googleusercontent.com/p/AF1QipNUDiwTOLriotyZ9swP8ILPM_zG6yUA2o_sMZve=w150-h150-k-no-p"
                    }
                ],
                "date": "a month ago"
            },
            {
                "username": "Robert Backstrom",
                "rating": 5,
                "contributor_id": "107964849851052300804",
                "description": "We recently visited for breakfast and the food is incredible. Fresh and healthy. My wife had a breakfast burrito and I had one of their specials. There is limited seating but they do offer takeout which appears to be very popular here. If your in the area give this place a try. You will not be sorry.",
                "link": "https://www.google.com/maps/reviews/data=!4m8!14m7!1m6!2m5!1sChdDSUhNMG9nS0VJQ0FnSUREcGFyVnV3RRAB!2m1!1s0x0:0x5e3a48f22fe89ef6!3m1!1s2@1:CIHM0ogKEICAgIDDparVuwE%7CCgwIloDjsAYQyJKUxQE%7C?hl=en-US",
                "images": [
                    {
                        "thumbnail": "https://lh5.googleusercontent.com/p/AF1QipNXTp_7NhtuTqQAyCbuix8zckBicoZZTqiorVXr=w150-h150-k-no-p"
                    },
                    {
                        "thumbnail": "https://lh5.googleusercontent.com/p/AF1QipO1SkIZliqQ-mQhBDmK5AeDg__OZsyDjVthfdWl=w150-h150-k-no-p"
                    },
                    {
                        "thumbnail": "https://lh5.googleusercontent.com/p/AF1QipN2zyTZedcaYm9JzrY27O8t7f1cNlBLHRrmeqq5=w150-h150-k-no-p"
                    }
                ],
                "date": "7 months ago"
            },
            {
                "username": "C S",
                "rating": 4,
                "contributor_id": "103003338435944707802",
                "description": "I was happy with finding vegan options in this part of town during our visit. We tried a few dishes, including the vegan burrito, hot mess, southwestern hash, and slider (vegan). For the vegan versions, they replace egg with tempeh and the cheese with spicy mayo. Overall, the vegan options were okay, but did not seem their specialty. Also al of the dishes had a spicy sauce I wasn’t a fan of. The vegan baked goods were good though and highly recommend the coffee over the chai.",
                "link": "https://www.google.com/maps/reviews/data=!4m8!14m7!1m6!2m5!1sChdDSUhNMG9nS0VJQ0FnSUNYbTVuc3JnRRAB!2m1!1s0x0:0x5e3a48f22fe89ef6!3m1!1s2@1:CIHM0ogKEICAgICXm5nsrgE%7CCgwIi8TVuAYQ8MzYgAM%7C?hl=en-US",
                "images": [
                    {
                        "thumbnail": "https://lh5.googleusercontent.com/p/AF1QipPMAiQuUtpCzrV3mw2uMfeSaFBJP6bzZMY1iwA_=w150-h150-k-no-p"
                    }
                ],
                "date": "3 weeks ago"
            },
            {
                "username": "Snehal Shikhare",
                "rating": 5,
                "contributor_id": "112753019904442137616",
                "description": "I went for a brunch after a long hike in winter.\nHot chocolate felt awesome after the cold. We tried Vegan dishes and they were delicious. Quinoa dish, veggie burger and veggie breakfast burrito we loved them all. It’s a small place with a nice vibe and many healthy food options including ready to go sandwiches, soups etc. (don’t have food pictures)",
                "link": "https://www.google.com/maps/reviews/data=!4m8!14m7!1m6!2m5!1sChZDSUhNMG9nS0VJQ0FnSUNUeHZEdlhREAE!2m1!1s0x0:0x5e3a48f22fe89ef6!3m1!1s2@1:CIHM0ogKEICAgICTxvDvXQ%7CCgsInamLsgYQgMHOQA%7C?hl=en-US",
                "images": [
                    {
                        "thumbnail": "https://lh5.googleusercontent.com/p/AF1QipOVzdtDQcVrLfiQHjFLeb5KUGYcKY1eravWRcy7=w150-h150-k-no-p"
                    }
                ],
                "date": "5 months ago"
            },
            {
                "username": "Eman E",
                "rating": 5,
                "contributor_id": "100629619245719878487",
                "description": "I’ve been meaning to try this place for a while, and I finally found a good time to grab some breakfast. The people working there are so warm. They have so many delicious and healthy options. You feel like you’re paying for quality food. I especially loved their breakfast burritos, and their overnight oats were a hefty portion loaded with tons of good stuff. Flavorful and made with care. Far better breakfast fare than I can usually find on a busy morning. I think I’ll become a regular!",
                "link": "https://www.google.com/maps/reviews/data=!4m8!14m7!1m6!2m5!1sChdDSUhNMG9nS0VJQ0FnSURuMjl2VW5nRRAB!2m1!1s0x0:0x5e3a48f22fe89ef6!3m1!1s2@1:CIHM0ogKEICAgIDn29vUngE%7CCgsI9qKfuAYQiPzdHQ%7C?hl=en-US",
                "date": "a month ago"
            },
            {
                "username": "George Safadi",
                "rating": 5,
                "contributor_id": "107514451257560812003",
                "description": "Amazing experience. I was in Ann Arbor picking up materials for a job site. I hadn’t eaten lunch yet so I decided to find something close to my route and juicy kitchen is what I found.  When I walked in I was instantly greeted by one of the employees. he did an amazing job helping me choose something since this was my first time in the restaurant. Any questions I had were not only answered by him but also by the extremely friendly staff in the back area. While I was ordering I noticed that someone was cleaning and organizing at all times. As a business owner myself to see employees that actually cared about their workplace made me smile. I ordered the breakfast burrito with chicken sausage and a strawberry orange mango smoothie. I’ll start with the smoothie. I’ve had a lot of smoothies in my life but this was definitely one of the best. You could taste the real fruit not like other places that use concentrates. It was very creamy cold and refreshing. I could’ve told you about the food in the beginning but what would a story be without a little suspense. Usually when you go into a smaller restaurant everyone has their spin on a breakfast burrito and nine times out of 10 they always put way too many ingredients. but not the juicy kitchen. It was the perfect sized burrito. not too big to where every bite everything falls apart and not too small that it didn’t fill me up. All the ingredients inside the burrito perfectly accented all the other ingredients and it was the perfect portion of each ingredient that you’re able to taste all the flavors and enjoy it. Nothing overpowered anything else. Overall for my experience I would give this place a 10 out of 10 very happy and pleased with the service greatly enjoyed the food and the staff and I will definitely be back the next time I am in the area.",
                "link": "https://www.google.com/maps/reviews/data=!4m8!14m7!1m6!2m5!1sChdDSUhNMG9nS0VJQ0FnSURIbDZYRnJ3RRAB!2m1!1s0x0:0x5e3a48f22fe89ef6!3m1!1s2@1:CIHM0ogKEICAgIDHl6XFrwE%7CCgwI_--2twYQ6L7vvgI%7C?hl=en-US",
                "date": "a month ago"
            }
        ]
    },
    "Services": {
        "dine_in": true,
        "curbside_pickup": true
    }
}