{
    "Title": "Kang's Korean Restaurant",
    "Price": [],
    "Place ID": "ChIJW8mt6ESuPIgRAuc_6v_xtMk",
    "Type ID": [],
    "Type": [
        "Korean restaurant",
        "Asian restaurant"
    ],
    "Address": "1327 S University Ave, Ann Arbor, MI 48104, United States",
    "GPS Coordinates": {
        "latitude": 42.275189499999996,
        "longitude": -83.73229649999999
    },
    "Phone Number": "+1 734-761-1327",
    "Rating": 4.5,
    "Rating Summary": [
        {
            "stars": 1,
            "amount": 25
        },
        {
            "stars": 2,
            "amount": 9
        },
        {
            "stars": 3,
            "amount": 29
        },
        {
            "stars": 4,
            "amount": 98
        },
        {
            "stars": 5,
            "amount": 373
        }
    ],
    "Opening Hours": [
        {
            "tuesday": "Closed"
        },
        {
            "wednesday": "11 AM–8 PM"
        },
        {
            "thursday": "11 AM–8 PM"
        },
        {
            "friday": "11 AM–8 PM"
        },
        {
            "saturday": "11 AM–8 PM"
        },
        {
            "sunday": "11 AM–8 PM"
        },
        {
            "monday": "11 AM–2 PM"
        }
    ],
    "Description": "A classic menu of homestyle Korean fare is offered by this humble, longtime eatery.",
    "Details": [
        {
            "popular_for": [
                "Lunch",
                "Dinner",
                "Solo dining"
            ]
        },
        {
            "offerings": [
                "Comfort food",
                "Healthy options",
                "Quick bite",
                "Vegetarian options"
            ]
        },
        {
            "dining_options": [
                "Lunch",
                "Dinner"
            ]
        },
        {
            "atmosphere": [
                "Casual",
                "Cozy",
                "Trendy"
            ]
        },
        {
            "crowd": [
                "College students"
            ]
        },
        {
            "payments": [
                "Credit cards",
                "Debit cards",
                "NFC mobile payments"
            ]
        },
        {
            "children": [
                "Good for kids"
            ]
        },
        {
            "parking": [
                "Paid street parking"
            ]
        }
    ],
    "User Reviews": {
        "summary": [
            {
                "snippet": "\"The food tastes good, the service is fast, and the price is very reasonable.\""
            },
            {
                "snippet": "\"Large menu and decent prices, but quality is aimed at quantity not quality.\""
            },
            {
                "snippet": "\"Spicy shrimp and tofu was great and Soon Tofu Jigae was amazing!\""
            }
        ],
        "most_relevant": [
            {
                "username": "sailorpeg131313",
                "rating": 5,
                "contributor_id": "100625621716953210486",
                "description": "As soon as you enter, the atmosphere hints you that you will eat some amazing food. When you take your first bite, you feel joyous  knowing that your initial instincts about this place was accurate. The food here is amazing. Kudos to the chef.",
                "link": "https://www.google.com/maps/reviews/data=!4m8!14m7!1m6!2m5!1sChdDSUhNMG9nS0VJQ0FnSURyMy1UQnJ3RRAB!2m1!1s0x0:0xc9b4f1ffea3fe702!3m1!1s2@1:CIHM0ogKEICAgIDr3-TBrwE%7CCgsIooT1tAYQkOi4Ig%7C?hl=en",
                "images": [
                    {
                        "thumbnail": "https://lh5.googleusercontent.com/p/AF1QipNkiZ8ptvvsXbHqo-MlwIYguEgNmfzW66Ol0n9H=w150-h150-k-no-p"
                    },
                    {
                        "thumbnail": "https://lh5.googleusercontent.com/p/AF1QipNDFN6XczrA7Pa7R_v2QvLpMbgVVGLp5_CWWab0=w150-h150-k-no-p"
                    },
                    {
                        "thumbnail": "https://lh5.googleusercontent.com/p/AF1QipMMpToyJxdfl-R7wignx3zfK24KvIaEI2PhsBVX=w150-h150-k-no-p"
                    }
                ],
                "date": "3 months ago"
            },
            {
                "username": "Lonnie Williams III",
                "rating": 5,
                "contributor_id": "107482479809017373159",
                "description": "The food was very delicious. The staff were very friendly. I definitely will return here one day but I know now to use the restroom prior because they don’t have a public restroom.",
                "link": "https://www.google.com/maps/reviews/data=!4m8!14m7!1m6!2m5!1sChdDSUhNMG9nS0VJQ0FnSUQ3bnN5QzJ3RRAB!2m1!1s0x0:0xc9b4f1ffea3fe702!3m1!1s2@1:CIHM0ogKEICAgID7nsyC2wE%7CCgwIhqKotgYQsOWh4gE%7C?hl=en",
                "images": [
                    {
                        "thumbnail": "https://lh5.googleusercontent.com/p/AF1QipNQLiFkgNGljvcwrSp3w8IcXipgOjh8Mz-XowEO=w150-h150-k-no-p"
                    },
                    {
                        "thumbnail": "https://lh5.googleusercontent.com/p/AF1QipOKOCWimNu8__2hp7lB2fx9Ay2llv9ujFB5tZpu=w150-h150-k-no-p"
                    }
                ],
                "date": "2 months ago"
            },
            {
                "username": "Dialune",
                "rating": 4,
                "contributor_id": "113053838781879276673",
                "description": "Wonderful food, great staff, nice cozy vibes. Slightly cramped. Would recommend for smaller groups of people.",
                "link": "https://www.google.com/maps/reviews/data=!4m8!14m7!1m6!2m5!1sChdDSUhNMG9nS0VJQ0FnSUNEMTdLaDZnRRAB!2m1!1s0x0:0xc9b4f1ffea3fe702!3m1!1s2@1:CIHM0ogKEICAgICD17Kh6gE%7CCgwI_bmysAYQoM63lwM%7C?hl=en",
                "images": [
                    {
                        "thumbnail": "https://lh5.googleusercontent.com/p/AF1QipObu2RG_tl5iFd95gmrSOJ9ZGn29FwUNFOgRIwl=w150-h150-k-no-p"
                    },
                    {
                        "thumbnail": "https://lh5.googleusercontent.com/p/AF1QipNhPFJwjEypSgiO4QcL3HjEJCDn-1MJxV9dotZW=w150-h150-k-no-p"
                    },
                    {
                        "thumbnail": "https://lh5.googleusercontent.com/p/AF1QipP1KNtBPu3rvTq6ludNBnWpC00-owfb_ptxwgwM=w150-h150-k-no-p"
                    },
                    {
                        "thumbnail": "https://lh5.googleusercontent.com/p/AF1QipOEUmWzpl_Lhde4WgV2CWIxQskUqV5zkOGCUXrO=w150-h150-k-no-p"
                    }
                ],
                "date": "7 months ago"
            },
            {
                "username": "Shang Shi",
                "rating": 5,
                "contributor_id": "108316370267646729794",
                "description": "Food is amazing, rich flavor and large amount. Family style restaurant, don’t expect fancy atmosphere or service. Clean, yummy, reasonably priced food. What more you can ask for? Recommend!",
                "link": "https://www.google.com/maps/reviews/data=!4m8!14m7!1m6!2m5!1sChdDSUhNMG9nS0VJQ0FnSURucXVQQjJ3RRAB!2m1!1s0x0:0xc9b4f1ffea3fe702!3m1!1s2@1:CIHM0ogKEICAgIDnquPB2wE%7CCgwIuLiCuAYQ-KfNnQI%7C?hl=en",
                "date": "a month ago"
            },
            {
                "username": "Ryan “HugMyTibbers” Kwon",
                "rating": 4,
                "contributor_id": "115198387751782878189",
                "description": "Very delicious food. Only *ONE* issue there was like barley any seafood in any of the dishes.... it's like when the price of seafood doubled they took out more than half of the seafood in the dishes... this makes me very sad. Great customer service though. For example my soup dish only had 2 or 3 pieces of squid in it.. tons of tofu. You can get the idea from what I am saying.",
                "link": "https://www.google.com/maps/reviews/data=!4m8!14m7!1m6!2m5!1sChdDSUhNMG9nS0VJQ0FnSUR1dEtEZTFnRRAB!2m1!1s0x0:0xc9b4f1ffea3fe702!3m1!1s2@1:CIHM0ogKEICAgIDutKDe1gE%7CCgwI_qjklwYQ0KLMoQM%7C?hl=en",
                "images": [
                    {
                        "thumbnail": "https://lh5.googleusercontent.com/p/AF1QipOfuZWLPi00ajUYaV8ijBoYHnzTerSez1uzt0tB=w150-h150-k-no-p"
                    },
                    {
                        "thumbnail": "https://lh5.googleusercontent.com/p/AF1QipNk0QNKgCRYjqkUTOoLCibI_Mjm4t9G4pNB5WhM=w150-h150-k-no-p"
                    },
                    {
                        "thumbnail": "https://lh5.googleusercontent.com/p/AF1QipNP-HUC_bi_aNWsGPT1JW979eCTz_ndekhxDk8V=w150-h150-k-no-p"
                    },
                    {
                        "thumbnail": "https://lh5.googleusercontent.com/p/AF1QipNx_H54F1EcHznHI0geIFOvk6tBOAIpV9uxlOUb=w150-h150-k-no-p"
                    }
                ],
                "date": "2 years ago"
            },
            {
                "username": "Yao Lee",
                "rating": 4,
                "contributor_id": "111795111511034503202",
                "description": "Food is great! I ordered bibimbap on hot stone, which is in store only. A little bit confused first time here since not sure how to order something in store. Space is small and filled up quickly. Very busy in rush hours",
                "link": "https://www.google.com/maps/reviews/data=!4m8!14m7!1m6!2m5!1sChdDSUhNMG9nS0VJQ0FnSUNueXRtd2dRRRAB!2m1!1s0x0:0xc9b4f1ffea3fe702!3m1!1s2@1:CIHM0ogKEICAgICnytmwgQE%7CCgwI49LMtwYQoM-bwgE%7C?hl=en",
                "date": "a month ago"
            },
            {
                "username": "Jin-hyuk Yu",
                "rating": 5,
                "contributor_id": "100176217665148413003",
                "description": "Really tasty korean food.\nIn my opinion, this place would be the one of the few that cooked ‘real’ korean foods in Michigan.\nOnly one thing I didn’t like was that the soup was a little salty. But except that, it was really great. I would better come with more friends.",
                "link": "https://www.google.com/maps/reviews/data=!4m8!14m7!1m6!2m5!1sChdDSUhNMG9nS0VJQ0FnSUM1a2M3Tm93RRAB!2m1!1s0x0:0xc9b4f1ffea3fe702!3m1!1s2@1:CIHM0ogKEICAgIC5kc7NowE%7CCgwIgc2rqQYQ0I6W1wE%7C?hl=en",
                "images": [
                    {
                        "thumbnail": "https://lh5.googleusercontent.com/p/AF1QipNGqtwCD7U-YtrrMZJtGefDlngNScFfCGeUMS6p=w150-h150-k-no-p"
                    },
                    {
                        "thumbnail": "https://lh5.googleusercontent.com/p/AF1QipPfr2famHfgQLbEhCGnM26hOYH3QSWWnKASdf8f=w150-h150-k-no-p"
                    },
                    {
                        "thumbnail": "https://lh5.googleusercontent.com/p/AF1QipN6A1VH0pT9JDclBxkrWXgUz6jx7gfQB5IFuz13=w150-h150-k-no-p"
                    }
                ],
                "date": "a year ago"
            },
            {
                "username": "Castor Peddycord",
                "rating": 5,
                "contributor_id": "114588613585199815306",
                "description": "Wonderful service, the two ladies at the front were newer and training but took very good care of us despite how busy it got with people dining in and picking up online orders. As did the gentleman running the store today. The food was authentic and delicious, so good that I cleaned my entire plate. Try the Bibimbap and the Pajeon (Korean Pancakes)!  Definitely come try Kangs!!",
                "link": "https://www.google.com/maps/reviews/data=!4m8!14m7!1m6!2m5!1sChZDSUhNMG9nS0VJQ0FnSURIcmF5akh3EAE!2m1!1s0x0:0xc9b4f1ffea3fe702!3m1!1s2@1:CIHM0ogKEICAgIDHrayjHw%7CCgwI4pGttwYQoJK4ygI%7C?hl=en",
                "images": [
                    {
                        "thumbnail": "https://lh5.googleusercontent.com/p/AF1QipNdPIT8C6vre3YZyEHIrn_BMKYoBvsP6HVToTqJ=w150-h150-k-no-p"
                    }
                ],
                "date": "a month ago"
            }
        ]
    },
    "Services": {
        "dine_in": true,
        "takeout": true,
        "no_contact_delivery": true
    }
}