{
    "Title": "Korner Kitchen",
    "Price": [],
    "Place ID": "ChIJT3SXegCvPIgRBHRnrosRGco",
    "Type ID": [],
    "Type": [
        "Asian restaurant"
    ],
    "Address": "Packard St, Ann Arbor, MI 48104",
    "GPS Coordinates": {
        "latitude": 42.2454487,
        "longitude": -83.6978196
    },
    "Phone Number": "(734) 531-6760",
    "Rating": 4.9,
    "Rating Summary": [
        {
            "stars": 1,
            "amount": 1
        },
        {
            "stars": 2,
            "amount": 0
        },
        {
            "stars": 3,
            "amount": 2
        },
        {
            "stars": 4,
            "amount": 2
        },
        {
            "stars": 5,
            "amount": 63
        }
    ],
    "Opening Hours": [
        {
            "tuesday": "11 AM–8 PM"
        },
        {
            "wednesday": "11 AM–8 PM"
        },
        {
            "thursday": "11 AM–8 PM"
        },
        {
            "friday": "11 AM–8 PM"
        },
        {
            "saturday": "11 AM–8 PM"
        },
        {
            "sunday": "11 AM–8 PM"
        },
        {
            "monday": "11 AM–8 PM"
        }
    ],
    "Description": [],
    "Details": [
        {
            "popular_for": [
                "Lunch",
                "Dinner",
                "Solo dining"
            ]
        },
        {
            "accessibility": [
                "Wheelchair accessible parking lot"
            ]
        },
        {
            "offerings": [
                "Comfort food",
                "Quick bite",
                "Vegetarian options"
            ]
        },
        {
            "dining_options": [
                "Lunch",
                "Dinner"
            ]
        },
        {
            "atmosphere": [
                "Casual"
            ]
        },
        {
            "payments": [
                "Credit cards"
            ]
        },
        {
            "parking": [
                "Free parking lot",
                "Plenty of parking"
            ]
        }
    ],
    "User Reviews": {
        "summary": [
            {
                "snippet": "\"I never expected such a small restaurant would serve such wonderful food.\""
            },
            {
                "snippet": "\"Pork buns dry and weird peanut topping.\""
            },
            {
                "snippet": "\"The broth was flavorful, and the noodles were cooked to perfection.\""
            }
        ],
        "most_relevant": [
            {
                "username": "Sushi Mellon",
                "rating": 5,
                "contributor_id": "107474156140099202885",
                "description": "This Asian food court was a delightful surprise! The BYOB (Bring Your Own Beverage purchased in the next Asian supermarket) policy was a great touch, allowing us to pair our meals with our favorite drinks. The menu offered a fantastic variety of Asian cuisines, and everything we tried was incredibly authentic. We're already looking forward to exploring more options on our next visit.",
                "link": "https://www.google.com/maps/reviews/data=!4m8!14m7!1m6!2m5!1sChZDSUhNMG9nS0VJQ0FnSURId291c05nEAE!2m1!1s0x0:0xca19118bae677404!3m1!1s2@1:CIHM0ogKEICAgIDHwousNg%7CCgwIwamTtwYQ6MmrjgI%7C?hl=en-US",
                "images": [
                    {
                        "thumbnail": "https://lh5.googleusercontent.com/p/AF1QipNe51K91bTWqMBewaqwUO_yM4lJnRGmVJ_qlKqj=w150-h150-k-no-p"
                    },
                    {
                        "thumbnail": "https://lh5.googleusercontent.com/p/AF1QipPcRrVrZLHakQK23juimdV-dWZxUGRjgKYUKCFn=w150-h150-k-no-p"
                    },
                    {
                        "thumbnail": "https://lh5.googleusercontent.com/p/AF1QipMvTNbS8BzhSkPXBKbouFzKdmWuyz3mX2B1c2eP=w150-h150-k-no-p"
                    }
                ],
                "date": "a month ago"
            },
            {
                "username": "Bethany Cardona",
                "rating": 5,
                "contributor_id": "108895578048220763667",
                "description": "This place is amazing!!! Attached to the lovely Galleria store. We had the pork belly buns, they are large and delicious, would probably get them without peanuts next time though. the tofu stew is INCREDIBLE! also got the tuna rice sandwich, it's spicy but absolutely delicious. also go the Lobster Roll that was on special, it was perfect!! everything was awesome and so well priced. the lady working the counter was so sweet and kind. go here now!",
                "link": "https://www.google.com/maps/reviews/data=!4m8!14m7!1m6!2m5!1sChZDSUhNMG9nS0VJQ0FnSUQ5djlEcE1REAE!2m1!1s0x0:0xca19118bae677404!3m1!1s2@1:CIHM0ogKEICAgID9v9DpMQ%7CCgsIxOH3rwYQ-KDeLA%7C?hl=en-US",
                "images": [
                    {
                        "thumbnail": "https://lh5.googleusercontent.com/p/AF1QipOql_2ct1BEE7J-W5EAJ1hXoRxVGqs5EroNIXnj=w150-h150-k-no-p"
                    },
                    {
                        "thumbnail": "https://lh5.googleusercontent.com/p/AF1QipP-tgzduXlvUvJd5E0VZyaXtmQr5XxYx8WuPEJG=w150-h150-k-no-p"
                    }
                ],
                "date": "7 months ago"
            },
            {
                "username": "Pannaphat Scott",
                "rating": 5,
                "contributor_id": "116036791199857321348",
                "description": "Love this place! ❤️🥰 Newly Sushi place and quick meals.\n\nThey are in the same building with Galleria Market so, that is a plus to go for food and shopping. So many menu to try. They place is really nice and clean.\nFood was really good and in a very reasonable price.\nI order 3 of different kind of 🍙Onigiri,\n🍜Dan Dan men(Noodle),\n🍗Korean Chicken wings,\n🌯Shrimp, chicken spring roll.\n\nI really recommend for you to try! 👍🏻",
                "link": "https://www.google.com/maps/reviews/data=!4m8!14m7!1m6!2m5!1sChdDSUhNMG9nS0VJQ0FnSUNEbWRqTC1nRRAB!2m1!1s0x0:0xca19118bae677404!3m1!1s2@1:CIHM0ogKEICAgICDmdjL-gE%7CCgwI9ZmesAYQ6KT8hQI%7C?hl=en-US",
                "images": [
                    {
                        "thumbnail": "https://lh5.googleusercontent.com/p/AF1QipPB87cd9fZBojsrajoGrhpgTCMKNgjE2SE60Kys=w150-h150-k-no-p"
                    },
                    {
                        "thumbnail": "https://lh5.googleusercontent.com/p/AF1QipPDJozKF-aGy5_Ms-wRIrShTaSTOkedGuERPAnM=w150-h150-k-no-p"
                    },
                    {
                        "thumbnail": "https://lh5.googleusercontent.com/p/AF1QipNe1Of-ELaKFZkzlX3gdIyotIEmjG8c4eCg-RlK=w150-h150-k-no-p"
                    },
                    {
                        "thumbnail": "https://lh5.googleusercontent.com/p/AF1QipMiyXUoShzXV8gu4BrADmnTn0BpFXpPjEI8gTVV=w150-h150-k-no-p"
                    },
                    {
                        "thumbnail": "https://lh5.googleusercontent.com/p/AF1QipNgZQ2ctcWxB9TaotkjzcFaWqLxBTJ13ileLo2e=w150-h150-k-no-p"
                    }
                ],
                "date": "7 months ago"
            },
            {
                "username": "David Hill",
                "rating": 5,
                "contributor_id": "117018876649522632320",
                "description": "Ok, so I know my photo is of an empty bowl but I can't properly convey how beautiful and delicious that veg Bibimbap looked with the perfect egg on top perfectly drizzled in chili AND the miso soup!!!!\n\nThis food was scrumdidillyumptious. I didn't know this spot was here, but the people were nice. The art was super cool. Oh, I do have some pictures of the art ,ignore my forehead.\n\nAnyway, if you are in the area and want some good food from nice people, do it. I'm probably going to try the Yakisoba next and grab some of their Onigiri to try as well....or I might just get the Bibimbap AGAIN and try something else another time lol. We'll see, either way a photo of the food before I devour my carryout is in order. Thank you Korner Kitchen",
                "link": "https://www.google.com/maps/reviews/data=!4m8!14m7!1m6!2m5!1sChdDSUhNMG9nS0VJQ0FnSUNicVllaTFnRRAB!2m1!1s0x0:0xca19118bae677404!3m1!1s2@1:CIHM0ogKEICAgICbqYei1gE%7CCgwItauatQYQkMTxjQI%7C?hl=en-US",
                "images": [
                    {
                        "thumbnail": "https://lh5.googleusercontent.com/p/AF1QipNcLJ1MMpDho7q8VSgloqVC7SwlmqY3YW12xMqA=w150-h150-k-no-p"
                    },
                    {
                        "thumbnail": "https://lh5.googleusercontent.com/p/AF1QipNKau-fWTH3iGUIdBDFJEU_8gMVPxqScokx1vy4=w150-h150-k-no-p"
                    },
                    {
                        "thumbnail": "https://lh5.googleusercontent.com/p/AF1QipP_I_iP5y2QTcVDkZFlW-6BvWkD0Kl6CBZ0T984=w150-h150-k-no-p"
                    }
                ],
                "date": "3 months ago"
            },
            {
                "username": "_ IVRD",
                "rating": 5,
                "contributor_id": "111086476968128436486",
                "description": "Came here on a whim for a quick lunch to try something different. I got the Gimbop Tempura Roll and a miso soup. Never had this roll before and it’s literally the best thing I’ve eaten all month. I ate in the car bc I was gross from yard work and almost walked back in and bought another one. Miso was delicious as well, I’ve already texted two ppl about this place. I’ll be back for sure!✌🏾",
                "link": "https://www.google.com/maps/reviews/data=!4m8!14m7!1m6!2m5!1sChdDSUhNMG9nS0VJQ0FnSURyaC1MYWd3RRAB!2m1!1s0x0:0xca19118bae677404!3m1!1s2@1:CIHM0ogKEICAgIDrh-LagwE%7CCgsIs_fvtAYQ0J2-Sw%7C?hl=en-US",
                "images": [
                    {
                        "thumbnail": "https://lh5.googleusercontent.com/p/AF1QipM93RQm0yFF5R0s3DgDsqDacv0tbbJaZIFOmkDn=w150-h150-k-no-p"
                    },
                    {
                        "thumbnail": "https://lh5.googleusercontent.com/p/AF1QipPKv0WIfygWfhNivBpmqgxKWmre75YU-C0hRry8=w150-h150-k-no-p"
                    }
                ],
                "date": "3 months ago"
            },
            {
                "username": "Jessie Summers",
                "rating": 5,
                "contributor_id": "104558922910317447850",
                "description": "We love the food here! The sushi is so fresh and the ramen is excellent. We are obsessed with the crab rangoons, too. We are slowly making our way through the menu and I feel obligated to tell everyone that it’s our new favorite place (enthusiastically!!). Use the QR code on their printed menu to order ahead, I usually just call.",
                "link": "https://www.google.com/maps/reviews/data=!4m8!14m7!1m6!2m5!1sChdDSUhNMG9nS0VJQ0FnSURycUw3UjdRRRAB!2m1!1s0x0:0xca19118bae677404!3m1!1s2@1:CIHM0ogKEICAgIDrqL7R7QE%7CCgsI56HLtAYQwJvMMA%7C?hl=en-US",
                "images": [
                    {
                        "thumbnail": "https://lh5.googleusercontent.com/p/AF1QipP2Q7IL6OnVg1Y82sHVx-eeFbgy2C524HFgFFeF=w150-h150-k-no-p"
                    }
                ],
                "date": "3 months ago"
            },
            {
                "username": "Janet Mashni",
                "rating": 3,
                "contributor_id": "105303654458811191646",
                "description": "I want this restaurant to thrive but in all honesty I have to share my recent negative experience.   I ordered the sweet potato tempura sushi roll.   Unfortunately the sweet potato breading was rubbery and cold and it didn’t seem very fresh.   It’s a little thing but I asked for a side of eel sauce and it wasn’t included.\nI also ordered the Bi Bim Bop, my favorite Korean dish.   The meat and rice were tasty and perfectly done.    The veggies were fresh but bland.  The egg was way over cooked being so crunchy on the bottom you had to cut it with a sharp knife  and the yolk was hard not soft.   It was a huge disappointment.   Lastly I didn’t expect the whole thing to be drenched in hot sauce.   I expect the Kim-chi to be spicy but have never had this dish soaked in hot sauce.   Unfortunately I couldn’t eat it because to me it was painfully spicy.    I asked for this over the phone so maybe it’s a misunderstanding and I now know to ask for zero hot sauce.\n\nThe red bean ice cream was generous and delicious.  I will be back for that.\n\nI hope this nice little restaurant can work out these bugs in good preparation.   I will try them again but go in and order personally to see if that helps.",
                "link": "https://www.google.com/maps/reviews/data=!4m8!14m7!1m6!2m5!1sChZDSUhNMG9nS0VJQ0FnSUNYeWJxaGV3EAE!2m1!1s0x0:0xca19118bae677404!3m1!1s2@1:CIHM0ogKEICAgICXybqhew%7CCgwI-e7GuAYQiMfOlAI%7C?hl=en-US",
                "date": "3 weeks ago"
            },
            {
                "username": "Magdalene Waldecker",
                "rating": 5,
                "contributor_id": "115826488182988101463",
                "description": "Amazing gyoza, sweet potato tempura,  and fried rice. Also picked up some sweets from the store while waiting for my to-go order.",
                "link": "https://www.google.com/maps/reviews/data=!4m8!14m7!1m6!2m5!1sChdDSUhNMG9nS0VJQ0FnSUNMZ05Id29RRRAB!2m1!1s0x0:0xca19118bae677404!3m1!1s2@1:CIHM0ogKEICAgICLgNHwoQE%7CCgwInoiuswYQ-O_NkgM%7C?hl=en-US",
                "images": [
                    {
                        "thumbnail": "https://lh5.googleusercontent.com/p/AF1QipO34ou5xUL-3s3LXk8T9y-QaSlDf5-WVVysbBWV=w150-h150-k-no-p"
                    },
                    {
                        "thumbnail": "https://lh5.googleusercontent.com/p/AF1QipMIU5FAuERwF-ENiV2NN9S_M77kIglkk7gaRHZb=w150-h150-k-no-p"
                    }
                ],
                "date": "4 months ago"
            }
        ]
    },
    "Services": {
        "dine_in": true,
        "takeout": true,
        "delivery": true
    }
}