{
    "Title": "Kosmo's BopShop",
    "Price": [],
    "Place ID": "ChIJy5-J6zyuPIgRS803GleZHq8",
    "Type ID": [],
    "Type": [
        "Korean restaurant",
        "Restaurant"
    ],
    "Address": "308 S Ashley St, Ann Arbor, MI 48104",
    "GPS Coordinates": {
        "latitude": 42.2793336,
        "longitude": -83.7500259
    },
    "Phone Number": "(734) 369-4767",
    "Rating": 4.7,
    "Rating Summary": [
        {
            "stars": 1,
            "amount": 11
        },
        {
            "stars": 2,
            "amount": 5
        },
        {
            "stars": 3,
            "amount": 9
        },
        {
            "stars": 4,
            "amount": 47
        },
        {
            "stars": 5,
            "amount": 354
        }
    ],
    "Opening Hours": [
        {
            "tuesday": "11:30 AM–9 PM"
        },
        {
            "wednesday": "11:30 AM–10 PM"
        },
        {
            "thursday": "11:30 AM–10 PM"
        },
        {
            "friday": "11:30 AM–10 PM"
        },
        {
            "saturday": "12–10 PM"
        },
        {
            "sunday": "1–8 PM"
        },
        {
            "monday": "11:30 AM–9 PM"
        }
    ],
    "Description": "Korean specialties like bibimbop & egg rolls, plus some basic American grub, in a petite space.",
    "Details": [
        {
            "popular_for": [
                "Lunch",
                "Dinner",
                "Solo dining"
            ]
        },
        {
            "accessibility": [
                "Wheelchair accessible entrance",
                "Wheelchair accessible parking lot",
                "Wheelchair accessible restroom",
                "Wheelchair accessible seating"
            ]
        },
        {
            "offerings": [
                "Comfort food",
                "Healthy options",
                "Quick bite",
                "Vegetarian options"
            ]
        },
        {
            "dining_options": [
                "Lunch",
                "Dinner",
                "Seating"
            ]
        },
        {
            "amenities": [
                "Gender-neutral restroom",
                "Restroom"
            ]
        },
        {
            "atmosphere": [
                "Casual",
                "Cozy",
                "Trendy"
            ]
        },
        {
            "crowd": [
                "College students",
                "Groups"
            ]
        },
        {
            "payments": [
                "Credit cards",
                "NFC mobile payments"
            ]
        },
        {
            "children": [
                "Good for kids",
                "High chairs"
            ]
        },
        {
            "parking": [
                "Paid street parking"
            ]
        }
    ],
    "User Reviews": {
        "summary": [
            {
                "snippet": "\"Freshest ingredients, great atmosphere, amazing prices, and such kind staff.\""
            },
            {
                "snippet": "\"Burnt meats, slow service and small portions made for a poor meal.\""
            },
            {
                "snippet": "\"Grilled vegetables and steak or chicken over rice with addictive hot sauce.\""
            }
        ],
        "most_relevant": [
            {
                "username": "Vikram Bala",
                "rating": 4,
                "contributor_id": "118263460813448768909",
                "description": "Overall, I thought Kosmo's was decent but it didn't blow my socks 🧦 off. The price was reasonable and so was the portion size. Taste was solid but lacked depth. I liked the spice 🌶️ of the gochujang and the tenderness of the chicken 🐔 I just wish more than 4 toppings were included in the meal.",
                "link": "https://www.google.com/maps/reviews/data=!4m8!14m7!1m6!2m5!1sChZDSUhNMG9nS0VJQ0FnSUNINjdyb1JREAE!2m1!1s0x0:0xaf1e99571a37cd4b!3m1!1s2@1:CIHM0ogKEICAgICH67roRQ%7CCgsImc75tgYQiPXlKQ%7C?hl=en-US",
                "images": [
                    {
                        "thumbnail": "https://lh5.googleusercontent.com/p/AF1QipMqMUmyV_jK2FCFCh_UgX7E1ztZIxeDNs86gNHI=w150-h150-k-no-p"
                    }
                ],
                "date": "2 months ago"
            },
            {
                "username": "Get Rolln",
                "rating": 5,
                "contributor_id": "117151463246652305752",
                "description": "Kosmo is like the coolest chef and he cooks everything fresh in front of you. The ingredients are all authentic & real and the food is delicious. My favorite dish is Kosmo’s GoTo but sometimes I add different ingredients to it. There’s a nice variety of recipes he offers. You can also choose between white rice and brown which is super righteous. There’s nothing better than that and honestly I think Kosmo can cook with his eyes closed because he’s that good and does everything with pure ease.",
                "link": "https://www.google.com/maps/reviews/data=!4m8!14m7!1m6!2m5!1sChZDSUhNMG9nS0VJQ0FnSURUOGFfUUNnEAE!2m1!1s0x0:0xaf1e99571a37cd4b!3m1!1s2@1:CIHM0ogKEICAgIDT8a_QCg%7CCgsI0pbIsgYQ0KvldA%7C?hl=en-US",
                "images": [
                    {
                        "thumbnail": "https://lh5.googleusercontent.com/p/AF1QipP9OHbDCwQ6ZD6Box1Z6VzVhMe6tNhQdj143TZO=w150-h150-k-no-p"
                    },
                    {
                        "thumbnail": "https://lh5.googleusercontent.com/p/AF1QipPCxOY0T6nyETUr_V9vQD6RnclW7yWZ99BUHCPm=w150-h150-k-no-p"
                    },
                    {
                        "thumbnail": "https://lh5.googleusercontent.com/p/AF1QipMWCIQj4bV_GBLZhxczaA1zXmcVp7KJRW-b1OXN=w150-h150-k-no-p"
                    }
                ],
                "date": "5 months ago"
            },
            {
                "username": "Minjung Godfrey",
                "rating": 5,
                "contributor_id": "110710414987392331042",
                "description": "This is a great place to grab an authentic Korean bibimbob for your lunch or dinner. I’m Korean and found a couple of good Korean diners in AA, and this is one of them. What makes it authentic? The sauce. The addicting mixture of gochujang and sesame oil is exactly what I grew up with. If you want to try something quick, filling, and hearty, give this place a try.\nA tip: if you are doing a takeout, eat your bibimbob with a cup of warm, clear soup or hot/warm green tea. Adding some warmth helps enhancing the flavor.",
                "link": "https://www.google.com/maps/reviews/data=!4m8!14m7!1m6!2m5!1sChdDSUhNMG9nS0VJQ0FnSUNYLXZucC1RRRAB!2m1!1s0x0:0xaf1e99571a37cd4b!3m1!1s2@1:CIHM0ogKEICAgICX-vnp-QE%7CCgsI39y6uAYQ6KOaEA%7C?hl=en-US",
                "images": [
                    {
                        "thumbnail": "https://lh5.googleusercontent.com/p/AF1QipMtXlpvEUG_yWihV47yqeDoLdx8hu9odWKBxNrN=w150-h150-k-no-p"
                    }
                ],
                "date": "4 weeks ago"
            },
            {
                "username": "Luc Hascall",
                "rating": 5,
                "contributor_id": "104155470770118609684",
                "description": "Best bop in Ann Arbor. Was already dreaming of my next time visit here after eating the first few bites. Absolutely insane 10/10, and the owner was super friendly telling us his story. Definitely recommend",
                "link": "https://www.google.com/maps/reviews/data=!4m8!14m7!1m6!2m5!1sChZDSUhNMG9nS0VJQ0FnSUNIMTZmZ1VREAE!2m1!1s0x0:0xaf1e99571a37cd4b!3m1!1s2@1:CIHM0ogKEICAgICH16fgUQ%7CCgwIsLf-tgYQwM631QI%7C?hl=en-US",
                "date": "2 months ago"
            },
            {
                "username": "Sena",
                "rating": 5,
                "contributor_id": "101909304634122007528",
                "description": "Came here for the first time at the recommendation of a friend, and it was incredible. Some of the freshest and best bibimbop I've had in Ann Arbor. Owner was also very friendly and warm. And the chicken is halal! Highly recommend.",
                "link": "https://www.google.com/maps/reviews/data=!4m8!14m7!1m6!2m5!1sChdDSUhNMG9nS0VJQ0FnSURidUx5aDB3RRAB!2m1!1s0x0:0xaf1e99571a37cd4b!3m1!1s2@1:CIHM0ogKEICAgIDbuLyh0wE%7CCgsIs5mwtQYQ0JCmDw%7C?hl=en-US",
                "date": "3 months ago"
            },
            {
                "username": "Julian Jocque",
                "rating": 5,
                "contributor_id": "102640919120099079316",
                "description": "Went in early pandemic, Kosmo and his sous chef treated us well and they were very friendly. Food delicious, and what you want out of a bowl, add whatever sounds good.\nGood for gluten free and vegetarian too!",
                "link": "https://www.google.com/maps/reviews/data=!4m8!14m7!1m6!2m5!1sChZDSUhNMG9nS0VJQ0FnSUNMZ3NYSWJ3EAE!2m1!1s0x0:0xaf1e99571a37cd4b!3m1!1s2@1:CIHM0ogKEICAgICLgsXIbw%7CCgsIhoS8tQYQ-PuxIw%7C?hl=en-US",
                "date": "3 months ago"
            },
            {
                "username": "Sejeong Park",
                "rating": 5,
                "contributor_id": "106943977473105204412",
                "description": "I approve as a Korean myself. Definitely will visit again soon!",
                "link": "https://www.google.com/maps/reviews/data=!4m8!14m7!1m6!2m5!1sChZDSUhNMG9nS0VJQ0FnSUNydF9yd0tBEAE!2m1!1s0x0:0xaf1e99571a37cd4b!3m1!1s2@1:CIHM0ogKEICAgICrt_rwKA%7CCgwIu7LCtAYQ0M6UmQE%7C?hl=en-US",
                "images": [
                    {
                        "thumbnail": "https://lh5.googleusercontent.com/p/AF1QipOtHOD1t_cl4G5koz3esSWvc_yy89nT4uyniVB3=w150-h150-k-no-p"
                    }
                ],
                "date": "4 months ago"
            },
            {
                "username": "Cesar V",
                "rating": 5,
                "contributor_id": "110331783737775580202",
                "description": "I discovered this restaurant when dropping off my daughter for her first year at Michigan University.  The food is delicious and very reasonably priced.  I go every time I'm in Ann Arbor",
                "link": "https://www.google.com/maps/reviews/data=!4m8!14m7!1m6!2m5!1sChdDSUhNMG9nS0VJQ0FnSURIeWJPZzFRRRAB!2m1!1s0x0:0xaf1e99571a37cd4b!3m1!1s2@1:CIHM0ogKEICAgIDHybOg1QE%7CCgsIt4mmtwYQ4PObOg%7C?hl=en-US",
                "date": "a month ago"
            }
        ]
    },
    "Services": {
        "dine_in": true,
        "takeout": true,
        "delivery": true
    }
}