{
    "Title": "Krazy Jim's Blimpy Burger",
    "Price": [],
    "Place ID": "ChIJ26Km7jyuPIgRMMksnW9KTx0",
    "Type ID": [],
    "Type": [
        "Hamburger restaurant",
        "Restaurant"
    ],
    "Address": "304 S Ashley St, Ann Arbor, MI 48104",
    "GPS Coordinates": {
        "latitude": 42.279399,
        "longitude": -83.750068
    },
    "Phone Number": "(734) 663-4590",
    "Rating": 4.2,
    "Rating Summary": [
        {
            "stars": 1,
            "amount": 155
        },
        {
            "stars": 2,
            "amount": 85
        },
        {
            "stars": 3,
            "amount": 124
        },
        {
            "stars": 4,
            "amount": 317
        },
        {
            "stars": 5,
            "amount": 1201
        }
    ],
    "Opening Hours": [
        {
            "tuesday": "11 AM–9 PM"
        },
        {
            "wednesday": "11 AM–9 PM"
        },
        {
            "thursday": "11 AM–9 PM"
        },
        {
            "friday": "11 AM–10 PM"
        },
        {
            "saturday": "11 AM–10 PM"
        },
        {
            "sunday": "11 AM–9 PM"
        },
        {
            "monday": "Closed"
        }
    ],
    "Description": "Established in 1953, this burger joint with a cafeteria-style setup also makes sandwiches.",
    "Details": [
        {
            "popular_for": [
                "Lunch",
                "Dinner",
                "Solo dining"
            ]
        },
        {
            "accessibility": [
                "Wheelchair accessible entrance",
                "Wheelchair accessible restroom",
                "Wheelchair accessible seating"
            ]
        },
        {
            "offerings": [
                "Beer",
                "Cocktails",
                "Comfort food",
                "Quick bite",
                "Vegetarian options"
            ]
        },
        {
            "dining_options": [
                "Lunch",
                "Dinner",
                "Dessert",
                "Seating"
            ]
        },
        {
            "amenities": [
                "Restroom"
            ]
        },
        {
            "atmosphere": [
                "Casual",
                "Cozy",
                "Historic",
                "Trendy"
            ]
        },
        {
            "crowd": [
                "College students",
                "Family-friendly",
                "Groups",
                "LGBTQ+ friendly",
                "Tourists",
                "Transgender safespace"
            ]
        },
        {
            "planning": [
                "Usually a wait"
            ]
        },
        {
            "payments": [
                "Credit cards",
                "Debit cards",
                "NFC mobile payments"
            ]
        },
        {
            "children": [
                "Good for kids",
                "High chairs",
                "Kids' menu"
            ]
        },
        {
            "parking": [
                "Free street parking",
                "Paid parking lot",
                "Paid street parking",
                "Difficult to find a space"
            ]
        }
    ],
    "User Reviews": {
        "summary": [
            {
                "snippet": "\"Great food and gluten free options, I love the energy of the staff\""
            },
            {
                "snippet": "\"If you do not want to be of service to people don’t work in or own a restaurant!\""
            },
            {
                "snippet": "\"Wish there were regular fries besides steak fries and shakes on the menu.\""
            }
        ],
        "most_relevant": [
            {
                "username": "Tom Messner",
                "rating": 5,
                "contributor_id": "110218429975804487076",
                "description": "🍔 Foodie Alert! 🍔\n\nJust had to share my latest culinary adventure at Krazy Jim’s Blimpy Burger in Ann Arbor, Michigan! 📍 This gem, featured on Triple D, is a must-visit for burger lovers. This is my second time here, and it only gets better! 🙌\n\nService: Quick and friendly, just the way I like it. The staff makes you feel right at home, even when they're buzzing with activity. There will likely be a line but that is to be expected when everyone wants to eat here.\n\nFood: Absolutely sensational! 🌟 The burgers are juicy, flavorful, and perfectly cooked. I love burgers cooked no a flattop. Every bite was a taste explosion that lived up to the hype. I tried the double with a fried egg and the onion rings – both were out of this world! 🍔\n\nAtmosphere: The vibe here is super fun and laid-back. Perfect spot to hang out with friends or family. Limited seating so get in early.\n\nIf you're in Ann Arbor, make sure Krazy Jim’s Blimpy Burger is on your list! Trust me, you won't regret it. 😋",
                "link": "https://www.google.com/maps/reviews/data=!4m8!14m7!1m6!2m5!1sChdDSUhNMG9nS0VJQ0FnSUNidi1UbXVRRRAB!2m1!1s0x0:0x1d4f4a6f9d2cc930!3m1!1s2@1:CIHM0ogKEICAgICbv-TmuQE%7CCgwI6aWptQYQwOWnvwE%7C?hl=en-US",
                "images": [
                    {
                        "thumbnail": "https://lh5.googleusercontent.com/p/AF1QipNTVckpuyOwO3OUidOCQHBun4e3HdvTA7m2eKeQ=w150-h150-k-no-p"
                    },
                    {
                        "thumbnail": "https://lh5.googleusercontent.com/p/AF1QipMnfFOetWhvEnDlIlroUuUc5Vu9rcsqhG7yKc36=w150-h150-k-no-p"
                    },
                    {
                        "thumbnail": "https://lh5.googleusercontent.com/p/AF1QipMSKyB6S-OrKPDSBTKhhsS--o7SYjr-Dgs2ChV_=w150-h150-k-no-p"
                    }
                ],
                "date": "3 months ago"
            },
            {
                "username": "Vice -Versa",
                "rating": 3,
                "contributor_id": "104031660270933959345",
                "description": "First time having this place actually was pretty delicious, the pricing seems to be a little off but hey everything is somewhat expensive now a days. I got the peppersteak bomber and large onion rings with the Orange dream beverage (orange dreamcicle) and it came up to about 20 bucks. Although it seems to be a bit much to have a triple burger, the size of the patties justify the portion by the buns being super thick. Also the onion rings and fried veggies are great but comes with the chore of have to separate every bit you take from them being clumped together. Overall this place is like a local five guys  a nice hole in the wall spot with fresh components not including the Nostalgia surrounding the old skool tables and Stools.",
                "link": "https://www.google.com/maps/reviews/data=!4m8!14m7!1m6!2m5!1sChZDSUhNMG9nS0VJQ0FnSUN6NGFuVU1nEAE!2m1!1s0x0:0x1d4f4a6f9d2cc930!3m1!1s2@1:CIHM0ogKEICAgICz4anUMg%7CCgwI2d3ysgYQ2M3xtgE%7C?hl=en-US",
                "images": [
                    {
                        "thumbnail": "https://lh5.googleusercontent.com/p/AF1QipNE8cYNc1lHedkZVmnM4iI77rcMOO6cod7ZSE9c=w150-h150-k-no-p"
                    },
                    {
                        "thumbnail": "https://lh5.googleusercontent.com/p/AF1QipMhDPp_fpB0Ulx_Xy1taIfQAiBH-I7b-ybEkee6=w150-h150-k-no-p"
                    },
                    {
                        "thumbnail": "https://lh5.googleusercontent.com/p/AF1QipN4b8UoJeScWfuHx8aOlwu0NMljKuygktTW8_rj=w150-h150-k-no-p"
                    },
                    {
                        "thumbnail": "https://lh5.googleusercontent.com/p/AF1QipPSL1AYE8BgdxAx26Kk1NHBRZXIQ8px_dI9PfZj=w150-h150-k-no-p"
                    }
                ],
                "date": "5 months ago"
            },
            {
                "username": "Robert",
                "rating": 1,
                "contributor_id": "113215508582529221373",
                "description": "Soggy buns,poor customer service, lady topping the buns retrain or fire her. Served me onion rings I would not serve my dog.  First experience here and also my last.\nSrry if you like Krazy Jim's you must be crazy too\nTwo burgers small fry and small onion rings $28.00.   BIGGEST RIP OFF\nI FEEL I WAS ROBBED OF MY MONEY AND TASTE",
                "link": "https://www.google.com/maps/reviews/data=!4m8!14m7!1m6!2m5!1sChdDSUhNMG9nS0VJQ0FnSUQ3d3ZpSHZBRRAB!2m1!1s0x0:0x1d4f4a6f9d2cc930!3m1!1s2@1:CIHM0ogKEICAgID7wviHvAE%7CCgsIqsWdtgYQyLzkfA%7C?hl=en-US",
                "images": [
                    {
                        "thumbnail": "https://lh5.googleusercontent.com/p/AF1QipM3owjqL_GZR_r-l8nDLj8ITYDSCIevqch0GMZ1=w150-h150-k-no-p"
                    },
                    {
                        "thumbnail": "https://lh5.googleusercontent.com/p/AF1QipOuSpW0ZZFWufrX9c3MHrMFRwSxA6yMDEC3sEVO=w150-h150-k-no-p"
                    }
                ],
                "date": "2 months ago"
            },
            {
                "username": "Jeffrey Scott",
                "rating": 5,
                "contributor_id": "108496281754242038698",
                "description": "First time to AA and wanted to try the hot local spots and this was on the list.  This was memorable for the unique ordering experience and the burger was good.  Worth it for first timer.",
                "link": "https://www.google.com/maps/reviews/data=!4m8!14m7!1m6!2m5!1sChdDSUhNMG9nS0VJQ0FnSUNucE51eXlBRRAB!2m1!1s0x0:0x1d4f4a6f9d2cc930!3m1!1s2@1:CIHM0ogKEICAgICnpNuyyAE%7CCgsIwYXDtwYQkJLCRA%7C?hl=en-US",
                "images": [
                    {
                        "thumbnail": "https://lh5.googleusercontent.com/p/AF1QipN1I1UQJWjJ3h0kpxAMwQl4SPXUPbvUFgYLC136=w150-h150-k-no-p"
                    },
                    {
                        "thumbnail": "https://lh5.googleusercontent.com/p/AF1QipP8n_m6zKU7Z5q7NdfkbsNWyzjiczuv92KYyoP2=w150-h150-k-no-p"
                    },
                    {
                        "thumbnail": "https://lh5.googleusercontent.com/p/AF1QipOLEuLK6KXbw8diacIBITDmN5k-SMDrDINlnEdC=w150-h150-k-no-p"
                    }
                ],
                "date": "a month ago"
            },
            {
                "username": "ruby somers",
                "rating": 3,
                "contributor_id": "109926384811852436518",
                "description": "It's the hole in the wall vibe which is cute, the girl working there was fine and the redhead dude was kinda obnoxious. It was (rounding the change up) 35$ for two triple burgers with nothing fancy added, which we were told and advised to get , in the dudes own words are \" the average burger size anywhere else\", and a large fried cauliflower... that was all we got. The food was good and fine but definitely not worth 14$ a burger and the pricing is not clear.",
                "link": "https://www.google.com/maps/reviews/data=!4m8!14m7!1m6!2m5!1sChdDSUhNMG9nS0VJQ0FnSURYbkw3cHdRRRAB!2m1!1s0x0:0x1d4f4a6f9d2cc930!3m1!1s2@1:CIHM0ogKEICAgIDXnL7pwQE%7CCgwImuTruAYQ8M6mywI%7C?hl=en-US",
                "date": "2 weeks ago"
            },
            {
                "username": "Aaron David Werner",
                "rating": 5,
                "contributor_id": "116486384920723396182",
                "description": "Great fresh burgers made to order right in front of you. A tasty treat. The steak fries aren't my favorite but they were fried to order as they were making the burgers. My wife and I loved the deep fried veggies. Fun to eat outside on a beautiful night in Ann Arbor.",
                "link": "https://www.google.com/maps/reviews/data=!4m8!14m7!1m6!2m5!1sChdDSUhNMG9nS0VJQ0FnSURYbnF5dmt3RRAB!2m1!1s0x0:0x1d4f4a6f9d2cc930!3m1!1s2@1:CIHM0ogKEICAgIDXnqyvkwE%7CCgwIz8b5uAYQ-PaAowE%7C?hl=en-US",
                "date": "2 weeks ago"
            },
            {
                "username": "Joe W",
                "rating": 5,
                "contributor_id": "113025575171120841251",
                "description": "I loved this place. I love the system. They ask you answer there's no way to screw it up. I wish a lot of other places would function like that.\nI got a triple pattie with American cheese, bacon and an egg. It was a great burger, the fries and onion rings were delicious. The atmosphere had a classic burger joint feel to it. I will go back again.",
                "link": "https://www.google.com/maps/reviews/data=!4m8!14m7!1m6!2m5!1sChZDSUhNMG9nS0VJQ0FnSURIa2JuNFZBEAE!2m1!1s0x0:0x1d4f4a6f9d2cc930!3m1!1s2@1:CIHM0ogKEICAgIDHkbn4VA%7CCgsI3MyjtwYQgMbPTQ%7C?hl=en-US",
                "date": "a month ago"
            },
            {
                "username": "Karen PB",
                "rating": 5,
                "contributor_id": "108164018883639979806",
                "description": "This place is the oldest burger joint in Ann Arbor.  Make sure when you order, you follow the instructions. Read up on in while you line up to order.  The burgers were excellent!  Highly recommend.",
                "link": "https://www.google.com/maps/reviews/data=!4m8!14m7!1m6!2m5!1sChdDSUhNMG9nS0VJQ0FnSUNyZ1lTdnpRRRAB!2m1!1s0x0:0x1d4f4a6f9d2cc930!3m1!1s2@1:CIHM0ogKEICAgICrgYSvzQE%7CCgwI0eirtAYQ2MzKzgI%7C?hl=en-US",
                "images": [
                    {
                        "thumbnail": "https://lh5.googleusercontent.com/p/AF1QipORDlf0HK5y_OZbiEWV1d6EJBg5vpOBd6vdzXTW=w150-h150-k-no-p"
                    },
                    {
                        "thumbnail": "https://lh5.googleusercontent.com/p/AF1QipMmH39U1nOZYYZRZIYA16Kl1G69yWvbhysEmbVi=w150-h150-k-no-p"
                    },
                    {
                        "thumbnail": "https://lh5.googleusercontent.com/p/AF1QipOHAX_fa754oOBBMUKbooPtVTEWi4QOBzNO61dK=w150-h150-k-no-p"
                    },
                    {
                        "thumbnail": "https://lh5.googleusercontent.com/p/AF1QipMixvLtBkc3c2RrJgOIkaHwpq98X80objXHpjhg=w150-h150-k-no-p"
                    },
                    {
                        "thumbnail": "https://lh5.googleusercontent.com/p/AF1QipNZe5nImWelhKfnwj1eLCTMKeJi9EdlH8Ug9rZ1=w150-h150-k-no-p"
                    },
                    {
                        "thumbnail": "https://lh5.googleusercontent.com/p/AF1QipMXwHS3H5CVmjI6a88549l1HBFcOO05OGPW3x2C=w150-h150-k-no-p"
                    }
                ],
                "date": "4 months ago"
            }
        ]
    },
    "Services": {
        "dine_in": true,
        "takeout": true
    }
}