{
    "Title": "Metzger's",
    "Price": [],
    "Place ID": "ChIJgTJpWkixPIgR2XtUlZl41dY",
    "Type ID": [],
    "Type": [
        "German restaurant"
    ],
    "Address": "305 N Zeeb Rd, Ann Arbor, MI 48103",
    "GPS Coordinates": {
        "latitude": 42.2927755,
        "longitude": -83.8398366
    },
    "Phone Number": "(734) 668-8987",
    "Rating": 4.6,
    "Rating Summary": [
        {
            "stars": 1,
            "amount": 41
        },
        {
            "stars": 2,
            "amount": 43
        },
        {
            "stars": 3,
            "amount": 116
        },
        {
            "stars": 4,
            "amount": 478
        },
        {
            "stars": 5,
            "amount": 2132
        }
    ],
    "Opening Hours": [
        {
            "tuesday": "11 AM–8:30 PM"
        },
        {
            "wednesday": "11 AM–8:30 PM"
        },
        {
            "thursday": "11 AM–8:30 PM"
        },
        {
            "friday": "11 AM–9 PM"
        },
        {
            "saturday": "11 AM–9 PM"
        },
        {
            "sunday": "11 AM–7 PM"
        },
        {
            "monday": "11 AM–8:30 PM"
        }
    ],
    "Description": "Stalwart eatery for German & American dishes decked with antique steins & photos, plus beer garden.",
    "Details": [
        {
            "highlights": [
                "Fast service",
                "Great coffee",
                "Great dessert"
            ]
        },
        {
            "popular_for": [
                "Lunch",
                "Dinner",
                "Solo dining"
            ]
        },
        {
            "accessibility": [
                "Wheelchair accessible entrance",
                "Wheelchair accessible parking lot",
                "Wheelchair accessible restroom",
                "Wheelchair accessible seating"
            ]
        },
        {
            "offerings": [
                "Alcohol",
                "Beer",
                "Cocktails",
                "Coffee",
                "Comfort food",
                "Happy hour drinks",
                "Hard liquor",
                "Wine"
            ]
        },
        {
            "dining_options": [
                "Lunch",
                "Dinner",
                "Catering",
                "Dessert",
                "Seating"
            ]
        },
        {
            "amenities": [
                "Bar onsite",
                "Restroom"
            ]
        },
        {
            "atmosphere": [
                "Casual",
                "Cozy"
            ]
        },
        {
            "crowd": [
                "Groups",
                "Tourists"
            ]
        },
        {
            "planning": [
                "Accepts reservations"
            ]
        },
        {
            "payments": [
                "Credit cards",
                "Debit cards",
                "NFC mobile payments"
            ]
        },
        {
            "children": [
                "Good for kids",
                "High chairs",
                "Kids' menu"
            ]
        },
        {
            "parking": [
                "Free parking lot",
                "Free street parking",
                "Plenty of parking"
            ]
        }
    ],
    "User Reviews": {
        "summary": [
            {
                "snippet": "\"Service is good as is the home baked bread served as an appetizer.\""
            },
            {
                "snippet": "\"Minimal vegetarian options but a nice selection of dish/seafood.\""
            },
            {
                "snippet": "\"Promo seating, friendly and helpful staff, serve great beer and food.\""
            }
        ],
        "most_relevant": [
            {
                "username": "Shanna Fry",
                "rating": 5,
                "contributor_id": "113092692390047870061",
                "description": "Wow! One of the best places I’ve eaten post covid. The food tastes like it came out of your grandmas kitchen. Real ingredients, real food and the price was just right. I enjoyed everything I had from the chocolate martini to the stuffed cabbage and schnitzel and noodles. It is decorated so cute and the staff is inviting. Very with the visit in the small town of Dexter",
                "link": "https://www.google.com/maps/reviews/data=!4m8!14m7!1m6!2m5!1sChZDSUhNMG9nS0VJQ0FnSUNYeklTZU1nEAE!2m1!1s0x0:0xd6d5789995547bd9!3m1!1s2@1:CIHM0ogKEICAgICXzISeMg%7CCgwI1PywuAYQ6Kvp0wE%7C?hl=en-US",
                "images": [
                    {
                        "thumbnail": "https://lh5.googleusercontent.com/p/AF1QipPt_tf4DZho-vvajcXp7PN3RNqakIZC7HS6LKmY=w150-h150-k-no-p"
                    },
                    {
                        "thumbnail": "https://lh5.googleusercontent.com/p/AF1QipM-FNwBwjbzs4LotlLRTYS51wvNY2EkFVsi5txQ=w150-h150-k-no-p"
                    }
                ],
                "date": "4 weeks ago"
            },
            {
                "username": "Laura Bakin",
                "rating": 5,
                "contributor_id": "113311103839791062034",
                "description": "On an unplanned trip to Ann Arbor I stumbled upon this place, and now I can’t wait to return one day.  The food was authentic and delicious, the beer tasty and generously poured.  My server made me feel like I was a valued guest in her home.  It was just all around a terrific experience.  I highly recommend!",
                "link": "https://www.google.com/maps/reviews/data=!4m8!14m7!1m6!2m5!1sChdDSUhNMG9nS0VJQ0FnSURuOWIyTzd3RRAB!2m1!1s0x0:0xd6d5789995547bd9!3m1!1s2@1:CIHM0ogKEICAgIDn9b2O7wE%7CCgwInb-UuAYQsNTf6AI%7C?hl=en-US",
                "images": [
                    {
                        "thumbnail": "https://lh5.googleusercontent.com/p/AF1QipM2AYKVUYAn_kG0IahAW-0jzWGXgiVEfE_sWzOy=w150-h150-k-no-p"
                    }
                ],
                "date": "a month ago"
            },
            {
                "username": "E Grace",
                "rating": 4,
                "contributor_id": "113363435465605054647",
                "description": "We’ve been going here for past 26 years- - 2x a year, Fall and once in the winter- Over the past handful of years, I noticed a quality change in some of the food items- Prices of course have increased greatly but for most part I thought they were keeping portions the same-\n\nMy husband usually gets the rolled up tender beef with pickles, which is still prepared terrifically, but seem to be getting smaller- We even thought way back years go, you got three or maybe they were just much bigger- $25 is about our cap- his German potato salad and red cabbage were tasty\n\nI got the Copenhagen schnitzel- Two very large, well prepared, tender pieces of fried veal with a Swiss cheese sour cream sauce- Truly, without the lemon the sauce was bland- My cabbage and mashed potatoes were tasty $25\n\nWe thought the mashed potato and cabbage sides seemed to be smaller servings…Service was ok- Nothing bad but not engaging or extra- She took our meal orders , brought us our food and the bill- I don’t know if we will make a winter trip, this year- It’s quite a drive - We’re older and although a tasty meal it didn’t leave me looking forward to the next visit-",
                "link": "https://www.google.com/maps/reviews/data=!4m8!14m7!1m6!2m5!1sChdDSUhNMG9nS0VJQ0FnSUNuc1BXUHR3RRAB!2m1!1s0x0:0xd6d5789995547bd9!3m1!1s2@1:CIHM0ogKEICAgICnsPWPtwE%7CCgwIgNu9twYQoK7xowM%7C?hl=en-US",
                "images": [
                    {
                        "thumbnail": "https://lh5.googleusercontent.com/p/AF1QipOiv3c4hCV8LC9BxRo37skh85fUxGlWqV_HbskK=w150-h150-k-no-p"
                    },
                    {
                        "thumbnail": "https://lh5.googleusercontent.com/p/AF1QipOCXkdBQnZtEZfJtUzosgWLiVavht41sdkS_w_b=w150-h150-k-no-p"
                    },
                    {
                        "thumbnail": "https://lh5.googleusercontent.com/p/AF1QipOF_-S4kG0h1PVInSMWEINbW45bdz1lsfz-fLCt=w150-h150-k-no-p"
                    }
                ],
                "date": "a month ago"
            },
            {
                "username": "G Tag",
                "rating": 5,
                "contributor_id": "113899168871487429673",
                "description": "Stopped by because of the sign on the highway. The food is great, the waitress was so friendly, attentive to every table, and informational. The chocolate torte was the star with the texture somewhere between a ganache and a flourless chocolate cake. I would go back just for the desserts. The wursts are all fine ground and rather spongy, which usually isn’t what I’d go for but they were delicious nonetheless. We had the haus platter for two between two people. It could honestly feed four.\n\nEdit: Went again and the soups are consistently delicious. The potato pancakes were crispy and paired well with applesauce. The strudel and bread pudding was good, but not worth coming out here for like the chocolate torte. If a dessert doesn’t specify homemade, they brought it in but made locally. The house special sauerbraten was unfortunately and surprisingly not good. It traditionally uses a tough cut of meat and it shows. Tough, dry, and a little reminiscent of cat food. No amount of marinating can save eye of round when it’s cooked this hard.",
                "link": "https://www.google.com/maps/reviews/data=!4m8!14m7!1m6!2m5!1sChdDSUhNMG9nS0VJQ0FnSUNibVlHSnF3RRAB!2m1!1s0x0:0xd6d5789995547bd9!3m1!1s2@1:CIHM0ogKEICAgICbmYGJqwE%7CCgsI_py8tQYQoKibcw%7C?hl=en-US",
                "images": [
                    {
                        "thumbnail": "https://lh5.googleusercontent.com/p/AF1QipNMYx-rwoBsT578n_KNMmfQBdZn5pr2h6Yyrb4b=w150-h150-k-no-p"
                    },
                    {
                        "thumbnail": "https://lh5.googleusercontent.com/p/AF1QipOAkPnAG4bd3wjMq8WowH-AKC4YUlfrq0eyN-wg=w150-h150-k-no-p"
                    },
                    {
                        "thumbnail": "https://lh5.googleusercontent.com/p/AF1QipOzmEHVI1HGISkV-ksW1SVyXfoLL1WaBMX2QmKl=w150-h150-k-no-p"
                    },
                    {
                        "thumbnail": "https://lh5.googleusercontent.com/p/AF1QipMXRG2ezloWx2pxGspU4OkLDrcLlrUaE_qKqo9B=w150-h150-k-no-p"
                    },
                    {
                        "thumbnail": "https://lh5.googleusercontent.com/p/AF1QipPrUOjem9XanpitX6ltW3nzrFzcXAmObG4xVm8x=w150-h150-k-no-p"
                    },
                    {
                        "thumbnail": "https://lh5.googleusercontent.com/p/AF1QipOsFs29PAFbl4-VQSevzP-OEGKWhZFUfBb3CJXk=w150-h150-k-no-p"
                    },
                    {
                        "thumbnail": "https://lh5.googleusercontent.com/p/AF1QipNUpPTapamxJ2hGjfqgYuXuTinBnB2z0PhpW2vu=w150-h150-k-no-p"
                    },
                    {
                        "thumbnail": "https://lh5.googleusercontent.com/p/AF1QipMa8vLfaFBRNnhk9rRtjpXXpnQMF-TW4vMDa3F-=w150-h150-k-no-p"
                    },
                    {
                        "thumbnail": "https://lh5.googleusercontent.com/p/AF1QipPh8qXNQA6dsUBve3V82IlCE0dccapRI0v-ALUS=w150-h150-k-no-p"
                    }
                ],
                "date": "3 months ago"
            },
            {
                "username": "Maryam Shulgan",
                "rating": 4,
                "contributor_id": "101782774774733274149",
                "description": "If you’re interested in trying German food, this is a good place to go. We had no wait to sit down on 6pm on Sunday. The waitress was very hurried the entire time, rushing us during ordering and throughout the evening. We ordered and food came out quickly. The salmon pasta was just average at best. However, the potato pancakes were perfectly crispy and well balanced. My husband rated the Reuben a 4/5, he’s had better but would order it again. Overall, prices are quite steep for the amount and flavor of the food. Overall, not a horrible experience, but likely not a place we would return to again.",
                "link": "https://www.google.com/maps/reviews/data=!4m8!14m7!1m6!2m5!1sChdDSUhNMG9nS0VJQ0FnSUREaF9XVXdBRRAB!2m1!1s0x0:0xd6d5789995547bd9!3m1!1s2@1:CIHM0ogKEICAgIDDh_WUwAE%7CCgwImeLxsAYQ0JrUuwM%7C?hl=en-US",
                "images": [
                    {
                        "thumbnail": "https://lh5.googleusercontent.com/p/AF1QipONTE-A_Oy5kDIEaYluHVnzDHhjSYUIwYWC04Rq=w150-h150-k-no-p"
                    },
                    {
                        "thumbnail": "https://lh5.googleusercontent.com/p/AF1QipP9HAUusWd_yuljSmOavgShDXeL8bPcninvYiJT=w150-h150-k-no-p"
                    },
                    {
                        "thumbnail": "https://lh5.googleusercontent.com/p/AF1QipM6IiumrgFJOpl88LvAuVn_tCfG4b4j3I9cG_uX=w150-h150-k-no-p"
                    }
                ],
                "date": "6 months ago"
            },
            {
                "username": "Tony Topoleski",
                "rating": 4,
                "contributor_id": "112279800779124252594",
                "description": "Having eaten homemade German food for the past 60 years, I found the spaezle and pork cutlet a little disappointing. However, the red cabbage and French onion soup were winners.\n\nIt has been 30 years since my last visit. The German decor is still great even though the location has changed.",
                "link": "https://www.google.com/maps/reviews/data=!4m8!14m7!1m6!2m5!1sChdDSUhNMG9nS0VJQ0FnSUN6d08tUGtnRRAB!2m1!1s0x0:0xd6d5789995547bd9!3m1!1s2@1:CIHM0ogKEICAgICzwO-PkgE%7CCgwIvoPesgYQsJ7GpgE%7C?hl=en-US",
                "images": [
                    {
                        "thumbnail": "https://lh5.googleusercontent.com/p/AF1QipOOchUrWlGdcUtqsdp_9rqlsRuETIyLw-nFWG9W=w150-h150-k-no-p"
                    },
                    {
                        "thumbnail": "https://lh5.googleusercontent.com/p/AF1QipNEbQhX3oCQZ0r3ihxoV92oGvTnqECJaVrcYgBv=w150-h150-k-no-p"
                    },
                    {
                        "thumbnail": "https://lh5.googleusercontent.com/p/AF1QipNWn2lmGzFsdu8fK4qYG6n8WXkBzmEJEC0sLYl1=w150-h150-k-no-p"
                    },
                    {
                        "thumbnail": "https://lh5.googleusercontent.com/p/AF1QipOqiMdh1_06y-Y8qsRLSRdMu5GBGTXZePNLV_1Z=w150-h150-k-no-p"
                    },
                    {
                        "thumbnail": "https://lh5.googleusercontent.com/p/AF1QipOXtkKfD2RfiW43kul8GBjoTVEAY1uY7lMZ53V8=w150-h150-k-no-p"
                    },
                    {
                        "thumbnail": "https://lh5.googleusercontent.com/p/AF1QipO3tNsUJEc3LqEHBK-5RejFukyIgw07pxM54hAQ=w150-h150-k-no-p"
                    },
                    {
                        "thumbnail": "https://lh5.googleusercontent.com/p/AF1QipP0Mzo590UMJHJli4cg4rlIgbaeijigeDVMta8U=w150-h150-k-no-p"
                    },
                    {
                        "thumbnail": "https://lh5.googleusercontent.com/p/AF1QipPjpGbzgJwqxNO0RLcrUo6puFnvxKg49EzyNdVi=w150-h150-k-no-p"
                    }
                ],
                "date": "5 months ago"
            },
            {
                "username": "Laura",
                "rating": 5,
                "contributor_id": "102619440479154790282",
                "description": "Hard to find a german restaurant also serving pig feet in the town. Generous portions and good service. Sour vegetables are great as well!",
                "link": "https://www.google.com/maps/reviews/data=!4m8!14m7!1m6!2m5!1sChZDSUhNMG9nS0VJQ0FnSUQ3dC1UV0JBEAE!2m1!1s0x0:0xd6d5789995547bd9!3m1!1s2@1:CIHM0ogKEICAgID7t-TWBA%7CCgsIh_fCtgYQyNChIQ%7C?hl=en-US",
                "images": [
                    {
                        "thumbnail": "https://lh5.googleusercontent.com/p/AF1QipOVkz13MTs_3323V56cum0xhc9MCktoPhlZtVn7=w150-h150-k-no-p"
                    },
                    {
                        "thumbnail": "https://lh5.googleusercontent.com/p/AF1QipOkZjwstDJ9WeiHmLh4Jlsjuai7H2j_84lLQUMB=w150-h150-k-no-p"
                    }
                ],
                "date": "2 months ago"
            },
            {
                "username": "Jasimine Stay",
                "rating": 5,
                "contributor_id": "100882465042183918598",
                "description": "Wow! So glad we hopped off the highway to stop in here for lunch/early dinner!\nI must say, had we not ended up with Angie as our waitress, I am certain our experience would not have been the same. I am sure it still would have been good, but Angie was just fantastic. She shared some great info about the history and the building, suggested certain dishes as this was our first time trying German food, brought out our food fast and hot, was so quick to grab anything we asked for, and was just a bright smiley face of genuine happiness. The food was absolutely delicious!! Yum!! 😋\nWe paid more than we would have liked, however, we had leftovers that we both were able to eat off again 2 more times! Lol oh and the carrot cake!! She wasn't kidding when she said it was the best...\nJust go check it out for yourselves. You won't be disappointed. 👌🏼",
                "link": "https://www.google.com/maps/reviews/data=!4m8!14m7!1m6!2m5!1sChdDSUhNMG9nS0VJQ0FnSURYM3BQM2x3RRAB!2m1!1s0x0:0xd6d5789995547bd9!3m1!1s2@1:CIHM0ogKEICAgIDX3pP3lwE%7CCgwIuJv6uAYQuNT5ugI%7C?hl=en-US",
                "date": "2 weeks ago"
            }
        ]
    },
    "Services": {
        "dine_in": true,
        "curbside_pickup": true,
        "delivery": false
    }
}