{
    "Title": "Mister Spots Ann Arbor",
    "Price": [],
    "Place ID": "ChIJr2akG0iuPIgR3zamzDj8JAo",
    "Type ID": [],
    "Type": [
        "Fast food restaurant",
        "American restaurant",
        "Cheesesteak restaurant",
        "Chicken wings restaurant",
        "Takeout Restaurant",
        "Restaurant",
        "Sandwich shop"
    ],
    "Address": "808 S State St, Ann Arbor, MI 48104",
    "GPS Coordinates": {
        "latitude": 42.271605099999995,
        "longitude": -83.7408923
    },
    "Phone Number": "(734) 747-7768",
    "Rating": 4.5,
    "Rating Summary": [
        {
            "stars": 1,
            "amount": 22
        },
        {
            "stars": 2,
            "amount": 13
        },
        {
            "stars": 3,
            "amount": 38
        },
        {
            "stars": 4,
            "amount": 116
        },
        {
            "stars": 5,
            "amount": 451
        }
    ],
    "Opening Hours": [
        {
            "tuesday": "10:30 AM–10 PM"
        },
        {
            "wednesday": "10:30 AM–10 PM"
        },
        {
            "thursday": "10:30 AM–10 PM"
        },
        {
            "friday": "10:30 AM–12 AM"
        },
        {
            "saturday": "11 AM–12 AM"
        },
        {
            "sunday": "12–10 PM"
        },
        {
            "monday": "10:30 AM–10 PM"
        }
    ],
    "Description": "Casual joint serving Philadelphia-style hoagies, steak sandwiches & signature wings.",
    "Details": [
        {
            "popular_for": [
                "Lunch",
                "Dinner",
                "Solo dining"
            ]
        },
        {
            "accessibility": [
                "Wheelchair accessible entrance"
            ]
        },
        {
            "offerings": [
                "Late-night food",
                "Quick bite"
            ]
        },
        {
            "dining_options": [
                "Lunch",
                "Dinner",
                "Dessert",
                "Seating"
            ]
        },
        {
            "amenities": [
                "Restroom"
            ]
        },
        {
            "atmosphere": [
                "Casual"
            ]
        },
        {
            "crowd": [
                "Groups"
            ]
        },
        {
            "payments": [
                "Credit cards",
                "Debit cards",
                "NFC mobile payments"
            ]
        },
        {
            "children": [
                "Good for kids",
                "High chairs"
            ]
        }
    ],
    "User Reviews": {
        "summary": [
            {
                "snippet": "\"Cool staff, nice location, great food and good customer service!\""
            },
            {
                "snippet": "\"I wouldn’t eat here I ordered the 🥗 salad & wings; with the CHEESE STEAK.\""
            },
            {
                "snippet": "\"The PHILLY'S, the Hoagies, the sauce to the soda...HANDS DOWN THE BEST.\""
            }
        ],
        "most_relevant": [
            {
                "username": "Ahmed",
                "rating": 5,
                "contributor_id": "109902249534369525206",
                "description": "Their Philly cheesesteaks are too good-\n\nThe meat was juicy, cooked onions were flavourful, and the cheese in between all of it just made for an amazing sandwich. Their 10” sandwiches are more like a foot long too.\n\nThe restaurant has a very old school vibe to it, looks like it’s straight out of the late 80’s. Cozy and comfortable. The folks working there are super friendly too. Can’t ask for anything more.",
                "link": "https://www.google.com/maps/reviews/data=!4m8!14m7!1m6!2m5!1sChZDSUhNMG9nS0VJQ0FnSUNiMlpmUkd3EAE!2m1!1s0x0:0xa24fc38cca636df!3m1!1s2@1:CIHM0ogKEICAgICb2ZfRGw%7CCgsIyIictQYQgIW6dw%7C?hl=en-US",
                "images": [
                    {
                        "thumbnail": "https://lh5.googleusercontent.com/p/AF1QipM9UKh1vf2eNfImKA_HjrrdvPaRxRrJJjX4ujq0=w150-h150-k-no-p"
                    },
                    {
                        "thumbnail": "https://lh5.googleusercontent.com/p/AF1QipOXcJuH2qi1m8rAGTn66_KZtv-fV9orbc8M1pit=w150-h150-k-no-p"
                    },
                    {
                        "thumbnail": "https://lh5.googleusercontent.com/p/AF1QipP7VxmvANZ_isLzTLpqZfzbpzTdCVrHnygjoeQ2=w150-h150-k-no-p"
                    }
                ],
                "date": "3 months ago"
            },
            {
                "username": "Bigg O",
                "rating": 4,
                "contributor_id": "111809918248971464691",
                "description": "For a local place it was all right. We were just up the road at Yost Center for my son's hockey and wanted to grab a quick bite. I got the steak sub and a bag of Lay's potato chips. I'd say it was a little better than going to Subway. Love the fact that they have Pepsi",
                "link": "https://www.google.com/maps/reviews/data=!4m8!14m7!1m6!2m5!1sChZDSUhNMG9nS0VJQ0FnSUNiNXZ2aWVREAE!2m1!1s0x0:0xa24fc38cca636df!3m1!1s2@1:CIHM0ogKEICAgICb5vvieQ%7CCgwIiLWPtQYQiNKpqgM%7C?hl=en-US",
                "images": [
                    {
                        "thumbnail": "https://lh5.googleusercontent.com/p/AF1QipOLdf4O86t8bZHpo8YMKz-PZDdrrZAxNRmoUfKG=w150-h150-k-no-p"
                    },
                    {
                        "thumbnail": "https://lh5.googleusercontent.com/p/AF1QipPguhlSE9J4PNua8eLNrrkO4NpFdvubvoXbZb66=w150-h150-k-no-p"
                    },
                    {
                        "thumbnail": "https://lh5.googleusercontent.com/p/AF1QipPclZUBd3VJzZmRhrbreFTPKuj3oGunFeCovKeb=w150-h150-k-no-p"
                    },
                    {
                        "thumbnail": "https://lh5.googleusercontent.com/p/AF1QipMib_piA_H_DkVwpoop0vxEamf1Oem7GXHfUDJd=w150-h150-k-no-p"
                    }
                ],
                "date": "3 months ago"
            },
            {
                "username": "Jeffrey Scott",
                "rating": 4,
                "contributor_id": "108496281754242038698",
                "description": "First time to AA and wanted to try the hot local spots and this was on the list.  This is a hole in the wall with decent food.  Can say I did it but not high on the list for next time.",
                "link": "https://www.google.com/maps/reviews/data=!4m8!14m7!1m6!2m5!1sChdDSUhNMG9nS0VJQ0FnSUNucE9QM3B3RRAB!2m1!1s0x0:0xa24fc38cca636df!3m1!1s2@1:CIHM0ogKEICAgICnpOP3pwE%7CCgwIkYDDtwYQuIO1swE%7C?hl=en-US",
                "images": [
                    {
                        "thumbnail": "https://lh5.googleusercontent.com/p/AF1QipPOLdKiNJ3hsHuyrYIZl7PNOP70qwZ4fdfWZEgH=w150-h150-k-no-p"
                    },
                    {
                        "thumbnail": "https://lh5.googleusercontent.com/p/AF1QipPw3Ev7bAvmbW0AC8oxguPmR5_Lx2pUZVFq2gZn=w150-h150-k-no-p"
                    },
                    {
                        "thumbnail": "https://lh5.googleusercontent.com/p/AF1QipNOTSqq5HLNPmNqF5indQ_M42iPnj-dAppwbHLG=w150-h150-k-no-p"
                    }
                ],
                "date": "a month ago"
            },
            {
                "username": "zachary kreis",
                "rating": 5,
                "contributor_id": "106554714280175828503",
                "description": "Was recommended and sent here by some friends from U of M football team.\nFirst time, will not be our last! Was told to ask for the owner Keith and was greeted with a huge smile and a come on in.\nFood was absolutely outta this world amazing, hands down top five place in AA!!\nEven had a special request from my son for a grilled cheese, not even on the menu and it wasn’t even a question!\nAbsolutely amazing place and even more outstanding people!! Go Blue〽️",
                "link": "https://www.google.com/maps/reviews/data=!4m8!14m7!1m6!2m5!1sChZDSUhNMG9nS0VJQ0FnSUNycWRfYUp3EAE!2m1!1s0x0:0xa24fc38cca636df!3m1!1s2@1:CIHM0ogKEICAgICrqd_aJw%7CCgsIk5mxtAYQ-KvIQA%7C?hl=en-US",
                "date": "4 months ago"
            },
            {
                "username": "L WW",
                "rating": 5,
                "contributor_id": "114447473776956062698",
                "description": "Delicious food and great service!",
                "link": "https://www.google.com/maps/reviews/data=!4m8!14m7!1m6!2m5!1sChZDSUhNMG9nS0VJQ0FnSURud2JHZ0t3EAE!2m1!1s0x0:0xa24fc38cca636df!3m1!1s2@1:CIHM0ogKEICAgIDnwbGgKw%7CCgwI5deKuAYQkJ70rAI%7C?hl=en-US",
                "images": [
                    {
                        "thumbnail": "https://lh5.googleusercontent.com/p/AF1QipPkWNv96TTGmxOlY0AU8tuvn0O2bmY_73CXOHyY=w150-h150-k-no-p"
                    },
                    {
                        "thumbnail": "https://lh5.googleusercontent.com/p/AF1QipOtnJtxUcqkc5FOiG1Pgv_-e9RqCeTZmgfemm3S=w150-h150-k-no-p"
                    },
                    {
                        "thumbnail": "https://lh5.googleusercontent.com/p/AF1QipO0ki_P1MqP65gpVFM_TKBl1CTqKJErJp2VZQBj=w150-h150-k-no-p"
                    }
                ],
                "date": "a month ago"
            },
            {
                "username": "Musica Amor",
                "rating": 5,
                "contributor_id": "114077222623810740747",
                "description": "Zach, who took my order over the phone. He was really nice. His tone, on the phone, didn't make me feel like a inconvenience. The order was a little pricey, the food was good. Living about 2 miles away. Everything was still hot. And the delivery driver was nice.",
                "link": "https://www.google.com/maps/reviews/data=!4m8!14m7!1m6!2m5!1sChZDSUhNMG9nS0VJQ0FnSUNMcXByeEJnEAE!2m1!1s0x0:0xa24fc38cca636df!3m1!1s2@1:CIHM0ogKEICAgICLqprxBg%7CCgwI6NvrswYQkIPClgI%7C?hl=en-US",
                "date": "4 months ago"
            },
            {
                "username": "Lionel Wallace",
                "rating": 4,
                "contributor_id": "109829714012243595205",
                "description": "Did the pull up for lunch at Mr. Spots for cheesesteak. Haven't been here  since grad school and it still taste delicious. Definitely a college student landmark.",
                "link": "https://www.google.com/maps/reviews/data=!4m8!14m7!1m6!2m5!1sChZDSUhNMG9nS0VJQ0FnSUR1a29hVVNBEAE!2m1!1s0x0:0xa24fc38cca636df!3m1!1s2@1:CIHM0ogKEICAgIDukoaUSA%7CCgwIuYDylwYQoKvx0wE%7C?hl=en-US",
                "images": [
                    {
                        "thumbnail": "https://lh5.googleusercontent.com/p/AF1QipOHnE6Vg6GNlTaSmRYxa1CVS_RKMr5g4K-iA6BF=w150-h150-k-no-p"
                    },
                    {
                        "thumbnail": "https://lh5.googleusercontent.com/p/AF1QipNe_4RMOmV4XOzh3LD4kk2KPAmKr7z1YlnJuPiW=w150-h150-k-no-p"
                    },
                    {
                        "thumbnail": "https://lh5.googleusercontent.com/p/AF1QipMdJx6-_mc2cOMNrTYKUuVoe5MIkhsGyhDWwjaD=w150-h150-k-no-p"
                    },
                    {
                        "thumbnail": "https://lh5.googleusercontent.com/p/AF1QipNlWx_OZ3T8YYogphM1j7cKym9ArUvlrkw5CkYc=w150-h150-k-no-p"
                    }
                ],
                "date": "2 years ago"
            },
            {
                "username": "J Z",
                "rating": 4,
                "contributor_id": "103580687025461024056",
                "description": "I made a huge mistake. First time ordering here as I'm in town on business and just wanted something quick and easy. Got a great steak sandwich, I'm from philly, so I'm a bit biased. Not the greatest steak sandwich I've ever had, to be honest, but better than many I've had back home. And better than MOST I've had elsewhere.\n\nHere's where I made the mistake, and it wasn't the steak. I am a huge fan of spicy stuff. I almost always go for whatever is hottest on the menu. I didn't go for anything crazy, standard steak w/ fixins. But I also ordered some of the suicide sauce. HOLY MOLY THAT STUFF IS HOTTTTT! Again, I love spicy food, it's rare that spicy stuff gets to me.\n\nHere's where I went right.... I ordered that sauce on the side. My first bite I treated that steak like a french dip. And I'm very glad I went that route. I just wanna say, buyer beware of that suicide sauce. It's delicious, but daaang, yo. Bravo for making such a delicious sauce with such a veeeery potent kick in the face.\n\n4* because I am biased on steak sandwiches, but again, one the better ones I've had outta Philly.\n\nI didn't eat in, so I won't comment on service or atmosphere.",
                "link": "https://www.google.com/maps/reviews/data=!4m8!14m7!1m6!2m5!1sChZDSUhNMG9nS0VJQ0FnSUN6a3Ryd2NREAE!2m1!1s0x0:0xa24fc38cca636df!3m1!1s2@1:CIHM0ogKEICAgICzktrwcQ%7CCgwIgarpsgYQqOnL6wE%7C?hl=en-US",
                "date": "5 months ago"
            }
        ]
    },
    "Services": {
        "dine_in": true,
        "takeout": true,
        "delivery": true
    }
}