{
    "Title": "Moon Cafe",
    "Price": [],
    "Place ID": "ChIJ9yDDG0iuPIgRCcbn6K0K_4I",
    "Type ID": [],
    "Type": [
        "Korean restaurant",
        "Dessert restaurant",
        "Frozen yogurt shop"
    ],
    "Address": "812 S State St, Ann Arbor, MI 48104, United States",
    "GPS Coordinates": {
        "latitude": 42.2714971,
        "longitude": -83.7408536
    },
    "Phone Number": "+1 734-769-5650",
    "Rating": 4.7,
    "Rating Summary": [
        {
            "stars": 1,
            "amount": 5
        },
        {
            "stars": 2,
            "amount": 2
        },
        {
            "stars": 3,
            "amount": 6
        },
        {
            "stars": 4,
            "amount": 17
        },
        {
            "stars": 5,
            "amount": 131
        }
    ],
    "Opening Hours": [
        {
            "tuesday": "11:30 a.m.–8:05 p.m."
        },
        {
            "wednesday": "11:30 a.m.–8:05 p.m."
        },
        {
            "thursday": "11:30 a.m.–8:05 p.m."
        },
        {
            "friday": "11:30 a.m.–8:05 p.m."
        },
        {
            "saturday": "11:30 a.m.–8:05 p.m."
        },
        {
            "sunday": "11:30 a.m.–10:45 p.m."
        },
        {
            "monday": "11:30 a.m.–8:05 p.m."
        }
    ],
    "Description": "Modest, quick-serve diner offering Korean-style bowls & fried chicken alongside frozen yogurt.",
    "Details": [
        {
            "popular_for": [
                "Lunch",
                "Dinner",
                "Solo dining"
            ]
        },
        {
            "offerings": [
                "Coffee",
                "Comfort food",
                "Halal food",
                "Late-night food",
                "Quick bite",
                "Vegan options",
                "Vegetarian options"
            ]
        },
        {
            "dining_options": [
                "Brunch",
                "Lunch",
                "Dinner",
                "Dessert",
                "Seating"
            ]
        },
        {
            "atmosphere": [
                "Casual"
            ]
        },
        {
            "crowd": [
                "University students"
            ]
        },
        {
            "payments": [
                "Credit cards",
                "Debit cards",
                "NFC mobile payments"
            ]
        },
        {
            "children": [
                "Good for kids"
            ]
        }
    ],
    "User Reviews": {
        "summary": [
            {
                "snippet": "\"Small, cozy Korean diner serving rice bowls, noodles, and desserts.\""
            },
            {
                "snippet": "\"My favorite dishes are the spicy pork, kimchi fried rice, and the curry udon!\""
            },
            {
                "snippet": "\"Cozy feel good restaurant, really nice owners, great prices and amazing food.\""
            }
        ],
        "most_relevant": [
            {
                "username": "Ramzieh Taki",
                "rating": 5,
                "contributor_id": "114549583633186031255",
                "description": "I absolutely loved it here! The owner was very very kind, and he was understanding and patient with us. Me and my sister split a froyo and when my sister mentioned my birthday, he gave me a complimentary snack, and he shared very heartfelt words about a birthday!\nSuch an amazing place!!",
                "link": "https://www.google.com/maps/reviews/data=!4m8!14m7!1m6!2m5!1sChdDSUhNMG9nS0VJQ0FnSURYXzdfbDJnRRAB!2m1!1s0x0:0x82ff0aade8e7c609!3m1!1s2@1:CIHM0ogKEICAgIDX_7_l2gE%7CCgwIrvuTuQYQwLiDygM%7C?hl=en-US",
                "date": "a week ago"
            },
            {
                "username": "Maurielle C",
                "rating": 3,
                "contributor_id": "102013884837832721376",
                "description": "To preface- I did not get actual food, just ice cream: However, the man working (I’m assuming the owner) was not very friendly at all. I walked up and said hello and he said “our kitchen is closed.” I can read, so I got the memo but I politely said okay, I just want desert. He then said “well what kind” and I said ice cream. He quickly told me I have to order ice cream at the kiosk. When he gave me my ice cream he just said have a good night, no “thank you” or anything along the lines of “thanks for supporting a small business.” Customer service rating is a 1 and my overall rating for decor, cleanliness, pricing, etc. Is a 4. Averaging out it would be a 2 but I’m feeling generous, as I’m sure the actual food is good. Therefore it gets a 3. Your customer service skills could use training & practice.",
                "link": "https://www.google.com/maps/reviews/data=!4m8!14m7!1m6!2m5!1sChZDSUhNMG9nS0VJQ0FnSUNlMWItNlVREAE!2m1!1s0x0:0x82ff0aade8e7c609!3m1!1s2@1:CIHM0ogKEICAgICe1b-6UQ%7CCgsIxMCkmQYQ6P3oaQ%7C?hl=en-US",
                "images": [
                    {
                        "thumbnail": "https://lh5.googleusercontent.com/p/AF1QipN6hkAqSaIjqjB4IDtjVux1hFmeWhTEdPsgbGVy=w150-h150-k-no-p"
                    },
                    {
                        "thumbnail": "https://lh5.googleusercontent.com/p/AF1QipN_a7dYgNTvi-FDq4vVSY8x_-iu2d-2rp-Fhu-N=w150-h150-k-no-p"
                    },
                    {
                        "thumbnail": "https://lh5.googleusercontent.com/p/AF1QipNRfHh8jx7YHOEuW3VgYPvF8F5Uy9FPsOrZqQI3=w150-h150-k-no-p"
                    },
                    {
                        "thumbnail": "https://lh5.googleusercontent.com/p/AF1QipPfQy1Ga_RKc6ErU5o6PTr3KiASok-9JS6K-l-C=w150-h150-k-no-p"
                    },
                    {
                        "thumbnail": "https://lh5.googleusercontent.com/p/AF1QipOJPje4AK2WinnOiB3dodB94rONeIWC3Z6EqR9h=w150-h150-k-no-p"
                    },
                    {
                        "thumbnail": "https://lh5.googleusercontent.com/p/AF1QipPrPmAlqjDOj0DOjbq5-JLpx_mJLUS6ItZJ3qqu=w150-h150-k-no-p"
                    },
                    {
                        "thumbnail": "https://lh5.googleusercontent.com/p/AF1QipMUisnQDcOaUKtLL8sTtzuJBCaUzIfdovzI5Wiv=w150-h150-k-no-p"
                    }
                ],
                "date": "2 years ago"
            },
            {
                "username": "Aweful chan",
                "rating": 5,
                "contributor_id": "101741773106135768080",
                "description": "They really have the best Bimbimbop I've ever had so far! Get it with extra veggies!! The Owner is really nice and usually goes out of his way to deliver my lunch, I really appreciate that.\nI'm working in construction in the area, I'll be really sad when we're done, this is one of my favorites in the area. It won't be as easy to grab anymore haha!",
                "link": "https://www.google.com/maps/reviews/data=!4m8!14m7!1m6!2m5!1sChZDSUhNMG9nS0VJQ0FnSUNiM3NTa0ZREAE!2m1!1s0x0:0x82ff0aade8e7c609!3m1!1s2@1:CIHM0ogKEICAgICb3sSkFQ%7CCgsI0OqTtQYQkIqNHw%7C?hl=en-US",
                "date": "3 months ago"
            },
            {
                "username": "Sophie O",
                "rating": 3,
                "contributor_id": "113894645538595942202",
                "description": "I was disappointed that the Kimbap I ordered was from Costco frozen food heated by microwave… had a stomachache after…",
                "link": "https://www.google.com/maps/reviews/data=!4m8!14m7!1m6!2m5!1sChZDSUhNMG9nS0VJQ0FnSUNIeGZmNlZ3EAE!2m1!1s0x0:0x82ff0aade8e7c609!3m1!1s2@1:CIHM0ogKEICAgICHxff6Vw%7CCgsI8K_utgYQ0IGsYg%7C?hl=en-US",
                "images": [
                    {
                        "thumbnail": "https://lh5.googleusercontent.com/p/AF1QipMEI-Y5xPy7j8K2CMxxenwK2qcLMp3OfbrTmSzE=w150-h150-k-no-p"
                    }
                ],
                "date": "2 months ago"
            },
            {
                "username": "Lily Lee",
                "rating": 5,
                "contributor_id": "116634703802744507575",
                "description": "Nice little shop to stop in for a bite of Korean food and ice cream! You can choose from a variety of toppings.\n\nThe cup of frozen yogurt has toppings on the side vs the moon collider which blends the toppings together. Both were good.",
                "link": "https://www.google.com/maps/reviews/data=!4m8!14m7!1m6!2m5!1sChdDSUhNMG9nS0VJQ0FnSUR0NWJUVm5RRRAB!2m1!1s0x0:0x82ff0aade8e7c609!3m1!1s2@1:CIHM0ogKEICAgIDt5bTVnQE%7CCgwIxsmFrgYQuJmBtAE%7C?hl=en-US",
                "images": [
                    {
                        "thumbnail": "https://lh5.googleusercontent.com/p/AF1QipOGcn2EoYcOWPOGh1Jk_8js6Q68-iUf9qieu3OL=w150-h150-k-no-p"
                    }
                ],
                "date": "9 months ago"
            },
            {
                "username": "Boot Leg",
                "rating": 4,
                "contributor_id": "112112987254240359264",
                "description": "Good Bi Bim Bap about the average I'd say. Decent sized dishes. Had the Spicy Shrimp as well as an order of Chicken Dumplings. All in all good. A bit pricey, but on campus... what do you expect?",
                "link": "https://www.google.com/maps/reviews/data=!4m8!14m7!1m6!2m5!1sChZDSUhNMG9nS0VJQ0FnSUMwdDhEOGNnEAE!2m1!1s0x0:0x82ff0aade8e7c609!3m1!1s2@1:CIHM0ogKEICAgIC0t8D8cg%7CCgwI8eaO7QUQ4On00gE%7C?hl=en-US",
                "images": [
                    {
                        "thumbnail": "https://lh5.googleusercontent.com/p/AF1QipN-nxAFSPv71PdipSj1DdD6R03jib8ubjQOz04=w150-h150-k-no-p"
                    },
                    {
                        "thumbnail": "https://lh5.googleusercontent.com/p/AF1QipPowZYE9fA_X0zVWtduuyC37DzFYminiq-bxw0=w150-h150-k-no-p"
                    },
                    {
                        "thumbnail": "https://lh5.googleusercontent.com/p/AF1QipMVT7Fks-jLFAXyGpk1fnzgqaO_LumQux8HHvE=w150-h150-k-no-p"
                    }
                ],
                "date": "5 years ago"
            },
            {
                "username": "Jonny Chow",
                "rating": 5,
                "contributor_id": "117399987398075607333",
                "description": "The other day, I tried Kimchi pork rice here and was surprised by. The taste was pretty good and came with a handy size bowl. I also picked up other munchbowl menus and they were pretty good too. I usually stay a lot in front of my desk and its comfy to eat simple and good.",
                "link": "https://www.google.com/maps/reviews/data=!4m8!14m7!1m6!2m5!1sChZDSUhNMG9nS0VJQ0FnSUNJX3REZFZ3EAE!2m1!1s0x0:0x82ff0aade8e7c609!3m1!1s2@1:CIHM0ogKEICAgICI_tDdVw%7CCgwIuN7D3wUQ8Nrm4QE%7C?hl=en-US",
                "images": [
                    {
                        "thumbnail": "https://lh5.googleusercontent.com/p/AF1QipP1WAtTBBVl_1oKHGBssDCVue5C0Lap9xRHExKL=w150-h150-k-no-p"
                    },
                    {
                        "thumbnail": "https://lh5.googleusercontent.com/p/AF1QipPYxgzlAJdHeUnexXpaSDV7fHuaDUHUy6jlX2Y4=w150-h150-k-no-p"
                    },
                    {
                        "thumbnail": "https://lh5.googleusercontent.com/p/AF1QipOFT6rocAgJ3mBUjKv6PCOKXYmqx8bpKRWzpQ-o=w150-h150-k-no-p"
                    },
                    {
                        "thumbnail": "https://lh5.googleusercontent.com/p/AF1QipNzeGsJu4qvolyV31MLftIaTyJg6CLOyzVK3_q-=w150-h150-k-no-p"
                    },
                    {
                        "thumbnail": "https://lh5.googleusercontent.com/p/AF1QipPgr4w025cuD7KLtejDNa_-gDzr2RIvNFUT9iRV=w150-h150-k-no-p"
                    }
                ],
                "date": "5 years ago"
            },
            {
                "username": "KID JIMMY",
                "rating": 5,
                "contributor_id": "103589818303408439084",
                "description": "So good. Got kimchi ramen today, they do not skimp on noodle portions! Friendly, straight forward service, the gentleman I believe running this establishment is very kind.",
                "link": "https://www.google.com/maps/reviews/data=!4m8!14m7!1m6!2m5!1sChdDSUhNMG9nS0VJQ0FnSURiOHBuUTJnRRAB!2m1!1s0x0:0x82ff0aade8e7c609!3m1!1s2@1:CIHM0ogKEICAgIDb8pnQ2gE%7CCgwI5vG6tQYQ2P7BiQE%7C?hl=en-US",
                "date": "3 months ago"
            }
        ]
    },
    "Services": {
        "dine_in": true,
        "takeout": true,
        "delivery": true
    }
}