{
    "Title": "Mosher-Jordan Dining Hall",
    "Price": [],
    "Place ID": "ChIJGb_Y5ZOvPIgR5_NOYwxdrfw",
    "Type ID": [],
    "Type": [
        "Cafeteria",
        "Restaurant"
    ],
    "Address": "200 Observatory St, Ann Arbor, MI 48109",
    "GPS Coordinates": {
        "latitude": 42.2800064,
        "longitude": -83.7316513
    },
    "Phone Number": "(734) 764-2111",
    "Rating": 4.3,
    "Rating Summary": [
        {
            "stars": 1,
            "amount": 9
        },
        {
            "stars": 2,
            "amount": 1
        },
        {
            "stars": 3,
            "amount": 7
        },
        {
            "stars": 4,
            "amount": 29
        },
        {
            "stars": 5,
            "amount": 70
        }
    ],
    "Opening Hours": [
        {
            "tuesday": "7 AM–9 PM"
        },
        {
            "wednesday": "7 AM–9 PM"
        },
        {
            "thursday": "7 AM–9 PM"
        },
        {
            "friday": "7 AM–8 PM"
        },
        {
            "saturday": "9 AM–2 PM, 4:30–8 PM"
        },
        {
            "sunday": "9 AM–2 PM, 4:30–9 PM"
        },
        {
            "monday": "7 AM–9 PM"
        }
    ],
    "Description": [],
    "Details": [
        {
            "accessibility": [
                "Wheelchair accessible entrance",
                "Wheelchair accessible restroom",
                "Wheelchair accessible seating"
            ]
        },
        {
            "payments": [
                "Debit cards",
                "NFC mobile payments"
            ]
        }
    ],
    "User Reviews": {
        "summary": [
            {
                "snippet": "\"This Dorm is the cleanest and the staff treat you like family\""
            },
            {
                "snippet": "\"Lots of options, good atmosphere\""
            },
            {
                "snippet": "\"The food was endless and tasty.\""
            }
        ],
        "most_relevant": [
            {
                "username": "Imojean Robinson",
                "rating": 4,
                "contributor_id": "106157399973692992498",
                "description": "The food is Great!  It is under heavy security.  You need your badge to enter the dorm, as well, to enter your room.  The staff is very helpful and accommodating.  There is also, always, someone on staff just in case someone does get locked out of the room.  The Hill (which is where this dorm is located, among others) is in a very convenient location.  It is in walking distance from the bus stops, downtown Ann Arbor, Hospital, and the CCRB (Campus Gym).  I highly recommend this location for incoming freshmen or sophomore, until the become better acquainted with the Umich Campus.",
                "link": "https://www.google.com/maps/reviews/data=!4m8!14m7!1m6!2m5!1sChdDSUhNMG9nS0VJQ0FnSUNnanYyMGh3RRAB!2m1!1s0x0:0xfcad5d0c634ef3e7!3m1!1s2@1:CIHM0ogKEICAgICgjv20hwE%7CCgwI9auE3wUQ4Kv88gE%7C?hl=en-US",
                "images": [
                    {
                        "thumbnail": "https://lh5.googleusercontent.com/p/AF1QipNf5YphXjAat_niMn4X4p-W8eazGgUsoNKu5y1o=w150-h150-k-no-p"
                    },
                    {
                        "thumbnail": "https://lh5.googleusercontent.com/p/AF1QipMxfNYe_9yzxZM531Lnc3bnQxPM4fFYIi89p4LA=w150-h150-k-no-p"
                    },
                    {
                        "thumbnail": "https://lh5.googleusercontent.com/p/AF1QipPiK5bqysUpW6vaVou3N8A5vSsFfwYkNRLgwlmz=w150-h150-k-no-p"
                    },
                    {
                        "thumbnail": "https://lh5.googleusercontent.com/p/AF1QipOVG9xLcrPHHlPBxyDz5cn_Wyu6FK3uWK3YzXw4=w150-h150-k-no-p"
                    },
                    {
                        "thumbnail": "https://lh5.googleusercontent.com/p/AF1QipPpbr0QATfidGLAYKQFvod5Jg3AIkxGPBoBg6V5=w150-h150-k-no-p"
                    },
                    {
                        "thumbnail": "https://lh5.googleusercontent.com/p/AF1QipM_unZy8M62xA2zIZ4k9a0-r6BdgpXuDOlaThHH=w150-h150-k-no-p"
                    },
                    {
                        "thumbnail": "https://lh5.googleusercontent.com/p/AF1QipMlnxyASp27TxkS8JEs_xU7bUu7J3i3-wbFG34a=w150-h150-k-no-p"
                    },
                    {
                        "thumbnail": "https://lh5.googleusercontent.com/p/AF1QipOSH4kMOuppMA_-nKsnXCyy-ksq-_gYSlrhlCX-=w150-h150-k-no-p"
                    },
                    {
                        "thumbnail": "https://lh5.googleusercontent.com/p/AF1QipO6uImlYx8GvNX0ME9f2GpsZXKcNlw0pUHKgjnZ=w150-h150-k-no-p"
                    },
                    {
                        "thumbnail": "https://lh5.googleusercontent.com/p/AF1QipMWByvu7eSTXN3-NZDDDkALgoEwExYpgRcBAOdM=w150-h150-k-no-p"
                    },
                    {
                        "thumbnail": "https://lh5.googleusercontent.com/p/AF1QipMsBgZUfxUIfRUp7MUFJjxz58cGDk97Asu0IM_9=w150-h150-k-no-p"
                    },
                    {
                        "thumbnail": "https://lh5.googleusercontent.com/p/AF1QipPGV7ipc_3GQdux99xIbPk4jyxcVwXFJZSbLkXB=w150-h150-k-no-p"
                    },
                    {
                        "thumbnail": "https://lh5.googleusercontent.com/p/AF1QipMveIIlI1_ON-GyJt1UdKho5mtk1OgWrpGvPTLX=w150-h150-k-no-p"
                    },
                    {
                        "thumbnail": "https://lh5.googleusercontent.com/p/AF1QipMehHyeqw46DQMgHBusFUXwv4I5jAXpHSjWxtva=w150-h150-k-no-p"
                    },
                    {
                        "thumbnail": "https://lh5.googleusercontent.com/p/AF1QipNyFWxWSd0xUXzRhBrV8u6I5EwNFXPd52ejYpm5=w150-h150-k-no-p"
                    },
                    {
                        "thumbnail": "https://lh5.googleusercontent.com/p/AF1QipNXv66V4pvjhgg-j4evBiMhnX6DYi9oyEBdMVuN=w150-h150-k-no-p"
                    },
                    {
                        "thumbnail": "https://lh5.googleusercontent.com/p/AF1QipOkEmmZNHJrIFrCWLcJYX7VSsQelirhNCK3Zcc7=w150-h150-k-no-p"
                    },
                    {
                        "thumbnail": "https://lh5.googleusercontent.com/p/AF1QipNuM_ulk87xORYO09qxz-hBpNSPrPyV5hFhAUfT=w150-h150-k-no-p"
                    },
                    {
                        "thumbnail": "https://lh5.googleusercontent.com/p/AF1QipMO-mDaAmvmJ3-yJ1AyHYeaQp48slCRB5SOdxCD=w150-h150-k-no-p"
                    },
                    {
                        "thumbnail": "https://lh5.googleusercontent.com/p/AF1QipORsgBVffg2iqyCZE8TyOJdd6U5o3dkHVYP3o-N=w150-h150-k-no-p"
                    }
                ],
                "date": "6 years ago"
            },
            {
                "username": "kaitlyn",
                "rating": 5,
                "contributor_id": "113831142756031547505",
                "description": "Food is good for a dining hall, big so easy to find spots to sit.",
                "link": "https://www.google.com/maps/reviews/data=!4m8!14m7!1m6!2m5!1sChdDSUhNMG9nS0VJQ0FnSURkOWE2WWlBRRAB!2m1!1s0x0:0xfcad5d0c634ef3e7!3m1!1s2@1:CIHM0ogKEICAgIDd9a6YiAE%7CCgwIj7nvrgYQgPOIsAI%7C?hl=en-US",
                "images": [
                    {
                        "thumbnail": "https://lh5.googleusercontent.com/p/AF1QipOosKZ7_cEdwRt1DLsYCVtaT6MFMKc89XJrYypx=w150-h150-k-no-p"
                    }
                ],
                "date": "8 months ago"
            },
            {
                "username": "Siamor Grey",
                "rating": 1,
                "contributor_id": "108979925991969015871",
                "description": "A friend of mine worked at this dining hall part time and was poorly treated by a coworker while serving foods. That coworker knew my friend is a student so she exercised her “authority” to put her on the weak spot by constantly judging her food plating speed and waiting to blame her for any slightest imperfection she made. This coworker eventually caught my friend taking an empty plate from another student who demanded separate food and called over a chef to back her up and blamed my friend for doing everything wrong and presenting a “bad attitude.” While my friend had listened to her coworker’s every suggestion without any disagreement, this coworker continued to scold and swear at my friend when she left the food serving station, saying that my friend better leave because she’s having “a bad a** attitude.” While my friend was working here, she was always being watched and judged by the full-time workers who seemed to have nothing to do but commenting on new student workers. It’s such a terrible working atmosphere, and the food tastes bland and not worth the bucks portion wise.",
                "link": "https://www.google.com/maps/reviews/data=!4m8!14m7!1m6!2m5!1sChZDSUhNMG9nS0VJQ0FnSUREc2R2YllBEAE!2m1!1s0x0:0xfcad5d0c634ef3e7!3m1!1s2@1:CIHM0ogKEICAgIDDsdvbYA%7CCgwIwJXdsAYQ6PLVswI%7C?hl=en-US",
                "date": "7 months ago"
            },
            {
                "username": "Levente Klein",
                "rating": 5,
                "contributor_id": "109495186562177311042",
                "description": "Visited the place as part of students moving in.The cafeteria is very nice and quality of the food is very good.",
                "link": "https://www.google.com/maps/reviews/data=!4m8!14m7!1m6!2m5!1sChZDSUhNMG9nS0VJQ0FnSUQ3aHF5UEpBEAE!2m1!1s0x0:0xfcad5d0c634ef3e7!3m1!1s2@1:CIHM0ogKEICAgID7hqyPJA%7CCgsIrsOjtgYQ4LPOPg%7C?hl=en-US",
                "date": "2 months ago"
            },
            {
                "username": "Carlos",
                "rating": 3,
                "contributor_id": "106910549997909302006",
                "description": "Food variety is middling for MDining, with sometimes only a few dishes to choose from aside from the standard burgers, fries, and pizza. Cookies are backed fresh on-site though, and World Maize is generally pretty good.",
                "link": "https://www.google.com/maps/reviews/data=!4m8!14m7!1m6!2m5!1sChZDSUhNMG9nS0VJQ0FnSUQ5MDZMNk13EAE!2m1!1s0x0:0xfcad5d0c634ef3e7!3m1!1s2@1:CIHM0ogKEICAgID906L6Mw%7CCgwI_6XtrwYQkMrLlgM%7C?hl=en-US",
                "date": "7 months ago"
            },
            {
                "username": "Budianastas P",
                "rating": 4,
                "contributor_id": "110815446665996527007",
                "description": "Budget conscious persons would find the buffet style menu worth it. The overall taste is good, especially the Western style items. The atmosphere is neutral with contemporary, natural tones in subdued, casual aura.",
                "link": "https://www.google.com/maps/reviews/data=!4m8!14m7!1m6!2m5!1sChZDSUhNMG9nS0VJQ0FnSURWbTZYV1pnEAE!2m1!1s0x0:0xfcad5d0c634ef3e7!3m1!1s2@1:CIHM0ogKEICAgIDVm6XWZg%7CCgwIzoX3qwYQ8MiRqQI%7C?hl=en-US",
                "date": "10 months ago"
            },
            {
                "username": "Naren Gopaluni",
                "rating": 5,
                "contributor_id": "115177881904662433183",
                "description": "Been to this dining as part of UofM orientation.. I would say this is one of the best dining halls on campus offering wide choice and kept very clean. Staff is very friendly and they guided all through the dining experience.",
                "link": "https://www.google.com/maps/reviews/data=!4m8!14m7!1m6!2m5!1sChZDSUhNMG9nS0VJQ0FnSURKbl9yTkVnEAE!2m1!1s0x0:0xfcad5d0c634ef3e7!3m1!1s2@1:CIHM0ogKEICAgIDJn_rNEg%7CCgwI3oCApgYQoP2R1gM%7C?hl=en-US",
                "date": "a year ago"
            },
            {
                "username": "Zain Hameed",
                "rating": 5,
                "contributor_id": "102182103475610427541",
                "description": "Reliably good, great ambiance and and an even better view of the hill. Plus Mojo as of this writing is open continuously through a weekday, so if it's between morning open and evening close you are welcome to enjoy a great meal no matter your dietary restrictions.",
                "link": "https://www.google.com/maps/reviews/data=!4m8!14m7!1m6!2m5!1sChZDSUhNMG9nS0VJQ0FnSURtMmZXX2VnEAE!2m1!1s0x0:0xfcad5d0c634ef3e7!3m1!1s2@1:CIHM0ogKEICAgIDm2fW_eg%7CCgwImezqjwYQ0Prm1AM%7C?hl=en-US",
                "date": "2 years ago"
            }
        ]
    },
    "Services": {
        "dine_in": true,
        "takeout": true,
        "delivery": false
    }
}