{
    "Title": "Nagomi Sushi and Korean BBQ",
    "Price": [],
    "Place ID": "ChIJ_UuJ-36uPIgRvBVFbv0bsuk",
    "Type ID": [],
    "Type": [
        "Korean barbecue restaurant",
        "Japanese restaurant",
        "Korean restaurant",
        "Sushi restaurant"
    ],
    "Address": "1754 Plymouth Rd, Ann Arbor, MI 48105",
    "GPS Coordinates": {
        "latitude": 42.2979245,
        "longitude": -83.7229948
    },
    "Phone Number": "(734) 761-5800",
    "Rating": 4,
    "Rating Summary": [
        {
            "stars": 1,
            "amount": 57
        },
        {
            "stars": 2,
            "amount": 33
        },
        {
            "stars": 3,
            "amount": 44
        },
        {
            "stars": 4,
            "amount": 136
        },
        {
            "stars": 5,
            "amount": 304
        }
    ],
    "Opening Hours": [
        {
            "tuesday": "Closed"
        },
        {
            "wednesday": "11 AM–9:30 PM"
        },
        {
            "thursday": "11 AM–9:30 PM"
        },
        {
            "friday": "11 AM–9:30 PM"
        },
        {
            "saturday": "11 AM–9:30 PM"
        },
        {
            "sunday": "12–9:30 PM"
        },
        {
            "monday": "11 AM–9:30 PM"
        }
    ],
    "Description": "Mellow restaurant serving sushi, creative rolls & other Japanese fare in functional surroundings.",
    "Details": [
        {
            "highlights": [
                "Fast service",
                "Great tea selection",
                "Sports"
            ]
        },
        {
            "popular_for": [
                "Lunch",
                "Dinner",
                "Solo dining"
            ]
        },
        {
            "accessibility": [
                "Wheelchair accessible entrance",
                "Wheelchair accessible parking lot",
                "Wheelchair accessible restroom",
                "Wheelchair accessible seating"
            ]
        },
        {
            "offerings": [
                "Alcohol",
                "Beer",
                "Cocktails",
                "Coffee",
                "Comfort food",
                "Hard liquor",
                "Healthy options",
                "Quick bite",
                "Small plates",
                "Vegetarian options",
                "Wine"
            ]
        },
        {
            "dining_options": [
                "Lunch",
                "Dinner",
                "Catering",
                "Dessert",
                "Seating"
            ]
        },
        {
            "amenities": [
                "Bar onsite",
                "Restroom",
                "Wi-Fi",
                "Free Wi-Fi"
            ]
        },
        {
            "atmosphere": [
                "Casual",
                "Cozy",
                "Trendy"
            ]
        },
        {
            "crowd": [
                "College students",
                "Family-friendly",
                "Groups",
                "LGBTQ+ friendly",
                "Transgender safespace"
            ]
        },
        {
            "planning": [
                "Accepts reservations"
            ]
        },
        {
            "payments": [
                "Credit cards",
                "Debit cards",
                "NFC mobile payments"
            ]
        },
        {
            "children": [
                "Good for kids",
                "High chairs"
            ]
        },
        {
            "parking": [
                "Free parking lot",
                "Free street parking",
                "Plenty of parking"
            ]
        }
    ],
    "User Reviews": {
        "summary": [
            {
                "snippet": "\"The food was very scrumptious 😋 scraped the bowl of curry dry 😁\""
            },
            {
                "snippet": "\"I ordered 4 spicy Tuna rolls & the poor quality was carried over in ALL 4 rolls.\""
            },
            {
                "snippet": "\"The ambience was great and the service was fantastic--very attentive staff.\""
            }
        ],
        "most_relevant": [
            {
                "username": "Dustin Steichmann",
                "rating": 5,
                "contributor_id": "102883417469172101543",
                "description": "Friday evening, not too busy. My wife got BBQ and I got the hot bowl bibimbap. Both were excellent. The staff were kind and friendly. Even more so when they found out that my wife is from Korea and I can speak Korean. The prices are reasonable and the side dishes are unlimited. Coming back again with Korean friends when they come through or other friends when they are curious about Korean flavors.",
                "link": "https://www.google.com/maps/reviews/data=!4m8!14m7!1m6!2m5!1sChZDSUhNMG9nS0VJQ0FnSUREcll2eUlBEAE!2m1!1s0x0:0xe9b21bfd6e4515bc!3m1!1s2@1:CIHM0ogKEICAgIDDrYvyIA%7CCgwIhujmsAYQ8ObUtgM%7C?hl=en-US",
                "images": [
                    {
                        "thumbnail": "https://lh5.googleusercontent.com/p/AF1QipOxIN5WO-yETxigFr55ogq0YrjvAr6NpVEhpM3P=w150-h150-k-no-p"
                    },
                    {
                        "thumbnail": "https://lh5.googleusercontent.com/p/AF1QipMAhKQsI7-DFwTqdOGKzQ17YWLGf-wHeAxrauGY=w150-h150-k-no-p"
                    }
                ],
                "date": "7 months ago"
            },
            {
                "username": "Sagnik Bhadury",
                "rating": 4,
                "contributor_id": "115504098550964742908",
                "description": "It was a pleasant experience dining here. I particularly liked the cleanliness of their place along with the service.\nI ordered bibimbap, which was very nice, served with three separate types of kimchi. One can mix the gochujang sauce as much as you'd like. We ordered multiple sushi dishes. All of them were exceptionally good. Their Udon is awesome probably better than the ramen. I'm still a bit conservative about the sashimi. Overall I am pretty satisfied.",
                "link": "https://www.google.com/maps/reviews/data=!4m8!14m7!1m6!2m5!1sChZDSUhNMG9nS0VJQ0FnSUNwOUtXSEFREAE!2m1!1s0x0:0xe9b21bfd6e4515bc!3m1!1s2@1:CIHM0ogKEICAgICp9KWHAQ%7CCgwIjdCVpgYQkNGllwI%7C?hl=en-US",
                "images": [
                    {
                        "thumbnail": "https://lh5.googleusercontent.com/p/AF1QipMOTTZefDjFcp0-LTO2WwVnNEpYAd82NOkK-q3J=w150-h150-k-no-p"
                    },
                    {
                        "thumbnail": "https://lh5.googleusercontent.com/p/AF1QipO018oyLeqv1CBKYX6xJQWDYqj404cWmi6Pc4pz=w150-h150-k-no-p"
                    },
                    {
                        "thumbnail": "https://lh5.googleusercontent.com/p/AF1QipNtk5f8uFBG-JDM7xRJ6YmYQHXIOhfde7fE2FGm=w150-h150-k-no-p"
                    },
                    {
                        "thumbnail": "https://lh5.googleusercontent.com/p/AF1QipPVzQMTnPl7rPNDEVv2tmMLXyABnqwgltL5p7Pq=w150-h150-k-no-p"
                    },
                    {
                        "thumbnail": "https://lh5.googleusercontent.com/p/AF1QipMA1_e1hCVIa-k7rXl3-IRvwEKJv0nYn4PR9tfl=w150-h150-k-no-p"
                    },
                    {
                        "thumbnail": "https://lh5.googleusercontent.com/p/AF1QipN3uMP4TsAZts_uN4V6iY6mcD4zsIhurR-mLAXB=w150-h150-k-no-p"
                    }
                ],
                "date": "a year ago"
            },
            {
                "username": "Xinyue Fu",
                "rating": 1,
                "contributor_id": "115644135513990021886",
                "description": "Worst restaurant in Ann Arbor. The chicken tastes off… it tastes gamely… and a weird taste. They can’t even figure out how to light up the fire for Budae-jjigae. They don’t know how to change it. And they even switched it with an empty one. Heaven knows how they organize the items they’re gonna to discard. They can’t tell the new ones from the used ones.",
                "link": "https://www.google.com/maps/reviews/data=!4m8!14m7!1m6!2m5!1sChdDSUhNMG9nS0VJQ0FnSURacjRPQm93RRAB!2m1!1s0x0:0xe9b21bfd6e4515bc!3m1!1s2@1:CIHM0ogKEICAgIDZr4OBowE%7CCgwInp-NqQYQqJegtwM%7C?hl=en-US",
                "images": [
                    {
                        "thumbnail": "https://lh5.googleusercontent.com/p/AF1QipMAoClIcQ3eT1KoOOtvt-isnOeWcgkZdseeNZim=w150-h150-k-no-p"
                    },
                    {
                        "thumbnail": "https://lh5.googleusercontent.com/p/AF1QipPV7YuIAJ-i-D8tdNvvnjI-abxvYwLYNhXe40Eg=w150-h150-k-no-p"
                    },
                    {
                        "thumbnail": "https://lh5.googleusercontent.com/p/AF1QipNJbjISuY9jO8AijpHOF3RZ-jJqKPrFPvmCwQDv=w150-h150-k-no-p"
                    },
                    {
                        "thumbnail": "https://lh5.googleusercontent.com/p/AF1QipMOT6XlO-RsEC_cvLDQdwvSHFtEruxetSQXaAty=w150-h150-k-no-p"
                    },
                    {
                        "thumbnail": "https://lh5.googleusercontent.com/p/AF1QipOz5i0TNp7IrkgJSjoa4sGYYtmGEkzh-u1TQOx1=w150-h150-k-no-p"
                    }
                ],
                "date": "a year ago"
            },
            {
                "username": "Vazir Fatehi",
                "rating": 5,
                "contributor_id": "105246849326058307266",
                "description": "Korean food in A2 is a very competitive business and this is one more fantastic option, but one of the only on the north side of town. Ordered the Yukgaejang, which could've been even spicier, but was wholesome and wonderful as is.",
                "link": "https://www.google.com/maps/reviews/data=!4m8!14m7!1m6!2m5!1sChZDSUhNMG9nS0VJQ0FnSUNOMm8tTEVnEAE!2m1!1s0x0:0xe9b21bfd6e4515bc!3m1!1s2@1:CIHM0ogKEICAgICN2o-LEg%7CCgwIv_yLrQYQ6JjPvwI%7C?hl=en-US",
                "images": [
                    {
                        "thumbnail": "https://lh5.googleusercontent.com/p/AF1QipP33nyccZGwVnWWa0CFkBoBXWN8GJBtVHwb3fma=w150-h150-k-no-p"
                    },
                    {
                        "thumbnail": "https://lh5.googleusercontent.com/p/AF1QipM4fBcNRmUhxRO9OWIomMPVRhdfdHrHDhQhxOVS=w150-h150-k-no-p"
                    },
                    {
                        "thumbnail": "https://lh5.googleusercontent.com/p/AF1QipNl8nmQa1S0VMA6lMkhsi88XmLmCxIxx3IHtKhk=w150-h150-k-no-p"
                    },
                    {
                        "thumbnail": "https://lh5.googleusercontent.com/p/AF1QipMhDgx294hmGiWQth0IFT1bF1HO1Ww-uEBvYqGg=w150-h150-k-no-p"
                    },
                    {
                        "thumbnail": "https://lh5.googleusercontent.com/p/AF1QipOqf5F6M3ExnvrsKeKX9NuDtqNBW9lGpLlBNa8r=w150-h150-k-no-p"
                    },
                    {
                        "thumbnail": "https://lh5.googleusercontent.com/p/AF1QipO8B4Bt8r5c-6IIPwS0xzlztcu5SVjCGejdTUE3=w150-h150-k-no-p"
                    },
                    {
                        "thumbnail": "https://lh5.googleusercontent.com/p/AF1QipNT_5KQQhiMHDvHvC6eqUzNLh06zjklMl4s9uwx=w150-h150-k-no-p"
                    },
                    {
                        "thumbnail": "https://lh5.googleusercontent.com/p/AF1QipNc0C4lJ-y-pV2ZNB7nbFp_9iGUYAxXKOdZIlD5=w150-h150-k-no-p"
                    },
                    {
                        "thumbnail": "https://lh5.googleusercontent.com/p/AF1QipN8ugcagOOpRVN2xSz1uRc6c-DMJNswjFbSDkH_=w150-h150-k-no-p"
                    },
                    {
                        "thumbnail": "https://lh5.googleusercontent.com/p/AF1QipNS8pTj1VhAX0zIlEJl_DEoB1vbuwpKeEtV4ZtQ=w150-h150-k-no-p"
                    },
                    {
                        "thumbnail": "https://lh5.googleusercontent.com/p/AF1QipMfySuAlpANRAaExYDAe0gaChHWF4CcwZdfhUiW=w150-h150-k-no-p"
                    },
                    {
                        "thumbnail": "https://lh5.googleusercontent.com/p/AF1QipNTMGAuOdUwNbMs7TnH9Qr8UWOpSQmEyDJCmyIl=w150-h150-k-no-p"
                    },
                    {
                        "thumbnail": "https://lh5.googleusercontent.com/p/AF1QipNtAGlEN2w7kTiQX-s61BAtfZuewh1nmw9dEjG8=w150-h150-k-no-p"
                    },
                    {
                        "thumbnail": "https://lh5.googleusercontent.com/p/AF1QipMg3wmTzToEqkQ2xQb_1BIgORzG85sJlDOA5BUq=w150-h150-k-no-p"
                    },
                    {
                        "thumbnail": "https://lh5.googleusercontent.com/p/AF1QipPYk9sETV30xbAHeR5K2D2ETElymnRc-JeLwqzw=w150-h150-k-no-p"
                    },
                    {
                        "thumbnail": "https://lh5.googleusercontent.com/p/AF1QipPM7Ys4a5_ZEcsB3OoqWdZD_pGqdacIGktRRSGb=w150-h150-k-no-p"
                    }
                ],
                "date": "9 months ago"
            },
            {
                "username": "Helen Mart",
                "rating": 4,
                "contributor_id": "112079583931607998552",
                "description": "My daughter wanted Asian cuisine for her birthday so we drove to   Nagomi sushi and Korean BBQ  in Michigan. The restaurant wasn't busy at the time we went. The decor of the restaurant was nice  The spices and flavors of the different dishes delicious and the meats are cooked well.  Portions size was ok  and the cost a little high but that's to be expected. We order, chicken curry, katsu chicken curry, Nabeyaki, Tonkotsu, fried wings, Nagomi speciality wings, yum yum sushi, rainbow sushi, crab,shrimp sushi and donburi katsu.",
                "link": "https://www.google.com/maps/reviews/data=!4m8!14m7!1m6!2m5!1sChZDSUhNMG9nS0VJQ0FnSUR4eWZldEt3EAE!2m1!1s0x0:0xe9b21bfd6e4515bc!3m1!1s2@1:CIHM0ogKEICAgIDxyfetKw%7CCgwI15-UpAYQ8KbhoAI%7C?hl=en-US",
                "images": [
                    {
                        "thumbnail": "https://lh5.googleusercontent.com/p/AF1QipNKS9TSv_dzme6eUUtaRHm9pgP8Hjo9vSEMloZs=w150-h150-k-no-p"
                    },
                    {
                        "thumbnail": "https://lh5.googleusercontent.com/p/AF1QipMfG3VLqM82E9rMDhyH5_GSfS61e0c1oe7F4wop=w150-h150-k-no-p"
                    },
                    {
                        "thumbnail": "https://lh5.googleusercontent.com/p/AF1QipMBxJ18747sZSjD7v-ZLTa-IyOgAzTxyIp0tvnA=w150-h150-k-no-p"
                    },
                    {
                        "thumbnail": "https://lh5.googleusercontent.com/p/AF1QipOyXxess1XGYP4XjQx6atevpn08v6koePp4Yh-D=w150-h150-k-no-p"
                    },
                    {
                        "thumbnail": "https://lh5.googleusercontent.com/p/AF1QipO2tamf6pJgHRMRBVAkj4DuoY1FT1aLQRy6P1WX=w150-h150-k-no-p"
                    },
                    {
                        "thumbnail": "https://lh5.googleusercontent.com/p/AF1QipNprWiOwbyPH58NLSnroHw-CcDzxsq0gksl18OS=w150-h150-k-no-p"
                    },
                    {
                        "thumbnail": "https://lh5.googleusercontent.com/p/AF1QipPY_2aPStAFoXSyoRjHhpbJ--sfHWGZZ1ZTc_uq=w150-h150-k-no-p"
                    },
                    {
                        "thumbnail": "https://lh5.googleusercontent.com/p/AF1QipN_ob-yOd9QoDeE4eUy5oBGR9HCM3YEiMbxkcvy=w150-h150-k-no-p"
                    },
                    {
                        "thumbnail": "https://lh5.googleusercontent.com/p/AF1QipOsWesQWYN5qGiSrqCdB4crp3lZC_apB5peTZ60=w150-h150-k-no-p"
                    },
                    {
                        "thumbnail": "https://lh5.googleusercontent.com/p/AF1QipNcYAhvT1VGnfYg1U5PQsSvKuqr-c2xwv5o9XBz=w150-h150-k-no-p"
                    },
                    {
                        "thumbnail": "https://lh5.googleusercontent.com/p/AF1QipO0a6Es1_6FohKonNch9KssfsZlcuGcAyPkUYqr=w150-h150-k-no-p"
                    },
                    {
                        "thumbnail": "https://lh5.googleusercontent.com/p/AF1QipOAoIbmKqhLE53ZS1qr4jieAbEf0JC_F6gVYTnD=w150-h150-k-no-p"
                    },
                    {
                        "thumbnail": "https://lh5.googleusercontent.com/p/AF1QipOoB0FzjINu2ePp_nnJNruDQHQsdDxKKJZyZIKW=w150-h150-k-no-p"
                    }
                ],
                "date": "a year ago"
            },
            {
                "username": "Akira CA",
                "rating": 4,
                "contributor_id": "116495113121542964604",
                "description": "Solid Korean food. Great Kalbi Tang (4.5/5). Great Yuk-hae (4.5/5). Good Curry Katsu (3.5/5). Cheap Takoyaki ($5 for 6). Some of their Japanese food is really bad tho: last time I ordered the Tonkotsu Ramen and it was absolutely disgusting (1/5). Tastes like a hodgepodge and nothing like Ramen.",
                "link": "https://www.google.com/maps/reviews/data=!4m8!14m7!1m6!2m5!1sChZDSUhNMG9nS0VJQ0FnSUNscFlEakZBEAE!2m1!1s0x0:0xe9b21bfd6e4515bc!3m1!1s2@1:CIHM0ogKEICAgIClpYDjFA%7CCgwI_Of5qgYQ0IWH2gI%7C?hl=en-US",
                "images": [
                    {
                        "thumbnail": "https://lh5.googleusercontent.com/p/AF1QipPnLp84FBZKUQ2Fvx-3mDo8NbGvxjYO3lZxn9Wk=w150-h150-k-no-p"
                    },
                    {
                        "thumbnail": "https://lh5.googleusercontent.com/p/AF1QipP_41hyfqR4z8Jwt3oeL-o4fhzR0qGKwb4gwmVL=w150-h150-k-no-p"
                    }
                ],
                "date": "11 months ago"
            },
            {
                "username": "R Hughes, Ph.D.",
                "rating": 5,
                "contributor_id": "111580227619957085516",
                "description": "My experience needs to be noted. Last night I dined here with about 25 other people. We come every Thursday around 8:30 after a meeting. There are 15 to 25 of usually and that would be quite an undertaking for most establishments but the staff at this restaurant is exquisite and exceptional in their service. There is no delay with being waited upon and greeted and served what we order.  Because of the nature of our group we have separate checks. I always feel so bad about that but the staff is not bothered. I am posting this review not only for what I have said but also for a heartfelt reason. When we left last night I did not realize until I got home I had left my credit card. They were closed when I discovered this. I went back to the establishment this morning when they opened at 11:00. It was as if they were expecting me as they were unbelievably gracious. Theey had taken my card and put it in an envelope with safekeeping. I was so grateful and they would not let me leave the material or any type of a reward. They simply told me I am a good customer. I lived most of my life in Boston. The reaction there would not have been as it was here. Boston can tend to be aggressive. I have been here 5 weeks and I find Ann Arbor to be the most hospitable community. And my story here is  very much  a testament to these people who provide the community with with prideful welcome. Thank you all including the kitchen staff who are usually the least thanked people in the hospitality industry. God bless.",
                "link": "https://www.google.com/maps/reviews/data=!4m8!14m7!1m6!2m5!1sChZDSUhNMG9nS0VJQ0FnSURUenJyeUNREAE!2m1!1s0x0:0xe9b21bfd6e4515bc!3m1!1s2@1:CIHM0ogKEICAgIDTzrryCQ%7CCgwI4avDsgYQwNulogI%7C?hl=en-US",
                "date": "5 months ago"
            },
            {
                "username": "Marissa Yee-McKim",
                "rating": 5,
                "contributor_id": "106834756315017591879",
                "description": "I ordered takeout, 2 shrimp tempura rolls and vegetable tempura appetizer, from Nagomi on a weekday. My order was ready in about 15 minutes. The food was fresh and flavorful. I really liked the vegetable tempura and was surprised that broccoli was included in addition to the typical onion, potato, and carrot. The veggies or at least the broccoli were so soft and I think they are perhaps precooked prior to frying. I recommend the tempura appetizer for people to share as there was enough to share with another person. The shrimp tempura roll was just as I expected. Nagomi is a new place that I will be adding to my list of places to pick up lunch while working in Ann Arbor. I want to try other dishes as there are a lot of yummy options. The restaurant has ample seating to accommodate multiple small groups and large groups.",
                "link": "https://www.google.com/maps/reviews/data=!4m8!14m7!1m6!2m5!1sChZDSUhNMG9nS0VJQ0FnSUNSbjZTV0RnEAE!2m1!1s0x0:0xe9b21bfd6e4515bc!3m1!1s2@1:CIHM0ogKEICAgICRn6SWDg%7CCgwI_d_ioQYQ8LjRygM%7C?hl=en-US",
                "images": [
                    {
                        "thumbnail": "https://lh5.googleusercontent.com/p/AF1QipPukIv1O-HBNiTn3T0jI0qoVtOszpFncaqwXWnT=w150-h150-k-no-p"
                    },
                    {
                        "thumbnail": "https://lh5.googleusercontent.com/p/AF1QipNNXxCxMqdbh9BzFOjyhbOL_ak8Xk2bYdXOUEmb=w150-h150-k-no-p"
                    }
                ],
                "date": "a year ago"
            }
        ]
    },
    "Services": {
        "dine_in": true,
        "takeout": true,
        "no_contact_delivery": true
    }
}