{
    "Title": "Northside Grill",
    "Price": [],
    "Place ID": "ChIJr7XE4myuPIgRwh__WnkdOTY",
    "Type ID": [],
    "Type": [
        "Diner",
        "American restaurant",
        "Breakfast restaurant",
        "Restaurant"
    ],
    "Address": "1015 Broadway St, Ann Arbor, MI 48105",
    "GPS Coordinates": {
        "latitude": 42.2893956,
        "longitude": -83.7392077
    },
    "Phone Number": "(734) 995-0965",
    "Rating": 4.5,
    "Rating Summary": [
        {
            "stars": 1,
            "amount": 52
        },
        {
            "stars": 2,
            "amount": 33
        },
        {
            "stars": 3,
            "amount": 89
        },
        {
            "stars": 4,
            "amount": 294
        },
        {
            "stars": 5,
            "amount": 1035
        }
    ],
    "Opening Hours": [
        {
            "tuesday": "7 AM–3 PM"
        },
        {
            "wednesday": "7 AM–3 PM"
        },
        {
            "thursday": "7 AM–3 PM"
        },
        {
            "friday": "7 AM–3 PM"
        },
        {
            "saturday": "7 AM–3 PM"
        },
        {
            "sunday": "7 AM–3 PM"
        },
        {
            "monday": "7 AM–3 PM"
        }
    ],
    "Description": "Informal American diner serving breakfast & lunch plus baked goods till 3 PM daily.",
    "Details": [
        {
            "highlights": [
                "Great coffee",
                "Great tea selection"
            ]
        },
        {
            "popular_for": [
                "Breakfast",
                "Lunch",
                "Dinner",
                "Solo dining"
            ]
        },
        {
            "accessibility": [
                "Wheelchair accessible entrance",
                "Wheelchair accessible parking lot",
                "Wheelchair accessible restroom",
                "Wheelchair accessible seating"
            ]
        },
        {
            "offerings": [
                "Coffee",
                "Comfort food",
                "Organic dishes",
                "Quick bite",
                "Vegetarian options"
            ]
        },
        {
            "dining_options": [
                "Breakfast",
                "Brunch",
                "Lunch",
                "Dinner",
                "Dessert",
                "Seating"
            ]
        },
        {
            "amenities": [
                "Gender-neutral restroom",
                "Restroom"
            ]
        },
        {
            "atmosphere": [
                "Casual",
                "Cozy",
                "Trendy"
            ]
        },
        {
            "crowd": [
                "College students",
                "Family-friendly",
                "LGBTQ+ friendly",
                "Tourists"
            ]
        },
        {
            "planning": [
                "Usually a wait"
            ]
        },
        {
            "payments": [
                "Credit cards",
                "Debit cards",
                "NFC mobile payments"
            ]
        },
        {
            "children": [
                "Good for kids",
                "High chairs",
                "Kids' menu"
            ]
        },
        {
            "parking": [
                "Free parking lot",
                "Free street parking",
                "Plenty of parking"
            ]
        }
    ],
    "User Reviews": {
        "summary": [
            {
                "snippet": "\"Great place, great service, kind people, and good flavorful food.\""
            },
            {
                "snippet": "\"The staff works harder than any group I've encountered in this type of diner.\""
            },
            {
                "snippet": "\"Cozy spot for breakfast with homemade baked goods and great coffee.\""
            }
        ],
        "most_relevant": [
            {
                "username": "Jorge Muniz",
                "rating": 5,
                "contributor_id": "113353052098089306151",
                "description": "Northside Grill is an excellent little diner for a quality breakfast experience. Despite the limited seating inside, I found it comfortably accommodating on a weekday with plenty of open tables. The atmosphere was quiet and had a charming old-time vibe. The food was delicious with generous portions and reasonably priced. The coffee was outstanding, and the waiter was friendly and attentive, ensuring my cup was always full. With the added convenience of free parking, Northside Grill is an excellent choice for breakfast.",
                "link": "https://www.google.com/maps/reviews/data=!4m8!14m7!1m6!2m5!1sChdDSUhNMG9nS0VJQ0FnSUNyXzRqd193RRAB!2m1!1s0x0:0x36391d795aff1fc2!3m1!1s2@1:CIHM0ogKEICAgICr_4jw_wE%7CCgwI64zFtAYQwPKK4wE%7C?hl=en-US",
                "images": [
                    {
                        "thumbnail": "https://lh5.googleusercontent.com/p/AF1QipMCsmoq5O27JAUDdWqafJR-UJpL-2IFgeqXaGhl=w150-h150-k-no-p"
                    },
                    {
                        "thumbnail": "https://lh5.googleusercontent.com/p/AF1QipMe5qwjtJ00hkXFdMOEBXIxdEcHforxTR732B0l=w150-h150-k-no-p"
                    }
                ],
                "date": "4 months ago"
            },
            {
                "username": "Midwestern Eats",
                "rating": 4,
                "contributor_id": "116740011981573672305",
                "description": "Stopped in for a Saturday morning breakfast, and it was quite delicious! Created my own omlette and got a single Buttermilk Pancake on the side. The service was great, and our server was very friendly. Freshly squeezed Orange Juice was so refreshing!!",
                "link": "https://www.google.com/maps/reviews/data=!4m8!14m7!1m6!2m5!1sChdDSUhNMG9nS0VJQ0FnSUNUbjhIUjR3RRAB!2m1!1s0x0:0x36391d795aff1fc2!3m1!1s2@1:CIHM0ogKEICAgICTn8HR4wE%7CCgwI_LiusgYQyOTSwwE%7C?hl=en-US",
                "images": [
                    {
                        "thumbnail": "https://lh5.googleusercontent.com/p/AF1QipMFG6V-5G9JL0TnYkhXnMABoHUxLNVF549sB6SH=w150-h150-k-no-p"
                    }
                ],
                "date": "5 months ago"
            },
            {
                "username": "Kevin Tan",
                "rating": 5,
                "contributor_id": "111790687473840619006",
                "description": "I swung by The Northside Grill after a morning exercise with friends, and we weren't disappointed. The place is super easy to find right at the Broadway Bridge, and parking was a breeze—plenty of spots right behind the restaurant.\n\nWe had to wait for a bit, but it was chill with coffee in hand, and the waiting area was bright and spacious. Once we got seated, the vibe was just right for our post-workout brunch.\n\nWe went all out on the breakfast choices:\n\nThe Meat Lovers Breakfast comes with sausage, ham and crispy bacon which was filling.\n\nThe Corned Beef Hash had that perfect crust, and the Western Omelet was packed with flavor—those cage-free eggs make a difference.\n\nbtw, they’ve also got RoosRoast Coffee, which was the cherry on top for a caffeine kick.\n\nService was down-to-earth and quick, despite the crowd. And seems like everyone there was a regular.\n\nIf you're in Ann Arbor and looking for a solid breakfast that hits the spot, this is your place.",
                "link": "https://www.google.com/maps/reviews/data=!4m8!14m7!1m6!2m5!1sChdDSUhNMG9nS0VJQ0FnSUREaDdXVjBnRRAB!2m1!1s0x0:0x36391d795aff1fc2!3m1!1s2@1:CIHM0ogKEICAgIDDh7WV0gE%7CCgwI8-HxsAYQwMGKoAI%7C?hl=en-US",
                "images": [
                    {
                        "thumbnail": "https://lh5.googleusercontent.com/p/AF1QipMLs27sIEyU1ALjUn6yn3ekqEk8AuESI1oIjy6y=w150-h150-k-no-p"
                    },
                    {
                        "thumbnail": "https://lh5.googleusercontent.com/p/AF1QipNxcgtQbsMpJGYOVvmbrS2vAfzm0eklnVBmIFg0=w150-h150-k-no-p"
                    },
                    {
                        "thumbnail": "https://lh5.googleusercontent.com/p/AF1QipO_Vr5aMXGU7p-wlDD9bZMLk8QzL-gdnoq3Rv90=w150-h150-k-no-p"
                    },
                    {
                        "thumbnail": "https://lh5.googleusercontent.com/p/AF1QipNLGzyz2814KTNNLpbKRAYFoNqJsCPvcEgjeZ-k=w150-h150-k-no-p"
                    }
                ],
                "date": "6 months ago"
            },
            {
                "username": "Samuel “Sam I Am” Kline",
                "rating": 5,
                "contributor_id": "101787366704718866278",
                "description": "Right next to UofM Medical Center. Great coffee and latte's. Chorizo Omelet was huge, and the hashbrowns are on point. You'll leave full and happy.",
                "link": "https://www.google.com/maps/reviews/data=!4m8!14m7!1m6!2m5!1sChZDSUhNMG9nS0VJQ0FnSUNubmVIbUN3EAE!2m1!1s0x0:0x36391d795aff1fc2!3m1!1s2@1:CIHM0ogKEICAgICnneHmCw%7CCgwIlbzhtwYQyI3ApgI%7C?hl=en-US",
                "images": [
                    {
                        "thumbnail": "https://lh5.googleusercontent.com/p/AF1QipMkiehdWowyTTO3cOfzj9tIvbByb3gblFJAxRbH=w150-h150-k-no-p"
                    },
                    {
                        "thumbnail": "https://lh5.googleusercontent.com/p/AF1QipM9hm0PM6PeJRMybbvBR9_9VKoH2mmldg5TlD_Z=w150-h150-k-no-p"
                    },
                    {
                        "thumbnail": "https://lh5.googleusercontent.com/p/AF1QipPzSs217rdwkedXBUvDJV2bdqLBzM-VGjRnlV9q=w150-h150-k-no-p"
                    },
                    {
                        "thumbnail": "https://lh5.googleusercontent.com/p/AF1QipOKt978_RJn2rm_vZJE2j5rm4vLKYp6m6bPV4Yn=w150-h150-k-no-p"
                    },
                    {
                        "thumbnail": "https://lh5.googleusercontent.com/p/AF1QipNpZNfALIpQ5BIgPDeanFNEY4jXwy8vPkAE2vJO=w150-h150-k-no-p"
                    }
                ],
                "date": "a month ago"
            },
            {
                "username": "Theodore Hynes",
                "rating": 5,
                "contributor_id": "114510401886857724023",
                "description": "My favorite breakfast spot in Ann Arbor! They rotate one of the coffees on the regular...their food is consistent and the service is also exacrly what you expect in a high speed diner... thanks so much! :)",
                "link": "https://www.google.com/maps/reviews/data=!4m8!14m7!1m6!2m5!1sChZDSUhNMG9nS0VJQ0FnSURyM2NheUNBEAE!2m1!1s0x0:0x36391d795aff1fc2!3m1!1s2@1:CIHM0ogKEICAgIDr3cayCA%7CCgsIgo_ptAYQ0MOEaA%7C?hl=en-US",
                "images": [
                    {
                        "thumbnail": "https://lh5.googleusercontent.com/p/AF1QipP_URIg841yHjZZOl3_0wlWTWgdoLrhF3Q0ZO1J=w150-h150-k-no-p"
                    },
                    {
                        "thumbnail": "https://lh5.googleusercontent.com/p/AF1QipMJpsGgto1gQAnafQze7JfTYj79MqAWe-T6-14O=w150-h150-k-no-p"
                    }
                ],
                "date": "3 months ago"
            },
            {
                "username": "Ahmed",
                "rating": 5,
                "contributor_id": "109902249534369525206",
                "description": "All around great diner-\n\nGreat portions, lots of variety, and a cozy old timey diner experience, Northside never disappoints. Their latte is also especially delicious. Just wish the diner itself were open till slightly later. Even then, definitely worth a visit!",
                "link": "https://www.google.com/maps/reviews/data=!4m8!14m7!1m6!2m5!1sChdDSUhNMG9nS0VJQ0FnSURic2JfTzV3RRAB!2m1!1s0x0:0x36391d795aff1fc2!3m1!1s2@1:CIHM0ogKEICAgIDbsb_O5wE%7CCgwIq4zJtQYQuLP96QE%7C?hl=en-US",
                "images": [
                    {
                        "thumbnail": "https://lh5.googleusercontent.com/p/AF1QipOtnVVkHs6y_7GIwwT3c_6UpB8xAKm7WNfMj5N_=w150-h150-k-no-p"
                    }
                ],
                "date": "3 months ago"
            },
            {
                "username": "Jakob Barker",
                "rating": 5,
                "contributor_id": "118382426327557494069",
                "description": "This morning I awoke in a bed so small, I questioned whether I had been shrunk in the night. Then it hit me - I wasn't in my cozy abode, but rather in the enchanting city of Ann Arbor. The visual confirmation came as I peered out the window and realized I wasn't sweating buckets in the scorching heat.\n\nI sauntered downstairs to be greeted by my charming hostess, who regaled me with tales of the best breakfast spots in town while sipping her coffee (and me with my diet orange soda - gotta watch the figure).\n\nVenturing out onto the streets, I navigated through the labyrinth of construction and surprisingly well-maintained roads to find the hidden gem that is The Northside Grill. Parking was a bit tight, but I managed to squeeze my vehicle into a spot nearby.\n\nStepping inside, I was met with a cozy diner vibe and a booth that welcomed me with open arms (and a cushiony seat). The waitress took our drink orders, sadly informing me that their peach ice tea didn't come with free refills, so I settled for a diet coke (the horror!). Coffee enthusiasts were in luck with a plethora of caffeinated options.\n\nAfter perusing the menu, I settled on a breakfast skillet adorned with chorizo, jalapeños, and sunny side up eggs - a true delight for the taste buds. The sourdough toast was the perfect finishing touch to an already sensational meal.\n\nOverall, The Northside Grill delivered on all fronts - fantastic food, friendly staff, and a dining experience worth writing home about.",
                "link": "https://www.google.com/maps/reviews/data=!4m8!14m7!1m6!2m5!1sChdDSUhNMG9nS0VJQ0FnSUNMcGFHZjZ3RRAB!2m1!1s0x0:0x36391d795aff1fc2!3m1!1s2@1:CIHM0ogKEICAgICLpaGf6wE%7CCgwI1vDWswYQqPuMgQE%7C?hl=en-US",
                "images": [
                    {
                        "thumbnail": "https://lh5.googleusercontent.com/p/AF1QipMxdzsCL7hbDBFSb-PlEFgIWdRws-qraUGArm1G=w150-h150-k-no-p"
                    },
                    {
                        "thumbnail": "https://lh5.googleusercontent.com/p/AF1QipNvOO08_hUOaIORLMbQCTGGEFAIjcdo27TXh5CN=w150-h150-k-no-p"
                    },
                    {
                        "thumbnail": "https://lh5.googleusercontent.com/p/AF1QipN_ctnl64q3x9KXocO_Zx6KYZJxLVlAhZoLMn52=w150-h150-k-no-p"
                    }
                ],
                "date": "4 months ago"
            },
            {
                "username": "Jameson Lea",
                "rating": 5,
                "contributor_id": "113263524283574841300",
                "description": "Oh. My. Goodness! I got a skillet dish called \"Kitchen Sink\" which had hash browns, green bell pepper, onion, tomato, mushroom and cheese with 2 eggs on top and a side of toast. The hash browns were perfectly cooked in the middle and crispy, WITHOUT BEING BURNT!! The vegetables were right on that perfect balance of being firm, yet soft being cooked. The cheese was so well balanced that it's gooey deliciousness held the dish together, yet it was NOT overwhelming the dish, because those vegetables popped!\n\nDEFINITELY going here again!!!",
                "link": "https://www.google.com/maps/reviews/data=!4m8!14m7!1m6!2m5!1sChdDSUhNMG9nS0VJQ0FnSUNuLWNQSm9RRRAB!2m1!1s0x0:0x36391d795aff1fc2!3m1!1s2@1:CIHM0ogKEICAgICn-cPJoQE%7CCgwIhIXctwYQgMywqgE%7C?hl=en-US",
                "date": "a month ago"
            }
        ]
    },
    "Services": {
        "dine_in": true,
        "takeout": true,
        "delivery": false
    }
}