{
    "Title": "Oasis Grill",
    "Price": [],
    "Place ID": "ChIJ7yODLkSuPIgRZX3JiICGBVo",
    "Type ID": [],
    "Type": [
        "Mediterranean restaurant",
        "Restaurant"
    ],
    "Address": "1201 S University Ave, Ann Arbor, MI 48104",
    "GPS Coordinates": {
        "latitude": 42.2751632,
        "longitude": -83.73443329999999
    },
    "Phone Number": "(734) 665-2244",
    "Rating": 4,
    "Rating Summary": [
        {
            "stars": 1,
            "amount": 25
        },
        {
            "stars": 2,
            "amount": 14
        },
        {
            "stars": 3,
            "amount": 19
        },
        {
            "stars": 4,
            "amount": 34
        },
        {
            "stars": 5,
            "amount": 119
        }
    ],
    "Opening Hours": [
        {
            "tuesday": "11 AM–8 PM"
        },
        {
            "wednesday": "11 AM–8 PM"
        },
        {
            "thursday": "11 AM–8 PM"
        },
        {
            "friday": "11 AM–8 PM"
        },
        {
            "saturday": "11 AM–8 PM"
        },
        {
            "sunday": "Closed"
        },
        {
            "monday": "11 AM–8 PM"
        }
    ],
    "Description": "Quick-serve joint dispensing a compact menu of Mediterranean wraps, salads & mains plus smoothies.",
    "Details": [
        {
            "popular_for": [
                "Lunch",
                "Dinner",
                "Solo dining"
            ]
        },
        {
            "accessibility": [
                "Wheelchair accessible entrance",
                "Wheelchair accessible parking lot",
                "Wheelchair accessible restroom",
                "Wheelchair accessible seating"
            ]
        },
        {
            "offerings": [
                "Comfort food",
                "Halal food",
                "Healthy options",
                "Quick bite",
                "Small plates",
                "Vegetarian options"
            ]
        },
        {
            "dining_options": [
                "Lunch",
                "Dinner",
                "Catering",
                "Dessert"
            ]
        },
        {
            "amenities": [
                "Restroom"
            ]
        },
        {
            "atmosphere": [
                "Casual"
            ]
        },
        {
            "crowd": [
                "College students"
            ]
        },
        {
            "payments": [
                "Credit cards",
                "Debit cards",
                "NFC mobile payments"
            ]
        },
        {
            "children": [
                "Good for kids"
            ]
        }
    ],
    "User Reviews": {
        "summary": [
            {
                "snippet": "\"Amazing food and service so fresh and all staff friendly .\""
            },
            {
                "snippet": "\"The Fries had little flavor and tasted quite greasy.\""
            },
            {
                "snippet": "\"The portion size was excellent for the chicken shawarma over fattoush salad.\""
            }
        ],
        "most_relevant": [
            {
                "username": "María Eugenia Cp",
                "rating": 5,
                "contributor_id": "117280545978003336757",
                "description": "We had a very pleasant experience at Oasis Grill. We chose this place for the vegetarian and vegan options and we were so excited to find that everything was very delicious. The falafel bowl was very well balanced and filling and the baba ganoush was very flavorful. If you want a healthy, quick, affordable bite, this is definitely the place!",
                "link": "https://www.google.com/maps/reviews/data=!4m8!14m7!1m6!2m5!1sChZDSUhNMG9nS0VJQ0FnSURUOXFMZlBREAE!2m1!1s0x0:0x5a05868088c97d65!3m1!1s2@1:CIHM0ogKEICAgIDT9qLfPQ%7CCgsIgs3CsgYQuMPJRA%7C?hl=en-US",
                "images": [
                    {
                        "thumbnail": "https://lh5.googleusercontent.com/p/AF1QipNtOY-rx8jn779z_fhX6pYBYq5i9RQfjb8mDlVg=w150-h150-k-no-p"
                    }
                ],
                "date": "5 months ago"
            },
            {
                "username": "Narain Jayasekaran",
                "rating": 1,
                "contributor_id": "104508758154198009321",
                "description": "Disappointing Experience with Cold Falafels and Poor Customer Service\n\nI recently visited Oasis Grill with high hopes, but unfortunately, my experience was far from satisfactory. The falafels I ordered were served cold, which is not only unappetizing but also disappointing for a dish that is typically enjoyed warm and crispy.\n\nWhen I politely asked the staff if they could heat the falafels, I was met with an unexpected and unprofessional response. Instead of addressing my simple request, they chose to refund my order without any attempt to rectify the situation. While a refund might seem like a fair solution, it left me without a meal and feeling dismissed rather than valued as a customer.\n\nMoreover, the staff's behavior throughout the interaction was less than courteous. There was a clear lack of willingness to accommodate a basic request, and their abrupt handling of the situation left a bad taste in my mouth. A little effort to provide a better customer experience would have gone a long way.\n\nOverall, I was extremely disappointed with both the food and the service at [Restaurant Name]. I hope they take this feedback seriously and work on improving their customer service and food quality to ensure a better experience for future patrons.",
                "link": "https://www.google.com/maps/reviews/data=!4m8!14m7!1m6!2m5!1sChZDSUhNMG9nS0VJQ0FnSURUMU9qckN3EAE!2m1!1s0x0:0x5a05868088c97d65!3m1!1s2@1:CIHM0ogKEICAgIDT1OjrCw%7CCgwIwee5sgYQ8LifsQM%7C?hl=en-US",
                "images": [
                    {
                        "thumbnail": "https://lh5.googleusercontent.com/p/AF1QipPVzz0HnYMzhb-CVuQL6-jhTQ6XAk2W10taFbFi=w150-h150-k-no-p"
                    }
                ],
                "date": "5 months ago"
            },
            {
                "username": "Stanislav Cherepanov",
                "rating": 1,
                "contributor_id": "111099344787982088677",
                "description": "I recently visited Oasis Grill and ordered the Shish Tawook Lunch special. According to the menu on their website, this meal is supposed to include two grilled chicken kabobs, along with rice, pickles, homemade garlic sauce, and a side of hummus and pita, all for $11.50. However, when my order arrived, I only received one skewer.\n\nWhen I brought this issue to the attention of the staff, they were quite rude and dismissive, insisting that the lunch special is cheaper and therefore only includes one skewer. This is misleading and disappointing, as it contradicts the information provided on their website.\n\nI expect to receive what is advertised, and the unprofessional attitude of the staff only added to the negative experience. I hope the management addresses this discrepancy and trains their staff to handle customer concerns more respectfully",
                "link": "https://www.google.com/maps/reviews/data=!4m8!14m7!1m6!2m5!1sChZDSUhNMG9nS0VJQ0FnSUNMcFpqdEpBEAE!2m1!1s0x0:0x5a05868088c97d65!3m1!1s2@1:CIHM0ogKEICAgICLpZjtJA%7CCgwI6dfWswYQ-LXN1gE%7C?hl=en-US",
                "date": "4 months ago"
            },
            {
                "username": "S T",
                "rating": 5,
                "contributor_id": "104744852062562796034",
                "description": "Very authentic Levantine food! Incredible customer service closest taste of home in the entire city. 100% recommend to anyone who is interested in tasting authentic Levantine food. Anyone saying this is mediocre levantine food has never stepped foot in the Middle East.",
                "link": "https://www.google.com/maps/reviews/data=!4m8!14m7!1m6!2m5!1sChZDSUhNMG9nS0VJQ0FnSUQ3bVlpOWN3EAE!2m1!1s0x0:0x5a05868088c97d65!3m1!1s2@1:CIHM0ogKEICAgID7mYi9cw%7CCgwI_8iutgYQ-MKspQI%7C?hl=en-US",
                "date": "2 months ago"
            },
            {
                "username": "Chulwon Lee",
                "rating": 4,
                "contributor_id": "105416772281571033509",
                "description": "As a researcher at umich, I occasionally get lunch or quick dinner from this place. Their food is not necessarily great or exceptional, but I consider this place the best for my lunch option around the central campus. Not expensive, enough tasty, and good quality. 3.5 stars.",
                "link": "https://www.google.com/maps/reviews/data=!4m8!14m7!1m6!2m5!1sChZDSUhNMG9nS0VJQ0FnSURha29IVlhREAE!2m1!1s0x0:0x5a05868088c97d65!3m1!1s2@1:CIHM0ogKEICAgIDakoHVXQ%7CCgwI8ozwiAYQiJy8hgE%7C?hl=en-US",
                "images": [
                    {
                        "thumbnail": "https://lh5.googleusercontent.com/p/AF1QipPqonwGypouu1IvGk1SYzwS_DjkxEH611w5lcoE=w150-h150-k-no-p"
                    },
                    {
                        "thumbnail": "https://lh5.googleusercontent.com/p/AF1QipNWFMACUu3Z3L9U0Es5fHCiKTMm907EldDOaE5V=w150-h150-k-no-p"
                    }
                ],
                "date": "3 years ago"
            },
            {
                "username": "Samantha Sanchez",
                "rating": 3,
                "contributor_id": "105941627896672377544",
                "description": "The portion size was excellent for the chicken shawarma over fattoush salad. Unfortunately the dressing was too much making the salad soggy and the chicken was either shawarma nor cooked the same day. It was dry and in very large chunks nor suitable for a salad. $17 salad (after tip and DoorDash fees) was disappointing",
                "link": "https://www.google.com/maps/reviews/data=!4m8!14m7!1m6!2m5!1sChZDSUhNMG9nS0VJQ0FnSURHdTliQ05BEAE!2m1!1s0x0:0x5a05868088c97d65!3m1!1s2@1:CIHM0ogKEICAgIDGu9bCNA%7CCgwInJ7OjQYQwKD6pQM%7C?hl=en-US",
                "images": [
                    {
                        "thumbnail": "https://lh5.googleusercontent.com/p/AF1QipMdtoqa3gZCYdDpeQWEr3UXO905NGBlz9Adpito=w150-h150-k-no-p"
                    }
                ],
                "date": "2 years ago"
            },
            {
                "username": "Lina Alyaqoobi",
                "rating": 5,
                "contributor_id": "116440900391236782424",
                "description": "The food and portions were great. The manager and the workers were very nice. I liked all the food I ordered (:",
                "link": "https://www.google.com/maps/reviews/data=!4m8!14m7!1m6!2m5!1sChdDSUhNMG9nS0VJQ0FnSUNoODZ6MXRRRRAB!2m1!1s0x0:0x5a05868088c97d65!3m1!1s2@1:CIHM0ogKEICAgICh86z1tQE%7CCgwIocbUnwYQyP7BqgE%7C?hl=en-US",
                "images": [
                    {
                        "thumbnail": "https://lh5.googleusercontent.com/p/AF1QipOWgrMZbz28BpxNZhXapiwe3pSa6SQ6HrviVD0X=w150-h150-k-no-p"
                    }
                ],
                "date": "a year ago"
            },
            {
                "username": "Kim Batchelor",
                "rating": 5,
                "contributor_id": "101120730957607554766",
                "description": "Update: ive been going here consistently since i discovered it and there is NO bad food. All SO good. Also love the guys who work here. They r so nice! Also they let me buy whole bags of pita bread which rocks because its way better than hrocery store pita. Seriously check this place out if u r in town! Dont skip it!\n\nI'm pretty picky when it comes to Mediterranean food because I grew up eating that type of food homemade so I'm always a little wary going into a new place but WOW 10/10 tastes just like my aunt made it. The bubba was nice and smokey and the wrap had a nice crunch and was well seasoned. Also a good deal amount of food for a reasonable price. If you dont go for the side then you can easily get out for under 10 dollars and still be full. As it is I now have leftovers (exciting!) I think this place just became my new comfort food place for whenever I'm missing the taste of home. Also, the gentleman at the register was very nice and the food came out very promptly! :)",
                "link": "https://www.google.com/maps/reviews/data=!4m8!14m7!1m6!2m5!1sChZDSUhNMG9nS0VJQ0FnSUR4NkpxV2N3EAE!2m1!1s0x0:0x5a05868088c97d65!3m1!1s2@1:CIHM0ogKEICAgIDx6JqWcw%7CCgwIlca_sQYQgILE7gI%7C?hl=en-US",
                "date": "6 months ago"
            }
        ]
    },
    "Services": {
        "dine_in": true,
        "takeout": true,
        "no_contact_delivery": true
    }
}