{
    "Title": "Old Town Tavern",
    "Price": [],
    "Place ID": "ChIJz43fWTyuPIgRzK-dY81H-zA",
    "Type ID": [],
    "Type": [
        "Bar & grill",
        "American restaurant",
        "Restaurant"
    ],
    "Address": "122 W Liberty St, Ann Arbor, MI 48104",
    "GPS Coordinates": {
        "latitude": 42.279807,
        "longitude": -83.749697
    },
    "Phone Number": "(734) 662-9291",
    "Rating": 4.5,
    "Rating Summary": [
        {
            "stars": 1,
            "amount": 12
        },
        {
            "stars": 2,
            "amount": 2
        },
        {
            "stars": 3,
            "amount": 44
        },
        {
            "stars": 4,
            "amount": 150
        },
        {
            "stars": 5,
            "amount": 397
        }
    ],
    "Opening Hours": [
        {
            "tuesday": "11:30 AM–11 PM"
        },
        {
            "wednesday": "11:30 AM–11 PM"
        },
        {
            "thursday": "11:30 AM–11 PM"
        },
        {
            "friday": "11:30 AM–12 AM"
        },
        {
            "saturday": "11:30 AM–12 AM"
        },
        {
            "sunday": "4–10 PM"
        },
        {
            "monday": "11:30 AM–10 PM"
        }
    ],
    "Description": "Upbeat watering hole featuring local beer on tap & a menu of hearty sandwiches & Southwestern fare.",
    "Details": [
        {
            "highlights": [
                "Fast service",
                "Live performances"
            ]
        },
        {
            "popular_for": [
                "Lunch",
                "Dinner",
                "Solo dining"
            ]
        },
        {
            "offerings": [
                "Alcohol",
                "Beer",
                "Cocktails",
                "Coffee",
                "Comfort food",
                "Food",
                "Food at bar",
                "Hard liquor",
                "Late-night food",
                "Quick bite",
                "Vegan options",
                "Vegetarian options",
                "Wine"
            ]
        },
        {
            "dining_options": [
                "Lunch",
                "Dinner",
                "Counter service",
                "Dessert",
                "Seating"
            ]
        },
        {
            "amenities": [
                "Bar onsite",
                "Gender-neutral restroom",
                "Restroom",
                "Wi-Fi",
                "Free Wi-Fi"
            ]
        },
        {
            "atmosphere": [
                "Casual",
                "Cozy",
                "Historic"
            ]
        },
        {
            "crowd": [
                "Family-friendly",
                "Groups",
                "LGBTQ+ friendly",
                "Transgender safespace"
            ]
        },
        {
            "payments": [
                "Credit cards",
                "Debit cards",
                "NFC mobile payments"
            ]
        },
        {
            "children": [
                "Good for kids",
                "Has changing table(s)",
                "High chairs",
                "Kids' menu"
            ]
        },
        {
            "parking": [
                "Paid parking lot",
                "Paid street parking",
                "Somewhat difficult to find a space"
            ]
        },
        {
            "pets": [
                "Dogs allowed outside"
            ]
        }
    ],
    "User Reviews": {
        "summary": [
            {
                "snippet": "\"Atmosphere, good food and service just off Main.\""
            },
            {
                "snippet": "\"My chicken was dry, the wrap was hard to chew, fries were good though.\""
            },
            {
                "snippet": "\"The fish n chips were realllllllly good and our server was nice and easy going.\""
            }
        ],
        "most_relevant": [
            {
                "username": "Jacqueline M. Upshur",
                "rating": 5,
                "contributor_id": "103331377108837135559",
                "description": "Great service. A staple in town. Beautiful place. Food is great. Some nice vegetarian options. Turkey Reuben is delicious. Nice beer options",
                "link": "https://www.google.com/maps/reviews/data=!4m8!14m7!1m6!2m5!1sChZDSUhNMG9nS0VJQ0FnSUNyZzgtbkFREAE!2m1!1s0x0:0x30fb47cd639dafcc!3m1!1s2@1:CIHM0ogKEICAgICrg8-nAQ%7CCgwIiYW7tAYQ2MeaqgE%7C?hl=en-US",
                "images": [
                    {
                        "thumbnail": "https://lh5.googleusercontent.com/p/AF1QipNnsE8FuJ56Tht9JfxBm_sfhWpwBlI0FRAq7wrc=w150-h150-k-no-p"
                    }
                ],
                "date": "4 months ago"
            },
            {
                "username": "Bryan Monaco",
                "rating": 5,
                "contributor_id": "114321703041490634315",
                "description": "Delicious burgers! I was driving around looking for something to eat and ran across this bar. I'm glad I came in and I'll definitely be back. The bar was neat too. There is a lot of neat things on the wall to look at.",
                "link": "https://www.google.com/maps/reviews/data=!4m8!14m7!1m6!2m5!1sChdDSUhNMG9nS0VJQ0FnSURkLUk3MXV3RRAB!2m1!1s0x0:0x30fb47cd639dafcc!3m1!1s2@1:CIHM0ogKEICAgIDd-I71uwE%7CCgwI8tzUrgYQ6IvV-QE%7C?hl=en-US",
                "images": [
                    {
                        "thumbnail": "https://lh5.googleusercontent.com/p/AF1QipOnet5Iitb0NtVyFyppn663Emo9Jpgi_NSc5Q5v=w150-h150-k-no-p"
                    },
                    {
                        "thumbnail": "https://lh5.googleusercontent.com/p/AF1QipNwEU6Uf5dcCCIXuRxfDr4Bt7seS-aGP5asMsyW=w150-h150-k-no-p"
                    }
                ],
                "date": "8 months ago"
            },
            {
                "username": "Mark Ehrman",
                "rating": 5,
                "contributor_id": "110247906223544506089",
                "description": "This has been my favorite bar in Ann Arbor since I walked in the first time.  The food is solid, the drinks are made with love and attention, and the company is rich.  Old Town is simply the only place I know for sure I am going back.",
                "link": "https://www.google.com/maps/reviews/data=!4m8!14m7!1m6!2m5!1sChZDSUhNMG9nS0VJQ0FnSUNycThHTUFnEAE!2m1!1s0x0:0x30fb47cd639dafcc!3m1!1s2@1:CIHM0ogKEICAgICrq8GMAg%7CCgsI4ZW-tAYQsJXALA%7C?hl=en-US",
                "date": "4 months ago"
            },
            {
                "username": "One Drop Brewing Company",
                "rating": 5,
                "contributor_id": "112773238971721419057",
                "description": "Management and staff are awesome, food was great! Mara behind the bar was a total sweetheart and her service was excellent. Less yuppie then the rest of the street, clean, chill laid back, and a great vibe!",
                "link": "https://www.google.com/maps/reviews/data=!4m8!14m7!1m6!2m5!1sChdDSUhNMG9nS0VJQ0FnSUM3eE5fbDZRRRAB!2m1!1s0x0:0x30fb47cd639dafcc!3m1!1s2@1:CIHM0ogKEICAgIC7xN_l6QE%7CCgwIkPfotQYQyObF0gI%7C?hl=en-US",
                "date": "3 months ago"
            },
            {
                "username": "Colton Brown",
                "rating": 3,
                "contributor_id": "103456254993739855901",
                "description": "The waiters were fighting for their life on a Friday night, but prices are decent and the food was good. Food did take about half an hour. It was pretty busy but I was still surprised. Friendly staff",
                "link": "https://www.google.com/maps/reviews/data=!4m8!14m7!1m6!2m5!1sChdDSUhNMG9nS0VJQ0FnSUNIcU9mamtRRRAB!2m1!1s0x0:0x30fb47cd639dafcc!3m1!1s2@1:CIHM0ogKEICAgICHqOfjkQE%7CCgwI5oDNtgYQ8NmDkwE%7C?hl=en-US",
                "date": "2 months ago"
            },
            {
                "username": "Pete West",
                "rating": 4,
                "contributor_id": "100386553681877882604",
                "description": "Stopped in here on a weeknight while in Ann Arbor for work and thought it was great! Awesome tavern/divey vibes, the staff were all super nice and they make a solid black and tan.",
                "link": "https://www.google.com/maps/reviews/data=!4m8!14m7!1m6!2m5!1sChdDSUhNMG9nS0VJQ0FnSURucmR6QXVnRRAB!2m1!1s0x0:0x30fb47cd639dafcc!3m1!1s2@1:CIHM0ogKEICAgIDnrdzAugE%7CCgwI1MuVuAYQuJnH7QI%7C?hl=en-US",
                "date": "a month ago"
            },
            {
                "username": "Kim Jones",
                "rating": 5,
                "contributor_id": "101196675407060832863",
                "description": "The service was great and so was the food. My husband and I both got a burger and it was delicious. Seasoned perfectly, not too thick but a good size and cooked exactly like we said we wanted.",
                "link": "https://www.google.com/maps/reviews/data=!4m8!14m7!1m6!2m5!1sChdDSUhNMG9nS0VJQ0FnSUNUaXE3VW53RRAB!2m1!1s0x0:0x30fb47cd639dafcc!3m1!1s2@1:CIHM0ogKEICAgICTiq7UnwE%7CCgwI1uWGsgYQ4PjDtAI%7C?hl=en-US",
                "date": "5 months ago"
            },
            {
                "username": "Marsha Naidoo",
                "rating": 5,
                "contributor_id": "112027334682795316610",
                "description": "We stopped by for the 50th anniversary. The atmosphere was amazing and service was very prompt and friendly. We have not eaten here yet so I cannot read food but I will be back again for sure.",
                "link": "https://www.google.com/maps/reviews/data=!4m8!14m7!1m6!2m5!1sChdDSUhNMG9nS0VJQ0FnSUMtMGZMQWpBRRAB!2m1!1s0x0:0x30fb47cd639dafcc!3m1!1s2@1:CIHM0ogKEICAgIC-0fLAjAE%7CCgsIl4-mmwYQqPiLWA%7C?hl=en-US",
                "images": [
                    {
                        "thumbnail": "https://lh5.googleusercontent.com/p/AF1QipOfWA3zbn4BSOzF6pgsQGuJvHOHt5cHcRJW1QO7=w150-h150-k-no-p"
                    },
                    {
                        "thumbnail": "https://lh5.googleusercontent.com/p/AF1QipO4ddBoL7Qvvcn2L2WTDiZSCKckY8X3tyzFd07J=w150-h150-k-no-p"
                    },
                    {
                        "thumbnail": "https://lh5.googleusercontent.com/p/AF1QipMTHI7Dzm-efdEjY5oAsR7K-tK7j4hvLbzBBWlW=w150-h150-k-no-p"
                    },
                    {
                        "thumbnail": "https://lh5.googleusercontent.com/p/AF1QipOLUO14HR8OzYHjQjTvOPRYxefvGvZRWEsAwmnu=w150-h150-k-no-p"
                    },
                    {
                        "thumbnail": "https://lh5.googleusercontent.com/p/AF1QipMmGjFdtiMgohaDQowaTqCVM-kBHpV1ZYr3dqpc=w150-h150-k-no-p"
                    },
                    {
                        "thumbnail": "https://lh5.googleusercontent.com/p/AF1QipMHK0kOlOClO5hMX129K7j4jMYEWaE1hyOsVbox=w150-h150-k-no-p"
                    },
                    {
                        "thumbnail": "https://lh5.googleusercontent.com/p/AF1QipMuJ-cp87FoBSEC8su_iom1FIrEY2tiOn4YwNxZ=w150-h150-k-no-p"
                    },
                    {
                        "thumbnail": "https://lh5.googleusercontent.com/p/AF1QipPH62dxtihU1d43u5jN-pJBlK9njBwKOcVBV2xG=w150-h150-k-no-p"
                    },
                    {
                        "thumbnail": "https://lh5.googleusercontent.com/p/AF1QipOkwmnHflzXP9EdnkrUPXR3a8mgt9Moed0_3cjg=w150-h150-k-no-p"
                    },
                    {
                        "thumbnail": "https://lh5.googleusercontent.com/p/AF1QipPsmfSfOXBjhcmea_jBy39LgTNUwcdfCgCX8dIp=w150-h150-k-no-p"
                    },
                    {
                        "thumbnail": "https://lh5.googleusercontent.com/p/AF1QipPQB1jkYUKHXniMFkyiIZqpLPKeDemYm5WcXO1L=w150-h150-k-no-p"
                    },
                    {
                        "thumbnail": "https://lh5.googleusercontent.com/p/AF1QipPS_SuIN_wLaP7dyAkpkZdK_y5jLGYC57zT0sfP=w150-h150-k-no-p"
                    },
                    {
                        "thumbnail": "https://lh5.googleusercontent.com/p/AF1QipPn4kWUKHxiUawzdxT86j0Wd8ud4peuDLIAIfgw=w150-h150-k-no-p"
                    },
                    {
                        "thumbnail": "https://lh5.googleusercontent.com/p/AF1QipM9KNFtRNIyp8-3UKBvIV5wz5YtzryBK2Dlbhn7=w150-h150-k-no-p"
                    },
                    {
                        "thumbnail": "https://lh5.googleusercontent.com/p/AF1QipN2_UEPBWRm-GJjCMsncxoUgJEmBvjWL77gBIOh=w150-h150-k-no-p"
                    },
                    {
                        "thumbnail": "https://lh5.googleusercontent.com/p/AF1QipMkTDueA3LYazU1b7XrahhofqqaUzGOUifzfSP7=w150-h150-k-no-p"
                    },
                    {
                        "thumbnail": "https://lh5.googleusercontent.com/p/AF1QipOTW9lUIDoCtLbarLxoZQnWL-x7BMow4FFTK8Ca=w150-h150-k-no-p"
                    },
                    {
                        "thumbnail": "https://lh5.googleusercontent.com/p/AF1QipOR3B_i0A31qpzUSfptVkZvNasXe8m3oSrB_RWy=w150-h150-k-no-p"
                    }
                ],
                "date": "2 years ago"
            }
        ]
    },
    "Services": {
        "dine_in": true,
        "curbside_pickup": true,
        "delivery": true
    }
}