{
    "Title": "Palm Palace",
    "Price": [],
    "Place ID": "ChIJq1c-ayyvPIgRAMWAgzHoa14",
    "Type ID": [],
    "Type": [
        "Mediterranean restaurant",
        "Gluten-free restaurant",
        "Lebanese restaurant",
        "Middle Eastern restaurant",
        "Restaurant",
        "Vegetarian restaurant"
    ],
    "Address": "2370 Carpenter Rd, Ann Arbor, MI 48108",
    "GPS Coordinates": {
        "latitude": 42.253341,
        "longitude": -83.6813349
    },
    "Phone Number": "(734) 606-0706",
    "Rating": 4.6,
    "Rating Summary": [
        {
            "stars": 1,
            "amount": 159
        },
        {
            "stars": 2,
            "amount": 105
        },
        {
            "stars": 3,
            "amount": 219
        },
        {
            "stars": 4,
            "amount": 688
        },
        {
            "stars": 5,
            "amount": 3895
        }
    ],
    "Opening Hours": [
        {
            "tuesday": "10 AM–10 PM"
        },
        {
            "wednesday": "10 AM–10 PM"
        },
        {
            "thursday": "10 AM–10 PM"
        },
        {
            "friday": "10 AM–11 PM"
        },
        {
            "saturday": "10 AM–11 PM"
        },
        {
            "sunday": "10 AM–10 PM"
        },
        {
            "monday": "10 AM–10 PM"
        }
    ],
    "Description": "Local, upscale Mediterranean cuisine chain offers an airy locale with ornate Middle Eastern styling.",
    "Details": [
        {
            "highlights": [
                "Fast service",
                "Great coffee",
                "Great dessert",
                "Great tea selection"
            ]
        },
        {
            "popular_for": [
                "Lunch",
                "Dinner",
                "Solo dining"
            ]
        },
        {
            "accessibility": [
                "Wheelchair accessible entrance",
                "Wheelchair accessible parking lot",
                "Wheelchair accessible restroom",
                "Wheelchair accessible seating"
            ]
        },
        {
            "offerings": [
                "Alcohol",
                "Beer",
                "Cocktails",
                "Coffee",
                "Comfort food",
                "Halal food",
                "Healthy options",
                "Late-night food",
                "Quick bite",
                "Small plates",
                "Vegan options",
                "Vegetarian options",
                "Wine"
            ]
        },
        {
            "dining_options": [
                "Breakfast",
                "Lunch",
                "Dinner",
                "Catering",
                "Dessert",
                "Seating"
            ]
        },
        {
            "amenities": [
                "Restroom",
                "Wi-Fi",
                "Free Wi-Fi"
            ]
        },
        {
            "atmosphere": [
                "Casual",
                "Cozy",
                "Trendy"
            ]
        },
        {
            "crowd": [
                "Family-friendly",
                "Groups",
                "LGBTQ+ friendly",
                "Tourists",
                "Transgender safespace"
            ]
        },
        {
            "payments": [
                "Credit cards",
                "Debit cards",
                "NFC mobile payments"
            ]
        },
        {
            "children": [
                "Good for kids",
                "Has changing table(s)",
                "High chairs",
                "Kids' menu"
            ]
        },
        {
            "parking": [
                "Free parking lot",
                "Free street parking",
                "Plenty of parking"
            ]
        },
        {
            "pets": [
                "Dogs allowed outside"
            ]
        }
    ],
    "User Reviews": {
        "summary": [
            {
                "snippet": "\"Super friendly staff, fresh baked pita and super yummy food.\""
            },
            {
                "snippet": "\"We ordered the cream of mushroom lamb with rice and the hummus and chicken.\""
            },
            {
                "snippet": "\"The salad, soup and breaddd omg the bread is soooo soft!\""
            }
        ],
        "most_relevant": [
            {
                "username": "J Hawkins",
                "rating": 4,
                "contributor_id": "104640771514418135385",
                "description": "Dinner with friends. I have patronized this establishment over the years. This was a Thursday evening. Not overcrowded. Seated in 7 minutes. Once seated given water and abandoned with our tablet menus for 12 minutes. Once orders submitted, several items were not delivered (soups), we had to ask for bread before we were served. Vegetarian meal was considered plentiful and good as were their classics. The mobile delivery is interesting but I still do not see the benefit service wise. The waitstaff non-attentive to our table after meals delivered. Overall good food, bad table service.",
                "link": "https://www.google.com/maps/reviews/data=!4m8!14m7!1m6!2m5!1sChZDSUhNMG9nS0VJQ0FnSURydzZ5a05BEAE!2m1!1s0x0:0x5e6be8318380c500!3m1!1s2@1:CIHM0ogKEICAgIDrw6ykNA%7CCgwIz7jqtAYQoIzQlgM%7C?hl=en-US",
                "images": [
                    {
                        "thumbnail": "https://lh5.googleusercontent.com/p/AF1QipPdRxmeV_0t6BUEGrJX8DHoM6Oel5cHlXy4Lvcm=w150-h150-k-no-p"
                    },
                    {
                        "thumbnail": "https://lh5.googleusercontent.com/p/AF1QipMHhjQOCvWJzvlOaaLiUSTeaBAiTwrHRmGH3bso=w150-h150-k-no-p"
                    }
                ],
                "date": "3 months ago"
            },
            {
                "username": "Sohrab H",
                "rating": 5,
                "contributor_id": "107377186207313176443",
                "description": "I recently visited Palm Palace, a Mediterranean/Arabic restaurant, and had a great overall experience. The food was delicious and came at a fair price, especially considering the generous portions. One of the highlights was the freshly baked bread, which was served warm and complemented the meal perfectly. The chicken shawarma hummus was outstanding — the shawarma was tender, flavorful, and paired wonderfully with the creamy hummus. I highly recommend it to anyone dining here.\n\nThe menu offers a good variety of Mediterranean dishes, and everything we ordered tasted fresh and authentic. The flavors were well-balanced, and you could tell that quality ingredients were used. For the price, the portions were more than satisfying, making it a great value for the money.\n\nThe only downside of the evening was that they were out of Almaza, a Lebanese beer I was really looking forward to trying. While it was disappointing, it wasn’t enough to dampen the overall experience, especially given how enjoyable the food was. I’ll definitely be back to try more items on the menu and hopefully get a chance to sample Almaza next time.\n\nOverall, Palm Palace is a solid choice for anyone craving Mediterranean or Arabic cuisine. The food is well-prepared, the portions are hearty, and the prices are reasonable. Despite the minor hiccup with the beer, I’ll certainly be returning for another meal. Highly recommend!",
                "link": "https://www.google.com/maps/reviews/data=!4m8!14m7!1m6!2m5!1sChdDSUhNMG9nS0VJQ0FnSUNYcWNPdm9RRRAB!2m1!1s0x0:0x5e6be8318380c500!3m1!1s2@1:CIHM0ogKEICAgICXqcOvoQE%7CCgwI4crHuAYQ8OqK8AE%7C?hl=en-US",
                "images": [
                    {
                        "thumbnail": "https://lh5.googleusercontent.com/p/AF1QipMQgoHF0Q9wO3M0bbSk17nlj--jxhVwWs34x4cX=w150-h150-k-no-p"
                    },
                    {
                        "thumbnail": "https://lh5.googleusercontent.com/p/AF1QipPYV4NUX48L8bita8XeqwxB9AMwJgM2rffc5PYB=w150-h150-k-no-p"
                    },
                    {
                        "thumbnail": "https://lh5.googleusercontent.com/p/AF1QipM9ab0_3uPbRFDjxOAV8tA18s4A49mXRGYH6EdG=w150-h150-k-no-p"
                    },
                    {
                        "thumbnail": "https://lh5.googleusercontent.com/p/AF1QipPB3nEjjFC7cPs1hgw05vgv-imIsmyBOEGfLkLP=w150-h150-k-no-p"
                    },
                    {
                        "thumbnail": "https://lh5.googleusercontent.com/p/AF1QipPuftlPWLSgURYRTdS8hLhB_lbv1gTxPFuE2XTM=w150-h150-k-no-p"
                    }
                ],
                "date": "3 weeks ago"
            },
            {
                "username": "Taqwa N",
                "rating": 5,
                "contributor_id": "100388639862196918463",
                "description": "This place exceeded my expectations. Our server, Huda, was very sweet and welcoming and made us feel right at home. She made sure we got in our correct orders and were happy with our meal.\n\nWe ordered the spicy chicken shawarma, fattoush and the hummus with lamb and it was good and authentic. Not only was the service super quick but the food was fresh and the meat was tender. The lemonade and mango smoothie were nice and refreshing as well.\n\nI will also have to say, the aesthetic and vibe of the interior was very nice.\n\nOverall I enjoyed my meal and would definitely come again. Thank you Huda and thank you staff/chef 👨‍🍳🫶",
                "link": "https://www.google.com/maps/reviews/data=!4m8!14m7!1m6!2m5!1sChZDSUhNMG9nS0VJQ0FnSUN6bHZfc01BEAE!2m1!1s0x0:0x5e6be8318380c500!3m1!1s2@1:CIHM0ogKEICAgICzlv_sMA%7CCgwIj7HusgYQ4LrgzQI%7C?hl=en-US",
                "images": [
                    {
                        "thumbnail": "https://lh5.googleusercontent.com/p/AF1QipP4n_EEMHb2gsh3pzy-KdBdRLLCU2g6dchwUKUE=w150-h150-k-no-p"
                    },
                    {
                        "thumbnail": "https://lh5.googleusercontent.com/p/AF1QipOEdOGi0evYkx5I-6_z_BqLNx-ev28MkSMReeSl=w150-h150-k-no-p"
                    },
                    {
                        "thumbnail": "https://lh5.googleusercontent.com/p/AF1QipNkpGCC_mOtOOeerItabqJ2oZreeQcnIYD1jK-n=w150-h150-k-no-p"
                    },
                    {
                        "thumbnail": "https://lh5.googleusercontent.com/p/AF1QipNcJ8H5GYlDvNO1rBde3oisSUAjYnMCHCSx0P3s=w150-h150-k-no-p"
                    }
                ],
                "date": "5 months ago"
            },
            {
                "username": "Sabrina Nehmeh",
                "rating": 5,
                "contributor_id": "112719737890137447663",
                "description": "This was my first time coming here and everything about my experience was a 10/10! The atmosphere is beautiful, clean, and service was fantastic. Huda was my waitress and she was absolutely amazing! I will definitely be requesting her every time. She was so kind and checked in on us often. The food was so delicious, you can’t go wrong no matter what you order. Soooo many options! I think I found my new favorite restaurant!",
                "link": "https://www.google.com/maps/reviews/data=!4m8!14m7!1m6!2m5!1sChdDSUhNMG9nS0VJQ0FnSUNMd3VxMHNBRRAB!2m1!1s0x0:0x5e6be8318380c500!3m1!1s2@1:CIHM0ogKEICAgICLwuq0sAE%7CCgwIwpG-swYQ2KH7gAE%7C?hl=en-US",
                "images": [
                    {
                        "thumbnail": "https://lh5.googleusercontent.com/p/AF1QipOJJU5f25bahjuvPLxZdcDQz-B85pfflZspD6xW=w150-h150-k-no-p"
                    },
                    {
                        "thumbnail": "https://lh5.googleusercontent.com/p/AF1QipO6oVcPnSXz6Kp3Xp7ra_ZevISDOnugawpmYjHc=w150-h150-k-no-p"
                    },
                    {
                        "thumbnail": "https://lh5.googleusercontent.com/p/AF1QipOw2KE9QvP7PQubdbTAxrMu0ql4gQCEIx98Fvv_=w150-h150-k-no-p"
                    }
                ],
                "date": "4 months ago"
            },
            {
                "username": "Steve & Beth Hayward",
                "rating": 5,
                "contributor_id": "113165766793091435014",
                "description": "We are so glad that we found the Palm Palace. Our server was absolutely wonderful.  She was professional and personable, efficient and helped us find the perfect items on the menu for each one of us.\n(The food was very good!)\n\nA fun side note, there is also an electric cart that comes along with the server to help service with a cute screen on it. It reminded us of Rosie the maid on the old cartoon the Jetsons. It added to the efficiency of the meal and we actually really enjoyed the novelty as well as the helpful delivery of our items.\n\nThe menus are iPads, one for each guest. Then you place your order with the server.  It is the best digital menu that I have ever seen.  It is intuitive, clear, concise The pictures are just the right size.  I didn't get confused once. We all easily navigated around the digital menu.  It is Well done! They must have spent a lot of time on curating the interaction and menu experience.  It was very helpful in ordering.\n\nThe food is very good. Very generous servings.   Try the rice pudding. It is lovely.  They were very very busy even though it was Monday after the lunch hour.\n\nWe will go back the next time we are in town!\nThis is definitely worth the trip out of downtown Ann Arbor. You will be so happy you tried the Palm Palace! -❤️BH",
                "link": "https://www.google.com/maps/reviews/data=!4m8!14m7!1m6!2m5!1sChdDSUhNMG9nS0VJQ0FnSUQ3X2FLS3FRRRAB!2m1!1s0x0:0x5e6be8318380c500!3m1!1s2@1:CIHM0ogKEICAgID7_aKKqQE%7CCgwIm4W4tgYQiMz2lAI%7C?hl=en-US",
                "images": [
                    {
                        "thumbnail": "https://lh5.googleusercontent.com/p/AF1QipPuG3BZeQGh__rr1HI5_9zW-WL89KLel5Uwovc4=w150-h150-k-no-p"
                    },
                    {
                        "thumbnail": "https://lh5.googleusercontent.com/p/AF1QipPhDwijywYEBXcdOlLJn5pd2nc38QpQ8tSnoL_X=w150-h150-k-no-p"
                    },
                    {
                        "thumbnail": "https://lh5.googleusercontent.com/p/AF1QipN3QM-_AI_RV2lo4o0dyqcVX8wgh2IaPw3T7I9z=w150-h150-k-no-p"
                    }
                ],
                "date": "2 months ago"
            },
            {
                "username": "Elizabeth Jones",
                "rating": 5,
                "contributor_id": "114084424459808103034",
                "description": "Our server Hoda was wonderful! Everything was grilled and cooked perfectly,  delicious and fresh clean flavors.  Beautifully decorated.",
                "link": "https://www.google.com/maps/reviews/data=!4m8!14m7!1m6!2m5!1sChZDSUhNMG9nS0VJQ0FnSUNYdDlIeUhBEAE!2m1!1s0x0:0x5e6be8318380c500!3m1!1s2@1:CIHM0ogKEICAgICXt9HyHA%7CCgsIju7auAYQgNC5bw%7C?hl=en-US",
                "images": [
                    {
                        "thumbnail": "https://lh5.googleusercontent.com/p/AF1QipNUXz5S0Z4SQ8Ilml3xmViHIEIdzu82rM505KTW=w150-h150-k-no-p"
                    },
                    {
                        "thumbnail": "https://lh5.googleusercontent.com/p/AF1QipNq2ruzAERes1SM6UYZGrmmZ77jkjqscjstMAvc=w150-h150-k-no-p"
                    }
                ],
                "date": "3 weeks ago"
            },
            {
                "username": "Smitha Sudhakaran",
                "rating": 5,
                "contributor_id": "116162212435212033759",
                "description": "Delicious food!! The service has improved a lot compared to our last dine-in experience here. We tried the Greek salad and Labanese Seared chicken. Good portions and the seared chicken was so flavorful!! Pita bread is made fresh and served hot right out of the oven! The side soup, Moroccan Harira, is so hearty with a mix of lentils and herbs!! Excellent service!!",
                "link": "https://www.google.com/maps/reviews/data=!4m8!14m7!1m6!2m5!1sChZDSUhNMG9nS0VJQ0FnSURIemFXVEF3EAE!2m1!1s0x0:0x5e6be8318380c500!3m1!1s2@1:CIHM0ogKEICAgIDHzaWTAw%7CCgwIvIKttwYQ-L6oiwI%7C?hl=en-US",
                "images": [
                    {
                        "thumbnail": "https://lh5.googleusercontent.com/p/AF1QipOdmseoZxZUsxfUeRks5s9_hltNuvEimhcVU8iz=w150-h150-k-no-p"
                    }
                ],
                "date": "a month ago"
            },
            {
                "username": "Aleece Balchik",
                "rating": 5,
                "contributor_id": "104394186178039495060",
                "description": "Wow! My server (introduced Abraham, but I heard others call him Abe, Abel - want to give him credit) was incredible with explaining the menu. The food came out so fast! This place is family own and MAN do they know how to entertain large crowds fast! I came in around 5:45pm on a Friday right before dinner rush, and everyone that came in after me was served just as quickly. It looked like the kitchen wasn't even phased.\nThe BREAD! OMG THE BREAD! and the garlic butter was out of this world! It was baked right in their oven fresh (really fun to watch, ask to be close or go watch them do their thing!) And they fill a bag Togo! 🤯\nI had the Tabulee (highest quality with quantity), Shish Tawook with potato wedges. Heavy chicken serving hot and moist cubes - how?! Everything was so incredible, it will be a staple for me to go to EVERY time I'm in Ann Arbor. I also HAD to get their freshly made juice, their power blend (beet, carrot, apple, celery) which I couldn't make the quantity for that price - unbeatable!\nSOOOOOOOO good! They are voted #1 in Michigan, as they should! 💯\nGood Karma Eat Shwarma! ❤️\nGO, JUST GO, NOW! 😀",
                "link": "https://www.google.com/maps/reviews/data=!4m8!14m7!1m6!2m5!1sChZDSUhNMG9nS0VJQ0FnSURiaDZMOGRBEAE!2m1!1s0x0:0x5e6be8318380c500!3m1!1s2@1:CIHM0ogKEICAgIDbh6L8dA%7CCgwI18batQYQuM_r2wI%7C?hl=en-US",
                "images": [
                    {
                        "thumbnail": "https://lh5.googleusercontent.com/p/AF1QipP6rUyBLrmrwZiFnLzgTzWojT0-mMNpgAXp_z7Q=w150-h150-k-no-p"
                    },
                    {
                        "thumbnail": "https://lh5.googleusercontent.com/p/AF1QipPSuQSgGm_yeJhoruK-Qrc7ygQgMu345sHSH2Kg=w150-h150-k-no-p"
                    },
                    {
                        "thumbnail": "https://lh5.googleusercontent.com/p/AF1QipMmnmogZrFOhmdbLAL9l4dDA9h7ixFkkgjsUHNX=w150-h150-k-no-p"
                    },
                    {
                        "thumbnail": "https://lh5.googleusercontent.com/p/AF1QipMHa4daDYlQmVxHt6Svhe3kRe9CP0yHsw8jGVQH=w150-h150-k-no-p"
                    },
                    {
                        "thumbnail": "https://lh5.googleusercontent.com/p/AF1QipPBErD7hC1mCpoKLDWleSszX2yYoRQlxX3Ls5tN=w150-h150-k-no-p"
                    },
                    {
                        "thumbnail": "https://lh5.googleusercontent.com/p/AF1QipO4Hu_7yw-fuF6hemfFZH0U3NRs92MhbyojOvhD=w150-h150-k-no-p"
                    },
                    {
                        "thumbnail": "https://lh5.googleusercontent.com/p/AF1QipMgKrMnwgjKgLdx0XnoVVsGL2tAlnICJWrQXkBf=w150-h150-k-no-p"
                    },
                    {
                        "thumbnail": "https://lh5.googleusercontent.com/p/AF1QipPg0F1yTT-69zVjA9--qW0S4nUfcaiLM2A-P2DM=w150-h150-k-no-p"
                    },
                    {
                        "thumbnail": "https://lh5.googleusercontent.com/p/AF1QipM2eXGRHJBrHA1_hypSDa6L2NPxTIVK4Ou_fKH5=w150-h150-k-no-p"
                    },
                    {
                        "thumbnail": "https://lh5.googleusercontent.com/p/AF1QipPBOEZwB94o2pLsJqh55vMI3q0s-DoQa5YTqYSr=w150-h150-k-no-p"
                    },
                    {
                        "thumbnail": "https://lh5.googleusercontent.com/p/AF1QipPf1__om1j2qAAIPO3y4CUCqfB0EBayi-LKBheI=w150-h150-k-no-p"
                    },
                    {
                        "thumbnail": "https://lh5.googleusercontent.com/p/AF1QipN756MdURw-iXr2Ctc--tLsZnZOANOUtobHvEeu=w150-h150-k-no-p"
                    },
                    {
                        "thumbnail": "https://lh5.googleusercontent.com/p/AF1QipNu5bW0MqnScHN1tUYaZvZ9mroB3ot1Rg5xWbEm=w150-h150-k-no-p"
                    },
                    {
                        "thumbnail": "https://lh5.googleusercontent.com/p/AF1QipOhNZD6Gqjqe9VyICDPmmOhMJ85ioxC_wxwnLuX=w150-h150-k-no-p"
                    }
                ],
                "date": "3 months ago"
            }
        ]
    },
    "Services": {
        "dine_in": true,
        "curbside_pickup": true,
        "no_contact_delivery": true
    }
}