{
    "Title": "Panera Bread",
    "Price": [],
    "Place ID": "ChIJSTjK1yGvPIgRDhymO56oL6M",
    "Type ID": [],
    "Type": [
        "Cafe",
        "Bakery",
        "Breakfast restaurant",
        "Caterer",
        "Coffee shop",
        "Delivery service",
        "Takeout Restaurant",
        "Salad shop",
        "Sandwich shop",
        "Soup restaurant"
    ],
    "Address": "3205 Washtenaw Ave, Ann Arbor, MI 48104",
    "GPS Coordinates": {
        "latitude": 42.25806,
        "longitude": -83.69720799999999
    },
    "Phone Number": "(734) 677-0400",
    "Rating": 4,
    "Rating Summary": [
        {
            "stars": 1,
            "amount": 96
        },
        {
            "stars": 2,
            "amount": 29
        },
        {
            "stars": 3,
            "amount": 88
        },
        {
            "stars": 4,
            "amount": 225
        },
        {
            "stars": 5,
            "amount": 412
        }
    ],
    "Opening Hours": [
        {
            "tuesday": "6 AM–9 PM"
        },
        {
            "wednesday": "6 AM–9 PM"
        },
        {
            "thursday": "6 AM–9 PM"
        },
        {
            "friday": "6 AM–9 PM"
        },
        {
            "saturday": "6 AM–9 PM"
        },
        {
            "sunday": "7 AM–9 PM"
        },
        {
            "monday": "6 AM–9 PM"
        }
    ],
    "Description": "Counter-serve bakery/cafe chain serving sandwiches, salads & more, known for its bread & free WiFi.",
    "Details": [
        {
            "highlights": [
                "Fireplace",
                "Great coffee",
                "Great dessert",
                "Great tea selection"
            ]
        },
        {
            "popular_for": [
                "Breakfast",
                "Lunch",
                "Dinner",
                "Solo dining",
                "Good for working on laptop"
            ]
        },
        {
            "accessibility": [
                "Wheelchair accessible entrance",
                "Wheelchair accessible parking lot",
                "Wheelchair accessible restroom",
                "Wheelchair accessible seating"
            ]
        },
        {
            "offerings": [
                "Coffee",
                "Comfort food",
                "Quick bite",
                "Small plates",
                "Vegan options",
                "Vegetarian options"
            ]
        },
        {
            "dining_options": [
                "Breakfast",
                "Brunch",
                "Lunch",
                "Dinner",
                "Catering",
                "Dessert",
                "Seating"
            ]
        },
        {
            "amenities": [
                "Restroom",
                "Wi-Fi",
                "Free Wi-Fi"
            ]
        },
        {
            "atmosphere": [
                "Casual",
                "Cozy",
                "Trendy"
            ]
        },
        {
            "crowd": [
                "College students",
                "Family-friendly",
                "Groups",
                "Tourists"
            ]
        },
        {
            "payments": [
                "Credit cards",
                "Debit cards",
                "NFC mobile payments"
            ]
        },
        {
            "children": [
                "Good for kids",
                "High chairs",
                "Kids' menu"
            ]
        },
        {
            "parking": [
                "Free parking lot",
                "Free street parking"
            ]
        },
        {
            "pets": [
                "Dogs allowed outside"
            ]
        }
    ],
    "User Reviews": {
        "summary": [
            {
                "snippet": "\"Good service and sandwiches, but iced green tea is really bad.\""
            },
            {
                "snippet": "\"Good breakfast I hope one day they can serve tomato soup in the morning\""
            },
            {
                "snippet": "\"Cleanest salads and best creamy mac & cheese!\""
            }
        ],
        "most_relevant": [
            {
                "username": "Neil Thammavijitdej",
                "rating": 4,
                "contributor_id": "114423031303826254260",
                "description": "In between of Barnes & Noble and Whole Food. Always people walking in and out. Restroom is somewhat clean",
                "link": "https://www.google.com/maps/reviews/data=!4m8!14m7!1m6!2m5!1sChdDSUhNMG9nS0VJQ0FnSUNYaHNIRjhnRRAB!2m1!1s0x0:0xa32fa89e3ba61c0e!3m1!1s2@1:CIHM0ogKEICAgICXhsHF8gE%7CCgwI05e7uAYQsJCYpgI%7C?hl=en-US",
                "images": [
                    {
                        "thumbnail": "https://lh5.googleusercontent.com/p/AF1QipPEyUMus-xcTJK2LOMwxNGRC08imxLW_hQUjZuk=w150-h150-k-no-p"
                    },
                    {
                        "thumbnail": "https://lh5.googleusercontent.com/p/AF1QipPdVngGYNM3uAYZOZDpUmI57kYOyyZ3NFotECYW=w150-h150-k-no-p"
                    },
                    {
                        "thumbnail": "https://lh5.googleusercontent.com/p/AF1QipNGCScq1UdZIwfSzudOe18zwDrB-wnq2ceV6rJJ=w150-h150-k-no-p"
                    },
                    {
                        "thumbnail": "https://lh5.googleusercontent.com/p/AF1QipOXamjopbWQwCCd773ycMH5ubl74gxLXYYwslKr=w150-h150-k-no-p"
                    }
                ],
                "date": "4 weeks ago"
            },
            {
                "username": "ANGEL ROSE",
                "rating": 1,
                "contributor_id": "111623154814004972745",
                "description": "We waited 45 mins for the order just to be told it never came up on their screen so he weary of using the kiosk. Manager said it happens all the time, didn’t offer us a free treat or anything… the staff was really rude except for one girl who apologized. Just make sure you don’t rely on the beeper and make sure you see your name on their board! Bc you’ll get no sympathy from the manager. Idk if Donald was him or if that’s just who the register was under when the girl took our order.",
                "link": "https://www.google.com/maps/reviews/data=!4m8!14m7!1m6!2m5!1sChZDSUhNMG9nS0VJQ0FnSURuak15ME5BEAE!2m1!1s0x0:0xa32fa89e3ba61c0e!3m1!1s2@1:CIHM0ogKEICAgIDnjMy0NA%7CCgwIwbn7twYQ8JeO5wI%7C?hl=en-US",
                "date": "a month ago"
            },
            {
                "username": "jay hamad",
                "rating": 1,
                "contributor_id": "112124273857973723577",
                "description": "I ordered my bagels last night, got an email saying my order is ready for pick up this morning. When i got there they stated that they didnt have the bagels i requested. They were sold out. WTH why did you send me an email stating its ready. This is the 2nd time this happened. I spoke to a lady named Emily and i ask for the GM name so I can ask to speak to him she said she couldnt give me his name. If you want good customer services and get the food you ordered, please stay away from this place. Very disappointing with the structure of this business. I wish i can give this place a rating lower than 1.",
                "link": "https://www.google.com/maps/reviews/data=!4m8!14m7!1m6!2m5!1sChdDSUhNMG9nS0VJQ0FnSUQ3c00tQXpRRRAB!2m1!1s0x0:0xa32fa89e3ba61c0e!3m1!1s2@1:CIHM0ogKEICAgID7sM-AzQE%7CCgwI6o2StgYQ4IvWmwM%7C?hl=en-US",
                "date": "2 months ago"
            },
            {
                "username": "Lisa Honour",
                "rating": 1,
                "contributor_id": "105631853902204708181",
                "description": "Food doesn’t match description. Burnt bread. Disappointing “sandwich” for $14.",
                "link": "https://www.google.com/maps/reviews/data=!4m8!14m7!1m6!2m5!1sChdDSUhNMG9nS0VJQ0FnSUR6OGRUMGp3RRAB!2m1!1s0x0:0xa32fa89e3ba61c0e!3m1!1s2@1:CIHM0ogKEICAgIDz8dT0jwE%7CCgwI_aqeswYQsMiFtwE%7C?hl=en-US",
                "images": [
                    {
                        "thumbnail": "https://lh5.googleusercontent.com/p/AF1QipMiB_EyKJKtTptESQE4qnp2XqiqmokMHtkivk-K=w150-h150-k-no-p"
                    },
                    {
                        "thumbnail": "https://lh5.googleusercontent.com/p/AF1QipMLevYQXqDRwKJVwx3H8WbY2KkGEhuIxHhCWSZN=w150-h150-k-no-p"
                    }
                ],
                "date": "5 months ago"
            },
            {
                "username": "Rashmi Rai",
                "rating": 1,
                "contributor_id": "103513252116015357054",
                "description": "Did a quick little stop to pick up some chicken noodle soup because I wasn’t feeling very well. Only for me me to find out when I came home that they scammed me with just the soup broth with no noodles or the vegetables and if I just needed the broth I could’ve just bought the chicken stock from the store!!!",
                "link": "https://www.google.com/maps/reviews/data=!4m8!14m7!1m6!2m5!1sChZDSUhNMG9nS0VJQ0FnSUNuOXFfN2JnEAE!2m1!1s0x0:0xa32fa89e3ba61c0e!3m1!1s2@1:CIHM0ogKEICAgICn9q_7bg%7CCgwI5tHStwYQyMfxqAM%7C?hl=en-US",
                "date": "a month ago"
            },
            {
                "username": "Vicki Orr",
                "rating": 2,
                "contributor_id": "106188847720357599906",
                "description": "I have gotten the strawberry poppy seed salad three times and every time there was little fruit in it. I mean 4 strawberries 4 blueberries! The price that they charge, there should be more fruit. I go to other Panera bread locations and there is a tone of fruit. Very disappointed.",
                "link": "https://www.google.com/maps/reviews/data=!4m8!14m7!1m6!2m5!1sChdDSUhNMG9nS0VJQ0FnSUR6b2FEdWdnRRAB!2m1!1s0x0:0xa32fa89e3ba61c0e!3m1!1s2@1:CIHM0ogKEICAgIDzoaDuggE%7CCgwI7M6cswYQ4NOV_wI%7C?hl=en-US",
                "date": "5 months ago"
            },
            {
                "username": "Bruce Popejoy",
                "rating": 1,
                "contributor_id": "117597168777128374149",
                "description": "Why do I even bother... went to this location because it was having a fundraiser for my school... second week in a row. Had a simple order, pizza and soda for now...half tuna and soup to go for tomorrow.  Showed the flier, shown in the picture below, and was told I was set.\n\nGot to the back and everything was on a plater once finished and I stated that the sandwich and soup was to go, pizza was going to be ate at the location.  Young lady behind the counter found me annoying but slowly complied with my wished.  I then asked to make sure my school was credited the amount that me, and one of my students behind me, had spent for the fundraiser...I was quickly hit with that was only for orders.  I then showed the flier to the young lady and pointed out it said providing a copy in person was accepted...then was told the manager had to approve it.  The annoyed young lady then said to her coworker what a ****** I was...sorry for expecting things to be done right.  I stopped asking questions as I did not want to appear to be rude, remember I had students in the store.\n\nI went to the table to eat my now cold pizza and have my soda. I had to use napkins and a sanitizer to clean my table. After clearing my table and cleaning it again for the next person, I said goodbye to my students and headed home.\n\nOnce home I deconstructed my sandwich... pictured below.  There was more veggies on the sandwich than tuna.  I am also trying to figure out why it had a slice of bacon as well.\n\nStill not sure if the school will get any proceeds of mine or the students sales as that was never answered.  I work closely with the teacher who was having the fundraiser so I will be sharing this story with her as well.",
                "link": "https://www.google.com/maps/reviews/data=!4m8!14m7!1m6!2m5!1sChZDSUhNMG9nS0VJQ0FnSUNnZ3A2M1FnEAE!2m1!1s0x0:0xa32fa89e3ba61c0e!3m1!1s2@1:CIHM0ogKEICAgICggp63Qg%7CCgwI-bOwowYQsJvAzAM%7C?hl=en-US",
                "images": [
                    {
                        "thumbnail": "https://lh5.googleusercontent.com/p/AF1QipMjo7Dec0VhNp8V-xt_ZlEkuO-sWbsOYdt8XR7a=w150-h150-k-no-p"
                    },
                    {
                        "thumbnail": "https://lh5.googleusercontent.com/p/AF1QipNXaE5fxMD5QRoUiUM9xMwALiAULxS2pmwJB31Q=w150-h150-k-no-p"
                    },
                    {
                        "thumbnail": "https://lh5.googleusercontent.com/p/AF1QipNKP3aktvu8UZKWrISNYEkyQHQHGfeZvM3GGP9U=w150-h150-k-no-p"
                    }
                ],
                "date": "a year ago"
            },
            {
                "username": "Grace Trombley",
                "rating": 1,
                "contributor_id": "109294876856842006705",
                "description": "They forgot both of my sides and the kiosk didn’t have large cups available, despite that being the size that I ordered. So I paid $30 for meals with no sides, no utensils, and the wrong size drink. Didn’t catch it until I was home because I was in a rush. It shouldn’t have happened anyways 🤷🏻‍♀️ Definitely not worth. Also the picture below is how my bowl came, not even filled up.",
                "link": "https://www.google.com/maps/reviews/data=!4m8!14m7!1m6!2m5!1sChdDSUhNMG9nS0VJQ0FnSURSdUwtU193RRAB!2m1!1s0x0:0xa32fa89e3ba61c0e!3m1!1s2@1:CIHM0ogKEICAgIDRuL-S_wE%7CCgsIytP1oQYQuK7pEg%7C?hl=en-US",
                "images": [
                    {
                        "thumbnail": "https://lh5.googleusercontent.com/p/AF1QipPGmXF4zvzH8Zg67OpwmMrOXurxCXkkP624sTGo=w150-h150-k-no-p"
                    }
                ],
                "date": "a year ago"
            }
        ]
    },
    "Services": {
        "dine_in": true,
        "takeout": true,
        "no_contact_delivery": true
    }
}