{
    "Title": "Petrovich Family Grill",
    "Price": [],
    "Place ID": "ChIJ921tKrqvPIgRAo4-oQJPy9I",
    "Type ID": [],
    "Type": [
        "Grill",
        "Bar & grill"
    ],
    "Address": "500 E Stadium Blvd, Ann Arbor, MI 48104",
    "GPS Coordinates": {
        "latitude": 42.2635152,
        "longitude": -83.7441072
    },
    "Phone Number": "(734) 936-0148",
    "Rating": 4.6,
    "Rating Summary": [
        {
            "stars": 1,
            "amount": 0
        },
        {
            "stars": 2,
            "amount": 0
        },
        {
            "stars": 3,
            "amount": 0
        },
        {
            "stars": 4,
            "amount": 2
        },
        {
            "stars": 5,
            "amount": 3
        }
    ],
    "Opening Hours": [
        {
            "tuesday": "11 AM–6 PM"
        },
        {
            "wednesday": "9 AM–6 PM"
        },
        {
            "thursday": "9 AM–6 PM"
        },
        {
            "friday": "9 AM–6 PM"
        },
        {
            "saturday": "9 AM–6 PM"
        },
        {
            "sunday": "9 AM–6 PM"
        },
        {
            "monday": "9 AM–6 PM"
        }
    ],
    "Description": [],
    "Details": [
        {
            "highlights": [
                "Fast service",
                "Sports"
            ]
        },
        {
            "popular_for": [
                "Lunch",
                "Dinner",
                "Solo dining"
            ]
        },
        {
            "accessibility": [
                "Wheelchair accessible entrance",
                "Wheelchair accessible parking lot",
                "Wheelchair accessible restroom",
                "Wheelchair accessible seating"
            ]
        },
        {
            "offerings": [
                "Alcohol",
                "Beer",
                "Coffee",
                "Comfort food",
                "Quick bite",
                "Vegetarian options",
                "Wine"
            ]
        },
        {
            "dining_options": [
                "Lunch",
                "Dinner",
                "Dessert",
                "Seating"
            ]
        },
        {
            "amenities": [
                "Bar onsite",
                "Restroom",
                "Wi-Fi",
                "Free Wi-Fi"
            ]
        },
        {
            "atmosphere": [
                "Casual"
            ]
        },
        {
            "crowd": [
                "Family-friendly",
                "Groups",
                "LGBTQ+ friendly",
                "Transgender safespace"
            ]
        },
        {
            "planning": [
                "Accepts reservations"
            ]
        },
        {
            "payments": [
                "Credit cards",
                "Debit cards",
                "NFC mobile payments"
            ]
        }
    ],
    "User Reviews": {
        "summary": [
            {
                "snippet": "\"Good food and good portions for the price.\""
            },
            {
                "snippet": "\"Portions are big and prices are reasonable.\""
            },
            {
                "snippet": "\"A lot of outdoor seating, most under cover.\""
            }
        ],
        "most_relevant": [
            {
                "username": "Mark Davis-Craig",
                "rating": 4,
                "contributor_id": "107927241946462913448",
                "description": "A lot of outdoor seating, most under cover. A good value for Ann Arbor. Every seat inside and out has a great view.",
                "link": "https://www.google.com/maps/reviews/data=!4m8!14m7!1m6!2m5!1sChZDSUhNMG9nS0VJQ0FnSUQyell5WVZBEAE!2m1!1s0x0:0xd2cb4f02a13e8e02!3m1!1s2@1:CIHM0ogKEICAgID2zYyYVA%7CCgsIt76klAYQ-KDmUw%7C?hl=en-US",
                "images": [
                    {
                        "thumbnail": "https://lh5.googleusercontent.com/p/AF1QipMGoTrcaSewCQZ6Xim7d60XBPUv3E2W9lgLXg0o=w150-h150-k-no-p"
                    },
                    {
                        "thumbnail": "https://lh5.googleusercontent.com/p/AF1QipO_x4yGiZrb2Yt_UNGXpLdnuq7E0Jlz7_CMftM3=w150-h150-k-no-p"
                    },
                    {
                        "thumbnail": "https://lh5.googleusercontent.com/p/AF1QipO4XVVSaAJzuKXcXNNkPavlvTotIGUf9CPv2uqv=w150-h150-k-no-p"
                    },
                    {
                        "thumbnail": "https://lh5.googleusercontent.com/p/AF1QipOEpbsp0l91MkjjYKQn7sqeRS-6F1mU85pb4-Wk=w150-h150-k-no-p"
                    },
                    {
                        "thumbnail": "https://lh5.googleusercontent.com/p/AF1QipPbLR-pQWD_kkKZgG_oXTtfGXkKQ_hV1vgAYJVh=w150-h150-k-no-p"
                    }
                ],
                "date": "2 years ago"
            },
            {
                "username": "Jody Mathias",
                "rating": 5,
                "contributor_id": "102967759585706057000",
                "description": "Portions are big and prices are reasonable. Great customer service and good was ready fast!",
                "link": "https://www.google.com/maps/reviews/data=!4m8!14m7!1m6!2m5!1sChdDSUhNMG9nS0VJQ0FnSURPc3NTSHZBRRAB!2m1!1s0x0:0xd2cb4f02a13e8e02!3m1!1s2@1:CIHM0ogKEICAgIDOssSHvAE%7CCgwI8_j8lQYQ6PKFoQM%7C?hl=en-US",
                "images": [
                    {
                        "thumbnail": "https://lh5.googleusercontent.com/p/AF1QipNKltCByJO1sQXgsrRlmFq-mJlHcqzwbnPpLz17=w150-h150-k-no-p"
                    }
                ],
                "date": "2 years ago"
            },
            {
                "username": "Mimi Shinada",
                "rating": 4,
                "contributor_id": "109242711848443506800",
                "description": "First time there.\nAlmost all customers do carryout, rarely sit down.\nWe dined in.\nGood food and good portions for the price.",
                "link": "https://www.google.com/maps/reviews/data=!4m8!14m7!1m6!2m5!1sChZDSUhNMG9nS0VJQ0FnSURaMk12cUpREAE!2m1!1s0x0:0xd2cb4f02a13e8e02!3m1!1s2@1:CIHM0ogKEICAgIDZ2MvqJQ%7CCgsIxYW-qAYQ0IX_OA%7C?hl=en-US",
                "date": "a year ago"
            },
            {
                "username": "David Snyder Jr.",
                "rating": 5,
                "contributor_id": "102532492109978363605",
                "link": "https://www.google.com/maps/reviews/data=!4m8!14m7!1m6!2m5!1sChdDSUhNMG9nS0VJQ0FnSUNaci1pVXBnRRAB!2m1!1s0x0:0xd2cb4f02a13e8e02!3m1!1s2@1:CIHM0ogKEICAgICZr-iUpgE%7CCgsI_62tqAYQ0ITqTQ%7C?hl=en-US",
                "date": "a year ago"
            },
            {
                "username": "Mike Fry",
                "rating": 5,
                "contributor_id": "100669051177601984408",
                "link": "https://www.google.com/maps/reviews/data=!4m8!14m7!1m6!2m5!1sChdDSUhNMG9nS0VJQ0FnSUR4Z3VmUzZ3RRAB!2m1!1s0x0:0xd2cb4f02a13e8e02!3m1!1s2@1:CIHM0ogKEICAgIDxgufS6wE%7CCgwI-6vyowYQ2Oy24gE%7C?hl=en-US",
                "date": "a year ago"
            }
        ]
    },
    "Services": {
        "dine_in": true,
        "takeout": true,
        "delivery": false
    }
}