{
    "Title": "Pilar's Tamales",
    "Price": [],
    "Place ID": "ChIJuV7ORM-xPIgRmZsFdift0lY",
    "Type ID": [],
    "Type": [
        "Latin American restaurant",
        "Restaurant",
        "Tamale shop"
    ],
    "Address": "2261 W Liberty Rd, Ann Arbor, MI 48103",
    "GPS Coordinates": {
        "latitude": 42.273657799999995,
        "longitude": -83.7775607
    },
    "Phone Number": "(734) 929-4161",
    "Rating": 4.7,
    "Rating Summary": [
        {
            "stars": 1,
            "amount": 7
        },
        {
            "stars": 2,
            "amount": 2
        },
        {
            "stars": 3,
            "amount": 8
        },
        {
            "stars": 4,
            "amount": 16
        },
        {
            "stars": 5,
            "amount": 228
        }
    ],
    "Opening Hours": [
        {
            "tuesday": "Closed"
        },
        {
            "wednesday": "12–6 PM"
        },
        {
            "thursday": "12–6 PM"
        },
        {
            "friday": "12–6 PM"
        },
        {
            "saturday": "12–5 PM"
        },
        {
            "sunday": "Closed"
        },
        {
            "monday": "Closed"
        }
    ],
    "Description": "Family-owned Salvadoran joint with organic, local fare & tamales in a festive, colorful atmosphere.",
    "Details": [
        {
            "highlights": [
                "Great coffee"
            ]
        },
        {
            "popular_for": [
                "Breakfast",
                "Lunch",
                "Dinner",
                "Solo dining"
            ]
        },
        {
            "accessibility": [
                "Wheelchair accessible entrance"
            ]
        },
        {
            "offerings": [
                "Comfort food",
                "Healthy options",
                "Organic dishes",
                "Quick bite"
            ]
        },
        {
            "dining_options": [
                "Breakfast",
                "Lunch",
                "Dinner",
                "Catering",
                "Dessert"
            ]
        },
        {
            "amenities": [
                "Restroom"
            ]
        },
        {
            "atmosphere": [
                "Casual",
                "Cozy",
                "Trendy"
            ]
        },
        {
            "payments": [
                "Credit cards",
                "Debit cards",
                "NFC mobile payments"
            ]
        },
        {
            "children": [
                "Good for kids"
            ]
        }
    ],
    "User Reviews": {
        "summary": [
            {
                "snippet": "\"Nice place, good food, lots of gluten and dairy free options\""
            },
            {
                "snippet": "\"Small, cosy, good atmosphere and the owner is great.\""
            },
            {
                "snippet": "\"I ordered the pork pupusa and spicy pork tamale!\""
            }
        ],
        "most_relevant": [
            {
                "username": "Neha N",
                "rating": 5,
                "contributor_id": "102831618441036333846",
                "description": "Cute little local Tamale place. Great food, welcoming owners & awesome service. Enjoyed the Vegan Black bean Tamale and Spicy Mocha.  Can’t wait to be back soon.",
                "link": "https://www.google.com/maps/reviews/data=!4m8!14m7!1m6!2m5!1sChZDSUhNMG9nS0VJQ0FnSURIN2NXVFpBEAE!2m1!1s0x0:0x56d2ed2776059b99!3m1!1s2@1:CIHM0ogKEICAgIDH7cWTZA%7CCgsI_dCttwYQkL-HKQ%7C?hl=en-US",
                "images": [
                    {
                        "thumbnail": "https://lh5.googleusercontent.com/p/AF1QipMxnf1kXZYP3LLBxRpdePoEW7D5ZMsPOsbCenSS=w150-h150-k-no-p"
                    }
                ],
                "date": "a month ago"
            },
            {
                "username": "Mark Harmon",
                "rating": 1,
                "contributor_id": "118109578568114474153",
                "description": "The pupusas were the worst I have ever had. They were not made fresh, they were the ones that you can get in the frozen food section.\n\nI remember getting these pupusas at the grocery store and thought they were a very poor excuse for pupusas but were a quick snack on par with microwave pizza rolls. The ones they have at this restaurant are worse than that. Absolutely terrible.\n\nIf I could give negative stars I could, it's bad.\n\nI don't normally leave reviews for bad restaurants, but I just had to this time. The audacity to charge as much as they do for these pupusas is crazy. It's highway robbery. You can get the real thing for much cheaper elsewhere. I got 2 \"pupusas\", plantains, and a horchata for almost $30.\n\nHow can the worst pupusas I've ever had also be the most expensive? it blows my mind.\n\nThe plantains were good though",
                "link": "https://www.google.com/maps/reviews/data=!4m8!14m7!1m6!2m5!1sChdDSUhNMG9nS0VJQ0FnSUN6eDQzcl9BRRAB!2m1!1s0x0:0x56d2ed2776059b99!3m1!1s2@1:CIHM0ogKEICAgICzx43r_AE%7CCgwIvoaDswYQoMu87wE%7C?hl=en-US",
                "images": [
                    {
                        "thumbnail": "https://lh5.googleusercontent.com/p/AF1QipMK16S5UYwrIX0J8b6n3OsYLaYhlDnLia_5gz3u=w150-h150-k-no-p"
                    }
                ],
                "date": "5 months ago"
            },
            {
                "username": "C Silvers",
                "rating": 5,
                "contributor_id": "115402838365065420378",
                "description": "I love tamales, who doesn't love tamales?!  After 2 years of driving by and thinking \"Tamales!!!\" I finally decided to stop in on a whim with my son. It was like going home. The food was fresh and delightful, there are vegan options as well. In addition to food that feeds your soul you will also find jewelry, pottery, place mats, and other beautifully made items for your home. The woman helping us was warm, kind, and thoughtful. It's a wonderful place I hope to visit often.",
                "link": "https://www.google.com/maps/reviews/data=!4m8!14m7!1m6!2m5!1sChdDSUhNMG9nS0VJQ0FnSUNpa1lpcXNnRRAB!2m1!1s0x0:0x56d2ed2776059b99!3m1!1s2@1:CIHM0ogKEICAgICikYiqsgE%7CCgsIw5OR_QUQ0MvoKg%7C?hl=en-US",
                "images": [
                    {
                        "thumbnail": "https://lh5.googleusercontent.com/p/AF1QipPHpHadPBmO7_I6rOPYkqtTt5_Nbe8puCOklHQ9=w150-h150-k-no-p"
                    },
                    {
                        "thumbnail": "https://lh5.googleusercontent.com/p/AF1QipMLwN4bNJvSC4kMNLxfREq5FSA9EGeYXyb3po8k=w150-h150-k-no-p"
                    },
                    {
                        "thumbnail": "https://lh5.googleusercontent.com/p/AF1QipPQYjlfjIuJrZ2TSmKIwzKiJi4HCCaljgpC_Cea=w150-h150-k-no-p"
                    },
                    {
                        "thumbnail": "https://lh5.googleusercontent.com/p/AF1QipNxYa-bluGQRqpGyM88wO0Nv99DqlG3j0j-6-6T=w150-h150-k-no-p"
                    }
                ],
                "date": "4 years ago"
            },
            {
                "username": "T Jurson",
                "rating": 5,
                "contributor_id": "106301228974837077204",
                "description": "Simple but superb tamales and pupusas. Very delicate masa, beautifully seasoned with savory spices in the sauce but not too much heat for the people who are worried about that.  We tried a variety of flavors and enjoyed them all.",
                "link": "https://www.google.com/maps/reviews/data=!4m8!14m7!1m6!2m5!1sChdDSUhNMG9nS0VJQ0FnSURLXzcyQWx3RRAB!2m1!1s0x0:0x56d2ed2776059b99!3m1!1s2@1:CIHM0ogKEICAgIDK_72AlwE%7CCgwI8YSkhQYQiImPpQE%7C?hl=en-US",
                "images": [
                    {
                        "thumbnail": "https://lh5.googleusercontent.com/p/AF1QipP2-IdOTxBaXbFevidhjJ-5dH6XL4LmiTN4Q8-R=w150-h150-k-no-p"
                    }
                ],
                "date": "3 years ago"
            },
            {
                "username": "Fia Moon",
                "rating": 5,
                "contributor_id": "111492471222281046244",
                "description": "Amazing food made by an amazing woman and staff. There’s so much heart in what Pilar puts out. I feel blessed by her presence and food! Go support this utterly amazing local business!",
                "link": "https://www.google.com/maps/reviews/data=!4m8!14m7!1m6!2m5!1sChdDSUhNMG9nS0VJQ0FnSUQ3dTg3Q29BRRAB!2m1!1s0x0:0x56d2ed2776059b99!3m1!1s2@1:CIHM0ogKEICAgID7u87CoAE%7CCgwIk_W-tgYQ-NTquwE%7C?hl=en-US",
                "date": "2 months ago"
            },
            {
                "username": "Jessica Winn",
                "rating": 5,
                "contributor_id": "109924804040810011108",
                "description": "The kind of restaurant where you can taste the love in the food. Instantly became a favorite, even exceeded our own expectations. Incredibly delicious, very healthy, and so satisfyingly filling. And the cherry on top of the tamale is the owner who was so sweet and personable. I really appreciate the menu showing what is gluten free, and I wish all restaurants did this! If you want one of the best of Ann Arbor’s authentic restaurants, you MUST try Pilar’s!",
                "link": "https://www.google.com/maps/reviews/data=!4m8!14m7!1m6!2m5!1sChdDSUhNMG9nS0VJQ0FnSUM2cDlHaXJBRRAB!2m1!1s0x0:0x56d2ed2776059b99!3m1!1s2@1:CIHM0ogKEICAgIC6p9GirAE%7CCgwI-9WDigYQqN7XhAI%7C?hl=en-US",
                "images": [
                    {
                        "thumbnail": "https://lh5.googleusercontent.com/p/AF1QipPQvXCs6d-Nu_5JiE5uj-8Umxg0ixBNFGIHTcmi=w150-h150-k-no-p"
                    }
                ],
                "date": "3 years ago"
            },
            {
                "username": "Carrin Harris",
                "rating": 5,
                "contributor_id": "107737935139964035265",
                "description": "This place is amazing! They make everything from scratch and have vegan and vegetarian options! Their watermelon drink is the best I've ever had! They have a little shop and their vibe is incredible!",
                "link": "https://www.google.com/maps/reviews/data=!4m8!14m7!1m6!2m5!1sChZDSUhNMG9nS0VJQ0FnSUNxeG8zSkJ3EAE!2m1!1s0x0:0x56d2ed2776059b99!3m1!1s2@1:CIHM0ogKEICAgICqxo3JBw%7CCgsI95XqhQYQqKusHg%7C?hl=en-US",
                "images": [
                    {
                        "thumbnail": "https://lh5.googleusercontent.com/p/AF1QipPNn-kQMDWAVSCyxlRYvEPToJRUcnS0tejVIRZv=w150-h150-k-no-p"
                    },
                    {
                        "thumbnail": "https://lh5.googleusercontent.com/p/AF1QipNYLS62_z6IkvteJFz70_2VibrHBa87WEktY8t_=w150-h150-k-no-p"
                    },
                    {
                        "thumbnail": "https://lh5.googleusercontent.com/p/AF1QipNNgYGrE1fTvTE8_Pk8i-aYq5zx8jaJJIFytaJJ=w150-h150-k-no-p"
                    }
                ],
                "date": "3 years ago"
            },
            {
                "username": "V K",
                "rating": 5,
                "contributor_id": "114269399390691489270",
                "description": "The owners are amazing! She was super friendly and helped with recommendations!.\nShe felt like a tia.!  It was an great experience!! I would go again. I ordered the pork pupusa and spicy pork tamale! The black beans are amazing and garlicky!! I ordered the tamarind drink.!! There is ton of coffee and latte drinks for purchase.! 10/10 would reccomend! Around the resturant are jewerly and bags for purchase.!!  It is beautiful decor! Go support Salvadoran businesses!!",
                "link": "https://www.google.com/maps/reviews/data=!4m8!14m7!1m6!2m5!1sChdDSUhNMG9nS0VJQ0FnSURJd3Y2cml3RRAB!2m1!1s0x0:0x56d2ed2776059b99!3m1!1s2@1:CIHM0ogKEICAgIDIwv6riwE%7CCgsIpr7k4gUQ5OLoJA%7C?hl=en-US",
                "images": [
                    {
                        "thumbnail": "https://lh5.googleusercontent.com/p/AF1QipO3yPYGpOgrL7psqTN1WhxNZENJBuzLC3v6Vbj9=w150-h150-k-no-p"
                    },
                    {
                        "thumbnail": "https://lh5.googleusercontent.com/p/AF1QipO_tortHmwJU-2R9j1UK1JSl1Sj6ZM5MGGhxAZI=w150-h150-k-no-p"
                    },
                    {
                        "thumbnail": "https://lh5.googleusercontent.com/p/AF1QipPaIm3619usTzdcuwcwLHbJbKcKkD5_pisHQ40e=w150-h150-k-no-p"
                    },
                    {
                        "thumbnail": "https://lh5.googleusercontent.com/p/AF1QipMkR9i2E-oq8iF1fn_f0i1Jb-rbP6Q_sgXzZWTq=w150-h150-k-no-p"
                    },
                    {
                        "thumbnail": "https://lh5.googleusercontent.com/p/AF1QipMQeZ0wTC4kJeoRSx4VBSgZwXeo_Sl2VHe51k-N=w150-h150-k-no-p"
                    },
                    {
                        "thumbnail": "https://lh5.googleusercontent.com/p/AF1QipO88J8j6gTQ0Cc74yHf9bM1LBGEg3LcehxO8ZpK=w150-h150-k-no-p"
                    }
                ],
                "date": "5 years ago"
            }
        ]
    },
    "Services": {
        "dine_in": true,
        "takeout": true
    }
}