{
    "Title": "Pizza House",
    "Price": [],
    "Place ID": "ChIJA3q9y0WuPIgRVA6XbahB8Oc",
    "Type ID": [],
    "Type": [
        "Pizza restaurant",
        "Caterer",
        "Italian restaurant",
        "Delivery Restaurant",
        "Takeout Restaurant"
    ],
    "Address": "618 Church St, Ann Arbor, MI 48104",
    "GPS Coordinates": {
        "latitude": 42.2743235,
        "longitude": -83.7348193
    },
    "Phone Number": "(734) 995-5095",
    "Rating": 4.1,
    "Rating Summary": [
        {
            "stars": 1,
            "amount": 182
        },
        {
            "stars": 2,
            "amount": 109
        },
        {
            "stars": 3,
            "amount": 244
        },
        {
            "stars": 4,
            "amount": 524
        },
        {
            "stars": 5,
            "amount": 1128
        }
    ],
    "Opening Hours": [
        {
            "tuesday": "10:30 AM–4 AM"
        },
        {
            "wednesday": "10:30 AM–4 AM"
        },
        {
            "thursday": "10:30 AM–4 AM"
        },
        {
            "friday": "10:30 AM–4 AM"
        },
        {
            "saturday": "10:30 AM–4 AM"
        },
        {
            "sunday": "10:30 AM–4 AM"
        },
        {
            "monday": "10:30 AM–4 AM"
        }
    ],
    "Description": "Pizzeria with a roomy, laid-back dining room serving deep-dish pies & other Italian eats.",
    "Details": [
        {
            "highlights": [
                "Fast service",
                "Fireplace",
                "Great dessert",
                "Sports"
            ]
        },
        {
            "popular_for": [
                "Lunch",
                "Dinner",
                "Solo dining"
            ]
        },
        {
            "accessibility": [
                "Wheelchair accessible entrance",
                "Wheelchair accessible parking lot",
                "Wheelchair accessible restroom",
                "Wheelchair accessible seating"
            ]
        },
        {
            "offerings": [
                "Alcohol",
                "Beer",
                "Cocktails",
                "Coffee",
                "Comfort food",
                "Happy hour drinks",
                "Happy hour food",
                "Hard liquor",
                "Late-night food",
                "Vegetarian options",
                "Wine"
            ]
        },
        {
            "dining_options": [
                "Lunch",
                "Dinner",
                "Catering",
                "Dessert",
                "Seating"
            ]
        },
        {
            "amenities": [
                "Bar onsite",
                "Restroom"
            ]
        },
        {
            "atmosphere": [
                "Casual",
                "Cozy",
                "Trendy"
            ]
        },
        {
            "crowd": [
                "College students",
                "Groups",
                "Tourists"
            ]
        },
        {
            "planning": [
                "Accepts reservations"
            ]
        },
        {
            "payments": [
                "Credit cards",
                "Debit cards",
                "NFC mobile payments"
            ]
        },
        {
            "children": [
                "Good for kids",
                "High chairs",
                "Kids' menu"
            ]
        },
        {
            "parking": [
                "Paid parking garage",
                "Paid parking lot",
                "Paid street parking",
                "Somewhat difficult to find a space"
            ]
        },
        {
            "pets": [
                "Dogs allowed outside"
            ]
        }
    ],
    "User Reviews": {
        "summary": [
            {
                "snippet": "\"Great service, nice restaurant, great food, and beers at a reasonable price.\""
            },
            {
                "snippet": "\"Three delicious pieces of fried fish, amazing chips and scrumptious Cole slaw\""
            },
            {
                "snippet": "\"Great Service, friendly staff, enjoyed the Deep Dish Pizza.\""
            }
        ],
        "most_relevant": [
            {
                "username": "Brian Kelley",
                "rating": 5,
                "contributor_id": "111361786085576139985",
                "description": "Pizza House was a fantastic experience. I ordered a personal pepperoni Chicago style deep dish pizza and it was delicious and filling. It has a great atmosphere and it wasn't too busy on a Sunday at lunchtime. There were great beer options as well. It's also very close to the University of Michigan campus so we walked over there after we ate. Highly recommend!",
                "link": "https://www.google.com/maps/reviews/data=!4m8!14m7!1m6!2m5!1sChZDSUhNMG9nS0VJQ0FnSUQ3OHFxTGFREAE!2m1!1s0x0:0xe7f041a86d970e54!3m1!1s2@1:CIHM0ogKEICAgID78qqLaQ%7CCgwIsPiftgYQ0NnFuQM%7C?hl=en-US",
                "images": [
                    {
                        "thumbnail": "https://lh5.googleusercontent.com/p/AF1QipP8v2NZR23zje8_UP1VZ2sN7TtemDw7JwM0FnWu=w150-h150-k-no-p"
                    },
                    {
                        "thumbnail": "https://lh5.googleusercontent.com/p/AF1QipPxl-dUh8LnHgyMjnZHOznF2bGhvTbhIKQvektg=w150-h150-k-no-p"
                    }
                ],
                "date": "2 months ago"
            },
            {
                "username": "Ayman Mobin",
                "rating": 5,
                "contributor_id": "114008141728533166726",
                "description": "I really enjoyed being here. The atmosphere is awesome and definitely a place to go when you want to watch a game or immerse yourself in the university environment. I heard great things about the feta bread, so I had to try it, and it exceeded my expectations. I may just come back here for it again. The pizza and wings I had were fine but not particularly memorable, but the feta bread was outstanding. I am definitely coming back to this place for a game day or just to enjoy the feta bread. If you’re in Ann Arbor and looking for a spot for a game day, to be immersed in the university environment, or if you just want some good cheese bread, definitely check this place out.",
                "link": "https://www.google.com/maps/reviews/data=!4m8!14m7!1m6!2m5!1sChdDSUhNMG9nS0VJQ0FnSUNyZ3JYWHFRRRAB!2m1!1s0x0:0xe7f041a86d970e54!3m1!1s2@1:CIHM0ogKEICAgICrgrXXqQE%7CCgsI55ietAYQuNPJXg%7C?hl=en-US",
                "images": [
                    {
                        "thumbnail": "https://lh5.googleusercontent.com/p/AF1QipNR1Zxzc7ysA9NjT8MV5NVMLH2prKSXUsBGEUU4=w150-h150-k-no-p"
                    }
                ],
                "date": "4 months ago"
            },
            {
                "username": "Samuel “Sam I Am” Kline",
                "rating": 5,
                "contributor_id": "101787366704718866278",
                "description": "Great service, boneless wings are the best I've ever had, loved the thin crust pizza.",
                "link": "https://www.google.com/maps/reviews/data=!4m8!14m7!1m6!2m5!1sChdDSUhNMG9nS0VJQ0FnSUNubllHbWl3RRAB!2m1!1s0x0:0xe7f041a86d970e54!3m1!1s2@1:CIHM0ogKEICAgICnnYGmiwE%7CCgwI6LrhtwYQ2K-KrwI%7C?hl=en-US",
                "images": [
                    {
                        "thumbnail": "https://lh5.googleusercontent.com/p/AF1QipOtUrJtsdoOiHKWvgFZWCNkJFmBJfXY-RtDbWB6=w150-h150-k-no-p"
                    },
                    {
                        "thumbnail": "https://lh5.googleusercontent.com/p/AF1QipOYppQvBfXGCwmAS9yPuNjmQysNQZGA45j0aQd4=w150-h150-k-no-p"
                    },
                    {
                        "thumbnail": "https://lh5.googleusercontent.com/p/AF1QipMCsccoz9f-w_-eLRCNzeSKSLIWTzJBCHiiGjl8=w150-h150-k-no-p"
                    },
                    {
                        "thumbnail": "https://lh5.googleusercontent.com/p/AF1QipPvsUWkV_PAPo_855L522iZAx2DUs1gbYZZaAVY=w150-h150-k-no-p"
                    }
                ],
                "date": "a month ago"
            },
            {
                "username": "Abby McLeod",
                "rating": 2,
                "contributor_id": "104632679231153736816",
                "description": "Sundried tomatoes cost $2.25 because they’re a \"premium topping\" and they were burnt. My gfs baked ziti with alfredo sauce was not baked at all.",
                "link": "https://www.google.com/maps/reviews/data=!4m8!14m7!1m6!2m5!1sChZDSUhNMG9nS0VJQ0FnSUNuaU5xSE5REAE!2m1!1s0x0:0xe7f041a86d970e54!3m1!1s2@1:CIHM0ogKEICAgICniNqHNQ%7CCgwIkcG-twYQqPrtvwI%7C?hl=en-US",
                "images": [
                    {
                        "thumbnail": "https://lh5.googleusercontent.com/p/AF1QipMq5rn9KrrkWqioUCsJtD3xXqagHmtwOAOVniEY=w150-h150-k-no-p"
                    },
                    {
                        "thumbnail": "https://lh5.googleusercontent.com/p/AF1QipNFWQhmsBHFLSIfe4zUuyEiIUeocKnno5SwI8Ku=w150-h150-k-no-p"
                    }
                ],
                "date": "a month ago"
            },
            {
                "username": "Bradley Johnson",
                "rating": 2,
                "contributor_id": "106748219017213479817",
                "description": "Pizza House in Ann Arbor offers tasty food and decent service, but be prepared for a serious sticker shock. I recently dined there and was frankly floored by the final bill. We ordered two small vegetarian pizzas, a salad, and a kids' meal, which came to a staggering $123 after a 5% service charge was added. When we questioned our waitress about the price, she confirmed that a small vegetarian pizza was indeed $28. While the pizzas were good, they certainly weren't that good.\n\nIt's possible there was a mistake in the order entry. Perhaps we were charged for large pizzas instead of small or maybe a deep dish, or maybe there were some extra toppings added inadvertently. $28 for a small vegetarian pizza, even in a popular college town, seems incredibly high. I've dined at many pizzerias, and this price point is significantly higher than average for a basic vegetarian pizza, regardless of size.\n\nThe 5% service charge added to the bill also felt a bit unusual. While I appreciate restaurants ensuring their staff is compensated, adding a mandatory service charge feels a little sneaky. It certainly added to the overall feeling of being overcharged.\n\nSetting aside the price, the food itself was enjoyable. The pizzas were well-made with fresh ingredients and a nicely cooked crust. The salad was fresh and crisp. Our waitress, despite the pricing confusion, was friendly and attentive throughout our meal. Unfortunately, we will probably never be back.",
                "link": "https://www.google.com/maps/reviews/data=!4m8!14m7!1m6!2m5!1sChZDSUhNMG9nS0VJQ0FnSURuN2FUMFVREAE!2m1!1s0x0:0xe7f041a86d970e54!3m1!1s2@1:CIHM0ogKEICAgIDn7aT0UQ%7CCgwIwP2VuAYQgPiksQM%7C?hl=en-US",
                "date": "a month ago"
            },
            {
                "username": "Jeffrey Scott",
                "rating": 5,
                "contributor_id": "108496281754242038698",
                "description": "First time to AA and wanted to try the hot local spots and this was on the list.  I like the atmosphere, lots of options on pizzas and the service was great.  Very interactive pad for menu.",
                "link": "https://www.google.com/maps/reviews/data=!4m8!14m7!1m6!2m5!1sChdDSUhNMG9nS0VJQ0FnSUNucEt1YnV3RRAB!2m1!1s0x0:0xe7f041a86d970e54!3m1!1s2@1:CIHM0ogKEICAgICnpKubuwE%7CCgsIkYTDtwYQuOnqGQ%7C?hl=en-US",
                "images": [
                    {
                        "thumbnail": "https://lh5.googleusercontent.com/p/AF1QipNPpzUMm-2rs_hkxANSgx4EAzhxAGV1xwRC8TjC=w150-h150-k-no-p"
                    },
                    {
                        "thumbnail": "https://lh5.googleusercontent.com/p/AF1QipN1IMlb5M3WON4g5jqCLkI6oK5maMmOYVY098sK=w150-h150-k-no-p"
                    },
                    {
                        "thumbnail": "https://lh5.googleusercontent.com/p/AF1QipMrf5y2nNM1CEto098bdJpAmNmCY4UtN0QhAALj=w150-h150-k-no-p"
                    },
                    {
                        "thumbnail": "https://lh5.googleusercontent.com/p/AF1QipMQRFjqMbJeAP_C5JrhAQpqbA1GSykOsjRfw-Yz=w150-h150-k-no-p"
                    },
                    {
                        "thumbnail": "https://lh5.googleusercontent.com/p/AF1QipMtwb1-FWYuAD0OOFk2V2uiQe9CHxqDkD4RyOjK=w150-h150-k-no-p"
                    }
                ],
                "date": "a month ago"
            },
            {
                "username": "Mike Alans",
                "rating": 5,
                "contributor_id": "102889952123644361169",
                "description": "Their pizzas, though a bit expensive, are unquestionably good. Especially enjoyed the Southern BBQ option and the House Special as always.\nReally wanted to shout-out to their amazing lasagne which surprised our group! Such a rich and savory treat with great choice of cheese too! Loved every last bit of it.",
                "link": "https://www.google.com/maps/reviews/data=!4m8!14m7!1m6!2m5!1sChZDSUhNMG9nS0VJQ0FnSUNCeXJqR1FBEAE!2m1!1s0x0:0xe7f041a86d970e54!3m1!1s2@1:CIHM0ogKEICAgICByrjGQA%7CCgsImquPnQYQ4LHkKQ%7C?hl=en-US",
                "images": [
                    {
                        "thumbnail": "https://lh5.googleusercontent.com/p/AF1QipNMSK6oTmuy73zXEnScRWO53JwbUr84_GerJaBX=w150-h150-k-no-p"
                    },
                    {
                        "thumbnail": "https://lh5.googleusercontent.com/p/AF1QipPZpre-e_ePwOSbgxHyyAN9SdvMXnpUPEOrLJU-=w150-h150-k-no-p"
                    },
                    {
                        "thumbnail": "https://lh5.googleusercontent.com/p/AF1QipOyQr4GJXN5l5QdClQhZ1glbmJ6V4_ctVzA1FXn=w150-h150-k-no-p"
                    },
                    {
                        "thumbnail": "https://lh5.googleusercontent.com/p/AF1QipNEl9jO1DHVKm5oURo4OTKNrctjKVhoVB6R9NdV=w150-h150-k-no-p"
                    },
                    {
                        "thumbnail": "https://lh5.googleusercontent.com/p/AF1QipOfRofIFK45f7P2HUZ1GeMvXZqrwtDPvRUeFZOW=w150-h150-k-no-p"
                    },
                    {
                        "thumbnail": "https://lh5.googleusercontent.com/p/AF1QipPffs1v0G4J6UqUw_aVQ4qT-G9syBR1weFF5s6m=w150-h150-k-no-p"
                    }
                ],
                "date": "a year ago"
            },
            {
                "username": "Cindy Lynn",
                "rating": 5,
                "contributor_id": "108097658627200764640",
                "description": "Highly recommended this pizza restaurant. The best Chicago pizza I have ever had.  The service is amazing.",
                "link": "https://www.google.com/maps/reviews/data=!4m8!14m7!1m6!2m5!1sChZDSUhNMG9nS0VJQ0FnSUN6OFlyOFVREAE!2m1!1s0x0:0xe7f041a86d970e54!3m1!1s2@1:CIHM0ogKEICAgICz8Yr8UQ%7CCgsIwfXzsgYQ-Pn1Ug%7C?hl=en-US",
                "images": [
                    {
                        "thumbnail": "https://lh5.googleusercontent.com/p/AF1QipPzTPq8H8xLkaQh4joFzl0PMYpJGUF7BPNAElfs=w150-h150-k-no-p"
                    },
                    {
                        "thumbnail": "https://lh5.googleusercontent.com/p/AF1QipOoGBtVpPfRIJszUlRNxeBZxl6m2xPSTUpkeaY7=w150-h150-k-no-p"
                    }
                ],
                "date": "5 months ago"
            }
        ]
    },
    "Services": {
        "dine_in": true,
        "takeout": true,
        "no_contact_delivery": true
    }
}