{
    "Title": "Poke Poke - Sushi Unrolled",
    "Price": [],
    "Place ID": "ChIJbYoAS0WvPIgRYIx-o2hX2kQ",
    "Type ID": [],
    "Type": [
        "Sushi restaurant",
        "Asian restaurant",
        "Fast food restaurant",
        "Hawaiian restaurant",
        "Japanese restaurant",
        "Poke bar",
        "Raw food restaurant",
        "Restaurant",
        "Sushi takeaway"
    ],
    "Address": "312 S State St, Ann Arbor, MI 48104",
    "GPS Coordinates": {
        "latitude": 42.278871099999996,
        "longitude": -83.7410319
    },
    "Phone Number": "(734) 263-2155",
    "Rating": 4,
    "Rating Summary": [
        {
            "stars": 1,
            "amount": 15
        },
        {
            "stars": 2,
            "amount": 8
        },
        {
            "stars": 3,
            "amount": 15
        },
        {
            "stars": 4,
            "amount": 28
        },
        {
            "stars": 5,
            "amount": 81
        }
    ],
    "Opening Hours": [
        {
            "tuesday": "10:30 AM–9 PM"
        },
        {
            "wednesday": "10:30 AM–9 PM"
        },
        {
            "thursday": "10:30 AM–9 PM"
        },
        {
            "friday": "10:30 AM–9 PM"
        },
        {
            "saturday": "10:30 AM–9 PM"
        },
        {
            "sunday": "12–9 PM"
        },
        {
            "monday": "10:30 AM–9 PM"
        }
    ],
    "Description": [],
    "Details": [
        {
            "popular_for": [
                "Lunch",
                "Dinner",
                "Solo dining"
            ]
        },
        {
            "accessibility": [
                "Wheelchair accessible entrance",
                "Wheelchair accessible restroom",
                "Wheelchair accessible seating"
            ]
        },
        {
            "offerings": [
                "Healthy options",
                "Organic dishes",
                "Quick bite",
                "Vegetarian options"
            ]
        },
        {
            "dining_options": [
                "Lunch",
                "Dinner",
                "Catering",
                "Dessert",
                "Seating"
            ]
        },
        {
            "amenities": [
                "Gender-neutral restroom",
                "Restroom",
                "Wi-Fi",
                "Free Wi-Fi"
            ]
        },
        {
            "atmosphere": [
                "Casual",
                "Trendy"
            ]
        },
        {
            "crowd": [
                "College students",
                "Family-friendly"
            ]
        },
        {
            "planning": [
                "Accepts reservations"
            ]
        },
        {
            "payments": [
                "Credit cards",
                "Debit cards",
                "NFC mobile payments"
            ]
        },
        {
            "children": [
                "Good for kids",
                "High chairs",
                "Kids' menu"
            ]
        },
        {
            "pets": [
                "Dogs allowed outside"
            ]
        }
    ],
    "User Reviews": {
        "summary": [
            {
                "snippet": "\"Prices could be a bit lower but the bowl was great and it was pretty filling.\""
            },
            {
                "snippet": "\"Fresh ingredients with incredible flavors and great texture combinations.\""
            },
            {
                "snippet": "\"Staff is cool beans all around food is great too!\""
            }
        ],
        "most_relevant": [
            {
                "username": "a new yorker",
                "rating": 3,
                "contributor_id": "117488137664604134936",
                "description": "Food: 3\nStaff: 4\nEnvironment: 4\n\nNot the best or good poke but it is what it is for Ann Arbor standards and options. The name of the establishment is… inaccurate but I’ll just leave it at that. Staff were nice though and there’s lots of indoor seating with free self-service water!",
                "link": "https://www.google.com/maps/reviews/data=!4m8!14m7!1m6!2m5!1sChdDSUhNMG9nS0VJQ0FnSURtd3NiaDNnRRAB!2m1!1s0x0:0x44da5768a37e8c60!3m1!1s2@1:CIHM0ogKEICAgIDmwsbh3gE%7CCgsIn_axjwYQkIzMaw%7C?hl=en-US",
                "images": [
                    {
                        "thumbnail": "https://lh5.googleusercontent.com/p/AF1QipPcEBGfauJ0h1dbgOiGlIXHLmAPKbj5aHGg7JsA=w150-h150-k-no-p"
                    }
                ],
                "date": "2 years ago"
            },
            {
                "username": "James Moon Beats",
                "rating": 2,
                "contributor_id": "105556789686777315055",
                "description": "If you’re looking for a job I don’t recommend you working here. Francis (hiring area manager) is sketchy and makes false promises when you’re hired (ie: you’ll be training as a manager and get stuck as a dishwasher/ line helper), Laurence (area training manager) is the only decent person there but he’s barely there, And the shift lead sahad, she’s just unpleasant and will regularly bump into you without saying excuse me. Honestly one of the worst group of people and working experiences I’ve come across.",
                "link": "https://www.google.com/maps/reviews/data=!4m8!14m7!1m6!2m5!1sChZDSUhNMG9nS0VJQ0FnSUNYdnNfaUNnEAE!2m1!1s0x0:0x44da5768a37e8c60!3m1!1s2@1:CIHM0ogKEICAgICXvs_iCg%7CCgwI_q_CuAYQoOuPsgI%7C?hl=en-US",
                "date": "3 weeks ago"
            },
            {
                "username": "Subhendu Pramanik",
                "rating": 5,
                "contributor_id": "106118869630899562540",
                "description": "They have some good foods with lots of natural flavours.",
                "link": "https://www.google.com/maps/reviews/data=!4m8!14m7!1m6!2m5!1sChdDSUhNMG9nS0VJQ0FnSUN6dGJMQndnRRAB!2m1!1s0x0:0x44da5768a37e8c60!3m1!1s2@1:CIHM0ogKEICAgICztbLBwgE%7CCgwIjs_4sgYQ0LSOigM%7C?hl=en-US",
                "images": [
                    {
                        "thumbnail": "https://lh5.googleusercontent.com/p/AF1QipPiHjYW_bjY4UMdTbhJpOdHRZeTGvnW0zV3ujCF=w150-h150-k-no-p"
                    }
                ],
                "date": "5 months ago"
            },
            {
                "username": "Steve Adams",
                "rating": 5,
                "contributor_id": "107605365591009102721",
                "description": "Went for the first time today after saying \"I should go in there\" since it opened last year. I was pleasantly surprised at the quality of the bowl. I got the Tuna lover bowl and it was just awesome. Loved the spicy tuna and spicy mayo on top. And the worker who served me was super helpful after I told her it was my first time. Definitely going back to try more things and maybe I'll get adventurous and try to create my own.\n\nThe only bad thing I could say is that this large bowl was $15. Pricy, but expected given it's sushi grade tuna.",
                "link": "https://www.google.com/maps/reviews/data=!4m8!14m7!1m6!2m5!1sChZDSUhNMG9nS0VJQ0FnSURDOGI2c2J3EAE!2m1!1s0x0:0x44da5768a37e8c60!3m1!1s2@1:CIHM0ogKEICAgIDC8b6sbw%7CCgwIlfDX-wUQuIrA8QI%7C?hl=en-US",
                "images": [
                    {
                        "thumbnail": "https://lh5.googleusercontent.com/p/AF1QipNIR79h1URCEyxCvE2y085ryip3KwXGxHdo58xf=w150-h150-k-no-p"
                    }
                ],
                "date": "4 years ago"
            },
            {
                "username": "Joey Pistonetti",
                "rating": 5,
                "contributor_id": "106770050754566101863",
                "description": "Great food and great customer service. The workers, Francis and Leanna, are amazing and my friends and I got along with them (and my friend bought a second bowl after that).",
                "link": "https://www.google.com/maps/reviews/data=!4m8!14m7!1m6!2m5!1sChdDSUhNMG9nS0VJQ0FnSURIcVAydDlnRRAB!2m1!1s0x0:0x44da5768a37e8c60!3m1!1s2@1:CIHM0ogKEICAgIDHqP2t9gE%7CCgsI8_eItwYQ6KGXLQ%7C?hl=en-US",
                "date": "2 months ago"
            },
            {
                "username": "Alexandrea Pang",
                "rating": 5,
                "contributor_id": "117051586960245115083",
                "description": "I got a large spicy tuna crunch bowl. It was wonderfully scrumptious, although I should note did ask to replace the onion with watermelon radish. They let me freely adjust or add anything you want. The people working here were really nice in showing newcomers in how it all works too, so don't be shy!",
                "link": "https://www.google.com/maps/reviews/data=!4m8!14m7!1m6!2m5!1sChdDSUhNMG9nS0VJQ0FnSUM0NjhYc2dBRRAB!2m1!1s0x0:0x44da5768a37e8c60!3m1!1s2@1:CIHM0ogKEICAgIC468XsgAE%7CCgwI0KCA6AUQsJebwwE%7C?hl=en-US",
                "images": [
                    {
                        "thumbnail": "https://lh5.googleusercontent.com/p/AF1QipNvrAQulMW_KC1zR34UPFrepfGWqRYaufZhGQ6q=w150-h150-k-no-p"
                    },
                    {
                        "thumbnail": "https://lh5.googleusercontent.com/p/AF1QipPQHR3eKDyCtyYme3PXAyo_61aVYTuPTfcGpnhU=w150-h150-k-no-p"
                    }
                ],
                "date": "5 years ago"
            },
            {
                "username": "Donovan Cogswell",
                "rating": 5,
                "contributor_id": "112497670618676721777",
                "description": "Awesome. Everything tasted fantastic and the service was perfect. Francis and Leonna are amazing people. Love it!",
                "link": "https://www.google.com/maps/reviews/data=!4m8!14m7!1m6!2m5!1sChdDSUhNMG9nS0VJQ0FnSURIcUlQcTFnRRAB!2m1!1s0x0:0x44da5768a37e8c60!3m1!1s2@1:CIHM0ogKEICAgIDHqIPq1gE%7CCgwIqPiItwYQwN_ipgM%7C?hl=en-US",
                "date": "2 months ago"
            },
            {
                "username": "dew",
                "rating": 5,
                "contributor_id": "102442805108159984398",
                "description": "Francis and Leonna provided an A-1 dining experience. would definitely recommend.",
                "link": "https://www.google.com/maps/reviews/data=!4m8!14m7!1m6!2m5!1sChZDSUhNMG9nS0VJQ0FnSURIcVAyU1VREAE!2m1!1s0x0:0x44da5768a37e8c60!3m1!1s2@1:CIHM0ogKEICAgIDHqP2SUQ%7CCgwI0veItwYQqKjq1wI%7C?hl=en-US",
                "date": "2 months ago"
            }
        ]
    },
    "Services": {
        "dine_in": true,
        "takeout": true,
        "no_contact_delivery": true
    }
}