{
    "Title": "Potbelly Sandwich Shop",
    "Price": [],
    "Place ID": "ChIJrxzXnECuPIgRnBbAroFGUS8",
    "Type ID": [],
    "Type": [
        "Sandwich shop",
        "Beverage distributor",
        "Catering food and drink supplier",
        "Caterer",
        "Deli",
        "Fast food restaurant",
        "Lunch restaurant",
        "Restaurant supply store"
    ],
    "Address": "300 S State St, Ann Arbor, MI 48104",
    "GPS Coordinates": {
        "latitude": 42.279212099999995,
        "longitude": -83.74097549999999
    },
    "Phone Number": "(734) 205-7000",
    "Rating": 4.2,
    "Rating Summary": [
        {
            "stars": 1,
            "amount": 19
        },
        {
            "stars": 2,
            "amount": 10
        },
        {
            "stars": 3,
            "amount": 27
        },
        {
            "stars": 4,
            "amount": 78
        },
        {
            "stars": 5,
            "amount": 171
        }
    ],
    "Opening Hours": [
        {
            "tuesday": "10 AM–9 PM"
        },
        {
            "wednesday": "10 AM–9 PM"
        },
        {
            "thursday": "10 AM–9 PM"
        },
        {
            "friday": "10 AM–9 PM"
        },
        {
            "saturday": "10 AM–9 PM"
        },
        {
            "sunday": "10 AM–9 PM"
        },
        {
            "monday": "10 AM–9 PM"
        }
    ],
    "Description": "Retro-style counter-serve chain known for made-to-order toasted sandwiches, salads & baked goods.",
    "Details": [
        {
            "highlights": [
                "Live music"
            ]
        },
        {
            "popular_for": [
                "Lunch",
                "Dinner",
                "Solo dining"
            ]
        },
        {
            "accessibility": [
                "Wheelchair accessible entrance",
                "Wheelchair accessible restroom",
                "Wheelchair accessible seating"
            ]
        },
        {
            "offerings": [
                "Comfort food",
                "Healthy options",
                "Quick bite",
                "Vegetarian options"
            ]
        },
        {
            "dining_options": [
                "Lunch",
                "Dinner",
                "Catering",
                "Dessert",
                "Seating"
            ]
        },
        {
            "amenities": [
                "Restroom"
            ]
        },
        {
            "atmosphere": [
                "Casual",
                "Cozy",
                "Trendy"
            ]
        },
        {
            "crowd": [
                "College students",
                "Family-friendly",
                "Groups",
                "Tourists"
            ]
        },
        {
            "payments": [
                "Credit cards",
                "Debit cards",
                "NFC mobile payments"
            ]
        },
        {
            "children": [
                "Good for kids",
                "High chairs"
            ]
        }
    ],
    "User Reviews": {
        "summary": [
            {
                "snippet": "\"Really cool location, friendly service, and my family loved the sandwiches.\""
            },
            {
                "snippet": "\"Never too crowded, fast service, and a great place to eat/study upstairs\""
            },
            {
                "snippet": "\"Prices were a little high, but the food is tasty.\""
            }
        ],
        "most_relevant": [
            {
                "username": "Maurielle C",
                "rating": 5,
                "contributor_id": "102013884837832721376",
                "description": "Great restaurant! Love potbelly, at least this location. The prices are very reasonable and portions are good. One meal and a milkshake had me full for hours (in a good way). I would recommend every sandwich, very flavorful! The milkshakes were also delicious and well worth the money. Oreo flavor is perfect.",
                "link": "https://www.google.com/maps/reviews/data=!4m8!14m7!1m6!2m5!1sChZDSUhNMG9nS0VJQ0FnSUNabzdhS1hREAE!2m1!1s0x0:0x2f514681aec0169c!3m1!1s2@1:CIHM0ogKEICAgICZo7aKXQ%7CCgwIx8uZqAYQwPXIzgE%7C?hl=en-US",
                "images": [
                    {
                        "thumbnail": "https://lh5.googleusercontent.com/p/AF1QipPhE-8UZSQanfPzXyKcspJUfdmZrUHEhWL3Ow94=w150-h150-k-no-p"
                    },
                    {
                        "thumbnail": "https://lh5.googleusercontent.com/p/AF1QipPYIrQDLc9ROIftK_Ggwa8jjdIcY1znYsjB0lf4=w150-h150-k-no-p"
                    },
                    {
                        "thumbnail": "https://lh5.googleusercontent.com/p/AF1QipOgIF2qF2_8fj_swoD7M1zvIL-wBzJgCEea-VEh=w150-h150-k-no-p"
                    },
                    {
                        "thumbnail": "https://lh5.googleusercontent.com/p/AF1QipPx7HCwNfrneUSJPdOotV77nDbXB25m0qpKTh1j=w150-h150-k-no-p"
                    },
                    {
                        "thumbnail": "https://lh5.googleusercontent.com/p/AF1QipMQdyvWYy0SW7gkR5mpuS5gSKjGdzUUzI1TcUj4=w150-h150-k-no-p"
                    },
                    {
                        "thumbnail": "https://lh5.googleusercontent.com/p/AF1QipOhnNkiv0VYHf6b7sdLmvQ7_h0yxZ-Vku-vqmfC=w150-h150-k-no-p"
                    }
                ],
                "date": "a year ago"
            },
            {
                "username": "Aria Savadkouei",
                "rating": 5,
                "contributor_id": "108483467423952890636",
                "description": "The food is high-quality and fresh, there are many options thanks to customizability, the service is quick and friendly, location is great and convenient. This is the perfect go-to sandwich shop. All the sandwiches are great, just make sure to add the hot peppers.\nThe Mediterranean is my personal favorite.",
                "link": "https://www.google.com/maps/reviews/data=!4m8!14m7!1m6!2m5!1sChZDSUhNMG9nS0VJQ0FnSURObmMyaUNBEAE!2m1!1s0x0:0x2f514681aec0169c!3m1!1s2@1:CIHM0ogKEICAgIDNnc2iCA%7CCgsIrsbHrQYQqKnYVQ%7C?hl=en-US",
                "images": [
                    {
                        "thumbnail": "https://lh5.googleusercontent.com/p/AF1QipOxpCZEyffgi8-iVcupyXg5YH51RBEpRdcLnE-J=w150-h150-k-no-p"
                    },
                    {
                        "thumbnail": "https://lh5.googleusercontent.com/p/AF1QipOw0jSADwVEayy8xQf_XtyrwA7kAR2VGbafEieR=w150-h150-k-no-p"
                    }
                ],
                "date": "9 months ago"
            },
            {
                "username": "Diego Viramontes",
                "rating": 5,
                "contributor_id": "105962271317462508228",
                "description": "Great place and they are always polite! They always crack jokes and it’s amazing! I saw this one lady tho her name is Rebekah or something that she was being extremely rude to the customers and she frequently goes to harass everyone. It’s ridiculous she does not even work there she works at CVS. Rude woman. But the staff at Potbelly’s is amazing and super nice.",
                "link": "https://www.google.com/maps/reviews/data=!4m8!14m7!1m6!2m5!1sChdDSUhNMG9nS0VJQ0FnSURYaG9tSzJnRRAB!2m1!1s0x0:0x2f514681aec0169c!3m1!1s2@1:CIHM0ogKEICAgIDXhomK2gE%7CCgwI3pX0uAYQ2OS80wE%7C?hl=en-US",
                "date": "2 weeks ago"
            },
            {
                "username": "Rebekkah Jimenez",
                "rating": 1,
                "contributor_id": "112937743129387344644",
                "description": "I work right by this place and every time I go in they are rude food is good but the manager at this one tall slender woman I have had issues before I even apologized and it takes the bigger person to apologize and she shrugged her shoulders at me so next time I won't apologize actually I'm never going back at this location I work in customer service and it sucks there I order online and pick up only and I was waiting for my food I set a date and time and I paid for a large drink and I got it while I waited and they yelled out sis you pay for that? I have my uniform on from cvs where I work at and I'm not gonna walk up and just take but I paid for mine and I was on my lunch break and was kinda in a rush to get back and eat with only 30 min to eat we are neighbors tho and they treat me poorly and it's crazy to me but nope this spot for me is a no go I'm gonna tell all my friends too about it",
                "link": "https://www.google.com/maps/reviews/data=!4m8!14m7!1m6!2m5!1sChZDSUhNMG9nS0VJQ0FnSURYMHVEN0dnEAE!2m1!1s0x0:0x2f514681aec0169c!3m1!1s2@1:CIHM0ogKEICAgIDX0uD7Gg%7CCgwInKjvuAYQ8LubuAE%7C?hl=en-US",
                "date": "2 weeks ago"
            },
            {
                "username": "Gina",
                "rating": 1,
                "contributor_id": "104410530452265040899",
                "description": "Placed a large lunch order for my office, food was OK, sandwiches lacked flavor and very dry.  Delivery was difficult, driver called and stated they did not speak any english. Once I was able to locate the delivery, the driver couldn’t confirm my order, couldn’t communicate directions for signing. Driver  arrived on a MoPed with my order smushed in between his legs and on the back. Will not be ordering for again!",
                "link": "https://www.google.com/maps/reviews/data=!4m8!14m7!1m6!2m5!1sChdDSUhNMG9nS0VJQ0FnSUNuNzhhOG5RRRAB!2m1!1s0x0:0x2f514681aec0169c!3m1!1s2@1:CIHM0ogKEICAgICn78a8nQE%7CCgwI8M7vtwYQuKWU0wI%7C?hl=en-US",
                "date": "a month ago"
            },
            {
                "username": "Megan K",
                "rating": 1,
                "contributor_id": "110658094405514979409",
                "description": "I have recently started a new job in Ann Arbor, I have never tried Potbelly so I decided to try it for lunch. My last transaction there was Saturday June 15th, which is still processing in my bank account. Today at 1:06 PM I got a charge from a Potbelly in Chicago, IL. I called the Ann Arbor location before I knew it came from Chicago and spoke with their manager Matt, who said there was no history of that transaction at their location.  I finally called my bank and they did confirm the location was indeed in Chicago and did confirm that my card was indeed compromised at the Ann Arbor location considering it is the only Potbelly I have ever visited (which shows in my recent history). Please be careful using your card at their machines or using it there in general because I have only visited a couple times and now my credit card information was stolen by someone.",
                "link": "https://www.google.com/maps/reviews/data=!4m8!14m7!1m6!2m5!1sChdDSUhNMG9nS0VJQ0FnSUNMaXVyLTZRRRAB!2m1!1s0x0:0x2f514681aec0169c!3m1!1s2@1:CIHM0ogKEICAgICLiur-6QE%7CCgwI-v3BswYQuKvhjwI%7C?hl=en-US",
                "date": "4 months ago"
            },
            {
                "username": "Alice",
                "rating": 2,
                "contributor_id": "116095003014113583274",
                "description": "Really want to like this place but my last two powerhouse salads had rotten cucumbers, and since it was to go I didn't know until I was back at work. They had to have seen them while adding the chicken, right? The tomatoes also tasted off even though they looked ok.",
                "link": "https://www.google.com/maps/reviews/data=!4m8!14m7!1m6!2m5!1sChZDSUhNMG9nS0VJQ0FnSUNtc3JXalB3EAE!2m1!1s0x0:0x2f514681aec0169c!3m1!1s2@1:CIHM0ogKEICAgICmsrWjPw%7CCgwIsYmTjgYQsOzevwE%7C?hl=en-US",
                "images": [
                    {
                        "thumbnail": "https://lh5.googleusercontent.com/p/AF1QipPkAXp4tT-9s3uzMPcuumFM8Olyr7KOZZ24A01A=w150-h150-k-no-p"
                    },
                    {
                        "thumbnail": "https://lh5.googleusercontent.com/p/AF1QipN4ihsF1fZLUCJY08jwFl3cbGjoNpyuTHs9_2pa=w150-h150-k-no-p"
                    }
                ],
                "date": "2 years ago"
            },
            {
                "username": "Kathryn Friedlund",
                "rating": 5,
                "contributor_id": "111127439506037021725",
                "description": "Really cool location, friendly service, and my family loved the sandwiches.",
                "link": "https://www.google.com/maps/reviews/data=!4m8!14m7!1m6!2m5!1sChdDSUhNMG9nS0VJQ0FnSUNKM19DTnRnRRAB!2m1!1s0x0:0x2f514681aec0169c!3m1!1s2@1:CIHM0ogKEICAgICJ3_CNtgE%7CCgsIrPKipQYQsLOpWg%7C?hl=en-US",
                "images": [
                    {
                        "thumbnail": "https://lh5.googleusercontent.com/p/AF1QipPOreUEUm4XNHY0aqmRdfb3idOJEuf5ccZ63qrx=w150-h150-k-no-p"
                    },
                    {
                        "thumbnail": "https://lh5.googleusercontent.com/p/AF1QipPKdMpINz9BcZApeasxSBt5pXmOz5WzFgteKANG=w150-h150-k-no-p"
                    }
                ],
                "date": "a year ago"
            }
        ]
    },
    "Services": {
        "dine_in": true,
        "takeout": true,
        "no_contact_delivery": true
    }
}