{
    "Title": "Prime Eatery Burgers & Sandwich’s - Ann Arbor",
    "Price": [],
    "Place ID": "ChIJqaCvbdmvPIgREN0GRWVZQOE",
    "Type ID": [],
    "Type": [
        "Hamburger restaurant",
        "American restaurant",
        "Restaurant"
    ],
    "Address": "Courtyard Shops, 1721 Upland Dr, Ann Arbor, MI 48105",
    "GPS Coordinates": {
        "latitude": 42.298850099999996,
        "longitude": -83.7210975
    },
    "Phone Number": "(734) 665-4430",
    "Rating": 4.3,
    "Rating Summary": [
        {
            "stars": 1,
            "amount": 22
        },
        {
            "stars": 2,
            "amount": 7
        },
        {
            "stars": 3,
            "amount": 8
        },
        {
            "stars": 4,
            "amount": 11
        },
        {
            "stars": 5,
            "amount": 155
        }
    ],
    "Opening Hours": [
        {
            "tuesday": "12–10 PM"
        },
        {
            "wednesday": "12–10 PM"
        },
        {
            "thursday": "12–10 PM"
        },
        {
            "friday": "12 PM–12 AM"
        },
        {
            "saturday": "12 PM–12 AM"
        },
        {
            "sunday": "12–10 PM"
        },
        {
            "monday": "12–10 PM"
        }
    ],
    "Description": [],
    "Details": [
        {
            "from_the_business": [
                "Identifies as women-owned"
            ]
        },
        {
            "highlights": [
                "Sports"
            ]
        },
        {
            "popular_for": [
                "Lunch",
                "Dinner",
                "Solo dining"
            ]
        },
        {
            "accessibility": [
                "Wheelchair accessible entrance",
                "Wheelchair accessible parking lot",
                "Wheelchair accessible restroom",
                "Wheelchair accessible seating"
            ]
        },
        {
            "offerings": [
                "Coffee",
                "Comfort food",
                "Halal food",
                "Healthy options",
                "Late-night food",
                "Quick bite",
                "Small plates",
                "Vegetarian options"
            ]
        },
        {
            "dining_options": [
                "Breakfast",
                "Brunch",
                "Lunch",
                "Dinner",
                "Catering",
                "Counter service",
                "Dessert",
                "Seating"
            ]
        },
        {
            "amenities": [
                "Gender-neutral restroom",
                "Restroom",
                "Wi-Fi",
                "Free Wi-Fi"
            ]
        },
        {
            "atmosphere": [
                "Casual",
                "Trendy"
            ]
        },
        {
            "crowd": [
                "College students",
                "Family-friendly"
            ]
        },
        {
            "planning": [
                "Accepts reservations"
            ]
        },
        {
            "payments": [
                "Credit cards",
                "Debit cards",
                "NFC mobile payments"
            ]
        },
        {
            "children": [
                "Good for kids"
            ]
        },
        {
            "parking": [
                "Free parking lot",
                "Free street parking",
                "Plenty of parking"
            ]
        },
        {
            "pets": [
                "Dogs allowed",
                "Dogs allowed inside",
                "Dogs allowed outside"
            ]
        }
    ],
    "User Reviews": {
        "summary": [
            {
                "snippet": "\"Friendly staff + home cooked syrian food = great experience.\""
            },
            {
                "snippet": "\"Amazing chicken sandwiches with flavor and very very awesome crispy French fries\""
            },
            {
                "snippet": "\"High quality, good selection, friendly service\""
            }
        ],
        "most_relevant": [
            {
                "username": "Emad A",
                "rating": 5,
                "contributor_id": "112467621162803280773",
                "description": "One of the best spots in Ann Arbor for burgers and sandwiches 😋 I tried everything on the menu and they never disappointed. My favorite they have is the smash burgers, waffles fries, mac and cheese bits, chicken nuggets and I like their original prime sauce. They come in clutch if your starving or want a snack late night because they open late. What you see in the photo is the chicken nuggets, mac and cheese bits, and cajun fries.",
                "link": "https://www.google.com/maps/reviews/data=!4m8!14m7!1m6!2m5!1sChdDSUhNMG9nS0VJQ0FnSUNIMV9MbnVBRRAB!2m1!1s0x0:0xe14059654506dd10!3m1!1s2@1:CIHM0ogKEICAgICH1_LnuAE%7CCgwIrc-DtwYQuNvUjgI%7C?hl=en-US",
                "images": [
                    {
                        "thumbnail": "https://lh5.googleusercontent.com/p/AF1QipNGoXQKBOIag7UZ0zG92-KvB7-mi2eZt-q1YERU=w150-h150-k-no-p"
                    },
                    {
                        "thumbnail": "https://lh5.googleusercontent.com/p/AF1QipPg_vrTnC-xufMk92DkeidSccjA7vRyqWCPQery=w150-h150-k-no-p"
                    },
                    {
                        "thumbnail": "https://lh5.googleusercontent.com/p/AF1QipMT07NfwqqeEVtnGKDVK9h_jax1WpMZgmatsr9C=w150-h150-k-no-p"
                    }
                ],
                "date": "2 months ago"
            },
            {
                "username": "Jenny V",
                "rating": 5,
                "contributor_id": "107907398396949394512",
                "description": "Our first visit - it was quick, convenient, and done well. The menu consists of basic wraps, burgers, bowls, sides and such, and I appreciated that it gave me a lot of choices (as someone with a lot of dietary restrictions). They were friendly, prices are reasonable, and seating is available inside and outside.",
                "link": "https://www.google.com/maps/reviews/data=!4m8!14m7!1m6!2m5!1sChdDSUhNMG9nS0VJQ0FnSUNqdl9fd3dRRRAB!2m1!1s0x0:0xe14059654506dd10!3m1!1s2@1:CIHM0ogKEICAgICjv__wwQE%7CCgsIt4u1sQYQkKXpJw%7C?hl=en-US",
                "images": [
                    {
                        "thumbnail": "https://lh5.googleusercontent.com/p/AF1QipNE4ZtrNH1JK-HFR-BjSCtLdl9UWGuZ0y-z_Ae4=w150-h150-k-no-p"
                    },
                    {
                        "thumbnail": "https://lh5.googleusercontent.com/p/AF1QipP6MNNOQL47ZR670v7uALDxMy1ujDBbeVQnhhYz=w150-h150-k-no-p"
                    },
                    {
                        "thumbnail": "https://lh5.googleusercontent.com/p/AF1QipMp3-V81qzwmAlIK2TfwzcvQfaTlrdHf2DABn8g=w150-h150-k-no-p"
                    },
                    {
                        "thumbnail": "https://lh5.googleusercontent.com/p/AF1QipOpPYfCs15ZkSDtOtWsaimshAgPop3QnOsvpKIq=w150-h150-k-no-p"
                    }
                ],
                "date": "6 months ago"
            },
            {
                "username": "N G",
                "rating": 5,
                "contributor_id": "103413346653960750968",
                "description": "If you live in Ann Arbor and you’re not eating here weekly whatttttt are youuuuuu doing ?!? THIS PLACE IS DELICIOUS!!!!! The burgers are some of the best burgers I ever had and the bowls are creative and unique with fresh ingredients and packed with flavor. Absolutely loved it - can’t wait to be back!",
                "link": "https://www.google.com/maps/reviews/data=!4m8!14m7!1m6!2m5!1sChdDSUhNMG9nS0VJQ0FnSURMaFl1ZnZRRRAB!2m1!1s0x0:0xe14059654506dd10!3m1!1s2@1:CIHM0ogKEICAgIDLhYufvQE%7CCgwI5qjuuAYQoP2eqAM%7C?hl=en-US",
                "images": [
                    {
                        "thumbnail": "https://lh5.googleusercontent.com/p/AF1QipNYNTlpqc6_W-KozVjpx2NRSiGsI5mZ8d47b5i9=w150-h150-k-no-p"
                    },
                    {
                        "thumbnail": "https://lh5.googleusercontent.com/p/AF1QipPGrX6aqtZW8QAovTReIwNIQ_TmGezJKFxsCE_m=w150-h150-k-no-p"
                    }
                ],
                "date": "2 weeks ago"
            },
            {
                "username": "John Youhanan",
                "rating": 5,
                "contributor_id": "115336328092603312341",
                "description": "When I first walked in the place had a good vibe and it was a nice little area. I had no wait when ordering and the person that helped me out was helpful and took his time as it was the first time I was there and I was still looking at what I wanted to have. The ordering was seamless and there was and option to add hot Cheetos which I liked. The wait wasn’t too long and once I received my food it was a good amount and it was really good and it just had a good mix of everything that was in the bowl. The atmosphere was also good as there was music playing and a tv with a show going on. I really enjoyed the place and will probably come back again when I am in the Ann Arbor area. I really recommend this place and what it has to offer.",
                "link": "https://www.google.com/maps/reviews/data=!4m8!14m7!1m6!2m5!1sChdDSUhNMG9nS0VJQ0FnSUNUcnBHdzV3RRAB!2m1!1s0x0:0xe14059654506dd10!3m1!1s2@1:CIHM0ogKEICAgICTrpGw5wE%7CCgsIp-ePsgYQoIeFAQ%7C?hl=en-US",
                "images": [
                    {
                        "thumbnail": "https://lh5.googleusercontent.com/p/AF1QipOBdK5fABiKWMnz0TwXAASjTLk3T42v5Tze62fd=w150-h150-k-no-p"
                    }
                ],
                "date": "5 months ago"
            },
            {
                "username": "Megan H.",
                "rating": 5,
                "contributor_id": "114699586787572071474",
                "description": "Great food, great atmosphere, super friendly, and good portions. Definitely worth the time and money. My husband got the Prime Burger and said it was amazing. Cooked perfect and very flavorful. I got the Philli Steak Wrap. So good, very flavorful and with it being our 1st visit. We will definitely be back.",
                "link": "https://www.google.com/maps/reviews/data=!4m8!14m7!1m6!2m5!1sChZDSUhNMG9nS0VJQ0FnSUREbHVpZ0R3EAE!2m1!1s0x0:0xe14059654506dd10!3m1!1s2@1:CIHM0ogKEICAgIDDluigDw%7CCgwIx6rksAYQgO3stgM%7C?hl=en-US",
                "images": [
                    {
                        "thumbnail": "https://lh5.googleusercontent.com/p/AF1QipMeEaFBoxeMszNQc5Ed_xPkWPWu06rlyd84PiIb=w150-h150-k-no-p"
                    },
                    {
                        "thumbnail": "https://lh5.googleusercontent.com/p/AF1QipNaOXUlMYOlzYtmPhq-HD4P7GVvp5ng0sfYsj6F=w150-h150-k-no-p"
                    }
                ],
                "date": "7 months ago"
            },
            {
                "username": "Sir Cartier",
                "rating": 4,
                "contributor_id": "105085733861302995612",
                "description": "I honestly thinks this place is really nice, i went with my buddy he was the one who put me on and the food was gassss i had the steak bowl with bacons it was good i left no single thing on that bowl.\n\nBut the only thing was the wait time i wish they had more workers/griller because when i was there a doordasher had to wait and other people had to wait at least 10-20 min for their food. Which i was not mad at all, the cashier lady was very apologetic and gave us extra meat because we waited a kinda long. But honestly for some people may not so i hope in the future they will have more people working because i just know this place will get busy when school starts again.\n\nTables were little bit dirty, which I understand they only had 1 person working in the front she was very humble and very kind and she cares about her customers she always checks on us if they needed anything like bags or anything…..\n\nBut overall this place is a must try with very good price with good amount of food.",
                "link": "https://www.google.com/maps/reviews/data=!4m8!14m7!1m6!2m5!1sChdDSUhNMG9nS0VJQ0FnSUNUeG9DOXd3RRAB!2m1!1s0x0:0xe14059654506dd10!3m1!1s2@1:CIHM0ogKEICAgICTxoC9wwE%7CCgoIpaSLsgYQyJVu%7C?hl=en-US",
                "images": [
                    {
                        "thumbnail": "https://lh5.googleusercontent.com/p/AF1QipPxMVp1---uonDkB_kKj065Y-Su-PF_oYFAqmx-=w150-h150-k-no-p"
                    },
                    {
                        "thumbnail": "https://lh5.googleusercontent.com/p/AF1QipN62Whbr_7jbQ2HdeBN91qeCzdYTTHdQ3Ubcfwg=w150-h150-k-no-p"
                    },
                    {
                        "thumbnail": "https://lh5.googleusercontent.com/p/AF1QipNZm-2grx7N5ty2HZfRLW9ukR7vhlhQRYtv1K8L=w150-h150-k-no-p"
                    }
                ],
                "date": "5 months ago"
            },
            {
                "username": "D S",
                "rating": 3,
                "contributor_id": "112005065830067888465",
                "description": "Employees were great but chicken looked better than it tasted, I think they use larger chicken tenders for the chicken sandwiches since it was in pieces and were very tough and dry unfortunately. Wished they used fresher chicken didn’t over cook it for the price :(",
                "link": "https://www.google.com/maps/reviews/data=!4m8!14m7!1m6!2m5!1sChdDSUhNMG9nS0VJQ0FnSURqOS02MHNBRRAB!2m1!1s0x0:0xe14059654506dd10!3m1!1s2@1:CIHM0ogKEICAgIDj9-60sAE%7CCgsI-obvsQYQoMWDXA%7C?hl=en-US",
                "images": [
                    {
                        "thumbnail": "https://lh5.googleusercontent.com/p/AF1QipMNfr6N1h-UJZts2i1yjKacKXIUZ-aHJNpI8dPC=w150-h150-k-no-p"
                    }
                ],
                "date": "6 months ago"
            },
            {
                "username": "Jad Mokdad",
                "rating": 5,
                "contributor_id": "111555289705061407102",
                "description": "I recently visited this place and was thoroughly impressed. The cleanliness of the establishment was outstanding, creating a pleasant dining environment. The bowls I tried were absolutely delicious—packed with flavor and perfectly prepared. I'm confident that everything else on the menu is equally fantastic, but for now, I'll be sticking to their bowls because they are truly awesome. Highly recommended!",
                "link": "https://www.google.com/maps/reviews/data=!4m8!14m7!1m6!2m5!1sChdDSUhNMG9nS0VJQ0FnSUNINzlxNHdRRRAB!2m1!1s0x0:0xe14059654506dd10!3m1!1s2@1:CIHM0ogKEICAgICH79q4wQE%7CCgwI6YiBtwYQiNuZ2AM%7C?hl=en-US",
                "date": "2 months ago"
            }
        ]
    },
    "Services": {
        "dine_in": true,
        "curbside_pickup": true,
        "delivery": true
    }
}