{
    "Title": "Real Seafood Company",
    "Price": [],
    "Place ID": "ChIJTdNPZTyuPIgRnknQF3ry6Dc",
    "Type ID": [],
    "Type": [
        "Seafood restaurant"
    ],
    "Address": "341 S Main St, Ann Arbor, MI 48104",
    "GPS Coordinates": {
        "latitude": 42.278402,
        "longitude": -83.748448
    },
    "Phone Number": "(734) 769-7738",
    "Rating": 4.3,
    "Rating Summary": [
        {
            "stars": 1,
            "amount": 73
        },
        {
            "stars": 2,
            "amount": 77
        },
        {
            "stars": 3,
            "amount": 151
        },
        {
            "stars": 4,
            "amount": 383
        },
        {
            "stars": 5,
            "amount": 1138
        }
    ],
    "Opening Hours": [
        {
            "tuesday": "12–10 PM"
        },
        {
            "wednesday": "12–10 PM"
        },
        {
            "thursday": "12–10 PM"
        },
        {
            "friday": "12–11 PM"
        },
        {
            "saturday": "12–11 PM"
        },
        {
            "sunday": "1–9 PM"
        },
        {
            "monday": "4–10 PM"
        }
    ],
    "Description": "Casual seafood mainstay for seafood dishes & local produce plus happy hours in the bar.",
    "Details": [
        {
            "highlights": [
                "Great dessert"
            ]
        },
        {
            "popular_for": [
                "Lunch",
                "Dinner",
                "Solo dining"
            ]
        },
        {
            "accessibility": [
                "Wheelchair accessible entrance",
                "Wheelchair accessible parking lot",
                "Wheelchair accessible restroom",
                "Wheelchair accessible seating"
            ]
        },
        {
            "offerings": [
                "Alcohol",
                "Beer",
                "Cocktails",
                "Coffee",
                "Comfort food",
                "Happy hour drinks",
                "Happy hour food",
                "Hard liquor",
                "Healthy options",
                "Organic dishes",
                "Small plates",
                "Vegetarian options",
                "Wine"
            ]
        },
        {
            "dining_options": [
                "Lunch",
                "Dinner",
                "Dessert",
                "Seating"
            ]
        },
        {
            "amenities": [
                "Bar onsite",
                "Restroom",
                "Wi-Fi",
                "Free Wi-Fi"
            ]
        },
        {
            "atmosphere": [
                "Cozy",
                "Romantic",
                "Trendy",
                "Upscale"
            ]
        },
        {
            "crowd": [
                "Family-friendly",
                "Groups",
                "Tourists"
            ]
        },
        {
            "planning": [
                "Dinner reservations recommended",
                "Accepts reservations"
            ]
        },
        {
            "payments": [
                "Credit cards",
                "Debit cards",
                "NFC mobile payments"
            ]
        },
        {
            "children": [
                "High chairs",
                "Kids' menu"
            ]
        },
        {
            "parking": [
                "Paid parking lot",
                "Paid street parking",
                "Plenty of parking"
            ]
        },
        {
            "pets": [
                "Dogs allowed outside"
            ]
        }
    ],
    "User Reviews": {
        "summary": [
            {
                "snippet": "\"Good food but small portions for price on regular menu.\""
            },
            {
                "snippet": "\"I ordered the steamed muscle and crab bucket and the shrimp and scallop risotto.\""
            },
            {
                "snippet": "\"A bit pricey, but quality eating and service every time I have visited.\""
            }
        ],
        "most_relevant": [
            {
                "username": "Keren Amaya S",
                "rating": 5,
                "contributor_id": "116274254452173456709",
                "description": "Delicious and tasty seafood found here! Everything was a delight in this restaurant.\nWe shared an appetizer and a main course between the two of us and enjoyed thoroughly. We tried the crab cake appetizer, which had large enough pieces of crab, it had a great texture to it, and came with a side of salad. As a main, the crab stuffed lobster was amazing and the portion was very large. It has mashed potatoes and grilled vegetables as sides. The flavours were incredible.\nService was impecable.\nI highly recommend this place.",
                "link": "https://www.google.com/maps/reviews/data=!4m8!14m7!1m6!2m5!1sChZDSUhNMG9nS0VJQ0FnSUNybjRqV1d3EAE!2m1!1s0x0:0x37e8f27a17d0499e!3m1!1s2@1:CIHM0ogKEICAgICrn4jWWw%7CCgwIrY_EtAYQgKDrtwE%7C?hl=en-US",
                "images": [
                    {
                        "thumbnail": "https://lh5.googleusercontent.com/p/AF1QipOhwypYUWIfQ-hDW1QnJNgF8HqJZff9tIh9i53M=w150-h150-k-no-p"
                    },
                    {
                        "thumbnail": "https://lh5.googleusercontent.com/p/AF1QipMHs-yBq1rEle_woHIL3ZQw4K4r6IHDlH981H1X=w150-h150-k-no-p"
                    },
                    {
                        "thumbnail": "https://lh5.googleusercontent.com/p/AF1QipNrgva_9y5OO2X976z9ruAJeWGlQaWDOes72hl3=w150-h150-k-no-p"
                    },
                    {
                        "thumbnail": "https://lh5.googleusercontent.com/p/AF1QipNyCmFwFyeIgu9mo9olpZ4EC1o1JgtGoYurEDPI=w150-h150-k-no-p"
                    },
                    {
                        "thumbnail": "https://lh5.googleusercontent.com/p/AF1QipMiU74sf4uQ2AeDb94SMxd3UnRaQvDPQK5rflyB=w150-h150-k-no-p"
                    },
                    {
                        "thumbnail": "https://lh5.googleusercontent.com/p/AF1QipNBrxBA6OPiSl48TFmHvRCaqmmEEz1-msNEu9iH=w150-h150-k-no-p"
                    },
                    {
                        "thumbnail": "https://lh5.googleusercontent.com/p/AF1QipOf8-ek5HSIduBsFQEvwWNSfPivoljfom6EEtMP=w150-h150-k-no-p"
                    },
                    {
                        "thumbnail": "https://lh5.googleusercontent.com/p/AF1QipNwZje2HcqfmtRIZq0XV0_U5N2HI928j9CwEaRH=w150-h150-k-no-p"
                    },
                    {
                        "thumbnail": "https://lh5.googleusercontent.com/p/AF1QipPO-Lpw1ApgvSZRh35s6JRMKqE6Pt5TpEoFttt_=w150-h150-k-no-p"
                    },
                    {
                        "thumbnail": "https://lh5.googleusercontent.com/p/AF1QipO-xm1XJc5DxBkZh7Q5BlNfUb90lOdTLOg2uS-9=w150-h150-k-no-p"
                    },
                    {
                        "thumbnail": "https://lh5.googleusercontent.com/p/AF1QipPKLOb-dXBOkKj5p5bekcCBhtatwn4ZHfCY__QS=w150-h150-k-no-p"
                    },
                    {
                        "thumbnail": "https://lh5.googleusercontent.com/p/AF1QipOEtuyDKES_mNM0c0WJMki0pCmuoaJ2vbrhb7ul=w150-h150-k-no-p"
                    },
                    {
                        "thumbnail": "https://lh5.googleusercontent.com/p/AF1QipNFZCHJO5MVjykRVpKLGGYMLKu-AV9lI0PrFK7D=w150-h150-k-no-p"
                    },
                    {
                        "thumbnail": "https://lh5.googleusercontent.com/p/AF1QipNUEvojR5PHwh52psuTC3Nm_BwWHVJxGdhWVWNm=w150-h150-k-no-p"
                    },
                    {
                        "thumbnail": "https://lh5.googleusercontent.com/p/AF1QipOFvjzQE8ZMgvw2Q0wHupzhgdqfkOd2Hy81EQuE=w150-h150-k-no-p"
                    },
                    {
                        "thumbnail": "https://lh5.googleusercontent.com/p/AF1QipNvV-68JlY4J7uESHcUMnaY7gHVEP1FVyyql0Ss=w150-h150-k-no-p"
                    }
                ],
                "date": "4 months ago"
            },
            {
                "username": "Kai Ye",
                "rating": 1,
                "contributor_id": "112742742878358426254",
                "description": "There is nothing fresh or tasty in this place. Probably people are writing fake reviews for this place. The half and half steam pots looks like a leftover, and the tomato in the salad taste saggy, the fish is just so so, but whoever made the sauce must hate their job.",
                "link": "https://www.google.com/maps/reviews/data=!4m8!14m7!1m6!2m5!1sChdDSUhNMG9nS0VJQ0FnSUNueGRleWh3RRAB!2m1!1s0x0:0x37e8f27a17d0499e!3m1!1s2@1:CIHM0ogKEICAgICnxdeyhwE%7CCgsIoPXctwYQwOyIFA%7C?hl=en-US",
                "images": [
                    {
                        "thumbnail": "https://lh5.googleusercontent.com/p/AF1QipOUYBAAbwu6h3W8aWsQYgnkopZsSErbsBn8Ayzh=w150-h150-k-no-p"
                    },
                    {
                        "thumbnail": "https://lh5.googleusercontent.com/p/AF1QipMx-IQGGb9__4UFP8P_y5POP4qqsR11AqrXK8pQ=w150-h150-k-no-p"
                    },
                    {
                        "thumbnail": "https://lh5.googleusercontent.com/p/AF1QipPiBA4gLHJwNEZI7ta5zgJGbGWnTrNrs5NtAUZH=w150-h150-k-no-p"
                    },
                    {
                        "thumbnail": "https://lh5.googleusercontent.com/p/AF1QipNVcd1O0iIBIzTco3689CgXroGZoXD5MX4orpd1=w150-h150-k-no-p"
                    }
                ],
                "date": "a month ago"
            },
            {
                "username": "Lola B",
                "rating": 5,
                "contributor_id": "115852208990433622988",
                "description": "This is true fine dining! Very clean professional restaurant. Service was excellent, down to the visit from the GM.\nEach dish served was flavorful and cooked to perfection! Seafood was fresh…crab cakes was not made with a bunch of unnecessary fillers, it was sooo delicious! The salmon was really good as well. They mashed potatoes were just as delicious. The crisp of the rice from my appetizer was really good along with the flavor. We even enjoyed the dessert. As soon as we get back to the area this will be our first stop.",
                "link": "https://www.google.com/maps/reviews/data=!4m8!14m7!1m6!2m5!1sChZDSUhNMG9nS0VJQ0FnSUNqMjZ1TlJREAE!2m1!1s0x0:0x37e8f27a17d0499e!3m1!1s2@1:CIHM0ogKEICAgICj26uNRQ%7CCgwIvIytsQYQqMHIqAI%7C?hl=en-US",
                "images": [
                    {
                        "thumbnail": "https://lh5.googleusercontent.com/p/AF1QipNt7Fs8I7z78pBNLHnuPrOWYVAhp1aLgTS_OnTJ=w150-h150-k-no-p"
                    },
                    {
                        "thumbnail": "https://lh5.googleusercontent.com/p/AF1QipOowEgSDbIyYfT6WVQ7LgPAE5maGFUkscNQQTaO=w150-h150-k-no-p"
                    },
                    {
                        "thumbnail": "https://lh5.googleusercontent.com/p/AF1QipMFZUq34lfX_f5h-dDimdv3Q2535KmygPgARV3I=w150-h150-k-no-p"
                    },
                    {
                        "thumbnail": "https://lh5.googleusercontent.com/p/AF1QipO41v5jl4xos8qaadPbUjtl9Da7JufdQJoXdZkQ=w150-h150-k-no-p"
                    },
                    {
                        "thumbnail": "https://lh5.googleusercontent.com/p/AF1QipMUpKUy3f3doK6XJo5snrG99AbVcGuJUz31ByT_=w150-h150-k-no-p"
                    }
                ],
                "date": "6 months ago"
            },
            {
                "username": "Lauren Graves",
                "rating": 3,
                "contributor_id": "110474860056744326087",
                "description": "Unfortunately, I don’t understand why this place gets so much hype. The food is decent, but in the couple of times we’ve been, someone has been unhappy with their meal. The paella, for example, is underwhelming. It has large chunks of unseasoned, overcooked chicken breast and lacks flavor overall. I got a stuffed salmon that was delicious, but the meal fell flat because it was accompanied by bland steamed vegetables and mashed potatoes. For the price, you can get better seafood elsewhere.",
                "link": "https://www.google.com/maps/reviews/data=!4m8!14m7!1m6!2m5!1sChdDSUhNMG9nS0VJQ0FnSUNIZzhpZml3RRAB!2m1!1s0x0:0x37e8f27a17d0499e!3m1!1s2@1:CIHM0ogKEICAgICHg8ifiwE%7CCgwI68X0tgYQqO7H0AE%7C?hl=en-US",
                "images": [
                    {
                        "thumbnail": "https://lh5.googleusercontent.com/p/AF1QipPMNoLoMyryH2AtcqDrcRvdIlyu05ly8gM_tZFk=w150-h150-k-no-p"
                    }
                ],
                "date": "2 months ago"
            },
            {
                "username": "Jay Patel",
                "rating": 3,
                "contributor_id": "100048605076042753111",
                "description": "Went on a busy Saturday night during Parents weekend. One of the few places that had no wait.\n\nFood was average. Not overly expensive.",
                "link": "https://www.google.com/maps/reviews/data=!4m8!14m7!1m6!2m5!1sChRDSUhNMG9nS0VJQ0FnSURudHZJWhAB!2m1!1s0x0:0x37e8f27a17d0499e!3m1!1s2@1:CIHM0ogKEICAgIDntvIZ%7CCgwIsdyFuAYQqNHduAM%7C?hl=en-US",
                "images": [
                    {
                        "thumbnail": "https://lh5.googleusercontent.com/p/AF1QipPrTlRvfj5HYONqSz9-ORF79XyIiQo9lvPBU-nN=w150-h150-k-no-p"
                    },
                    {
                        "thumbnail": "https://lh5.googleusercontent.com/p/AF1QipP6aU_2I_2fUXoOpg5KdGUeC6nLwjweD_aL2yfk=w150-h150-k-no-p"
                    }
                ],
                "date": "a month ago"
            },
            {
                "username": "Abby Thompson",
                "rating": 5,
                "contributor_id": "112111004499262368619",
                "description": "amazing place!! our sever was great and the food was even better . in the summer they close off part of the street and there’s plenty of outdoor seating. it’s so cool to sit out there and see everything going on on the street. i had the sriracha salmon bowl and it was soooo so so good. it sounds silly but even the bread & butter was good lol. i asked  the host where the bathroom was & he so kindly showed me the way. the staff is awesome and so is the food!:)",
                "link": "https://www.google.com/maps/reviews/data=!4m8!14m7!1m6!2m5!1sChZDSUhNMG9nS0VJQ0FnSURiOV9MTVFREAE!2m1!1s0x0:0x37e8f27a17d0499e!3m1!1s2@1:CIHM0ogKEICAgIDb9_LMQQ%7CCgwI0ezdtQYQ8MmykAI%7C?hl=en-US",
                "images": [
                    {
                        "thumbnail": "https://lh5.googleusercontent.com/p/AF1QipNz2BGFRrULLCuTWUn37P1gvBP2aZQksguPzTAz=w150-h150-k-no-p"
                    }
                ],
                "date": "3 months ago"
            },
            {
                "username": "Jin",
                "rating": 4,
                "contributor_id": "101576246119583711368",
                "description": "It is my first time trying here, and why does it look different from the review? 😭😭 I am crying 😭😭I was not expecting this :( I am so sad guys😭😭",
                "link": "https://www.google.com/maps/reviews/data=!4m8!14m7!1m6!2m5!1sChZDSUhNMG9nS0VJQ0FnSURYLUtqcUV3EAE!2m1!1s0x0:0x37e8f27a17d0499e!3m1!1s2@1:CIHM0ogKEICAgIDX-KjqEw%7CCgsIyNPmuAYQsImBbA%7C?hl=en-US",
                "images": [
                    {
                        "thumbnail": "https://lh5.googleusercontent.com/p/AF1QipPvYV3RWxfKYoUR7GNdgeS4ciZDgi1OpGNgGQsF=w150-h150-k-no-p"
                    },
                    {
                        "thumbnail": "https://lh5.googleusercontent.com/p/AF1QipOwTLgNOS7SEIDYjh5N7DTnM2wBqhevWulqzrOl=w150-h150-k-no-p"
                    }
                ],
                "date": "2 weeks ago"
            },
            {
                "username": "MA Charleston",
                "rating": 3,
                "contributor_id": "107737267357569924235",
                "description": "We dined at the bar on Sept 6. The female bartender was friendly and pretty efficient. For the price, I am not sure the food lives up. My dining partner left a good portion of the seafood meal behind. The bread was fresh and hot, but we did have to ask for it. The tenderloin steak was under how I ordered, but it was quite tender. The asparagus was hard and not very flavorful. The bar area had a nice crowd for happy hour and the open window/door area is a nice touch. It feels like a nice place with potential to improve.",
                "link": "https://www.google.com/maps/reviews/data=!4m8!14m7!1m6!2m5!1sChZDSUhNMG9nS0VJQ0FnSURIZ042aldREAE!2m1!1s0x0:0x37e8f27a17d0499e!3m1!1s2@1:CIHM0ogKEICAgIDHgN6jWQ%7CCgwI89iDtwYQwNPJiQI%7C?hl=en-US",
                "date": "2 months ago"
            }
        ]
    },
    "Services": {
        "dine_in": true,
        "takeout": true,
        "no_contact_delivery": true
    }
}