{
    "Title": "Red Hawk Bar & Grill",
    "Price": [],
    "Place ID": "ChIJpfPAnkCuPIgRuqslOGuIOEk",
    "Type ID": [],
    "Type": [
        "Bar & grill",
        "Grill",
        "Bar",
        "Restaurant"
    ],
    "Address": "316 S State St, Ann Arbor, MI 48104",
    "GPS Coordinates": {
        "latitude": 42.278755,
        "longitude": -83.74105999999999
    },
    "Phone Number": "(734) 994-4004",
    "Rating": 4.3,
    "Rating Summary": [
        {
            "stars": 1,
            "amount": 18
        },
        {
            "stars": 2,
            "amount": 22
        },
        {
            "stars": 3,
            "amount": 60
        },
        {
            "stars": 4,
            "amount": 201
        },
        {
            "stars": 5,
            "amount": 367
        }
    ],
    "Opening Hours": [
        {
            "tuesday": "11:30 AM–9 PM"
        },
        {
            "wednesday": "11:30 AM–9 PM"
        },
        {
            "thursday": "11:30 AM–9 PM"
        },
        {
            "friday": "11:30 AM–10 PM"
        },
        {
            "saturday": "11:30 AM–10 PM"
        },
        {
            "sunday": "4–8 PM"
        },
        {
            "monday": "11:30 AM–9 PM"
        }
    ],
    "Description": "Locally minded joint for casual dining, microbrews & cocktails in an open, airy brick interior.",
    "Details": [
        {
            "highlights": [
                "Fast service",
                "Great dessert"
            ]
        },
        {
            "popular_for": [
                "Lunch",
                "Dinner",
                "Solo dining"
            ]
        },
        {
            "accessibility": [
                "Wheelchair accessible entrance",
                "Wheelchair accessible restroom",
                "Wheelchair accessible seating"
            ]
        },
        {
            "offerings": [
                "Alcohol",
                "Beer",
                "Cocktails",
                "Coffee",
                "Comfort food",
                "Food",
                "Food at bar",
                "Happy hour drinks",
                "Happy hour food",
                "Hard liquor",
                "Late-night food",
                "Quick bite",
                "Small plates",
                "Vegetarian options",
                "Wine"
            ]
        },
        {
            "dining_options": [
                "Brunch",
                "Lunch",
                "Dinner",
                "Dessert",
                "Seating"
            ]
        },
        {
            "amenities": [
                "Bar onsite",
                "Gender-neutral restroom",
                "Restroom",
                "Wi-Fi",
                "Free Wi-Fi"
            ]
        },
        {
            "atmosphere": [
                "Casual",
                "Cozy",
                "Trendy"
            ]
        },
        {
            "crowd": [
                "College students",
                "Family-friendly",
                "Groups",
                "LGBTQ+ friendly",
                "Tourists",
                "Transgender safespace"
            ]
        },
        {
            "planning": [
                "Accepts reservations"
            ]
        },
        {
            "payments": [
                "Credit cards",
                "Debit cards"
            ]
        },
        {
            "children": [
                "High chairs",
                "Kids' menu"
            ]
        },
        {
            "parking": [
                "Paid street parking",
                "Somewhat difficult to find a space"
            ]
        }
    ],
    "User Reviews": {
        "summary": [
            {
                "snippet": "\"Late lunch chop salad and chicken tacos delicious and service was great\""
            },
            {
                "snippet": "\"Great place, super friendly laid back staff, great food, good happy hour.\""
            },
            {
                "snippet": "\"The onion rings were homemade and the corn beef was lean and tasty.\""
            }
        ],
        "most_relevant": [
            {
                "username": "Jenn Borgesen",
                "rating": 5,
                "contributor_id": "107662340582094112333",
                "description": "Great spot to gean a bite before an event. Staff was welcoming food terrific.",
                "link": "https://www.google.com/maps/reviews/data=!4m8!14m7!1m6!2m5!1sChdDSUhNMG9nS0VJQ0FnSURYMWVqcHd3RRAB!2m1!1s0x0:0x4938886b3825abba!3m1!1s2@1:CIHM0ogKEICAgIDX1ejpwwE%7CCgwI_oiFuQYQ0JHMmwE%7C?hl=en-US",
                "images": [
                    {
                        "thumbnail": "https://lh5.googleusercontent.com/p/AF1QipPTjoAGMRL8J4BCP9xB5baKPFIg3JL1hSwGueF4=w150-h150-k-no-p"
                    },
                    {
                        "thumbnail": "https://lh5.googleusercontent.com/p/AF1QipN4CaVXzKeEjPBSg6nk8mcmBARq2Ixm2plTs8n_=w150-h150-k-no-p"
                    }
                ],
                "date": "2 weeks ago"
            },
            {
                "username": "Cody Weikel",
                "rating": 5,
                "contributor_id": "115716008739264853760",
                "description": "We stopped by Red Hawk Bar & Grill for lunch on a Saturday afternoon. It was quiet in the restaurant and the staff was friendly. They let us know of some recommendations and specials. The portions are large and the atmosphere is really relaxed. We enjoyed our meal and our walk downtown.",
                "link": "https://www.google.com/maps/reviews/data=!4m8!14m7!1m6!2m5!1sChZDSUhNMG9nS0VJQ0FnSURwZ05malJ3EAE!2m1!1s0x0:0x4938886b3825abba!3m1!1s2@1:CIHM0ogKEICAgIDpgNfjRw%7CCgsI5snlpgYQqLjkeQ%7C?hl=en-US",
                "images": [
                    {
                        "thumbnail": "https://lh5.googleusercontent.com/p/AF1QipPeH8A170UcxcxPyg0hJ28kAa8lPkvTtmRmm8Ba=w150-h150-k-no-p"
                    },
                    {
                        "thumbnail": "https://lh5.googleusercontent.com/p/AF1QipMKZWRMOSm8i4Gc31KFYQeGPAjcV91oD1Kh32Ur=w150-h150-k-no-p"
                    },
                    {
                        "thumbnail": "https://lh5.googleusercontent.com/p/AF1QipNRUp4cftU9HcUOdVMEgoNrA-8vLifxeDsOtQgG=w150-h150-k-no-p"
                    },
                    {
                        "thumbnail": "https://lh5.googleusercontent.com/p/AF1QipMHz3avYItDW54d_47DXr_C5Wpwecwbmj7H0TAY=w150-h150-k-no-p"
                    },
                    {
                        "thumbnail": "https://lh5.googleusercontent.com/p/AF1QipMdnpRFQdu56LH6pI9mUzlLn-K69dCmide_w4SZ=w150-h150-k-no-p"
                    },
                    {
                        "thumbnail": "https://lh5.googleusercontent.com/p/AF1QipPc7B9KggG0dhQRs_Qlo2AfoAfL-rm4EajGCJur=w150-h150-k-no-p"
                    },
                    {
                        "thumbnail": "https://lh5.googleusercontent.com/p/AF1QipMLaz1kfJ8Rv55f1FsRr_RJ_3rFZf1_CuyCsgl9=w150-h150-k-no-p"
                    },
                    {
                        "thumbnail": "https://lh5.googleusercontent.com/p/AF1QipOHBTEyvUmdQxTq6UnECtLTbQqcHKLuz69PoBiV=w150-h150-k-no-p"
                    },
                    {
                        "thumbnail": "https://lh5.googleusercontent.com/p/AF1QipN5hxVOCyvOekZdsDmiUBSKW-6H8rkdMcu0knor=w150-h150-k-no-p"
                    },
                    {
                        "thumbnail": "https://lh5.googleusercontent.com/p/AF1QipP_6jjWKgqB9euFEOsV1ZIYzN9kgtWIxewYU891=w150-h150-k-no-p"
                    },
                    {
                        "thumbnail": "https://lh5.googleusercontent.com/p/AF1QipM6ZFZhYHSLsmhU54cwwgMhzPg_zLvJ7Vku8cIn=w150-h150-k-no-p"
                    },
                    {
                        "thumbnail": "https://lh5.googleusercontent.com/p/AF1QipOyTfnibppcSop4_qdFOdJSKQIj7l1OAHrz9u8I=w150-h150-k-no-p"
                    }
                ],
                "date": "a year ago"
            },
            {
                "username": "MJDJ",
                "rating": 5,
                "contributor_id": "108460710316173599371",
                "description": "I ordered the Traditional Red Hawk Burger with Steak Fries and the Sweet Potato Fries. The burger came out exactly like I wanted, medium rare. It was tasty and the toppings were fresh. The steak fries weren't anything special but the sweet potato fries had a perfect crisp and paired very well with the chipotle-mayo. I also had the paloma drink here and the flavors didn't pop as much as I wanted it to but, still refreshing nonetheless. Overall experience was great and our waitress Elena was very nice.",
                "link": "https://www.google.com/maps/reviews/data=!4m8!14m7!1m6!2m5!1sChZDSUhNMG9nS0VJQ0FnSUNPbDZyWERnEAE!2m1!1s0x0:0x4938886b3825abba!3m1!1s2@1:CIHM0ogKEICAgICOl6rXDg%7CCgwIvqfKlQYQ8J2CmgE%7C?hl=en-US",
                "images": [
                    {
                        "thumbnail": "https://lh5.googleusercontent.com/p/AF1QipPj0zS8rnZJ48WKdaRUfIbb-5uAYB0vgkxw6oDt=w150-h150-k-no-p"
                    },
                    {
                        "thumbnail": "https://lh5.googleusercontent.com/p/AF1QipNMmtJd1k_PDRFu8v8eMEjKp2xbo9yQfmxlU34H=w150-h150-k-no-p"
                    },
                    {
                        "thumbnail": "https://lh5.googleusercontent.com/p/AF1QipPHq_KelYw3WReuL1QnnnoixQojjAOuo28YrswO=w150-h150-k-no-p"
                    },
                    {
                        "thumbnail": "https://lh5.googleusercontent.com/p/AF1QipPrw_sbRBOSgwl5NzD_L2Fl0_jpKu9sIZOcb4E4=w150-h150-k-no-p"
                    }
                ],
                "date": "2 years ago"
            },
            {
                "username": "Will Pinto",
                "rating": 5,
                "contributor_id": "100547771376732852119",
                "description": "Stopped in for a quick bite and was very pleased with my meal. The atmosphere is great and they offer a ton of seating. I ended up getting the Smoked Turkey Rueben which was so good and something I’ll definitely come back for. Their hand cut fries are also very good and I would recommend getting them with your meal. Price wise they are very fair as my sandwich with a side ended up being about fourteen dollars. Stop by and give them a try!",
                "link": "https://www.google.com/maps/reviews/data=!4m8!14m7!1m6!2m5!1sChdDSUhNMG9nS0VJQ0FnSURwdzkzbXdBRRAB!2m1!1s0x0:0x4938886b3825abba!3m1!1s2@1:CIHM0ogKEICAgIDpw93mwAE%7CCgsIq52wpwYQqO_yDQ%7C?hl=en-US",
                "images": [
                    {
                        "thumbnail": "https://lh5.googleusercontent.com/p/AF1QipObAvm1eBbf-rFueITCA90epEoyo4ImdTcRZNKH=w150-h150-k-no-p"
                    }
                ],
                "date": "a year ago"
            },
            {
                "username": "Tara Brace",
                "rating": 5,
                "contributor_id": "116504362469655944386",
                "description": "Amazing food options, and everything tasted great! One of the best burgers I've had in a long time, and the cheese curds are perfect. Great place for any occasion.",
                "link": "https://www.google.com/maps/reviews/data=!4m8!14m7!1m6!2m5!1sChZDSUhNMG9nS0VJQ0FnSUNaaktlQVZnEAE!2m1!1s0x0:0x4938886b3825abba!3m1!1s2@1:CIHM0ogKEICAgICZjKeAVg%7CCgwIl_7cpwYQ0Kq-jwE%7C?hl=en-US",
                "images": [
                    {
                        "thumbnail": "https://lh5.googleusercontent.com/p/AF1QipMs2ZTqplJXa8-LEcOHVD8lAXZK_Js2cy52ligh=w150-h150-k-no-p"
                    },
                    {
                        "thumbnail": "https://lh5.googleusercontent.com/p/AF1QipPeWqAd8Z5RI-wAuOVMCTNB8qaDZKaa0qoD29xx=w150-h150-k-no-p"
                    }
                ],
                "date": "a year ago"
            },
            {
                "username": "Erwin De Waele",
                "rating": 5,
                "contributor_id": "111135185448612206288",
                "description": "I just had the privilege of devouring the GUMBO of shrimp, chicken and andouille sausages at the Red Hawk. The combination of authenticity, simplicity and savoir-faire in this dish made me fall off my chair. The quality and freshness of the ingredients splashed off the plate and the masterful preparation - brilliant in its simplicity - did the rest. Not only delicious, but also healthy and satiating. Anyone looking for unadulterated quality without fuss, at a fair price in pleasant surroundings, knows where to go.",
                "link": "https://www.google.com/maps/reviews/data=!4m8!14m7!1m6!2m5!1sChZDSUhNMG9nS0VJQ0FnSUQxOGNhMVBBEAE!2m1!1s0x0:0x4938886b3825abba!3m1!1s2@1:CIHM0ogKEICAgID18ca1PA%7CCgwIraPtrAYQkLWm_gE%7C?hl=en-US",
                "images": [
                    {
                        "thumbnail": "https://lh5.googleusercontent.com/p/AF1QipNMncYlBqSkyEYdnO59XbICObwIqWRb4p2bnLR3=w150-h150-k-no-p"
                    }
                ],
                "date": "10 months ago"
            },
            {
                "username": "Joelle McIntosh",
                "rating": 5,
                "contributor_id": "116531557178829740903",
                "description": "Great place to grab an evening bite in Ann Arbor. Decent service and food.  Establishment doesn't have a college town feel eventhough it's right in the middle.",
                "link": "https://www.google.com/maps/reviews/data=!4m8!14m7!1m6!2m5!1sChZDSUhNMG9nS0VJQ0FnSUNkakllb2ZREAE!2m1!1s0x0:0x4938886b3825abba!3m1!1s2@1:CIHM0ogKEICAgICdjIeofQ%7CCgwI1YOsrgYQqOy77QI%7C?hl=en-US",
                "images": [
                    {
                        "thumbnail": "https://lh5.googleusercontent.com/p/AF1QipNp0-SOV7a9H8Z0cz0y9fUy0-4ofToI2qu4WyrT=w150-h150-k-no-p"
                    },
                    {
                        "thumbnail": "https://lh5.googleusercontent.com/p/AF1QipPv5rneO1yK09B5nmGD5jHyYvewXNowT68atkRz=w150-h150-k-no-p"
                    }
                ],
                "date": "8 months ago"
            },
            {
                "username": "James Springer",
                "rating": 5,
                "contributor_id": "106818058448492375763",
                "description": "We are local and this is our go to place. Good food, value, and the service is always great. Love this place. One pet peeve is that it is difficult to get good French fries anymore, they are frequently breaded and coated with chemicals. These fries are au natural!  Yum.",
                "link": "https://www.google.com/maps/reviews/data=!4m8!14m7!1m6!2m5!1sChZDSUhNMG9nS0VJQ0FnSUNiZ3VDRVR3EAE!2m1!1s0x0:0x4938886b3825abba!3m1!1s2@1:CIHM0ogKEICAgICbguCETw%7CCgwIkbWFtQYQyJqwnAI%7C?hl=en-US",
                "date": "3 months ago"
            }
        ]
    },
    "Services": {
        "dine_in": true,
        "curbside_pickup": true,
        "no_contact_delivery": true
    }
}