{
    "Title": "Relish Restaurant",
    "Price": [],
    "Place ID": "ChIJ7WuyNOuvPIgR8E69ygb7Q1s",
    "Type ID": [],
    "Type": [
        "Restaurant",
        "American restaurant",
        "Bar",
        "Breakfast restaurant",
        "Brunch restaurant",
        "Lunch restaurant",
        "Sports bar"
    ],
    "Address": "610 Hilton Blvd, Ann Arbor, MI 48108",
    "GPS Coordinates": {
        "latitude": 42.2389197,
        "longitude": -83.7406465
    },
    "Phone Number": "(734) 369-2810",
    "Rating": 4.3,
    "Rating Summary": [
        {
            "stars": 1,
            "amount": 10
        },
        {
            "stars": 2,
            "amount": 15
        },
        {
            "stars": 3,
            "amount": 21
        },
        {
            "stars": 4,
            "amount": 36
        },
        {
            "stars": 5,
            "amount": 158
        }
    ],
    "Opening Hours": [
        {
            "tuesday": "6:30–11 AM, 3–10 PM"
        },
        {
            "wednesday": "6:30–11 AM, 3–10 PM"
        },
        {
            "thursday": "6:30–11 AM, 3–10 PM"
        },
        {
            "friday": "6:30–11 AM, 3–10 PM"
        },
        {
            "saturday": "7–11 AM, 4–10 PM"
        },
        {
            "sunday": "7–11 AM"
        },
        {
            "monday": "Closed"
        }
    ],
    "Description": "Casual hotel dining room offering American fare, including breakfast, plus a lounge with TV sports.",
    "Details": [
        {
            "from_the_business": [
                "Identifies as women-owned"
            ]
        },
        {
            "highlights": [
                "Fast service",
                "Fireplace",
                "Great beer selection",
                "Great cocktails",
                "Great coffee",
                "Sports"
            ]
        },
        {
            "popular_for": [
                "Breakfast",
                "Dinner",
                "Solo dining"
            ]
        },
        {
            "accessibility": [
                "Wheelchair accessible entrance",
                "Wheelchair accessible parking lot",
                "Wheelchair accessible restroom",
                "Wheelchair accessible seating"
            ]
        },
        {
            "offerings": [
                "Alcohol",
                "Beer",
                "Cocktails",
                "Coffee",
                "Comfort food",
                "Happy hour drinks",
                "Happy hour food",
                "Hard liquor",
                "Late-night food",
                "Organic dishes",
                "Quick bite",
                "Small plates",
                "Vegetarian options",
                "Wine"
            ]
        },
        {
            "dining_options": [
                "Breakfast",
                "Brunch",
                "Dinner",
                "Catering",
                "Counter service",
                "Dessert",
                "Seating"
            ]
        },
        {
            "amenities": [
                "Bar onsite",
                "Gender-neutral restroom",
                "Restroom",
                "Wi-Fi",
                "Free Wi-Fi"
            ]
        },
        {
            "atmosphere": [
                "Casual",
                "Cozy"
            ]
        },
        {
            "crowd": [
                "Family-friendly",
                "Groups",
                "LGBTQ+ friendly",
                "Tourists",
                "Transgender safespace"
            ]
        },
        {
            "planning": [
                "Accepts reservations"
            ]
        },
        {
            "payments": [
                "Credit cards",
                "Debit cards"
            ]
        },
        {
            "children": [
                "Good for kids",
                "High chairs",
                "Kids' menu"
            ]
        },
        {
            "parking": [
                "Free parking lot",
                "Plenty of parking"
            ]
        }
    ],
    "User Reviews": {
        "summary": [
            {
                "snippet": "\"Great food lot of food for the price and service was fast I'll go back again.\""
            },
            {
                "snippet": "\"I ordered the Cajun pasta, which was overly salted.\""
            },
            {
                "snippet": "\"Nice homey environment for late night meals.\""
            }
        ],
        "most_relevant": [
            {
                "username": "Jim Cranfill",
                "rating": 5,
                "contributor_id": "109702862417860180951",
                "description": "I had the 2 meat combo with ribs and brisket. The rub seasoning was very good and the BBQ sauce was amazing! Some of the best BBQ I’ve ever eaten! Nick, the manager waited on me. He was great! Very attentive and sociable. I recommend Relish to anyone that loves BBQ, especially to the weary road warriors like myself.",
                "link": "https://www.google.com/maps/reviews/data=!4m8!14m7!1m6!2m5!1sChZDSUhNMG9nS0VJQ0FnSURYMk5mUUtBEAE!2m1!1s0x0:0x5b43fb06cabd4ef0!3m1!1s2@1:CIHM0ogKEICAgIDX2NfQKA%7CCgwI0fbluAYQkPTo4QE%7C?hl=en-US",
                "images": [
                    {
                        "thumbnail": "https://lh5.googleusercontent.com/p/AF1QipOF0MeSzBOKevZOf_NB1K9cCBe2yDGdtceqgxjZ=w150-h150-k-no-p"
                    }
                ],
                "date": "2 weeks ago"
            },
            {
                "username": "Joseph Harburg",
                "rating": 3,
                "contributor_id": "115201643809833863043",
                "description": "Service was good, water glass was a bit dirty when I sat down. The food was not bad but not great either. The chicken was too dry and brisket didn’t amaze. Definitely decent for being a hotel restaurant. If anything the appetizer was the best part.",
                "link": "https://www.google.com/maps/reviews/data=!4m8!14m7!1m6!2m5!1sChdDSUhNMG9nS0VJQ0FnSUN6cHBqTTJRRRAB!2m1!1s0x0:0x5b43fb06cabd4ef0!3m1!1s2@1:CIHM0ogKEICAgICzppjM2QE%7CCgwIjrTtsgYQyIft6wI%7C?hl=en-US",
                "images": [
                    {
                        "thumbnail": "https://lh5.googleusercontent.com/p/AF1QipOwkh4jhchIKgFaqIvP7HmLy6F6v5jiP9z8JLwy=w150-h150-k-no-p"
                    }
                ],
                "date": "5 months ago"
            },
            {
                "username": "Sathish Kumar",
                "rating": 4,
                "contributor_id": "106648794640870820894",
                "description": "I was having brunch with my relatives and really enjoyed it. The staffs are super friendly, however the food took some time. I loved the ambience. No issues in finding parking.",
                "link": "https://www.google.com/maps/reviews/data=!4m8!14m7!1m6!2m5!1sChdDSUhNMG9nS0VJQ0FnSURUNnFMcnpnRRAB!2m1!1s0x0:0x5b43fb06cabd4ef0!3m1!1s2@1:CIHM0ogKEICAgIDT6qLrzgE%7CCgsI-LS_sgYQyMKDcg%7C?hl=en-US",
                "images": [
                    {
                        "thumbnail": "https://lh5.googleusercontent.com/p/AF1QipPDqGloQMxu2JyQ-UnlQPiV1lBAQrLXh-Ma3GOn=w150-h150-k-no-p"
                    },
                    {
                        "thumbnail": "https://lh5.googleusercontent.com/p/AF1QipM6qEJ3qPrDFIDAKxY9z1AA987CNqHtZdIK0bRi=w150-h150-k-no-p"
                    }
                ],
                "date": "5 months ago"
            },
            {
                "username": "Richard Wallace",
                "rating": 5,
                "contributor_id": "112616664083494813833",
                "description": "Service was efficient. Staff was polite and friendly. Pulled pork was heavenly. Not over spiced with sauce on the side. The way we like it. If have the chance will try the rest of the BBQ selections.\nAlso the whitefish paste really compliments the meal. First time customer. Cost below includes two drinks.",
                "link": "https://www.google.com/maps/reviews/data=!4m8!14m7!1m6!2m5!1sChdDSUhNMG9nS0VJQ0FnSUM3MmZfbXp3RRAB!2m1!1s0x0:0x5b43fb06cabd4ef0!3m1!1s2@1:CIHM0ogKEICAgIC72f_mzwE%7CCgsIga2AtgYQ6O2wOA%7C?hl=en-US",
                "date": "2 months ago"
            },
            {
                "username": "Emanuel Papadakis",
                "rating": 5,
                "contributor_id": "101891123621661877654",
                "description": "First time to University Michigan for parents weekend. Last minute called for reservations for 6. They said yes and the BBQ was amazing. Lisa was our waitress. Great service Amazing food. Will definitely come back.",
                "link": "https://www.google.com/maps/reviews/data=!4m8!14m7!1m6!2m5!1sChZDSUhNMG9nS0VJQ0FnSUNuNWVMa1NBEAE!2m1!1s0x0:0x5b43fb06cabd4ef0!3m1!1s2@1:CIHM0ogKEICAgICn5eLkSA%7CCgwIkMrdtwYQiI3hogI%7C?hl=en-US",
                "date": "a month ago"
            },
            {
                "username": "Ron Hunter",
                "rating": 5,
                "contributor_id": "105565720270933154220",
                "description": "We stayed at the neighboring hotel and after checking in we found out the restaurant was closed (at 5:45PM on a Saturday). The staff member says to us \"go next door to The Kensington, they have a restaurant called Re•Lish. Way better food anyway\". So we walked next door to Re•Lish. We were glad our hotels restaurant was closed about 5mins after sitting down. Our server, Donte, was fantastic. Food was great. Our appetizer was the Corned Beef Egg Rolls, I got the Seared Mahi Mahi and my wife got the 3 PC fried chicken. Well prepared and fast service. We ended up going back the next day for breakfast, Donte was our server again (fantastic server). Really great breakfast. We are already talking about stopping in there when we travel to the Detroit Zoo (which we do quite frequently) because it is on our way.",
                "link": "https://www.google.com/maps/reviews/data=!4m8!14m7!1m6!2m5!1sChZDSUhNMG9nS0VJQ0FnSUNSNDlHX0VREAE!2m1!1s0x0:0x5b43fb06cabd4ef0!3m1!1s2@1:CIHM0ogKEICAgICR49G_EQ%7CCgwIqsfNoQYQ4M_OqgE%7C?hl=en-US",
                "images": [
                    {
                        "thumbnail": "https://lh5.googleusercontent.com/p/AF1QipN_NJM-3NRz_BmcQK_BT8MX68559V4czqGjJZoI=w150-h150-k-no-p"
                    },
                    {
                        "thumbnail": "https://lh5.googleusercontent.com/p/AF1QipMcp48xE6n0qekHLo-OnDV0dkurcZFkexLYlKcf=w150-h150-k-no-p"
                    },
                    {
                        "thumbnail": "https://lh5.googleusercontent.com/p/AF1QipNpsgBhVHhUncvT7BypmL9gaEdVP9zRRtRyAb5T=w150-h150-k-no-p"
                    }
                ],
                "date": "a year ago"
            },
            {
                "username": "Dianna K. Lopez",
                "rating": 5,
                "contributor_id": "109517607956070051073",
                "description": "Michael and Leann were absolutely amazing! I was in Ann Arbor for a very special time of meeting my biological family for the 1st time. Their kind, friendly, and attentive service couldn't have been better. The food was just as amazing and even accommodated a vegan diet. The entire staff was awesome, but the personal touch was Leann's giant hug and best wishes as I headed to meet my family for the 1st time. Thank you for being a part of making it that much greater!\n~Dianna",
                "link": "https://www.google.com/maps/reviews/data=!4m8!14m7!1m6!2m5!1sChZDSUhNMG9nS0VJQ0FnSURaaktlX1FBEAE!2m1!1s0x0:0x5b43fb06cabd4ef0!3m1!1s2@1:CIHM0ogKEICAgIDZjKe_QA%7CCgsI_8jHqAYQ6IWkEA%7C?hl=en-US",
                "images": [
                    {
                        "thumbnail": "https://lh5.googleusercontent.com/p/AF1QipOp3zQn6UtqiaM0i6I4qIUDjD5bL8uFZDh8CjPR=w150-h150-k-no-p"
                    },
                    {
                        "thumbnail": "https://lh5.googleusercontent.com/p/AF1QipNMthsWXfk9k8y0vAftIlP8z9Zpq5TDwZl1x47_=w150-h150-k-no-p"
                    }
                ],
                "date": "a year ago"
            },
            {
                "username": "Noranda Smith",
                "rating": 5,
                "contributor_id": "115704955457658126927",
                "description": "The staff are super friendly.  Food is delicious. The chef heard I had a gluten allergy and made a special dessert just for me that was AMAZING . I was dining alone and they made me feel at home. Great experience all around.",
                "link": "https://www.google.com/maps/reviews/data=!4m8!14m7!1m6!2m5!1sChZDSUhNMG9nS0VJQ0FnSUNCMEk3OUJ3EAE!2m1!1s0x0:0x5b43fb06cabd4ef0!3m1!1s2@1:CIHM0ogKEICAgICB0I79Bw%7CCgwIndHpnAYQ-Jby2wE%7C?hl=en-US",
                "images": [
                    {
                        "thumbnail": "https://lh5.googleusercontent.com/p/AF1QipM_jxG5KoiMP6LnFmlJK_Wi89ojUVLF4G5HVktA=w150-h150-k-no-p"
                    },
                    {
                        "thumbnail": "https://lh5.googleusercontent.com/p/AF1QipMuZtaFBTpSfQtLEANZlP7q-nCbQhO77Zt8vDS9=w150-h150-k-no-p"
                    }
                ],
                "date": "a year ago"
            }
        ]
    },
    "Services": {
        "dine_in": true,
        "takeout": true,
        "delivery": true
    }
}