{
    "Title": "Ruth's Chris Steak House",
    "Price": [],
    "Place ID": "ChIJVcLrPzyuPIgRSiXhUxWFezM",
    "Type ID": [],
    "Type": [
        "Steak house",
        "American restaurant",
        "Caterer",
        "Fine dining restaurant",
        "Restaurant",
        "Seafood restaurant"
    ],
    "Address": "314 S 4th Ave, Ann Arbor, MI 48104",
    "GPS Coordinates": {
        "latitude": 42.2789961,
        "longitude": -83.7477396
    },
    "Phone Number": "(734) 585-5155",
    "Rating": 4.4,
    "Rating Summary": [
        {
            "stars": 1,
            "amount": 54
        },
        {
            "stars": 2,
            "amount": 54
        },
        {
            "stars": 3,
            "amount": 75
        },
        {
            "stars": 4,
            "amount": 157
        },
        {
            "stars": 5,
            "amount": 856
        }
    ],
    "Opening Hours": [
        {
            "tuesday": "5–9 PM"
        },
        {
            "wednesday": "5–9 PM"
        },
        {
            "thursday": "5–9 PM"
        },
        {
            "friday": "5–10 PM"
        },
        {
            "saturday": "5–10 PM"
        },
        {
            "sunday": "3–8 PM"
        },
        {
            "monday": "Closed"
        }
    ],
    "Description": "Outpost of upmarket steakhouse chain known for sizzling, butter-topped beef in an elegant setting",
    "Details": [
        {
            "highlights": [
                "Great beer selection",
                "Great cocktails",
                "Great coffee",
                "Great dessert",
                "Great wine list"
            ]
        },
        {
            "popular_for": [
                "Dinner",
                "Solo dining"
            ]
        },
        {
            "accessibility": [
                "Wheelchair accessible entrance",
                "Wheelchair accessible parking lot",
                "Wheelchair accessible restroom",
                "Wheelchair accessible seating"
            ]
        },
        {
            "offerings": [
                "Alcohol",
                "Beer",
                "Cocktails",
                "Coffee",
                "Comfort food",
                "Happy hour drinks",
                "Happy hour food",
                "Hard liquor",
                "Vegetarian options",
                "Wine"
            ]
        },
        {
            "dining_options": [
                "Dinner",
                "Catering",
                "Dessert",
                "Seating"
            ]
        },
        {
            "amenities": [
                "Bar onsite",
                "Restroom",
                "Wi-Fi",
                "Free Wi-Fi"
            ]
        },
        {
            "atmosphere": [
                "Cozy",
                "Romantic",
                "Trendy",
                "Upscale"
            ]
        },
        {
            "crowd": [
                "Family-friendly",
                "Groups",
                "LGBTQ+ friendly",
                "Tourists",
                "Transgender safespace"
            ]
        },
        {
            "planning": [
                "Dinner reservations recommended",
                "Accepts reservations"
            ]
        },
        {
            "payments": [
                "Credit cards",
                "Debit cards",
                "NFC mobile payments"
            ]
        },
        {
            "children": [
                "High chairs",
                "Kids' menu"
            ]
        },
        {
            "parking": [
                "Paid parking garage",
                "Paid parking lot",
                "Plenty of parking"
            ]
        }
    ],
    "User Reviews": {
        "summary": [
            {
                "snippet": "\"I've had better food, drinks, service and atmosphere at slightly lower prices.\""
            },
            {
                "snippet": "\"We enjoyed an appetizer with the yummy bread and I had a delicious salad.\""
            },
            {
                "snippet": "\"The desserts were perfect served with fresh made coffee and cream.\""
            }
        ],
        "most_relevant": [
            {
                "username": "Tammy Lindberg",
                "rating": 3,
                "contributor_id": "100283976003623322175",
                "description": "We have been enjoying Ruth Chris for many years. This year we went for my birthday 8/3. My husband likes to eat dinner early so we were the first table to be seated this day. We enjoyed an appetizer with the yummy bread and I had a delicious salad. We also tried the bottle water and the tap water we couldn’t tell the difference. We ordered dinner and sides and were pleased with our food. This is when everything went bad. Our empty plates sat in front of us for 25 minutes. I even asked for them to be removed and a dessert menu brought out to us. At this point I went downstairs to the hostess area and asked for a manager. Ashley was the manager and I told her I was upset that the plates had not been removed and no dessert menu brought to us.  We felt that our waitress was busy with a large table and was not finishing with our table and another two top in the room that was experiencing the same problems. I also said I was disappointed that a manager had not stopped by our table to check on how our dinner was. Ashley’s replay was that she had not had time to get upstairs yet to check on tables. Remember we were the first to be seated and this was over 2 hours later! Very disappointing! She did say what can I do for you. I said I just wanted someone to know of our disappointment with our dining experience. I went to the restroom and when I came back Ashley was at the top of the stairs and the plates were removed from our table. Our waitress brought out a treat for my birthday a small strawberry cheesecake with a candle, nice presentation. She also put 3 forks out for everyone at the table to have a bite. She asked for my ID for the birthday discount. I’m guessing she had to so see Ashley regarding the discount because after the bill was brought to us Ashley came by saying “you didn’t tell me it was your Birthday”. I guess that was our manager visit. We were never asked if anyone else wanted dessert. We left there saying we are not coming back and went to Culver’s for ice cream. Funny thing a employee at Culver’s stopped at our table and wanted to know how our ice cream was and if we needed anything. I just expected much more from Ruth Chris Steak House ☹️.",
                "link": "https://www.google.com/maps/reviews/data=!4m8!14m7!1m6!2m5!1sChZDSUhNMG9nS0VJQ0FnSURiZ1lqaGF3EAE!2m1!1s0x0:0x337b851553e1254a!3m1!1s2@1:CIHM0ogKEICAgIDbgYjhaw%7CCgsInaLGtQYQgOngew%7C?hl=en-US",
                "images": [
                    {
                        "thumbnail": "https://lh5.googleusercontent.com/p/AF1QipM4e8x2675aVhrefm7odmJrnub2qkdfgW4bNUVu=w150-h150-k-no-p"
                    }
                ],
                "date": "3 months ago"
            },
            {
                "username": "Vazir Fatehi",
                "rating": 5,
                "contributor_id": "105246849326058307266",
                "description": "We enjoyed the following: Ruth's Chop Salad,  Lobster Mac n Cheese,  Prime Ribeye potatoes with Reisling and cheesecake all of which were great! Stephanie, our host, was wonderful.",
                "link": "https://www.google.com/maps/reviews/data=!4m8!14m7!1m6!2m5!1sChZDSUhNMG9nS0VJQ0FnSURqd0p6ZEVnEAE!2m1!1s0x0:0x337b851553e1254a!3m1!1s2@1:CIHM0ogKEICAgIDjwJzdEg%7CCgwIq6a2sQYQ8PqNhgM%7C?hl=en-US",
                "images": [
                    {
                        "thumbnail": "https://lh5.googleusercontent.com/p/AF1QipMQBxADiYszz5RtoXu6wrEogFaVWrzoyFw83fnA=w150-h150-k-no-p"
                    },
                    {
                        "thumbnail": "https://lh5.googleusercontent.com/p/AF1QipNZKtIacJSdDQDYxosv_MxYAY8lnsCGqq0ZRX37=w150-h150-k-no-p"
                    },
                    {
                        "thumbnail": "https://lh5.googleusercontent.com/p/AF1QipNED5Q6To0fPqTznmn9pP__jBYDl2vJIrnSwyMM=w150-h150-k-no-p"
                    },
                    {
                        "thumbnail": "https://lh5.googleusercontent.com/p/AF1QipOfWz6JegJekQwRSctTB0u_ClFN2zFhR_9E0vZ0=w150-h150-k-no-p"
                    },
                    {
                        "thumbnail": "https://lh5.googleusercontent.com/p/AF1QipPS-l7vqxCnhZoPJXEkOfvlETV9c0JMb_V7-AAC=w150-h150-k-no-p"
                    },
                    {
                        "thumbnail": "https://lh5.googleusercontent.com/p/AF1QipOw5ACbF2seH_saAtQp9HLUEC8VEN60eyTVyFS2=w150-h150-k-no-p"
                    },
                    {
                        "thumbnail": "https://lh5.googleusercontent.com/p/AF1QipN8yEjz3jDA1mZJhw2PvlVTwYgOMqJE7_mWsKWD=w150-h150-k-no-p"
                    },
                    {
                        "thumbnail": "https://lh5.googleusercontent.com/p/AF1QipMKUAZ_c2A_Mh3LcFv2yhADlpKOByBBe1YQWcwg=w150-h150-k-no-p"
                    },
                    {
                        "thumbnail": "https://lh5.googleusercontent.com/p/AF1QipOCgqNj_AdAjA4t0ZScLL5faiFElFBMZR6Ga63e=w150-h150-k-no-p"
                    },
                    {
                        "thumbnail": "https://lh5.googleusercontent.com/p/AF1QipPxj93GXUlT_lGCEy5h9YeGHBfVW50cCwg43ily=w150-h150-k-no-p"
                    }
                ],
                "date": "6 months ago"
            },
            {
                "username": "COOKIE BAYLIS",
                "rating": 5,
                "contributor_id": "107712821372674486992",
                "description": "Based on expectation from what I'd heard about the place the sides were underwhelming, but the MEAT!!!!!OMG. Literally EVERYTHING ELSE was amazing.  I've been itching to get there and my sweetheart took me for my birthday.  The lamb chops..... PERFECTION his steak PERFECTION dessert... you guessed it PERFECTION. We WILL be back.  Our server was just excellent! Very knowledgeable and informative and NICE.  he made us feel at home. So excited to return.",
                "link": "https://www.google.com/maps/reviews/data=!4m8!14m7!1m6!2m5!1sChdDSUhNMG9nS0VJQ0FnSUMxNm96MG93RRAB!2m1!1s0x0:0x337b851553e1254a!3m1!1s2@1:CIHM0ogKEICAgIC16oz0owE%7CCgwIo9GxrAYQ-JTopAI%7C?hl=en-US",
                "images": [
                    {
                        "thumbnail": "https://lh5.googleusercontent.com/p/AF1QipPWGTUcio-rxtfbWETuFDofPLndOMwWiDhYCqsi=w150-h150-k-no-p"
                    },
                    {
                        "thumbnail": "https://lh5.googleusercontent.com/p/AF1QipOSJrn2EQ1c4WAXKSkeS5TjHLs9jv_44OPohqYm=w150-h150-k-no-p"
                    },
                    {
                        "thumbnail": "https://lh5.googleusercontent.com/p/AF1QipMHidrXNtJugFgDedv1FfqUigVWeIvbvaXdoBf3=w150-h150-k-no-p"
                    },
                    {
                        "thumbnail": "https://lh5.googleusercontent.com/p/AF1QipMM9sf0j6vTlxK1U4GOfBcdU15mf9pMJOUpdExZ=w150-h150-k-no-p"
                    },
                    {
                        "thumbnail": "https://lh5.googleusercontent.com/p/AF1QipODu0xJgCQ2lpEEqEgOjN0kPgyjTriZbmw0qsAU=w150-h150-k-no-p"
                    },
                    {
                        "thumbnail": "https://lh5.googleusercontent.com/p/AF1QipPhw0mPxFtkCJuSZatlC5U1-Al1rvK_mEUsj6BA=w150-h150-k-no-p"
                    },
                    {
                        "thumbnail": "https://lh5.googleusercontent.com/p/AF1QipPVZLff4OnY7CgrQdRrkC-NManM7voQxEyKKEEM=w150-h150-k-no-p"
                    },
                    {
                        "thumbnail": "https://lh5.googleusercontent.com/p/AF1QipPL_cPZZk6QCljg0QZKuYkP82rkhDYL55ep99zx=w150-h150-k-no-p"
                    },
                    {
                        "thumbnail": "https://lh5.googleusercontent.com/p/AF1QipMf9h996Yn4XX2c7KbMBDtWdsTvclYpVPoPEk9j=w150-h150-k-no-p"
                    }
                ],
                "date": "10 months ago"
            },
            {
                "username": "Mark Salloum",
                "rating": 4,
                "contributor_id": "107564048826467754404",
                "description": "After years of hype, we finally made it here. Our group opted to order extra side dishes instead of an appetizer, so our meal began after the delicious warm bread. I had the ribeye steak cooked medium, and it was very good, but not the best steak I’ve eaten. We added the trio of sauces and really enjoyed the cremini mushroom one. The lobster Mac and cheese was topped with nice chunks of lobster, while the au gratin potatoes were thick cut, but not enough cheese. It seemed to have mayo which dominated the sauce mixture. We also ordered Brussel sprouts which were nicely done. Finally was the dessert which we enjoyed the chocolate, flourless mini cakes. Our server was Jessica and she was exceptional!",
                "link": "https://www.google.com/maps/reviews/data=!4m8!14m7!1m6!2m5!1sChdDSUhNMG9nS0VJQ0FnSURELXE2WHZRRRAB!2m1!1s0x0:0x337b851553e1254a!3m1!1s2@1:CIHM0ogKEICAgIDD-q6XvQE%7CCgwImN3PsAYQ0PGlwQM%7C?hl=en-US",
                "images": [
                    {
                        "thumbnail": "https://lh5.googleusercontent.com/p/AF1QipMMYO-vHUVEddTp89tDJxNgTiLOjpr6BB9LALDx=w150-h150-k-no-p"
                    },
                    {
                        "thumbnail": "https://lh5.googleusercontent.com/p/AF1QipPeKFZxqmJsVj1mmJ4AlI-pIfWy-q9H0lj8NDmi=w150-h150-k-no-p"
                    },
                    {
                        "thumbnail": "https://lh5.googleusercontent.com/p/AF1QipM9jdiT6lmPIgAUMucu4PXouG1wX45PE11PVMEI=w150-h150-k-no-p"
                    },
                    {
                        "thumbnail": "https://lh5.googleusercontent.com/p/AF1QipM__HCMvefb3f9jNombFtvkBoO9ZJcOBPAwK-hB=w150-h150-k-no-p"
                    }
                ],
                "date": "7 months ago"
            },
            {
                "username": "Camryn Banks",
                "rating": 5,
                "contributor_id": "114386693563858128086",
                "description": "I sat at the bar and ordered dinner. The lobster mac was phenomenal. Huge lobster claw chunks, cheesy, with big noodles. The crab cakes were great for the Midwest, but just okay if you’ve ever had crab cakes from the coasts. The steamed broccoli was exactly how I like it: plain, with a crunch, no seasonings or butter. If you want “flavorful” veggies, that’s not this. The shrimp was very well seasoned but it did arrive cold. I had the sweet potato casserole without pecans and it was absolutely delicious. Imagine a velvety pie filling with carmelized sugar. Paired well with the Mac. They give you a whole loaf of warm bread with whipped butter. To drink I had the cucumber gimlet and a French 75. It was super lovely and welcoming, I’m looking forward to coming back. My biggest suggestion would be to have a better happy hour menu, and some music.",
                "link": "https://www.google.com/maps/reviews/data=!4m8!14m7!1m6!2m5!1sChdDSUhNMG9nS0VJQ0FnSUNkZzdQSndBRRAB!2m1!1s0x0:0x337b851553e1254a!3m1!1s2@1:CIHM0ogKEICAgICdg7PJwAE%7CCgwI2vrDrgYQ4Kvk-gE%7C?hl=en-US",
                "images": [
                    {
                        "thumbnail": "https://lh5.googleusercontent.com/p/AF1QipNzJFavvM-tt3mzRzf6ltIXY3HVW3co_ZnxlvUK=w150-h150-k-no-p"
                    }
                ],
                "date": "8 months ago"
            },
            {
                "username": "Bianca Williams",
                "rating": 5,
                "contributor_id": "102073869022719927607",
                "description": "For starters, there steak is amazing!! This was my first time visiting Ruth’s Chris. Our experience was nothing short of spectacular. The waiter was very nice, he explained how Ruth’s Chris cooks there food which I found to be interesting. We tried there ribeye steak, as well as the lamb chops, and both were amazing. The asparagus was good, not soggy at all and it came with a butter sauce that made it even better. I didn’t care for their Mac and cheese, it was quite bland, I wouldn’t order it again. Their crab cakes were also good, worth trying. We went to celebrate our anniversary and the waiter surprised us with a cheesecake to share as our dessert. I would definitely visit this location again.",
                "link": "https://www.google.com/maps/reviews/data=!4m8!14m7!1m6!2m5!1sChZDSUhNMG9nS0VJQ0FnSUN4cC1LMmJREAE!2m1!1s0x0:0x337b851553e1254a!3m1!1s2@1:CIHM0ogKEICAgICxp-K2bQ%7CCgsInJDJowYQsKn0UA%7C?hl=en-US",
                "images": [
                    {
                        "thumbnail": "https://lh5.googleusercontent.com/p/AF1QipMw8BQejqZOc8nK07XsHTEw6yyPlObohb-Y0LEj=w150-h150-k-no-p"
                    },
                    {
                        "thumbnail": "https://lh5.googleusercontent.com/p/AF1QipMtq5zsxc89em4HNocGO-PIMN0D1SHrD47R1kea=w150-h150-k-no-p"
                    },
                    {
                        "thumbnail": "https://lh5.googleusercontent.com/p/AF1QipPPVLSewBeuXgXcsxh8W8XxiRyfgeYx65WeiGem=w150-h150-k-no-p"
                    },
                    {
                        "thumbnail": "https://lh5.googleusercontent.com/p/AF1QipPEMW7mKc09NsPbepoWkAQQWzUfoRJhpm-tDDD2=w150-h150-k-no-p"
                    },
                    {
                        "thumbnail": "https://lh5.googleusercontent.com/p/AF1QipOsu85VeG2Ge4vjE9-PouGDldm4-OjYeZkJm0js=w150-h150-k-no-p"
                    },
                    {
                        "thumbnail": "https://lh5.googleusercontent.com/p/AF1QipNKymIKecCc_7uJvEtoUi5ck3R-vKd8mz-kJ47v=w150-h150-k-no-p"
                    },
                    {
                        "thumbnail": "https://lh5.googleusercontent.com/p/AF1QipPMTQ397NjPthQBq8oTa9Iq_61YGKS-vVrc0Qn8=w150-h150-k-no-p"
                    },
                    {
                        "thumbnail": "https://lh5.googleusercontent.com/p/AF1QipMzyfgxiBtqaCm82JS14FCF5gEX67je1WWOWaQz=w150-h150-k-no-p"
                    },
                    {
                        "thumbnail": "https://lh5.googleusercontent.com/p/AF1QipPhlwb-RXivjXgrWlYaD4_gKX3ZVLlGYSLGzjs4=w150-h150-k-no-p"
                    }
                ],
                "date": "a year ago"
            },
            {
                "username": "Xavier B",
                "rating": 5,
                "contributor_id": "103510455480236147092",
                "description": "Top notch dining experience, we've been to many steak houses and we always love trying new locations out. This is my first time trying Ruth's Chris steakhouse and it did not disappoint. We had the shrimp cocktail to start and the shrimp were huge and fresh. I had the 16 oz NY strip and it was just plain delicious, cooked exactly how I wanted. Bursting with flavor and very tender for a strip. Garlic mashed potatoes and grilled asparagus were the perfect pairing for side dishes. Our waitress Amanda was awesome. She was very helpful and helped my girlfriend pick out the perfect wine to pair with her steak (filet mignon) . We were celebrating our anniversary and they gave us a complimentary cheese cake. I also ordered creme brulee for myself and it was very well done. Creamy and luscious. The atmosphere was nice, upscale but not pretentious. good lighting and clean. Overall a great experience. I recommend.",
                "link": "https://www.google.com/maps/reviews/data=!4m8!14m7!1m6!2m5!1sChZDSUhNMG9nS0VJQ0FnSURGbjRPQ0FREAE!2m1!1s0x0:0x337b851553e1254a!3m1!1s2@1:CIHM0ogKEICAgIDFn4OCAQ%7CCgwIvfnAqgYQ2Lr7lgI%7C?hl=en-US",
                "images": [
                    {
                        "thumbnail": "https://lh5.googleusercontent.com/p/AF1QipO7soOhJ5s5nFgUsoooCPrXnlGU0qBaI0hZC0Xf=w150-h150-k-no-p"
                    },
                    {
                        "thumbnail": "https://lh5.googleusercontent.com/p/AF1QipObCmlzdqVZa6o95XVbEUXY-YjYFVMUwCdL-6Er=w150-h150-k-no-p"
                    },
                    {
                        "thumbnail": "https://lh5.googleusercontent.com/p/AF1QipOQ4MrBB8tP49Nl5ZsBixG4vGJrOdTUMmRWWVGG=w150-h150-k-no-p"
                    },
                    {
                        "thumbnail": "https://lh5.googleusercontent.com/p/AF1QipPNwz6gyqqcFGSO5uta7EC3syj41WHrPJ5c5v3J=w150-h150-k-no-p"
                    },
                    {
                        "thumbnail": "https://lh5.googleusercontent.com/p/AF1QipOSjqRUyWZfjKPPcsHFkGj7rPowyj2lnAjIWehV=w150-h150-k-no-p"
                    },
                    {
                        "thumbnail": "https://lh5.googleusercontent.com/p/AF1QipMjMUM8pZzyvIiX7ZQlTmQDZqrMRTNda19gHt7E=w150-h150-k-no-p"
                    }
                ],
                "date": "a year ago"
            },
            {
                "username": "Monica Noble-Lawson",
                "rating": 5,
                "contributor_id": "104381337231134273929",
                "description": "Absolutely LOVELY!🙌\nWe've been to 4 different Ruth's Chris locations, and each time has been a wonderful experience from the moment we walk through the doors.\nThis particular time, the hostess asked if we were there for a special occasion, and we said, \"Yes, our 25th wedding anniversary.\" She thanked us for choosing Ruth's Chris to celebrate, which we found thoughtful and kind.\nThe service is topnotch... you can just tell that there's no skimping when they hire and train the staff.\nThe food is ridiculously good! This visit we ordered the sweet potato dish to go with the steak, and it was *out of this world*! We almost ordered a 2nd one... it was that divine! It had this amazing pecan pie crust and pecans and cinnamon sprinkled all over the top... OMG! My husband and I couldn't get enough! The steak was cooked and seasoned just perfectly. The shoestring fries are an absolute must... super thin and crispy! Everything about our meal was sublime.\nAnd then, before our lovely server brought the check, she presented us with the \"Happy Anniversary Cheesecake\" compliments of the restaurant! Not many establishments will do anything like that anymore... just goes to show what a step above Ruth's Chris is 💯",
                "link": "https://www.google.com/maps/reviews/data=!4m8!14m7!1m6!2m5!1sChdDSUhNMG9nS0VJQ0FnSUNGaTZtR3VBRRAB!2m1!1s0x0:0x337b851553e1254a!3m1!1s2@1:CIHM0ogKEICAgICFi6mGuAE%7CCgsImeSNqgYQ2KinOg%7C?hl=en-US",
                "images": [
                    {
                        "thumbnail": "https://lh5.googleusercontent.com/p/AF1QipN8J318lWqohMpNU1_ETSaVL9CKMSZJGQ1O6Yk4=w150-h150-k-no-p"
                    },
                    {
                        "thumbnail": "https://lh5.googleusercontent.com/p/AF1QipPv_UmwuGlgssB0eGK1ACLkP-VbLE4M7nDi9mN6=w150-h150-k-no-p"
                    },
                    {
                        "thumbnail": "https://lh5.googleusercontent.com/p/AF1QipOOVhUsgayBDsaMIllzbVq22wrF_y8frOoqTmrp=w150-h150-k-no-p"
                    },
                    {
                        "thumbnail": "https://lh5.googleusercontent.com/p/AF1QipPe4W8-8Pin3QOIc9FsCGZ8A_dw7PVJzz7m2urE=w150-h150-k-no-p"
                    },
                    {
                        "thumbnail": "https://lh5.googleusercontent.com/p/AF1QipOOwKisECw-k7RZfRRpHKI468SE4iVBls9bPIqa=w150-h150-k-no-p"
                    },
                    {
                        "thumbnail": "https://lh5.googleusercontent.com/p/AF1QipNQpL4Xn86EtOAvD-jEw7VY2s8hBGQyv3i00x6M=w150-h150-k-no-p"
                    }
                ],
                "date": "a year ago"
            }
        ]
    },
    "Services": {
        "dine_in": true,
        "curbside_pickup": true,
        "no_contact_delivery": true
    }
}