{
    "Title": "Shalimar Restaurant",
    "Price": [],
    "Place ID": "ChIJOSatXDyuPIgRehsG8WwjCRw",
    "Type ID": [],
    "Type": [
        "Indian restaurant"
    ],
    "Address": "307 S Main St, Ann Arbor, MI 48104",
    "GPS Coordinates": {
        "latitude": 42.2793005,
        "longitude": -83.74847299999999
    },
    "Phone Number": "(734) 663-1500",
    "Rating": 4.1,
    "Rating Summary": [
        {
            "stars": 1,
            "amount": 201
        },
        {
            "stars": 2,
            "amount": 62
        },
        {
            "stars": 3,
            "amount": 103
        },
        {
            "stars": 4,
            "amount": 228
        },
        {
            "stars": 5,
            "amount": 945
        }
    ],
    "Opening Hours": [
        {
            "tuesday": "11:30 AM–2:45 PM, 5–9:45 PM"
        },
        {
            "wednesday": "11:30 AM–2:45 PM, 5–9:45 PM"
        },
        {
            "thursday": "11:30 AM–2:45 PM, 5–9:45 PM"
        },
        {
            "friday": "11:30 AM–2:45 PM, 5–10:45 PM"
        },
        {
            "saturday": "11:30 AM–2:45 PM, 5–10:45 PM"
        },
        {
            "sunday": "11:30 AM–2:45 PM, 5–9:45 PM"
        },
        {
            "monday": "11:30 AM–2:45 PM, 5–9:45 PM"
        }
    ],
    "Description": "Cozy storefront spot offering Northern Indian & Mughlai-style fare, plus beer & spirits.",
    "Details": [
        {
            "from_the_business": [
                "Identifies as women-owned"
            ]
        },
        {
            "highlights": [
                "Fast service",
                "Great tea selection"
            ]
        },
        {
            "popular_for": [
                "Lunch",
                "Dinner",
                "Solo dining"
            ]
        },
        {
            "accessibility": [
                "Wheelchair accessible entrance",
                "Wheelchair accessible restroom",
                "Wheelchair accessible seating"
            ]
        },
        {
            "offerings": [
                "Alcohol",
                "All you can eat",
                "Beer",
                "Braille menu",
                "Cocktails",
                "Coffee",
                "Comfort food",
                "Halal food",
                "Happy hour drinks",
                "Hard liquor",
                "Healthy options",
                "Late-night food",
                "Organic dishes",
                "Small plates",
                "Vegan options",
                "Vegetarian options",
                "Wine"
            ]
        },
        {
            "dining_options": [
                "Lunch",
                "Dinner",
                "Catering",
                "Dessert",
                "Seating"
            ]
        },
        {
            "amenities": [
                "Bar onsite",
                "Restroom",
                "Wi-Fi",
                "Free Wi-Fi"
            ]
        },
        {
            "atmosphere": [
                "Casual",
                "Cozy",
                "Trendy"
            ]
        },
        {
            "crowd": [
                "College students",
                "Family-friendly",
                "Groups",
                "Tourists"
            ]
        },
        {
            "planning": [
                "Dinner reservations recommended",
                "Accepts reservations"
            ]
        },
        {
            "payments": [
                "Credit cards",
                "Debit cards",
                "NFC mobile payments"
            ]
        },
        {
            "children": [
                "Good for kids",
                "High chairs"
            ]
        },
        {
            "parking": [
                "Paid parking lot",
                "Paid street parking",
                "Plenty of parking"
            ]
        },
        {
            "pets": [
                "Dogs allowed outside"
            ]
        }
    ],
    "User Reviews": {
        "summary": [
            {
                "snippet": "\"Awesome food and friendly service Best place in town for Indian food\""
            },
            {
                "snippet": "\"They used to give worst service but they charge a compulsory service charge.\""
            },
            {
                "snippet": "\"Very tasty indian cuisine, with a casual ambience, and friendly staff.\""
            }
        ],
        "most_relevant": [
            {
                "username": "Dawn Fontana",
                "rating": 5,
                "contributor_id": "110939178848962219399",
                "description": "Stopped for dinner on a whim while shopping downtown. Kurt sat us and also waited on us. He explained the menu gave suggestions on dinner choices. We had a couple cocktails and ate a delicious meal. I would definitely recommend this place. It was clean and looked organized. The waitstaff was excellent. Food was great.",
                "link": "https://www.google.com/maps/reviews/data=!4m8!14m7!1m6!2m5!1sChZDSUhNMG9nS0VJQ0FnSURYbnFQRGVREAE!2m1!1s0x0:0x1c09236cf1061b7a!3m1!1s2@1:CIHM0ogKEICAgIDXnqPDeQ%7CCgwIwuP5uAYQgIrXzgE%7C?hl=en-US",
                "date": "2 weeks ago"
            },
            {
                "username": "Levente Klein",
                "rating": 5,
                "contributor_id": "109495186562177311042",
                "description": "We went Thursday night and they had an extended outdoor seating. There was also live music, so very nice and cozy.Food was excellent and the bread basket is really good.",
                "link": "https://www.google.com/maps/reviews/data=!4m8!14m7!1m6!2m5!1sChZDSUhNMG9nS0VJQ0FnSUQ3dXVPUUJnEAE!2m1!1s0x0:0x1c09236cf1061b7a!3m1!1s2@1:CIHM0ogKEICAgID7uuOQBg%7CCgwIzv-itgYQ2P-uqwE%7C?hl=en-US",
                "images": [
                    {
                        "thumbnail": "https://lh5.googleusercontent.com/p/AF1QipNJ5ESuzuxRJXOWgzlGFd_Q3jDUFj4Ov0wF1y8B=w150-h150-k-no-p"
                    },
                    {
                        "thumbnail": "https://lh5.googleusercontent.com/p/AF1QipOkzxfJtYVA_4D446qI99AInPpqQYMBv-qV-H1X=w150-h150-k-no-p"
                    },
                    {
                        "thumbnail": "https://lh5.googleusercontent.com/p/AF1QipNW0Ny9Tl0NMwWLA4NQrxfMMsB1IVxh2Ie2YEnQ=w150-h150-k-no-p"
                    }
                ],
                "date": "2 months ago"
            },
            {
                "username": "Big Jon",
                "rating": 5,
                "contributor_id": "116077193890781350733",
                "description": "Host was busy, Kurt noticed and sat us immediately. He was patient explaining the menu and even met our toddlers request. The best Indian food we’ve had yet.",
                "link": "https://www.google.com/maps/reviews/data=!4m8!14m7!1m6!2m5!1sChZDSUhNMG9nS0VJQ0FnSUNUODViS0ZBEAE!2m1!1s0x0:0x1c09236cf1061b7a!3m1!1s2@1:CIHM0ogKEICAgICT85bKFA%7CCgwIq7SlsgYQ8Jj9tAI%7C?hl=en-US",
                "images": [
                    {
                        "thumbnail": "https://lh5.googleusercontent.com/p/AF1QipM6KOZWSKa3EFa_tF7XKjlL1FrSRNiLy4zlCxeY=w150-h150-k-no-p"
                    },
                    {
                        "thumbnail": "https://lh5.googleusercontent.com/p/AF1QipO8LgBZFyL6nRZn4Z373zVUrMILbEG3Y-0-KKHg=w150-h150-k-no-p"
                    },
                    {
                        "thumbnail": "https://lh5.googleusercontent.com/p/AF1QipM3w2T9ZYJd8kmGUZq4CtGsZoqJyY0j2DYDC-Cn=w150-h150-k-no-p"
                    }
                ],
                "date": "5 months ago"
            },
            {
                "username": "Chinmay Surpur",
                "rating": 5,
                "contributor_id": "104367658538495978281",
                "description": "Amazing authentic Indian food with great service and a wonderful atmosphere. Ashu was a wonderful and sweet server and I’ll be back here anytime I’m in Ann Arbor! Check it out if you have the chance!",
                "link": "https://www.google.com/maps/reviews/data=!4m8!14m7!1m6!2m5!1sChdDSUhNMG9nS0VJQ0FnSUNEd2NDNmh3RRAB!2m1!1s0x0:0x1c09236cf1061b7a!3m1!1s2@1:CIHM0ogKEICAgICDwcC6hwE%7CCgwI6KWYsAYQiK-Q1QI%7C?hl=en-US",
                "images": [
                    {
                        "thumbnail": "https://lh5.googleusercontent.com/p/AF1QipPnyN6V2fyEcsBWOE6bHyqdJLwtdnqtMWvTa4JH=w150-h150-k-no-p"
                    },
                    {
                        "thumbnail": "https://lh5.googleusercontent.com/p/AF1QipP9euxO3KEL_6yIx4hfYPykAbSjAmTuwCUBpTi5=w150-h150-k-no-p"
                    },
                    {
                        "thumbnail": "https://lh5.googleusercontent.com/p/AF1QipO2_myf74rbBSEJqhuS1n6IMM1pIl1vfABSwR0P=w150-h150-k-no-p"
                    },
                    {
                        "thumbnail": "https://lh5.googleusercontent.com/p/AF1QipPRGXeW7VDZu5NdPV0CNN4hc3k0zN61uCZ91GJl=w150-h150-k-no-p"
                    }
                ],
                "date": "7 months ago"
            },
            {
                "username": "Keith C",
                "rating": 3,
                "contributor_id": "104759865277024023324",
                "description": "We went to Shalimar for my wife's birthday, and had made a reservation. We were glad to have Indian buffet for the first time since before Covid. Here is my review as a customer and former restaurant/nightclub manager. Food: 4/5. The chicken dishes on the buffet were very good. There were not enough vegetable dishes: just a dal dish and some fritters Every Indian buffet should have a core vegetable dish, like Korma, Jalfrezi, or at least Aloo Gobi. The dal was quite good, as were the spring rolls, though the samosas were soggy. Mango lassi was outstanding. Service 2/5: The staff there are cordial, but not hospitable. My wife's birthday was not acknowledged, in spite of having mentioned it to the host and manager,, and noted it on the Open Table reservation. They did not care. Also, restaurants with buffets should clear empty plates. Ours sat on the table. No staff member stopped by the table to see how our meal was, no one thanked us for coming in, and no one said goodbye. These add up to taking customers for granted. Atmosphere: 3 of 5. I would have given it a higher rating, but when dishes are piling up on customer tables, it detracts from the atmosphere. Perhaps this was an off day. Will perhaps try again in a few months, and will be glad to increase the rating of the above issues are addressed. This should certainly be a 4 or 5 star restaurant and has the potential to get there with the recommended changes.",
                "link": "https://www.google.com/maps/reviews/data=!4m8!14m7!1m6!2m5!1sChdDSUhNMG9nS0VJQ0FnSUNYOU02RmdnRRAB!2m1!1s0x0:0x1c09236cf1061b7a!3m1!1s2@1:CIHM0ogKEICAgICX9M6FggE%7CCgsI4aywuAYQwJ2GVQ%7C?hl=en-US",
                "date": "4 weeks ago"
            },
            {
                "username": "Adjoa Achampong",
                "rating": 1,
                "contributor_id": "109231297506727514507",
                "description": "I came in to Shalimir for a lunch buffet. I asked to use the bathroom prior to eating. I go to the women’s  bathroom and someone had defecated all over the toilet and had NOT flushed. Immediately my appetite was spoiled but I went ahead and tried the food. The options were limited already so I decided to sample everything. Absolutely nothing was good. The chicken for the butter chicken and other entrees were super tough and tough the eat. The Naan was super stale and cold. The rice was hard and dry. The only thing I found decent was the cold water that was served with the meal. I would not recommend this buffet by any means as for $16.95 I expect at least a semi decent experience not this unsatisfactory and  down right trifling experience.",
                "link": "https://www.google.com/maps/reviews/data=!4m8!14m7!1m6!2m5!1sChdDSUhNMG9nS0VJQ0FnSURIbWY3d2xRRRAB!2m1!1s0x0:0x1c09236cf1061b7a!3m1!1s2@1:CIHM0ogKEICAgIDHmf7wlQE%7CCgwIvpSntwYQoLmrzQE%7C?hl=en-US",
                "date": "a month ago"
            },
            {
                "username": "Annie May",
                "rating": 5,
                "contributor_id": "107683272159495173374",
                "description": "Amazing Indian Food! The menu was a little overwhelming so our server helped us navigate through it. We decided on one chicken and one lamb dish. He recommended the Chicken Lemon Todka and the Lamb Rogan Josh. We went with his suggestions and couldn't have been happier. We added vegetable samosas and some garlic naan. Just a great restaurant with fantastic service and a cozy atmosphere. Can't wait to go back!",
                "link": "https://www.google.com/maps/reviews/data=!4m8!14m7!1m6!2m5!1sChZDSUhNMG9nS0VJQ0FnSURYM0wyRkp3EAE!2m1!1s0x0:0x1c09236cf1061b7a!3m1!1s2@1:CIHM0ogKEICAgIDX3L2FJw%7CCgsI7J7suAYQ2NrbMQ%7C?hl=en-US",
                "date": "2 weeks ago"
            },
            {
                "username": "Subhendu Chakraborty",
                "rating": 5,
                "contributor_id": "113397586958608896339",
                "description": "Their sunday buffet was really good. Everything that was in the menu was of authentic indian style except the spice level. Special mention deserve butter chicken, tanduri chicken, palak paneer, fretter with curd and mutton curry. Definitely be coming here more often. And pretty cheap, sunday buffet was $18 per person as of June 2024.",
                "link": "https://www.google.com/maps/reviews/data=!4m8!14m7!1m6!2m5!1sChZDSUhNMG9nS0VJQ0FnSUR6NW9uSWJBEAE!2m1!1s0x0:0x1c09236cf1061b7a!3m1!1s2@1:CIHM0ogKEICAgIDz5onIbA%7CCgsIypmYswYQqKTBeQ%7C?hl=en-US",
                "images": [
                    {
                        "thumbnail": "https://lh5.googleusercontent.com/p/AF1QipOOHkr8JhNNzf7uqKhaXEkdWZhNlX0hxJ6Pne93=w150-h150-k-no-p"
                    }
                ],
                "date": "5 months ago"
            }
        ]
    },
    "Services": {
        "dine_in": true,
        "takeout": true,
        "no_contact_delivery": true
    }
}