{
    "Title": "Spencer",
    "Price": [],
    "Place ID": "ChIJ_x5GSDyuPIgR4-CP9CEstSI",
    "Type ID": [],
    "Type": [
        "Restaurant"
    ],
    "Address": "113 E Liberty St, Ann Arbor, MI 48104",
    "GPS Coordinates": {
        "latitude": 42.2796723,
        "longitude": -83.7478995
    },
    "Phone Number": [],
    "Rating": 4.7,
    "Rating Summary": [
        {
            "stars": 1,
            "amount": 6
        },
        {
            "stars": 2,
            "amount": 8
        },
        {
            "stars": 3,
            "amount": 16
        },
        {
            "stars": 4,
            "amount": 37
        },
        {
            "stars": 5,
            "amount": 285
        }
    ],
    "Opening Hours": [
        {
            "tuesday": "Closed"
        },
        {
            "wednesday": "12–8 PM"
        },
        {
            "thursday": "12–9 PM"
        },
        {
            "friday": "12–9 PM"
        },
        {
            "saturday": "12–9 PM"
        },
        {
            "sunday": "12–9 PM"
        },
        {
            "monday": "Closed"
        }
    ],
    "Description": "Hip, laid-back spot featuring seasonal locavore fare, plus curated wine & cheese lists & craft beer.",
    "Details": [
        {
            "highlights": [
                "Great wine list"
            ]
        },
        {
            "popular_for": [
                "Dinner",
                "Solo dining"
            ]
        },
        {
            "accessibility": [
                "Wheelchair accessible entrance",
                "Wheelchair accessible parking lot",
                "Wheelchair accessible restroom",
                "Wheelchair accessible seating"
            ]
        },
        {
            "offerings": [
                "Alcohol",
                "Beer",
                "Healthy options",
                "Vegetarian options",
                "Wine"
            ]
        },
        {
            "dining_options": [
                "Dinner",
                "Seating"
            ]
        },
        {
            "amenities": [
                "Bar onsite",
                "Gender-neutral restroom",
                "Restroom"
            ]
        },
        {
            "atmosphere": [
                "Casual",
                "Cozy",
                "Romantic",
                "Trendy",
                "Upscale"
            ]
        },
        {
            "crowd": [
                "Groups",
                "Tourists"
            ]
        },
        {
            "planning": [
                "Dinner reservations recommended",
                "Accepts reservations"
            ]
        },
        {
            "payments": [
                "Credit cards"
            ]
        }
    ],
    "User Reviews": {
        "summary": [
            {
                "snippet": "\"Fantastic food and a charming atmosphere with great service and staff.\""
            },
            {
                "snippet": "\"Small plates of a variety of foods that change every 2 weeks.\""
            },
            {
                "snippet": "\"Great family owned restaurant with amazing flavors and wine selection!\""
            }
        ],
        "most_relevant": [
            {
                "username": "Tara Clapper",
                "rating": 5,
                "contributor_id": "101649827623416399884",
                "description": "Lovely evening outside being served with a fixed menu. I do agree that this is a 5-star experience, however, beware that it is super pricey and you may not make any adjustments. So, know what you are getting into ahead of time. Reservations are necessary and fill up extremely quickly, as there are not very many tables. Most of the dishes were delicious. We had the vegetarian menu designed for the month. The gnocchi and dessert were top notch. The hard beets, meh, but everyone has different tastes. It was quite enjoyable and the service was great.",
                "link": "https://www.google.com/maps/reviews/data=!4m8!14m7!1m6!2m5!1sChdDSUhNMG9nS0VJQ0FnSUNiNnNyRXR3RRAB!2m1!1s0x0:0x22b52c21f48fe0e3!3m1!1s2@1:CIHM0ogKEICAgICb6srEtwE%7CCgwIx4iLtQYQsKHgnQE%7C?hl=en-US",
                "images": [
                    {
                        "thumbnail": "https://lh5.googleusercontent.com/p/AF1QipMDfi514iJWDJBn-S5l5KwKX0zSF04qykdT3aHj=w150-h150-k-no-p"
                    },
                    {
                        "thumbnail": "https://lh5.googleusercontent.com/p/AF1QipOZctUTfcwEQArxgUMI-c72_lUxe085b-Eb7X0v=w150-h150-k-no-p"
                    },
                    {
                        "thumbnail": "https://lh5.googleusercontent.com/p/AF1QipO-fkvibj6nfqVeM5Ffj5FjISlPbFrhMJYgirkz=w150-h150-k-no-p"
                    },
                    {
                        "thumbnail": "https://lh5.googleusercontent.com/p/AF1QipMW61qgCQ6C2-6ITelYvHQg4ockdBziFiNHIy4q=w150-h150-k-no-p"
                    },
                    {
                        "thumbnail": "https://lh5.googleusercontent.com/p/AF1QipORCgooeNu6kbT32JHx4Dc4GCQNdEftfPeQgL_D=w150-h150-k-no-p"
                    }
                ],
                "date": "3 months ago"
            },
            {
                "username": "Suzette Wanninkhof",
                "rating": 5,
                "contributor_id": "105017759904701339940",
                "description": "Superb! The food was creative and incredible - we especially loved the butternut squash ravioli with kimchi and the sausage with white beans. The menu was prefix and $75 a person, with immaculate service and generous portions. Perfect vibe to celebrate my anniversary with my partner.\n\nNote it's hard to get a reservation - you need to book as soon as reservations opened at the beginning of the month. October dining is indoors, which was a cozy vibe.",
                "link": "https://www.google.com/maps/reviews/data=!4m8!14m7!1m6!2m5!1sChZDSUhNMG9nS0VJQ0FnSUNYZ0lDSEV3EAE!2m1!1s0x0:0x22b52c21f48fe0e3!3m1!1s2@1:CIHM0ogKEICAgICXgICHEw%7CCgsI182nuAYQiOWPAg%7C?hl=en-US",
                "images": [
                    {
                        "thumbnail": "https://lh5.googleusercontent.com/p/AF1QipMui01UinUbhOV7TmHQK8iFxOUDxcPPXKUScN7Q=w150-h150-k-no-p"
                    },
                    {
                        "thumbnail": "https://lh5.googleusercontent.com/p/AF1QipOhtVyPp4yTPSAWq91yz58Y_LM6eYRaCyAekuMs=w150-h150-k-no-p"
                    },
                    {
                        "thumbnail": "https://lh5.googleusercontent.com/p/AF1QipM6sSA6YC9I-UyNSpugDvR3yk4ikTq3UhTImLXd=w150-h150-k-no-p"
                    },
                    {
                        "thumbnail": "https://lh5.googleusercontent.com/p/AF1QipP-mLJvOLpIs22U_ui1SZKB5U-EzzS0gURGgtkj=w150-h150-k-no-p"
                    },
                    {
                        "thumbnail": "https://lh5.googleusercontent.com/p/AF1QipMk0Wb8PlCo5-7zFmM0ocXv5BNHRcKDJiPA_M8s=w150-h150-k-no-p"
                    }
                ],
                "date": "a month ago"
            },
            {
                "username": "Shirlyn Wang",
                "rating": 5,
                "contributor_id": "110515352048153916105",
                "description": "The best fine dining restaurant in Ann Arbor. The ingredients are super fresh and the flavors are nothing like what I’ve had before. Went there both in the fall and in the winter. I would say because they only use in season ingredients, there are probably more fresh vegetables and fruits in warmer seasons. Winter menu had lots of root vegetables. They change the menu every month so it’s worth going back too. The experience is not like typical fine dining because you sit right next to other customers. Food is served in a sharing style. It’s more like eating a nice dinner at someone’s house.",
                "link": "https://www.google.com/maps/reviews/data=!4m8!14m7!1m6!2m5!1sChdDSUhNMG9nS0VJQ0FnSUNEeDhxOHhRRRAB!2m1!1s0x0:0x22b52c21f48fe0e3!3m1!1s2@1:CIHM0ogKEICAgICDx8q8xQE%7CCgsI8LawsAYQoNmRYw%7C?hl=en-US",
                "images": [
                    {
                        "thumbnail": "https://lh5.googleusercontent.com/p/AF1QipOQmVl0DsdTvgVScuPLw09clncFF8ftzP_aHn2r=w150-h150-k-no-p"
                    },
                    {
                        "thumbnail": "https://lh5.googleusercontent.com/p/AF1QipNFHQzB8IONi-t9Sa2b_wKUPhdEcOZ4pzrvX4ib=w150-h150-k-no-p"
                    },
                    {
                        "thumbnail": "https://lh5.googleusercontent.com/p/AF1QipPLH6tCsgaq-5MJsoezCxqPx7lrH1s1LlGfZDKi=w150-h150-k-no-p"
                    },
                    {
                        "thumbnail": "https://lh5.googleusercontent.com/p/AF1QipOI9wNDSMjlX-svpCSOWtpO8ZQRObxLSRxFzpNs=w150-h150-k-no-p"
                    }
                ],
                "date": "7 months ago"
            },
            {
                "username": "Laura Eliza",
                "rating": 5,
                "contributor_id": "105951984329686471468",
                "description": "Wow, one of the best and most intimate dining experiences we have had in Ann Arbor. We went and had their December menu and everything was divine. I love how they give you specific wine pairings to go with the menu, anywhere from reds all the way to sparkling. I can’t stop dreaming about the pistachio dark chocolate cake we had. By far the best thing I have ever tasted. We enjoyed the cozy vibe.  Be prepared for communal seating and sitting at a table most likely right next to other people. But everyone was super nice and we even had opportunities to chat with those next to us which made the whole experience a fun communal setting, yet super intimate at the same time. Service was remarkable. We are planning to make this a monthly thing to go and try the menu every month. It felt truly like we were in NYC or Chicago, not A2 ( in the best way)!",
                "link": "https://www.google.com/maps/reviews/data=!4m8!14m7!1m6!2m5!1sChZDSUhNMG9nS0VJQ0FnSURWMHBxR1pREAE!2m1!1s0x0:0x22b52c21f48fe0e3!3m1!1s2@1:CIHM0ogKEICAgIDV0pqGZQ%7CCgwIoOTeqwYQgK78kQI%7C?hl=en-US",
                "images": [
                    {
                        "thumbnail": "https://lh5.googleusercontent.com/p/AF1QipN9aTzbg5SV_pwqluJ2vtaHPEf78-jGqklLr1M5=w150-h150-k-no-p"
                    },
                    {
                        "thumbnail": "https://lh5.googleusercontent.com/p/AF1QipO3GAs1fguskVK4dwVFVbMM2BuKLjPLNwHFcR17=w150-h150-k-no-p"
                    },
                    {
                        "thumbnail": "https://lh5.googleusercontent.com/p/AF1QipPyG8frtQrUylsxu_tg_jaRlXHup6nx0xINLi5T=w150-h150-k-no-p"
                    },
                    {
                        "thumbnail": "https://lh5.googleusercontent.com/p/AF1QipP_tbI7qR_YVqmyyvC3TXxRnfj_HNdpradkmr0q=w150-h150-k-no-p"
                    },
                    {
                        "thumbnail": "https://lh5.googleusercontent.com/p/AF1QipN5gB3LwvrP4dQG2_amZUumxRyzlioSgT9ZKnxs=w150-h150-k-no-p"
                    }
                ],
                "date": "11 months ago"
            },
            {
                "username": "Christopher Riedel",
                "rating": 5,
                "contributor_id": "111154054804194015131",
                "description": "I’m not exaggerating when I say this is the best meal you’ll eat in Ann Arbor. Indeed it would not be an exaggeration to say you’d have a hard time finding a better place in New York or London - and I’ve tried. Abby’s cooking is always superb, always in season, always surprising and comforting at the same time. If she makes it, I will eat it, even if it’s something I’d normally hate. Yes it’s not cheap, but unlike a dozen other places in town where you’ll pay the same, you’ll leave feeling like you should have paid more. I’ve included pictures of the October menu and once again I can’t believe how I always think it can’t possibly be better than last month, but after years of coming for every menu, every month, I’m still charmed every time. This food is special. You’re not getting this somewhere else.\n\nI should also add that I’m not much of a wine drinker, but what I know about wine I owe to Steve, who makes choosing wine a delight. First, he provides a curated list with each menu, both by the glass and the bottle, and you can be sure whatever you choose it will pair beautifully with what you’re eating. But even better, he and the staff make wine fun and easy rather than intimidating. I’ve learned so much because I felt confident to try things; I know I won’t be steered wrong and I know I’m not being judged. We’ve even gone to the special wine tasting evenings and started buying wine to take back home.\n\nThe atmosphere here is also amazing, which honestly doesn’t feel fair to other restaurants since the food and drink are already so superb. Every member of the staff is pleasant, friendly, and helpful. I haven’t felt like a local at many places in my life, but I’m truly always happy to see how everyone is at Spencer’s. That’s not just because we’ve come for years, it was that way from almost the first time we came. I love supporting this restaurant, not just because I love dining here, but becayse I care about the people, I want them to do well, and my life is richer because this wonderful place is part of my community.",
                "link": "https://www.google.com/maps/reviews/data=!4m8!14m7!1m6!2m5!1sChZDSUhNMG9nS0VJQ0FnSUQ1Z3NESkpBEAE!2m1!1s0x0:0x22b52c21f48fe0e3!3m1!1s2@1:CIHM0ogKEICAgID5gsDJJA%7CCgwIyIbNqQYQ-NnLpgI%7C?hl=en-US",
                "images": [
                    {
                        "thumbnail": "https://lh5.googleusercontent.com/p/AF1QipN1jnSWh3xBPQ7zMQy2sWde_iN1Ub_9A24owzvY=w150-h150-k-no-p"
                    },
                    {
                        "thumbnail": "https://lh5.googleusercontent.com/p/AF1QipPOxqH0gadnc1SYnKp2n8-mSroQklv5N2IXVJup=w150-h150-k-no-p"
                    },
                    {
                        "thumbnail": "https://lh5.googleusercontent.com/p/AF1QipPofg0cOYTff46Hn40UbafrBiH1ps3agbWWjbes=w150-h150-k-no-p"
                    },
                    {
                        "thumbnail": "https://lh5.googleusercontent.com/p/AF1QipOwOWj9027CQlnRHh4BzrIfF3oihN11nk80Ls2v=w150-h150-k-no-p"
                    },
                    {
                        "thumbnail": "https://lh5.googleusercontent.com/p/AF1QipPF6mZt1cqpZzkfCUrPpS3JxUY6Ox9kh2AO_rNN=w150-h150-k-no-p"
                    }
                ],
                "date": "a year ago"
            },
            {
                "username": "Mai Urai",
                "rating": 5,
                "contributor_id": "113220615849847461147",
                "description": "I usually don’t leave 5stars. Most excellent places are 4, but this place is exceptional. Went there about 1.5 months ago during labors day weekend with my boyfriend and his mom. Was so excited to try for a long time and it did not disappoint me! The presentation is fantastic, the talk they give for you is nice. The food, is of course so good. If you do $75 dinner option the portion is pretty huge, but it could depend on the time and menu, I guess? This is probably the only fine dining restaurant I can recommend to anyone who’d like to have a full experience and amazing dishes for special occasions. - and don’t forget grab some wines their selections are quite interesting even I don’t know much about wines could see how unique each wine is. Excited to visit them again for fall/winter menu!!",
                "link": "https://www.google.com/maps/reviews/data=!4m8!14m7!1m6!2m5!1sChZDSUhNMG9nS0VJQ0FnSUNHLU9TVFB3EAE!2m1!1s0x0:0x22b52c21f48fe0e3!3m1!1s2@1:CIHM0ogKEICAgICG-OSTPw%7CCgsIv-O9iwYQkOfDVg%7C?hl=en-US",
                "images": [
                    {
                        "thumbnail": "https://lh5.googleusercontent.com/p/AF1QipNomkyzTKqlclgr_1nfoo4DeyVtOjhc4c5uF2jG=w150-h150-k-no-p"
                    },
                    {
                        "thumbnail": "https://lh5.googleusercontent.com/p/AF1QipMBlnmbEvPgUnOitkn3lX7NrTCiHseYhFS-osqk=w150-h150-k-no-p"
                    },
                    {
                        "thumbnail": "https://lh5.googleusercontent.com/p/AF1QipOHNQyZU0ZkO00MrHq06JQ9w-3xJziIx8Do8xGG=w150-h150-k-no-p"
                    },
                    {
                        "thumbnail": "https://lh5.googleusercontent.com/p/AF1QipPHbwZQN78zfA4f0El_TUMxQFbly4lpLVzs9Il2=w150-h150-k-no-p"
                    },
                    {
                        "thumbnail": "https://lh5.googleusercontent.com/p/AF1QipMpliJ5Y6IMT4bvjWBdVQg6nv1wkGyYoIsNPEKC=w150-h150-k-no-p"
                    }
                ],
                "date": "3 years ago"
            },
            {
                "username": "Matthew Aldrich",
                "rating": 5,
                "contributor_id": "114593022263590811433",
                "description": "Our favorite restaurant in Ann Arbor. The rotating menu never disappoints and they simply have the best food and wine in Ann Arbor. We’ve been several times and have enjoyed every meal immensely. The owners seem like great people as well. Make your reservations early as they fill up!",
                "link": "https://www.google.com/maps/reviews/data=!4m8!14m7!1m6!2m5!1sChdDSUhNMG9nS0VJQ0FnSUNKamZYUDR3RRAB!2m1!1s0x0:0x22b52c21f48fe0e3!3m1!1s2@1:CIHM0ogKEICAgICJjfXP4wE%7CCgwI-MiFpQYQgLGStAI%7C?hl=en-US",
                "images": [
                    {
                        "thumbnail": "https://lh5.googleusercontent.com/p/AF1QipOrgGhNTG44SMkm16IHOxDmMMCSdpDodp7012cO=w150-h150-k-no-p"
                    },
                    {
                        "thumbnail": "https://lh5.googleusercontent.com/p/AF1QipOiu2F68Wx-_hkIm4UQNNVjG36OEB2P308GSf1b=w150-h150-k-no-p"
                    }
                ],
                "date": "a year ago"
            },
            {
                "username": "Stephany F",
                "rating": 5,
                "contributor_id": "105286579616072600962",
                "description": "Our first time at Spencer and really enjoy the full experience. The food was very hearthy and delicious. Very impressed with the wine selection and diversity of regions. Overall, a well rounded experience and can’t wait to try next month’s menu.\n\nPerhaps one recommendation would be to extend the dining time from 90 to 120 minutes.",
                "link": "https://www.google.com/maps/reviews/data=!4m8!14m7!1m6!2m5!1sChdDSUhNMG9nS0VJQ0FnSURSX196ODZRRRAB!2m1!1s0x0:0x22b52c21f48fe0e3!3m1!1s2@1:CIHM0ogKEICAgIDR__z86QE%7CCgwI-6vfogYQiP2jwwM%7C?hl=en-US",
                "images": [
                    {
                        "thumbnail": "https://lh5.googleusercontent.com/p/AF1QipMNO-kSMbeP3TX7Z8sglZ5NmuMW-NfpHxcOhdF4=w150-h150-k-no-p"
                    },
                    {
                        "thumbnail": "https://lh5.googleusercontent.com/p/AF1QipPIeaQ0zznJU0UNS5Z6geR5S4yHv25IUCUaBwWs=w150-h150-k-no-p"
                    },
                    {
                        "thumbnail": "https://lh5.googleusercontent.com/p/AF1QipOas0M2rQ0gNp0aBJFMV2niWDg7InzAHIPTMrmC=w150-h150-k-no-p"
                    },
                    {
                        "thumbnail": "https://lh5.googleusercontent.com/p/AF1QipPQ2gRNmi8cvDRWt4PLvdJGwAfiWpDn5C_3ERda=w150-h150-k-no-p"
                    },
                    {
                        "thumbnail": "https://lh5.googleusercontent.com/p/AF1QipNtvbXHFoG6GY34usQSSXJR_pm78_FlJt3yF03Z=w150-h150-k-no-p"
                    }
                ],
                "date": "a year ago"
            }
        ]
    },
    "Services": {
        "dine_in": true,
        "takeout": false
    }
}