{
    "Title": "TAQ | Taqueria Restaurant & Bar",
    "Price": [],
    "Place ID": "ChIJ68vWRTyuPIgRoncVfPW0j9c",
    "Type ID": [],
    "Type": [
        "Taco restaurant",
        "Restaurant"
    ],
    "Address": "106 E Liberty St, Ann Arbor, MI 48104",
    "GPS Coordinates": {
        "latitude": 42.2794484,
        "longitude": -83.7481991
    },
    "Phone Number": "(734) 369-6922",
    "Rating": 4.1,
    "Rating Summary": [
        {
            "stars": 1,
            "amount": 32
        },
        {
            "stars": 2,
            "amount": 39
        },
        {
            "stars": 3,
            "amount": 61
        },
        {
            "stars": 4,
            "amount": 104
        },
        {
            "stars": 5,
            "amount": 307
        }
    ],
    "Opening Hours": [
        {
            "tuesday": "12–10 PM"
        },
        {
            "wednesday": "12–10 PM"
        },
        {
            "thursday": "12–10 PM"
        },
        {
            "friday": "12–10 PM"
        },
        {
            "saturday": "12–10 PM"
        },
        {
            "sunday": "12–10 PM"
        },
        {
            "monday": "12–10 PM"
        }
    ],
    "Description": "Trendy joint featuring inventive tacos, waffles & margaritas, plus terrace seating.",
    "Details": [
        {
            "from_the_business": [
                "Identifies as women-owned"
            ]
        },
        {
            "highlights": [
                "Fast service"
            ]
        },
        {
            "popular_for": [
                "Lunch",
                "Dinner",
                "Solo dining"
            ]
        },
        {
            "accessibility": [
                "Wheelchair accessible entrance",
                "Wheelchair accessible restroom",
                "Wheelchair accessible seating"
            ]
        },
        {
            "offerings": [
                "Alcohol",
                "Beer",
                "Cocktails",
                "Comfort food",
                "Hard liquor",
                "Late-night food",
                "Quick bite",
                "Small plates",
                "Vegan options",
                "Vegetarian options",
                "Wine"
            ]
        },
        {
            "dining_options": [
                "Breakfast",
                "Brunch",
                "Lunch",
                "Dinner",
                "Catering",
                "Dessert",
                "Seating"
            ]
        },
        {
            "amenities": [
                "Bar onsite",
                "Gender-neutral restroom",
                "Restroom",
                "Wi-Fi",
                "Free Wi-Fi"
            ]
        },
        {
            "atmosphere": [
                "Casual",
                "Trendy"
            ]
        },
        {
            "crowd": [
                "College students",
                "Groups",
                "Tourists"
            ]
        },
        {
            "planning": [
                "Accepts reservations"
            ]
        },
        {
            "payments": [
                "Credit cards",
                "Debit cards",
                "NFC mobile payments"
            ]
        },
        {
            "pets": [
                "Dogs allowed",
                "Dogs allowed outside"
            ]
        }
    ],
    "User Reviews": {
        "summary": [
            {
                "snippet": "\"The nachos come loaded with cheese, beans, corn, jalapeño, Onions and tomato.\""
            },
            {
                "snippet": "\"⭐⭐⭐⭐⭐ Atmosphere and service: loved the small, intimate seating indoors.\""
            },
            {
                "snippet": "\"Nothing close to a Mexican (or even tex mex) taco. waited over an hour for food.\""
            }
        ],
        "most_relevant": [
            {
                "username": "Vikram Bala",
                "rating": 5,
                "contributor_id": "118263460813448768909",
                "description": "Everything about this place is phenomenal! Our waitress, Chloe, was absolutely amazing!! She was so full of energy, so kind, promptly took our order, and always kept coming back to check in us!! I couldn't have asked for better service - she was the best!! The food 🌮 was also brilliant 💡 the tacos are pretty big and the flavors just dance on your tongue 👅 the price is also very reasonable for AA standards. Outdoor seating 🪑 in the summer 🌞 is very nice too. Couldn't have asked for a better experience here.",
                "link": "https://www.google.com/maps/reviews/data=!4m8!14m7!1m6!2m5!1sChZDSUhNMG9nS0VJQ0FnSURyLUotaFF3EAE!2m1!1s0x0:0xd78fb4f57c1577a2!3m1!1s2@1:CIHM0ogKEICAgIDr-J-hQw%7CCgwI05HQtAYQ4LWtpAM%7C?hl=en-US",
                "images": [
                    {
                        "thumbnail": "https://lh5.googleusercontent.com/p/AF1QipP27hXEnPkR27C1awTb_w7fDFeeVz1gyJoJAM6W=w150-h150-k-no-p"
                    }
                ],
                "date": "3 months ago"
            },
            {
                "username": "Maryam Shulgan",
                "rating": 4,
                "contributor_id": "101782774774733274149",
                "description": "We had lunch here on a Saturday at around 2pm. We were seated right away as there was not too many people there that day. I was impressed by the variety of taco style options. My favorite was the barbacoa. However, I felt that for the taste, $5-6 for one taco was too pricey. Also wasn’t impressed by the atmosphere in the building, as tables are packed together and it’s quite crowded. Outdoor seating may be a better option, when it’s nicer out. The raspberry mint lemonade was great. Overall, a good lunch option in AA.",
                "link": "https://www.google.com/maps/reviews/data=!4m8!14m7!1m6!2m5!1sChZDSUhNMG9nS0VJQ0FnSURENDRmSmJnEAE!2m1!1s0x0:0xd78fb4f57c1577a2!3m1!1s2@1:CIHM0ogKEICAgIDD44fJbg%7CCgwIhMHrsAYQwIvVigM%7C?hl=en-US",
                "images": [
                    {
                        "thumbnail": "https://lh5.googleusercontent.com/p/AF1QipPBKIBU1ZpgMEyUKWWFU66V6fsjIbGdlJRfdUtF=w150-h150-k-no-p"
                    },
                    {
                        "thumbnail": "https://lh5.googleusercontent.com/p/AF1QipNeXdmQSyT3FkJ5K7jSx6_A2KMHI043jcDhO7o7=w150-h150-k-no-p"
                    },
                    {
                        "thumbnail": "https://lh5.googleusercontent.com/p/AF1QipN8Ixc-GQxyLaS22ElgQIy3deqRcXgvmjhtV3h_=w150-h150-k-no-p"
                    },
                    {
                        "thumbnail": "https://lh5.googleusercontent.com/p/AF1QipOwuRN0Grp1Z772B1uG-yMN2spAv42q6kJkXXoy=w150-h150-k-no-p"
                    }
                ],
                "date": "6 months ago"
            },
            {
                "username": "Evan McLean",
                "rating": 4,
                "contributor_id": "100001649588934916298",
                "description": "The place specializes in tacos. It is more on the expensive side and there is a decent amount of options. The tacos are quite large and on the better side of tacos available downtown. The pork was a little dry on the pastor, but the rest were good.",
                "link": "https://www.google.com/maps/reviews/data=!4m8!14m7!1m6!2m5!1sChdDSUhNMG9nS0VJQ0FnSUNiX05iYTlRRRAB!2m1!1s0x0:0xd78fb4f57c1577a2!3m1!1s2@1:CIHM0ogKEICAgICb_Nba9QE%7CCgsIkY2FtQYQkJjVPQ%7C?hl=en-US",
                "images": [
                    {
                        "thumbnail": "https://lh5.googleusercontent.com/p/AF1QipPfHl6SDHRDHTdQCucmh3ybRLwvJXKAOPI0Fbq3=w150-h150-k-no-p"
                    },
                    {
                        "thumbnail": "https://lh5.googleusercontent.com/p/AF1QipOnyho4B0D22ITJlIG_7w0fc5DDiJZ0EzJhAuXz=w150-h150-k-no-p"
                    }
                ],
                "date": "3 months ago"
            },
            {
                "username": "Emma Greko",
                "rating": 5,
                "contributor_id": "118364560379635981215",
                "description": "⭐⭐⭐⭐⭐ margaritas: you can pick and choose your tequila and flavors!\n\n⭐⭐⭐⭐⭐ Atmosphere and service: loved the small, intimate seating indoors. Our server was great as well! Super warm and personable, and the hostesses were wonderful too!\n\n⭐⭐⭐⭐ Tacos: so much meat in my tacos! Great amount of food for their prices! They also have daily specials. However, the flavor was a little underwhelming...maybe the chefs revisit the recipes? Granted, I only ordered 2 from the menu, and there were tons of types. I would want to go back and try more for sure.",
                "link": "https://www.google.com/maps/reviews/data=!4m8!14m7!1m6!2m5!1sChdDSUhNMG9nS0VJQ0FnSUNUa29UQXNBRRAB!2m1!1s0x0:0xd78fb4f57c1577a2!3m1!1s2@1:CIHM0ogKEICAgICTkoTAsAE%7CCgwIja2EsgYQ8KWlxQE%7C?hl=en-US",
                "images": [
                    {
                        "thumbnail": "https://lh5.googleusercontent.com/p/AF1QipMMMbK7i1m4n_etXKxiqUAg32fwvb0AUdfJxuSF=w150-h150-k-no-p"
                    },
                    {
                        "thumbnail": "https://lh5.googleusercontent.com/p/AF1QipMWwlQ4CO5p-XRCe7bi6lTNwMhp64rqC3KZkqVa=w150-h150-k-no-p"
                    }
                ],
                "date": "6 months ago"
            },
            {
                "username": "Jennifer Crispin",
                "rating": 5,
                "contributor_id": "108953858078269858504",
                "description": "Who doesn't love tacos? And *I* love a taco place that has so many vegetarian tacos on the menu that I can't even try them all in a single visit! All of them I tried were very tasty, though the black bean and sweet potato was a real standout. I need to come back on a day the brussel sprout tacos are on the menu!\n\nI also enjoyed the margaritas, especially the spicy mango!",
                "link": "https://www.google.com/maps/reviews/data=!4m8!14m7!1m6!2m5!1sChdDSUhNMG9nS0VJQ0FnSURYMWRpRXN3RRAB!2m1!1s0x0:0xd78fb4f57c1577a2!3m1!1s2@1:CIHM0ogKEICAgIDX1diEswE%7CCgsIuomFuQYQkNuhOQ%7C?hl=en-US",
                "date": "2 weeks ago"
            },
            {
                "username": "Mail House",
                "rating": 5,
                "contributor_id": "105529750501327973734",
                "description": "I went to TAQ last week. It was incredible and I recommend it to everyone. I can't describe how flavorful the individual tacos were. I tried six tacos and I ordered an additional two tacos of two recipes. My bartender made me unique Margaritas. A spicy and then a blueberry which was so good. If you're in Ann Arbor you have to stop here.",
                "link": "https://www.google.com/maps/reviews/data=!4m8!14m7!1m6!2m5!1sChZDSUhNMG9nS0VJQ0FnSUQ5aHNpMktnEAE!2m1!1s0x0:0xd78fb4f57c1577a2!3m1!1s2@1:CIHM0ogKEICAgID9hsi2Kg%7CCgsI5sLTrwYQoP63bg%7C?hl=en-US",
                "images": [
                    {
                        "thumbnail": "https://lh5.googleusercontent.com/p/AF1QipMhs4VnT29OO8dt95fR07kGdI3QBxphtlX1qIJi=w150-h150-k-no-p"
                    },
                    {
                        "thumbnail": "https://lh5.googleusercontent.com/p/AF1QipO-rVPrHwIlPe19JkbGU1oEkPdAfUmrq9Jtcteg=w150-h150-k-no-p"
                    },
                    {
                        "thumbnail": "https://lh5.googleusercontent.com/p/AF1QipPybHB7GNH2GcVB_NF03ubOeUnrtJl6_eeWxJyc=w150-h150-k-no-p"
                    },
                    {
                        "thumbnail": "https://lh5.googleusercontent.com/p/AF1QipP-gfEv-SL27M26eBYFINCgQuhbX5UvjNslgvuJ=w150-h150-k-no-p"
                    },
                    {
                        "thumbnail": "https://lh5.googleusercontent.com/p/AF1QipO-rXPZEEHxFazqq8HXWkssyZVsiU7Poeu7Ppjb=w150-h150-k-no-p"
                    },
                    {
                        "thumbnail": "https://lh5.googleusercontent.com/p/AF1QipP4ukArZp9VUYv4ugkNicjG_qZ-vQM5vAD35fnW=w150-h150-k-no-p"
                    }
                ],
                "date": "7 months ago"
            },
            {
                "username": "Seth Roberts",
                "rating": 5,
                "contributor_id": "109648841495647858792",
                "description": "Veggie tacos were amazing - best I’ve tried in Michigan. Service was excellent.",
                "link": "https://www.google.com/maps/reviews/data=!4m8!14m7!1m6!2m5!1sChZDSUhNMG9nS0VJQ0FnSUNuOF9PcExREAE!2m1!1s0x0:0xd78fb4f57c1577a2!3m1!1s2@1:CIHM0ogKEICAgICn8_OpLQ%7CCgwI7d_mtwYQwIzz9QE%7C?hl=en-US",
                "images": [
                    {
                        "thumbnail": "https://lh5.googleusercontent.com/p/AF1QipNODNt6sHxxCnzRRu456j0Bu4d_ZLnK_uTIrJDI=w150-h150-k-no-p"
                    },
                    {
                        "thumbnail": "https://lh5.googleusercontent.com/p/AF1QipMKUUzlmbBsxjJSV0MMd4i0TFcCdc_S8szKJa6_=w150-h150-k-no-p"
                    },
                    {
                        "thumbnail": "https://lh5.googleusercontent.com/p/AF1QipPMtZ3JWnlODKhSK4qzZi-5OZIGLc-wC14q1Z_N=w150-h150-k-no-p"
                    }
                ],
                "date": "a month ago"
            },
            {
                "username": "Robert Lalo",
                "rating": 5,
                "contributor_id": "107841920056587391055",
                "description": "Such a great place to sit outside in the summer and sip Margarita’s and have guac and chips! I love all the different Margarita flavors.  We had the full order of nachos, which were outstanding. It was large enough to be dinner for all three of us. Aviva was our server, she was kind and very attentive. The service was good from all the other servers as well!! Thanks, will return!!",
                "link": "https://www.google.com/maps/reviews/data=!4m8!14m7!1m6!2m5!1sChZDSUhNMG9nS0VJQ0FnSURiNjc3Q2R3EAE!2m1!1s0x0:0xd78fb4f57c1577a2!3m1!1s2@1:CIHM0ogKEICAgIDb677Cdw%7CCgwIlOzYtQYQ-KnbqQE%7C?hl=en-US",
                "date": "3 months ago"
            }
        ]
    },
    "Services": {
        "dine_in": true,
        "curbside_pickup": true,
        "delivery": true
    }
}