{
    "Title": "Taystee's Burgers",
    "Price": [],
    "Place ID": "ChIJ8zvxBG6vPIgRMcYR1SlQGKM",
    "Type ID": [],
    "Type": [
        "Hamburger restaurant",
        "Chicken wings restaurant",
        "Halal restaurant",
        "Hot dog restaurant",
        "Hot dog stand",
        "Restaurant"
    ],
    "Address": "2689 Ann Arbor-Saline Rd, Ann Arbor, MI 48103",
    "GPS Coordinates": {
        "latitude": 42.2477744,
        "longitude": -83.7598782
    },
    "Phone Number": "(734) 263-2208",
    "Rating": 4.8,
    "Rating Summary": [
        {
            "stars": 1,
            "amount": 11
        },
        {
            "stars": 2,
            "amount": 13
        },
        {
            "stars": 3,
            "amount": 24
        },
        {
            "stars": 4,
            "amount": 36
        },
        {
            "stars": 5,
            "amount": 700
        }
    ],
    "Opening Hours": [
        {
            "tuesday": "11 AM–12 AM"
        },
        {
            "wednesday": "11 AM–12 AM"
        },
        {
            "thursday": "11 AM–12 AM"
        },
        {
            "friday": "11 AM–2:30 AM"
        },
        {
            "saturday": "11 AM–2:30 AM"
        },
        {
            "sunday": "12 PM–12 AM"
        },
        {
            "monday": "11 AM–12 AM"
        }
    ],
    "Description": [],
    "Details": [
        {
            "popular_for": [
                "Lunch",
                "Dinner",
                "Solo dining"
            ]
        },
        {
            "accessibility": [
                "Wheelchair accessible entrance",
                "Wheelchair accessible parking lot",
                "Wheelchair accessible restroom",
                "Wheelchair accessible seating"
            ]
        },
        {
            "offerings": [
                "Comfort food",
                "Halal food",
                "Late-night food",
                "Quick bite",
                "Vegetarian options"
            ]
        },
        {
            "dining_options": [
                "Breakfast",
                "Lunch",
                "Dinner",
                "Dessert",
                "Seating"
            ]
        },
        {
            "amenities": [
                "Restroom"
            ]
        },
        {
            "atmosphere": [
                "Casual"
            ]
        },
        {
            "crowd": [
                "College students",
                "Family-friendly"
            ]
        },
        {
            "payments": [
                "Credit cards",
                "Debit cards",
                "NFC mobile payments"
            ]
        },
        {
            "children": [
                "Good for kids",
                "High chairs",
                "Kids' menu"
            ]
        },
        {
            "parking": [
                "Free parking lot",
                "Plenty of parking"
            ]
        },
        {
            "pets": [
                "Dogs allowed outside"
            ]
        }
    ],
    "User Reviews": {
        "summary": [
            {
                "snippet": "\"Amazing service and food, very nice staff and quick service.\""
            },
            {
                "snippet": "\"Delicious home-cooked tasting burgers - juicy and flavorful!\""
            },
            {
                "snippet": "\"My kids complained the meat tasted like \"weird crushed hot dog.\"\""
            }
        ],
        "most_relevant": [
            {
                "username": "Kamryn Green",
                "rating": 5,
                "contributor_id": "109440598639642579540",
                "description": "My boyfriend and I were looking for a good burger place in Ann Arbor and stumbled upon Taystee’s Burgers in our search. We were pleasantly surprised by the extensive menu and plethora of options. We dined in on a Sunday and I would have definitely gotten a chicken wrap if they weren’t only available on Tuesdays. I got the BBQ burger on a gluten free bun and my boyfriend did a Build Your Own grilled chicken sandwich and loaded it up with his favorite toppings. We also shared a Cajun curly fry, and besides the fact that there was a heavy amount of seasoning on them we still enjoyed our side. We were in Ann Arbor for my birthday and live in Metro Detroit. We will definitely be visiting one of the other locations closer to home.",
                "link": "https://www.google.com/maps/reviews/data=!4m8!14m7!1m6!2m5!1sChdDSUhNMG9nS0VJQ0FnSURINGJ6Z3Z3RRAB!2m1!1s0x0:0xa3185029d511c631!3m1!1s2@1:CIHM0ogKEICAgIDH4bzgvwE%7CCgwIytWitwYQ2Kjq8QI%7C?hl=en-US",
                "images": [
                    {
                        "thumbnail": "https://lh5.googleusercontent.com/p/AF1QipN3zhfD90ImZO43Nan9fqhZL_zpBOwldYGWKZ4d=w150-h150-k-no-p"
                    }
                ],
                "date": "a month ago"
            },
            {
                "username": "Mr Totts",
                "rating": 5,
                "contributor_id": "116994330679092354850",
                "description": "AJ, and the boys killed it tonight!  My family and I are on a burger tour and I felt that a Taystee’s Burger should be on the list.  We purchased 7 different burgers and cut them up to share.  Now they loose their presentation that way but we all get a couple good size bites of each burger.  I liked both the Mushroom Swiss and the Taystees Volcano Burger.  My wife enjoyed the Mac-Attack, the Boys liked the Taystees Volcano Burger, Nacho Burger and Breakfast Burger.  My Daughter voted for the Breakfast Burger.   Great Food! Great Service, Great Price.  Taystee Burger is only $9.50, the Breakfast Burger is $16 but it is huge.   I love this place and have been to multiple locations and now my wife and kids love it too.   Great job AJ.  Taystees made the list.",
                "link": "https://www.google.com/maps/reviews/data=!4m8!14m7!1m6!2m5!1sChZDSUhNMG9nS0VJQ0FnSUQ3bXNTcmNREAE!2m1!1s0x0:0xa3185029d511c631!3m1!1s2@1:CIHM0ogKEICAgID7msSrcQ%7CCgwIsPKptgYQyIfLpgE%7C?hl=en-US",
                "images": [
                    {
                        "thumbnail": "https://lh5.googleusercontent.com/p/AF1QipNbALVyqc5NmmO2QHqu4T3tJKihHpyJKzr5J1KM=w150-h150-k-no-p"
                    },
                    {
                        "thumbnail": "https://lh5.googleusercontent.com/p/AF1QipMnGmLpXVMOQ59XqV8RpVzO8pMZdogjvMY0FZgS=w150-h150-k-no-p"
                    },
                    {
                        "thumbnail": "https://lh5.googleusercontent.com/p/AF1QipPNCD3ZGFSuK8Nora7OUwJ-TfP7baOUadcS2-rg=w150-h150-k-no-p"
                    }
                ],
                "date": "2 months ago"
            },
            {
                "username": "Grant Saxman",
                "rating": 5,
                "contributor_id": "101534163821909477773",
                "description": "The burgers were absolutely delicious and the staff was incredibly friendly and helpful! I will definitely be coming back soon\nNote: the food is also completely halal if that is important to you!",
                "link": "https://www.google.com/maps/reviews/data=!4m8!14m7!1m6!2m5!1sChZDSUhNMG9nS0VJQ0FnSUQ3alkyUWVBEAE!2m1!1s0x0:0xa3185029d511c631!3m1!1s2@1:CIHM0ogKEICAgID7jY2QeA%7CCgwI4u20tgYQ-LKjjgI%7C?hl=en-US",
                "images": [
                    {
                        "thumbnail": "https://lh5.googleusercontent.com/p/AF1QipMMK-qAtdQzzaBW9Y5_rLeejMVgDefbMO8bToW4=w150-h150-k-no-p"
                    }
                ],
                "date": "2 months ago"
            },
            {
                "username": "Adam Sarnovsky",
                "rating": 5,
                "contributor_id": "106317243174845765528",
                "description": "Stopped by from out of state looking for a good burger. The guy at the register took the time to give us a rundown of the entire menu which I thought was really awesome of him. He was educated on the entire menu and it made it super easy for my fiancée and I to choose what we wanted. We both typically have basic tastes but the entire menu looked delicious. Got a single burger with just cheese and it’s  the best burger I’ve ever had in my life. I’m currently writing this review while eating it because I didn’t want to forget to give these guys the credit they deserve. Top notch service and top notch food. You can’t go wrong here.",
                "link": "https://www.google.com/maps/reviews/data=!4m8!14m7!1m6!2m5!1sChZDSUhNMG9nS0VJQ0FnSUNYdTVMa0tBEAE!2m1!1s0x0:0xa3185029d511c631!3m1!1s2@1:CIHM0ogKEICAgICXu5LkKA%7CCgwImbPWuAYQyLbZpAM%7C?hl=en-US",
                "date": "3 weeks ago"
            },
            {
                "username": "Chris Newman",
                "rating": 5,
                "contributor_id": "110212053460315590786",
                "description": "It was one of the best burger experiences I have had! The restaurant smells amazing, and the burger didn't disappoint... BBQ burger was great! Cajun fries are also really good. So many options... I can't wait to return! Keep up the good work!!!",
                "link": "https://www.google.com/maps/reviews/data=!4m8!14m7!1m6!2m5!1sChdDSUhNMG9nS0VJQ0FnSURqMjZLTGh3RRAB!2m1!1s0x0:0xa3185029d511c631!3m1!1s2@1:CIHM0ogKEICAgIDj26KLhwE%7CCgwIzbnqsQYQyKnr3QE%7C?hl=en-US",
                "images": [
                    {
                        "thumbnail": "https://lh5.googleusercontent.com/p/AF1QipPcdxISZqDZk3GhBVlYp8bgtT7cWb_n49vdRyRD=w150-h150-k-no-p"
                    },
                    {
                        "thumbnail": "https://lh5.googleusercontent.com/p/AF1QipMqyX4qcZLTc3QgmY1jYweaGzYmON7NmW9r7gF-=w150-h150-k-no-p"
                    }
                ],
                "date": "6 months ago"
            },
            {
                "username": "Dr Alo",
                "rating": 5,
                "contributor_id": "110407128373581554882",
                "description": "They won best burger in Michigan. Very good burger but generally sloppy and wet. Definitely recommend.",
                "link": "https://www.google.com/maps/reviews/data=!4m8!14m7!1m6!2m5!1sChZDSUhNMG9nS0VJQ0FnSURybU5fWlN3EAE!2m1!1s0x0:0xa3185029d511c631!3m1!1s2@1:CIHM0ogKEICAgIDrmN_ZSw%7CCgwI5N3NtAYQ-Lbq5QI%7C?hl=en-US",
                "images": [
                    {
                        "thumbnail": "https://lh5.googleusercontent.com/p/AF1QipMJMMyxlv_zsaosMXCkYh7Wa8uZHuEngL-jnTd4=w150-h150-k-no-p"
                    },
                    {
                        "thumbnail": "https://lh5.googleusercontent.com/p/AF1QipMaJPvEU1VFxyhHvp75MT-dXo16_bb21yP0pzTy=w150-h150-k-no-p"
                    },
                    {
                        "thumbnail": "https://lh5.googleusercontent.com/p/AF1QipOMl0jXAlm7ZhRnFKcj4lT9kFGK3_yr2Pz4ztHm=w150-h150-k-no-p"
                    },
                    {
                        "thumbnail": "https://lh5.googleusercontent.com/p/AF1QipOD2eawYtzOHwanecr90IgvLYrD4Ud_VdGBXgWV=w150-h150-k-no-p"
                    },
                    {
                        "thumbnail": "https://lh5.googleusercontent.com/p/AF1QipPw6B3fCwq5ji7t2UMEXCo2kSJdIPDi3MOr_FjS=w150-h150-k-no-p"
                    },
                    {
                        "thumbnail": "https://lh5.googleusercontent.com/p/AF1QipNteTv2sj-pTjRAOcGdn1wgBiv51XQT-byg9Nru=w150-h150-k-no-p"
                    },
                    {
                        "thumbnail": "https://lh5.googleusercontent.com/p/AF1QipNPhGnJd6IjcCZ1sZeRGEKS_xFF62Ux4DTlkPRt=w150-h150-k-no-p"
                    },
                    {
                        "thumbnail": "https://lh5.googleusercontent.com/p/AF1QipNddW5aBeE1wYC4pxJvJEMzcB85Hv0jasyL6WtJ=w150-h150-k-no-p"
                    },
                    {
                        "thumbnail": "https://lh5.googleusercontent.com/p/AF1QipNjwRbJwxoHqaK7HKG3SOuPtIch72N54SO_FZgb=w150-h150-k-no-p"
                    },
                    {
                        "thumbnail": "https://lh5.googleusercontent.com/p/AF1QipPucL1o6802k9_SRWgQkw5Iz_F7biyqdkjj8CQ8=w150-h150-k-no-p"
                    },
                    {
                        "thumbnail": "https://lh5.googleusercontent.com/p/AF1QipPIbVf38GOW2BDsIOH-I-8Z9ZD0FkPCvFN-E_Ka=w150-h150-k-no-p"
                    },
                    {
                        "thumbnail": "https://lh5.googleusercontent.com/p/AF1QipNHLw9D4HmMrCMbdxGjtLpBl80FpP15_IFj7kBq=w150-h150-k-no-p"
                    }
                ],
                "date": "3 months ago"
            },
            {
                "username": "v nikolic",
                "rating": 5,
                "contributor_id": "104285519659089919467",
                "description": "Kitsch diner meets industrial style and the food is drool worthy.   First time in here.  Ordered the original burger and onion rings at1:30 am.  Made to order and perfectly prepared.   Kudos!  Please stay true to your standards and will continue to sing your praises.   Thanks for a pleasant surprise!  Will be back and will highly recommend.",
                "link": "https://www.google.com/maps/reviews/data=!4m8!14m7!1m6!2m5!1sChdDSUhNMG9nS0VJQ0FnSURILXItcGh3RRAB!2m1!1s0x0:0xa3185029d511c631!3m1!1s2@1:CIHM0ogKEICAgIDH-r-phwE%7CCgwI8u-ZtwYQgLegiAE%7C?hl=en-US",
                "date": "a month ago"
            },
            {
                "username": "Govind Sharma",
                "rating": 5,
                "contributor_id": "102413371078646737035",
                "description": "Ive seen this place a few times passing by but never went in. Today i did and it was great. The service was kind, the food was amazing, and the atmosphere was cool. The staff were serving me with a smile and the restaurant has these huge glass windows to let a lot of light in. They also have a lot of options; gluten free bun, vegan patties, a variety of toppings. I would highly recommend to anyone looking for a  good quality burger for that late night burger craving. 5/5",
                "link": "https://www.google.com/maps/reviews/data=!4m8!14m7!1m6!2m5!1sChdDSUhNMG9nS0VJQ0FnSURuc3BYWDhRRRAB!2m1!1s0x0:0xa3185029d511c631!3m1!1s2@1:CIHM0ogKEICAgIDnspXX8QE%7CCgsIqJGBuAYQ0MbdSg%7C?hl=en-US",
                "date": "a month ago"
            }
        ]
    },
    "Services": {
        "dine_in": true,
        "takeout": true,
        "delivery": true
    }
}