{
    "Title": "Texas Roadhouse",
    "Price": [],
    "Place ID": "ChIJSQHl1R6wPIgRsF0MItc4Vgk",
    "Type ID": [],
    "Type": [
        "Steak house",
        "American restaurant",
        "Restaurant"
    ],
    "Address": "3133 Ann Arbor-Saline Rd, Ann Arbor, MI 48103",
    "GPS Coordinates": {
        "latitude": 42.2416428,
        "longitude": -83.7676269
    },
    "Phone Number": "(734) 332-8850",
    "Rating": 4.3,
    "Rating Summary": [
        {
            "stars": 1,
            "amount": 166
        },
        {
            "stars": 2,
            "amount": 118
        },
        {
            "stars": 3,
            "amount": 223
        },
        {
            "stars": 4,
            "amount": 748
        },
        {
            "stars": 5,
            "amount": 2009
        }
    ],
    "Opening Hours": [
        {
            "tuesday": "3–10 PM"
        },
        {
            "wednesday": "3–10 PM"
        },
        {
            "thursday": "3–10 PM"
        },
        {
            "friday": "3–10 PM"
        },
        {
            "saturday": "11 AM–10 PM"
        },
        {
            "sunday": "11 AM–10 PM"
        },
        {
            "monday": "3–10 PM"
        }
    ],
    "Description": "Lively chain steakhouse serving American fare with a Southwestern spin amid Texas-themed decor.",
    "Details": [
        {
            "highlights": [
                "Fast service",
                "Sports"
            ]
        },
        {
            "popular_for": [
                "Lunch",
                "Dinner",
                "Solo dining"
            ]
        },
        {
            "accessibility": [
                "Wheelchair accessible entrance",
                "Wheelchair accessible parking lot",
                "Wheelchair accessible restroom",
                "Wheelchair accessible seating"
            ]
        },
        {
            "offerings": [
                "Alcohol",
                "Beer",
                "Cocktails",
                "Coffee",
                "Comfort food",
                "Happy hour food",
                "Hard liquor",
                "Vegetarian options",
                "Wine"
            ]
        },
        {
            "dining_options": [
                "Lunch",
                "Dinner",
                "Dessert",
                "Seating"
            ]
        },
        {
            "amenities": [
                "Bar onsite",
                "Restroom"
            ]
        },
        {
            "atmosphere": [
                "Casual",
                "Cozy",
                "Trendy"
            ]
        },
        {
            "crowd": [
                "College students",
                "Groups",
                "Tourists"
            ]
        },
        {
            "planning": [
                "Usually a wait"
            ]
        },
        {
            "payments": [
                "Credit cards",
                "Debit cards",
                "NFC mobile payments"
            ]
        },
        {
            "children": [
                "Good for kids",
                "High chairs",
                "Kids' menu"
            ]
        },
        {
            "parking": [
                "Free parking lot",
                "Free street parking",
                "Plenty of parking"
            ]
        },
        {
            "pets": [
                "Dogs allowed outside"
            ]
        }
    ],
    "User Reviews": {
        "summary": [
            {
                "snippet": "\"Great service great food decent prices cool vibe great for family or for a date.\""
            },
            {
                "snippet": "\"I ordered a NY strip steak, side of ribs, loaded potato, and green beans.\""
            },
            {
                "snippet": "\"We were quickly seated with rolls, butter and peanuts on the table.\""
            }
        ],
        "most_relevant": [
            {
                "username": "Harry",
                "rating": 4,
                "contributor_id": "111995896153963207597",
                "description": "After a long time on the try list, I finally had dinner on Friday with a colleague at this delightful restaurant. The complimentary bread was amazing and set the tone for a great meal. I ordered the grilled BBQ chicken with veggies and rice, and the rice was particularly memorable, reminiscent of flavorful biryani. The host was both cute and beautiful, adding a pleasant touch to the evening. The service was attentive and friendly, enhancing the overall experience. Additionally, the restaurant offers free ample parking, which is a definite plus. Overall, a satisfying dining experience that exceeded expectations.",
                "link": "https://www.google.com/maps/reviews/data=!4m8!14m7!1m6!2m5!1sChdDSUhNMG9nS0VJQ0FnSUNMdGM2T3pnRRAB!2m1!1s0x0:0x95638d7220c5db0!3m1!1s2@1:CIHM0ogKEICAgICLtc6OzgE%7CCgsI59rYswYQsPXpZw%7C?hl=en-US",
                "images": [
                    {
                        "thumbnail": "https://lh5.googleusercontent.com/p/AF1QipNTCovS903GY31iIE-aagmJ4edln9C2ahGHDNvE=w150-h150-k-no-p"
                    },
                    {
                        "thumbnail": "https://lh5.googleusercontent.com/p/AF1QipPwbh7BvFhNBGh5e0Sr2W0SF9HvKBztHtRoj_Du=w150-h150-k-no-p"
                    },
                    {
                        "thumbnail": "https://lh5.googleusercontent.com/p/AF1QipMWlC6MFbJ4r37sVGg5_WhICiFFhkENpqf5xLgl=w150-h150-k-no-p"
                    }
                ],
                "date": "4 months ago"
            },
            {
                "username": "Hank Putter",
                "rating": 3,
                "contributor_id": "110004903601536251886",
                "description": "Food was good, but deadass spent two hours inside this restaurant waiting for our food, which came one by one. Genuinely think I aged three years waiting here.",
                "link": "https://www.google.com/maps/reviews/data=!4m8!14m7!1m6!2m5!1sChdDSUhNMG9nS0VJQ0FnSURyM1BUbHhBRRAB!2m1!1s0x0:0x95638d7220c5db0!3m1!1s2@1:CIHM0ogKEICAgIDr3PTlxAE%7CCgwIp8zWtAYQ6NLZzgM%7C?hl=en-US",
                "images": [
                    {
                        "thumbnail": "https://lh5.googleusercontent.com/p/AF1QipOfATVmYNZfeNuMZX-beJ9H2N0-dgZT1FG8s0RN=w150-h150-k-no-p"
                    },
                    {
                        "thumbnail": "https://lh5.googleusercontent.com/p/AF1QipMOqi_VaG1ijsPugvRp7CZgiTQiiL4qSxd7aeAZ=w150-h150-k-no-p"
                    },
                    {
                        "thumbnail": "https://lh5.googleusercontent.com/p/AF1QipOVjBkeg0IDQKd4jnGkD57wlwI9bGxQJF-F9q1O=w150-h150-k-no-p"
                    }
                ],
                "date": "3 months ago"
            },
            {
                "username": "Stormy Dreams",
                "rating": 5,
                "contributor_id": "102611784336477364292",
                "description": "Party of 8 seated immediately when arrived.  Had a great waiter>Mel who was on top of things. He had our order right & kept our drinks filled. Food was cooked right, tasted delicious, and served fast.  Celebrated a birthday & they did a special thing for him\nWas a good experience.  A bit on the pricey side >  $245.95 for 6 adults & 2 kids. But we already know the price before going. Had a good dinner & a great time.",
                "link": "https://www.google.com/maps/reviews/data=!4m8!14m7!1m6!2m5!1sChZDSUhNMG9nS0VJQ0FnSUNsN3ZuaUhnEAE!2m1!1s0x0:0x95638d7220c5db0!3m1!1s2@1:CIHM0ogKEICAgICl7vniHg%7CCgwIhMvlqgYQqOTbggI%7C?hl=en-US",
                "images": [
                    {
                        "thumbnail": "https://lh5.googleusercontent.com/p/AF1QipMOohf7WK5dfUaXFqnHRfCVOwW-VbrpgDy4Za94=w150-h150-k-no-p"
                    },
                    {
                        "thumbnail": "https://lh5.googleusercontent.com/p/AF1QipNAeeX94J4VmJaU2IfHfPVxuA4kE2dXyNQPioAX=w150-h150-k-no-p"
                    },
                    {
                        "thumbnail": "https://lh5.googleusercontent.com/p/AF1QipOxgeXoy_NEBGJeSe21OPEghn-Fhg4kh8cf87W0=w150-h150-k-no-p"
                    },
                    {
                        "thumbnail": "https://lh5.googleusercontent.com/p/AF1QipNUUtUKfAXBfNegqLecRsfxJahcHyQLCNZ4w6nd=w150-h150-k-no-p"
                    },
                    {
                        "thumbnail": "https://lh5.googleusercontent.com/p/AF1QipMceBAWhpI5ziD7nrKPhqKtx1_PNGXD7E0XfZgA=w150-h150-k-no-p"
                    },
                    {
                        "thumbnail": "https://lh5.googleusercontent.com/p/AF1QipPa_cxYyF3HzhsJV7gVDlmFs5bBVShuHorG7WaM=w150-h150-k-no-p"
                    },
                    {
                        "thumbnail": "https://lh5.googleusercontent.com/p/AF1QipOFym0adqMcIlzw2ENDFGzloIKIO3CnDxAOIjGD=w150-h150-k-no-p"
                    },
                    {
                        "thumbnail": "https://lh5.googleusercontent.com/p/AF1QipMvJS6zJP-NSxzjK6xLSdoaXDiH3lhI-zf9_IWA=w150-h150-k-no-p"
                    },
                    {
                        "thumbnail": "https://lh5.googleusercontent.com/p/AF1QipOJvg-njgMptYaKsirTyCmxiLoX577-oGy1P_PV=w150-h150-k-no-p"
                    }
                ],
                "date": "11 months ago"
            },
            {
                "username": "Billie-Jean Johnston",
                "rating": 2,
                "contributor_id": "107241800900362362876",
                "description": "Only redeeming quality for this place was the service. Food was COVERED in visible coarse flaky salt. I ordered ribs and a baked potato. Literally couldn’t eat it.\nServer sent the manager over - her resolution was to let the kitchen staff know to use less salt for the next customer.\nIf you’re looking for a salt lick for dinner…. You’ve found your spot",
                "link": "https://www.google.com/maps/reviews/data=!4m8!14m7!1m6!2m5!1sChdDSUhNMG9nS0VJQ0FnSURYanUtRmdRRRAB!2m1!1s0x0:0x95638d7220c5db0!3m1!1s2@1:CIHM0ogKEICAgIDXju-FgQE%7CCgwI8pT4uAYQiOmTkwM%7C?hl=en-US",
                "date": "2 weeks ago"
            },
            {
                "username": "Gilberto Rondon-Cardone",
                "rating": 1,
                "contributor_id": "116755357411504004053",
                "description": "Today we had a very bad experience in this place, 1st.-the food took over 30 mins to come to the table, we were not longer hungry after the food came, 2nd- we ordered the Ribeye 12 oz medium/well plus ribs (combo) [2 orders the same] with baked potato and cesar salad. After waiting for over 30 minutes the ribeyes came well done and dry, the potatos were super salty and also dry and one of the ribs came almost like a charcoal, super burned and black, we returned that rib no even a dog could eat it, and they brought another piece  of rib almost 15 mins lataer or when we were finishing eating the over cooked and dry beef, we order a Blue Moon and the second one the glass was broken on the border, I returned it and they offered me another one and I said no, enough, I was already fed off and ready to leave the place for the bad service and low food quality, it was a very bad experience, several issues in the food quality and service, I will not recommend this place to my friends and with me they lost one customer. I would not recomend this place.",
                "link": "https://www.google.com/maps/reviews/data=!4m8!14m7!1m6!2m5!1sChZDSUhNMG9nS0VJQ0FnSUNINjRDdVpnEAE!2m1!1s0x0:0x95638d7220c5db0!3m1!1s2@1:CIHM0ogKEICAgICH64CuZg%7CCgwI6bP5tgYQkImLgQE%7C?hl=en-US",
                "images": [
                    {
                        "thumbnail": "https://lh5.googleusercontent.com/p/AF1QipOvZjVV70kUxUHXZuhaxpkxDQPKa0nlDwVMArBF=w150-h150-k-no-p"
                    }
                ],
                "date": "2 months ago"
            },
            {
                "username": "Melissa G.",
                "rating": 5,
                "contributor_id": "106267443973524798812",
                "description": "We enjoyed a great dinner. Our servers, Gracie, and Maddison did an excellent job.  Our dinners were very good and cooked just the way we asked them to be. The restaurant was very busy and very loud, before the amount of people in there it was very clean, and the restrooms were very clean.",
                "link": "https://www.google.com/maps/reviews/data=!4m8!14m7!1m6!2m5!1sChZDSUhNMG9nS0VJQ0FnSUNadVBmeU1nEAE!2m1!1s0x0:0x95638d7220c5db0!3m1!1s2@1:CIHM0ogKEICAgICZuPfyMg%7CCgwI1u7UpwYQqJ_UjAI%7C?hl=en-US",
                "images": [
                    {
                        "thumbnail": "https://lh5.googleusercontent.com/p/AF1QipOCjpS8ZGk-56bb_Xvo5eWkFyeBCjrHNxidyh79=w150-h150-k-no-p"
                    },
                    {
                        "thumbnail": "https://lh5.googleusercontent.com/p/AF1QipMjAqNciMX9rmY5rDVbt2GmjI47FAgcw7faHD8i=w150-h150-k-no-p"
                    },
                    {
                        "thumbnail": "https://lh5.googleusercontent.com/p/AF1QipNSx7kqpQzoupQ5cqZAGgJdFra0CrwAYg8eJZwi=w150-h150-k-no-p"
                    },
                    {
                        "thumbnail": "https://lh5.googleusercontent.com/p/AF1QipPMqUzoDJAs4x98xhOAUhRiL0fqZWeeRkKkhhRn=w150-h150-k-no-p"
                    },
                    {
                        "thumbnail": "https://lh5.googleusercontent.com/p/AF1QipO_Sze5FIMK7MKquISrMloNng2AChlZmcKzVznr=w150-h150-k-no-p"
                    },
                    {
                        "thumbnail": "https://lh5.googleusercontent.com/p/AF1QipOEb5ZpxHQDVT61c-pvF8ylkPZ5jjfmfPsICKm8=w150-h150-k-no-p"
                    },
                    {
                        "thumbnail": "https://lh5.googleusercontent.com/p/AF1QipOlh9t4LtvKMkCYFo7OBE0ftDQRbKCuUPZvVy9R=w150-h150-k-no-p"
                    },
                    {
                        "thumbnail": "https://lh5.googleusercontent.com/p/AF1QipOK76RSR33NrtQBSEfaZxIFRiyR2XQOrNN5ngm8=w150-h150-k-no-p"
                    },
                    {
                        "thumbnail": "https://lh5.googleusercontent.com/p/AF1QipP6eJpwLs5wd97z-leYke1gxvrwFw4e-xpHPwMq=w150-h150-k-no-p"
                    }
                ],
                "date": "a year ago"
            },
            {
                "username": "Stephanie Marie",
                "rating": 5,
                "contributor_id": "100148589988529793520",
                "description": "Had a great experience at this location! Came here for my mom's birthday dinner. We had a large party so we had two booths, our server was amazing. She made sure we had bread rolls at all times and full drinks. Food was great as always! Wait was short!",
                "link": "https://www.google.com/maps/reviews/data=!4m8!14m7!1m6!2m5!1sChdDSUhNMG9nS0VJQ0FnSUQ3MlpqeXdBRRAB!2m1!1s0x0:0x95638d7220c5db0!3m1!1s2@1:CIHM0ogKEICAgID72ZjywAE%7CCgwIyZivtgYQwKPhsAI%7C?hl=en-US",
                "date": "2 months ago"
            },
            {
                "username": "Maurielle C",
                "rating": 5,
                "contributor_id": "102013884837832721376",
                "description": "Genuinely my first time visiting any Texas roadhouse ever, and I have to say… it was delicious. Not only was our waiter, Mel, a delight, but the food and his recommendations were so good! Honestly can’t say enough good about this place! I didn’t even expect to like it but I did. Would recommend coming in for dinner sometime.",
                "link": "https://www.google.com/maps/reviews/data=!4m8!14m7!1m6!2m5!1sChdDSUhNMG9nS0VJQ0FnSURwanAyRHdnRRAB!2m1!1s0x0:0x95638d7220c5db0!3m1!1s2@1:CIHM0ogKEICAgIDpjp2DwgE%7CCgwI07WQpwYQ6ICV1QI%7C?hl=en-US",
                "images": [
                    {
                        "thumbnail": "https://lh5.googleusercontent.com/p/AF1QipNmrJiMOwHdH97RfAq4Pf4c6UN7D6fH6truob0s=w150-h150-k-no-p"
                    },
                    {
                        "thumbnail": "https://lh5.googleusercontent.com/p/AF1QipNgfui7aNaijEajMcIagj1hr7oS7JB6Tvy_J25U=w150-h150-k-no-p"
                    },
                    {
                        "thumbnail": "https://lh5.googleusercontent.com/p/AF1QipPKLyH6hI6YuVujWdnT0m-Ngru7bld1PfapEYUx=w150-h150-k-no-p"
                    },
                    {
                        "thumbnail": "https://lh5.googleusercontent.com/p/AF1QipObNjlqk4jjP0rnPau7LlVyMwN1FO0mVMaYsKyV=w150-h150-k-no-p"
                    },
                    {
                        "thumbnail": "https://lh5.googleusercontent.com/p/AF1QipPF-orcbwfB5-9J7vUX2v644h8N1DJn0YuJiWEy=w150-h150-k-no-p"
                    },
                    {
                        "thumbnail": "https://lh5.googleusercontent.com/p/AF1QipP7VEtA_ZtgQz_IzKKdt7JGgL_ngUpuI5YDogFo=w150-h150-k-no-p"
                    },
                    {
                        "thumbnail": "https://lh5.googleusercontent.com/p/AF1QipOg3pm3LHdBSQDzQyIyYYSYGDD9dSfU5svB18IZ=w150-h150-k-no-p"
                    },
                    {
                        "thumbnail": "https://lh5.googleusercontent.com/p/AF1QipMkLKxuTSZCCgIEI5RquZLPy39PoIHdF-BFBMsp=w150-h150-k-no-p"
                    }
                ],
                "date": "a year ago"
            }
        ]
    },
    "Services": {
        "dine_in": true,
        "takeout": true,
        "delivery": false
    }
}