{
    "Title": "The Seoul",
    "Price": [],
    "Place ID": "ChIJEQubAT-vPIgRYtouEfjETuc",
    "Type ID": [],
    "Type": [
        "Korean restaurant"
    ],
    "Address": "620 E Liberty St, Ann Arbor, MI 48104, United States",
    "GPS Coordinates": {
        "latitude": 42.279167099999995,
        "longitude": -83.7413406
    },
    "Phone Number": "+1 734-585-0472",
    "Rating": 4.1,
    "Rating Summary": [
        {
            "stars": 1,
            "amount": 15
        },
        {
            "stars": 2,
            "amount": 9
        },
        {
            "stars": 3,
            "amount": 16
        },
        {
            "stars": 4,
            "amount": 23
        },
        {
            "stars": 5,
            "amount": 96
        }
    ],
    "Opening Hours": [
        {
            "tuesday": "11:30 AM–10 PM"
        },
        {
            "wednesday": "11:30 AM–10 PM"
        },
        {
            "thursday": "11:30 AM–10 PM"
        },
        {
            "friday": "11:30 AM–10 PM"
        },
        {
            "saturday": "12–10 PM"
        },
        {
            "sunday": "12–10 PM"
        },
        {
            "monday": "11:30 AM–10 PM"
        }
    ],
    "Description": [],
    "Details": [
        {
            "highlights": [
                "Fast service"
            ]
        },
        {
            "popular_for": [
                "Lunch",
                "Dinner",
                "Solo dining"
            ]
        },
        {
            "accessibility": [
                "Wheelchair-accessible car park",
                "Wheelchair-accessible entrance",
                "Wheelchair-accessible seating",
                "Wheelchair-accessible toilet"
            ]
        },
        {
            "offerings": [
                "Alcohol",
                "Beer",
                "Comfort food",
                "Healthy options",
                "Small plates",
                "Spirits"
            ]
        },
        {
            "dining_options": [
                "Lunch",
                "Dinner",
                "Dessert"
            ]
        },
        {
            "amenities": [
                "Toilets"
            ]
        },
        {
            "atmosphere": [
                "Casual",
                "Cosy"
            ]
        },
        {
            "crowd": [
                "Groups",
                "Tourists"
            ]
        },
        {
            "planning": [
                "Accepts reservations"
            ]
        },
        {
            "payments": [
                "Credit cards",
                "Debit cards",
                "NFC mobile payments"
            ]
        }
    ],
    "User Reviews": {
        "summary": [
            {
                "snippet": "\"Good quality Korean bbq with a relatively cheap price and large portions.\""
            },
            {
                "snippet": "\"My only gripe with this place was the service….i mean our waiter disappeared.\""
            },
            {
                "snippet": "\"The bulgogi soup was tasty (a bit sweet) and overall a very satisfying meal.\""
            }
        ],
        "most_relevant": [
            {
                "username": "Yuliang Hu",
                "rating": 5,
                "contributor_id": "110046364390822301973",
                "description": "The Bossam was a pleasant surprise. The pickled radish, sauce and pork belly that melts in your mouth creates a nice balance of texture and flavors. I wouldn't have ordered it just looking at the description on the menu, so it's worth asking the server for more details if one is not familiar with some of the dishes. Would come back and try a few more items.",
                "link": "https://www.google.com/maps/reviews/data=!4m8!14m7!1m6!2m5!1sChdDSUhNMG9nS0VJQ0FnSURiZ2NqM3JRRRAB!2m1!1s0x0:0xe74ec4f8112eda62!3m1!1s2@1:CIHM0ogKEICAgIDbgcj3rQE%7CCgsIhqPGtQYQsJjzbg%7C?hl=en-GB",
                "images": [
                    {
                        "thumbnail": "https://lh5.googleusercontent.com/p/AF1QipM5ltXg28kbOf8a5E7NDMLJWMTuoz7WWp9tSFI2=w150-h150-k-no-p"
                    },
                    {
                        "thumbnail": "https://lh5.googleusercontent.com/p/AF1QipNfUCt3ZpI8M1fWX383YrvTI7I-f-aor7k8PC7e=w150-h150-k-no-p"
                    },
                    {
                        "thumbnail": "https://lh5.googleusercontent.com/p/AF1QipOJU9gqvx-GEw2WOszf_lK7u4fSNCbthzf8137w=w150-h150-k-no-p"
                    }
                ],
                "date": "3 months ago"
            },
            {
                "username": "Jean Weinrich",
                "rating": 5,
                "contributor_id": "108160196041240097575",
                "description": "This was incredible. We had the bibimbop, garlic soy wings and the bulgogi. I want to move to Ann Arbor just so I can eat here again. There was some delicious side dishes that I have no idea what they were but they were super flavorful and delicious.",
                "link": "https://www.google.com/maps/reviews/data=!4m8!14m7!1m6!2m5!1sChZDSUhNMG9nS0VJQ0FnSURYNW9LSVV3EAE!2m1!1s0x0:0xe74ec4f8112eda62!3m1!1s2@1:CIHM0ogKEICAgIDX5oKIUw%7CCgsIqbH1uAYQsOHDaA%7C?hl=en-GB",
                "images": [
                    {
                        "thumbnail": "https://lh5.googleusercontent.com/p/AF1QipMmgSfJyO8j0SKqW5lQaPzUU4Uk_m5JG2NQ3nMV=w150-h150-k-no-p"
                    },
                    {
                        "thumbnail": "https://lh5.googleusercontent.com/p/AF1QipONvcDV8VWishPoK5XJFl_FjcdItQy80JAA_6R1=w150-h150-k-no-p"
                    },
                    {
                        "thumbnail": "https://lh5.googleusercontent.com/p/AF1QipMXTQsZKPw46nI6fR384lUwWjMaJP7KfGXHUfTK=w150-h150-k-no-p"
                    }
                ],
                "date": "2 weeks ago"
            },
            {
                "username": "Lauren B",
                "rating": 5,
                "contributor_id": "114381769926587863376",
                "description": "I was looking for good Korean restaurant near Ann Arbor and saw some really good reviews so I was curious and went on Wednesday night. This place my first time and perfect deserve all the hype. Cooking your own food was fun and amazing experience. Customer service was excellent and manager was super sweet great attitude. Happy to answer any questions about the menu how to use the grill. It was really fun and definitely I will go again.",
                "link": "https://www.google.com/maps/reviews/data=!4m8!14m7!1m6!2m5!1sChdDSUhNMG9nS0VJQ0FnSUMzNE1tUmt3RRAB!2m1!1s0x0:0xe74ec4f8112eda62!3m1!1s2@1:CIHM0ogKEICAgIC34MmRkwE%7CCgwI_pWVuQYQ6JaemAI%7C?hl=en-GB",
                "date": "a week ago"
            },
            {
                "username": "Youngsoon Jang",
                "rating": 5,
                "contributor_id": "118045012711956086333",
                "description": "Love this place!\nThe best Korean food in Ann Arbor. Everything I had was authentic and delicious; the fresh BBQ meat was so special and the soup and cold noodles have full of flavors.\nManager was so friendly and servers also were nice. I will definitely go there again.",
                "link": "https://www.google.com/maps/reviews/data=!4m8!14m7!1m6!2m5!1sChdDSUhNMG9nS0VJQ0FnSUNYcFB5eXJ3RRAB!2m1!1s0x0:0xe74ec4f8112eda62!3m1!1s2@1:CIHM0ogKEICAgICXpPyyrwE%7CCgwI5NauuAYQ-IuCxwI%7C?hl=en-GB",
                "date": "4 weeks ago"
            },
            {
                "username": "Mica Novohc",
                "rating": 5,
                "contributor_id": "102328948064922516185",
                "description": "I went there for dinner on Tuesday with a couple of friends. Owner or manager was very nice and kind. Sat and greeted us warmly. The food took a while to arrive but it didn’t matter too much because it was busy. All server were smile and the service was excellent. If you are looking for good Korean restaurant, you should defe Check this place out. Great atmosphere service was fantastic!",
                "link": "https://www.google.com/maps/reviews/data=!4m8!14m7!1m6!2m5!1sChdDSUhNMG9nS0VJQ0FnSUNYaWNlcG1RRRAB!2m1!1s0x0:0xe74ec4f8112eda62!3m1!1s2@1:CIHM0ogKEICAgICXicepmQE%7CCgwI0MzGuAYQ0MzzvwE%7C?hl=en-GB",
                "date": "3 weeks ago"
            },
            {
                "username": "Vikram Bala",
                "rating": 5,
                "contributor_id": "118263460813448768909",
                "description": "We went in the afternoon and it was pretty empty. Food was awesome though! It took a while to come out but everything was super delish 😋 also note that it is a bit on the higher side price-wise. Definitely still worth a try though!",
                "link": "https://www.google.com/maps/reviews/data=!4m8!14m7!1m6!2m5!1sChZDSUhNMG9nS0VJQ0FnSUQ5dHBXeURREAE!2m1!1s0x0:0xe74ec4f8112eda62!3m1!1s2@1:CIHM0ogKEICAgID9tpWyDQ%7CCgwIk-HWrwYQ2LWl0gE%7C?hl=en-GB",
                "images": [
                    {
                        "thumbnail": "https://lh5.googleusercontent.com/p/AF1QipNq5etypypM-cG6cvpwa6fPKnYJrycr5_xOqPlL=w150-h150-k-no-p"
                    }
                ],
                "date": "7 months ago"
            },
            {
                "username": "Alyssa Manimtim",
                "rating": 5,
                "contributor_id": "114679721650490324113",
                "description": "Amazing place and amazing food. Was visiting Ann Arbor and passed this place a few times and finally decided to walk in. This was my first time experiencing Korean bbq. Our server was very helpful how to cook the meat. The bulgogi was fantastic!!!! Also not sure how they make the egg, but it was delicious. Got the cheapest combo and it came with a lot of food plus leftovers. Can’t wait to come back again!",
                "link": "https://www.google.com/maps/reviews/data=!4m8!14m7!1m6!2m5!1sChdDSUhNMG9nS0VJQ0FnSUNwNS0tbm1nRRAB!2m1!1s0x0:0xe74ec4f8112eda62!3m1!1s2@1:CIHM0ogKEICAgICp5--nmgE%7CCgwI06zbpgYQqILW0QM%7C?hl=en-GB",
                "images": [
                    {
                        "thumbnail": "https://lh5.googleusercontent.com/p/AF1QipOu5jjhzZZeF9dqzJ_aoAG8YFJN2SwbsLsPX-dm=w150-h150-k-no-p"
                    },
                    {
                        "thumbnail": "https://lh5.googleusercontent.com/p/AF1QipP8Hgsd_c8ztCNS2lRKPfqUMXzOXgMFX7aARUx_=w150-h150-k-no-p"
                    },
                    {
                        "thumbnail": "https://lh5.googleusercontent.com/p/AF1QipMtkaXIBIPNQ4R8OjQHmOxzHdLwWWOO6EO7FAib=w150-h150-k-no-p"
                    }
                ],
                "date": "a year ago"
            },
            {
                "username": "Sal",
                "rating": 5,
                "contributor_id": "110060862467247397233",
                "description": "The Rock Shrimp is amazing!! It’s my go-to. Understaffed, but the servers are really doing their best. We got our food pretty quickly. I really like their complimentary buckwheat tea as well, it tastes like a rice water tea.",
                "link": "https://www.google.com/maps/reviews/data=!4m8!14m7!1m6!2m5!1sChZDSUhNMG9nS0VJQ0FnSUNCNWMzOGN3EAE!2m1!1s0x0:0xe74ec4f8112eda62!3m1!1s2@1:CIHM0ogKEICAgICB5c38cw%7CCgwIjby-nQYQyNnxrAE%7C?hl=en-GB",
                "images": [
                    {
                        "thumbnail": "https://lh5.googleusercontent.com/p/AF1QipNmcO2xo1JN9XJYWObjnZXOyyh9_0DTg9jN7Ihz=w150-h150-k-no-p"
                    },
                    {
                        "thumbnail": "https://lh5.googleusercontent.com/p/AF1QipO5ujW1qyWEbF9gZ6aBiK8mBUp1UQ2QStym9Qfp=w150-h150-k-no-p"
                    },
                    {
                        "thumbnail": "https://lh5.googleusercontent.com/p/AF1QipOttOlvA0sWjQPCagwTAO59tBeqpuJ3zkXZePIH=w150-h150-k-no-p"
                    },
                    {
                        "thumbnail": "https://lh5.googleusercontent.com/p/AF1QipO-EOgx6_2ZOsC_gfBuvFberYacf9ANo01HER3V=w150-h150-k-no-p"
                    },
                    {
                        "thumbnail": "https://lh5.googleusercontent.com/p/AF1QipNTyXzy7FR8Rv-muL5r_3eezurXY8MA7gpdPI2I=w150-h150-k-no-p"
                    }
                ],
                "date": "a year ago"
            }
        ]
    },
    "Services": {
        "dine_in": true,
        "takeaway": true,
        "delivery": true
    }
}