{
    "Title": "The Grotto - Watering Hole",
    "Price": [],
    "Place ID": "ChIJ6TnGzxeuPIgRkbjHqE-9maA",
    "Type ID": [],
    "Type": [
        "Bar",
        "Beer garden",
        "Cocktail bar",
        "Lounge",
        "Pub",
        "Sports bar"
    ],
    "Address": "303 S Ashley St, Ann Arbor, MI 48104",
    "GPS Coordinates": {
        "latitude": 42.2794617,
        "longitude": -83.749661
    },
    "Phone Number": "(734) 369-4212",
    "Rating": 4.6,
    "Rating Summary": [
        {
            "stars": 1,
            "amount": 13
        },
        {
            "stars": 2,
            "amount": 13
        },
        {
            "stars": 3,
            "amount": 44
        },
        {
            "stars": 4,
            "amount": 179
        },
        {
            "stars": 5,
            "amount": 574
        }
    ],
    "Opening Hours": [
        {
            "tuesday": "3–11 PM"
        },
        {
            "wednesday": "3–11 PM"
        },
        {
            "thursday": "3 PM–12 AM"
        },
        {
            "friday": "12 PM–1 AM"
        },
        {
            "saturday": "11 AM–1 AM"
        },
        {
            "sunday": "12–10 PM"
        },
        {
            "monday": "3–11 PM"
        }
    ],
    "Description": "Industrial-chic bar featuring craft beer, wine & cocktails.",
    "Details": [
        {
            "highlights": [
                "Fast service",
                "Great beer selection",
                "Great cocktails",
                "Live music",
                "Live performances",
                "Sports",
                "Trivia night"
            ]
        },
        {
            "accessibility": [
                "Wheelchair accessible entrance",
                "Wheelchair accessible restroom",
                "Wheelchair accessible seating"
            ]
        },
        {
            "offerings": [
                "Alcohol",
                "Beer",
                "Cocktails",
                "Happy hour drinks",
                "Hard liquor",
                "Wine"
            ]
        },
        {
            "dining_options": [
                "Outside food allowed",
                "Seating"
            ]
        },
        {
            "amenities": [
                "Gender-neutral restroom",
                "Restroom",
                "Wi-Fi",
                "Free Wi-Fi"
            ]
        },
        {
            "atmosphere": [
                "Casual",
                "Cozy",
                "Trendy"
            ]
        },
        {
            "crowd": [
                "Groups",
                "Tourists"
            ]
        },
        {
            "payments": [
                "Credit cards",
                "Debit cards",
                "NFC mobile payments"
            ]
        },
        {
            "parking": [
                "Paid street parking"
            ]
        },
        {
            "pets": [
                "Dogs allowed"
            ]
        }
    ],
    "User Reviews": {
        "summary": [
            {
                "snippet": "\"A bit of a small location with limited seating when the weather is nice.\""
            },
            {
                "snippet": "\"Great selection of beer and super friendly staff.\""
            },
            {
                "snippet": "\"Love this place, great atmosphere with great service.\""
            }
        ],
        "most_relevant": [
            {
                "username": "Nesta Garner",
                "rating": 1,
                "contributor_id": "114465355626562592923",
                "description": "I recently visited The Grotto and had a disappointing experience. First off, the customer service was far from acceptable. It took an extremely long time to get a drink, which was confusing because they don’t even sell food here. You’d think without a kitchen to manage, they’d be able to focus on serving drinks quickly, but that wasn’t the case. The staff seemed inattentive, and getting their attention was a challenge. For a place calling itself a “watering hole,” they sure don’t make it easy to get a drink. I’d suggest looking elsewhere if you’re hoping for good service and a hassle-free experience.",
                "link": "https://www.google.com/maps/reviews/data=!4m8!14m7!1m6!2m5!1sChZDSUhNMG9nS0VJQ0FnSUMzdU0zQ1R3EAE!2m1!1s0x0:0xa099bd4fa8c7b891!3m1!1s2@1:CIHM0ogKEICAgIC3uM3CTw%7CCgsI-LmZuQYQuOrZZA%7C?hl=en-US",
                "date": "a week ago"
            },
            {
                "username": "E P",
                "rating": 5,
                "contributor_id": "117259568419138064358",
                "description": "Absolutely love this place...always great beer on tap always a great staff on hand. Stopped in twice over the past weeks. The variety they have on tap is pretty amazing... Always hitting on all cylinders when it comes to variety and rarity. Love when they have witch's hat beers on tap. Best part is you can bring in your own food. Tip if they are not very busy opt for the table service, really makes things easier then getting up all the time. I also recommend not getting a glass of anything untill you've tried a few flights first",
                "link": "https://www.google.com/maps/reviews/data=!4m8!14m7!1m6!2m5!1sChZDSUhNMG9nS0VJQ0FnSURveThDQkhnEAE!2m1!1s0x0:0xa099bd4fa8c7b891!3m1!1s2@1:CIHM0ogKEICAgIDoy8CBHg%7CCgwIt97Q5AUQuKijoQM%7C?hl=en-US",
                "images": [
                    {
                        "thumbnail": "https://lh5.googleusercontent.com/p/AF1QipORGH6ihEZHr2z-uFvOBvu9he68nfSuCndkrf7f=w150-h150-k-no-p"
                    },
                    {
                        "thumbnail": "https://lh5.googleusercontent.com/p/AF1QipOYub70cYheYmpTWxq-GXaEt1H8w_nE3hOOvPPr=w150-h150-k-no-p"
                    },
                    {
                        "thumbnail": "https://lh5.googleusercontent.com/p/AF1QipO4SJ2BWbrynY_4GonN8FIzrot3NOYniHNc8ogK=w150-h150-k-no-p"
                    },
                    {
                        "thumbnail": "https://lh5.googleusercontent.com/p/AF1QipMdRoybnaJsBjHUpDeTVG9Ae9vquABl-GBXQ0oM=w150-h150-k-no-p"
                    },
                    {
                        "thumbnail": "https://lh5.googleusercontent.com/p/AF1QipPuiA445pTrHln1Al3XHLFr-93P60MpXui8fl1O=w150-h150-k-no-p"
                    },
                    {
                        "thumbnail": "https://lh5.googleusercontent.com/p/AF1QipO4D7TClW59QFYBCjMM3eSM25nAWCjyAoQ6u6Zf=w150-h150-k-no-p"
                    },
                    {
                        "thumbnail": "https://lh5.googleusercontent.com/p/AF1QipPqX_-QZUbTJomu9OumwCHVuYVe8NzLUY_ptfr4=w150-h150-k-no-p"
                    }
                ],
                "date": "5 years ago"
            },
            {
                "username": "Sla La",
                "rating": 3,
                "contributor_id": "104576076104193602252",
                "description": "We had some beers. I only liked one of them, but it was ok. The testers were like $2.5 for 3 oz so you don't have to waste too much money if you don't like it.",
                "link": "https://www.google.com/maps/reviews/data=!4m8!14m7!1m6!2m5!1sChdDSUhNMG9nS0VJQ0FnSURKa09Ma21BRRAB!2m1!1s0x0:0xa099bd4fa8c7b891!3m1!1s2@1:CIHM0ogKEICAgIDJkOLkmAE%7CCgwIyuGopQYQgOfq5AI%7C?hl=en-US",
                "images": [
                    {
                        "thumbnail": "https://lh5.googleusercontent.com/p/AF1QipMbZtBAeIZpZ-LWPS-vQdQVk1KC3Wcl95CJ1cTN=w150-h150-k-no-p"
                    },
                    {
                        "thumbnail": "https://lh5.googleusercontent.com/p/AF1QipNc30xB7bFUFX-UhuvifRdqZXuNryxbNn8WVIjL=w150-h150-k-no-p"
                    },
                    {
                        "thumbnail": "https://lh5.googleusercontent.com/p/AF1QipM2ZvaKi2uwAwzsqKcsGcuoZnOQW1Jl0lE3uJCe=w150-h150-k-no-p"
                    },
                    {
                        "thumbnail": "https://lh5.googleusercontent.com/p/AF1QipMuxyCJWzmsMEBAa6jvQwDZgrAvdmbYxsZRfG25=w150-h150-k-no-p"
                    },
                    {
                        "thumbnail": "https://lh5.googleusercontent.com/p/AF1QipPp9tf1j17HxlYOKIIbPo4m1FzqgAKoN9OA6b6U=w150-h150-k-no-p"
                    },
                    {
                        "thumbnail": "https://lh5.googleusercontent.com/p/AF1QipNxKqzB1RNi0p0hpabYemfuTUL8mFzLmrq6Xnlh=w150-h150-k-no-p"
                    },
                    {
                        "thumbnail": "https://lh5.googleusercontent.com/p/AF1QipMF7gTIuJHxss7GrDIyPjD3gz9m79cXkgHlrwpH=w150-h150-k-no-p"
                    }
                ],
                "date": "a year ago"
            },
            {
                "username": "Joshua Trent",
                "rating": 5,
                "contributor_id": "111205679875826684736",
                "description": "Grotto is a great bar in Ann Arbor and we love all of the staff. Josh, Doug, Shane, Parker, and all of the rest of the team are great. Great beer selection and the perfect atmosphere to enjoy them.",
                "link": "https://www.google.com/maps/reviews/data=!4m8!14m7!1m6!2m5!1sChdDSUhNMG9nS0VJQ0FnSURMdmJEWjRBRRAB!2m1!1s0x0:0xa099bd4fa8c7b891!3m1!1s2@1:CIHM0ogKEICAgIDLvbDZ4AE%7CCgwI96GCtAYQuNXv3AE%7C?hl=en-US",
                "date": "4 months ago"
            },
            {
                "username": "Rorie Merz",
                "rating": 4,
                "contributor_id": "101016464940315889060",
                "description": "Fun cozy place for a pint. Love the \"on tap\" cocktail choices.  The old fashioned was delicious\n\nThey don't serve food but you can bring your own food or have it delivered to you, which is really cool.\n\nAlso very dog friendly. They even brought our dog his own bowl of water.  A2 establishment keeping it classy!",
                "link": "https://www.google.com/maps/reviews/data=!4m8!14m7!1m6!2m5!1sChdDSUhNMG9nS0VJQ0FnSUNRd3V1SW53RRAB!2m1!1s0x0:0xa099bd4fa8c7b891!3m1!1s2@1:CIHM0ogKEICAgICQwuuInwE%7CCgsI_Yu6kwYQ-NXEEw%7C?hl=en-US",
                "images": [
                    {
                        "thumbnail": "https://lh5.googleusercontent.com/p/AF1QipPAoNnmJ59ZKoKgU1tHfE6vRrr0oij6pOTO5vDu=w150-h150-k-no-p"
                    }
                ],
                "date": "2 years ago"
            },
            {
                "username": "C E",
                "rating": 2,
                "contributor_id": "102041639111334621203",
                "description": "Nice enough spot but way too pricey for what it is. Plus they default the payment to a 25% tip on checkout and don't display prices on the main menu which just kind of rubs me wrong and seems like a dark patter web practice...maybe not their choice but it's just not a good vibe from a business. Great staff though just questionable owners and I feel it's gone downhill since they separated from Beer Grotto.",
                "link": "https://www.google.com/maps/reviews/data=!4m8!14m7!1m6!2m5!1sChZDSUhNMG9nS0VJQ0FnSURqOVlIM1B3EAE!2m1!1s0x0:0xa099bd4fa8c7b891!3m1!1s2@1:CIHM0ogKEICAgIDj9YH3Pw%7CCgwIhc_gsQYQ-J3opgE%7C?hl=en-US",
                "date": "6 months ago"
            },
            {
                "username": "Conor Birmingham",
                "rating": 4,
                "contributor_id": "114529105468126159995",
                "description": "Really like this place. It’s sort of a self-service set up with servers for some tables. Have some nice beer/drink options. Didn’t try the food",
                "link": "https://www.google.com/maps/reviews/data=!4m8!14m7!1m6!2m5!1sChZDSUhNMG9nS0VJQ0FnSUR6cDRIQUlnEAE!2m1!1s0x0:0xa099bd4fa8c7b891!3m1!1s2@1:CIHM0ogKEICAgIDzp4HAIg%7CCgwIwfaoswYQyJS1mAM%7C?hl=en-US",
                "date": "4 months ago"
            },
            {
                "username": "James Hines",
                "rating": 5,
                "contributor_id": "100225074796620020116",
                "description": "This is where I started my Ann Arbor journey. This place is rated high for a reason. The bartenders were great and suggested the perfect beers and whiskey.",
                "link": "https://www.google.com/maps/reviews/data=!4m8!14m7!1m6!2m5!1sChZDSUhNMG9nS0VJQ0FnSURiLXZTdFZ3EAE!2m1!1s0x0:0xa099bd4fa8c7b891!3m1!1s2@1:CIHM0ogKEICAgIDb-vStVw%7CCgwIgtm-tQYQgIGrtAE%7C?hl=en-US",
                "date": "3 months ago"
            }
        ]
    },
    "Services": {
        "dine_in": true,
        "takeout": true,
        "delivery": false
    }
}