{
    "Title": "The Ravens Club",
    "Price": [],
    "Place ID": "ChIJ_4VJrT2uPIgR1IKkJ4D65F8",
    "Type ID": [],
    "Type": [
        "Cocktail bar",
        "American restaurant"
    ],
    "Address": "207 S Main St, Ann Arbor, MI 48104, United States",
    "GPS Coordinates": {
        "latitude": 42.2801556,
        "longitude": -83.74828889999999
    },
    "Phone Number": "+1 734-214-0400",
    "Rating": 4.5,
    "Rating Summary": [
        {
            "stars": 1,
            "amount": 23
        },
        {
            "stars": 2,
            "amount": 15
        },
        {
            "stars": 3,
            "amount": 53
        },
        {
            "stars": 4,
            "amount": 242
        },
        {
            "stars": 5,
            "amount": 731
        }
    ],
    "Opening Hours": [
        {
            "tuesday": "4–11 p.m."
        },
        {
            "wednesday": "4–11 p.m."
        },
        {
            "thursday": "4–11 p.m."
        },
        {
            "friday": "4 p.m.–12 a.m."
        },
        {
            "saturday": "4 p.m.–12 a.m."
        },
        {
            "sunday": "4–10 p.m."
        },
        {
            "monday": "4–11 p.m."
        }
    ],
    "Description": "Choice speakeasy-style joint for farm-to-fork American-fare small plates & old-fashioned cocktails.",
    "Details": [
        {
            "highlights": [
                "Fast service",
                "Great beer selection",
                "Great cocktails",
                "Great wine list",
                "Live music",
                "Live performances"
            ]
        },
        {
            "accessibility": [
                "Wheelchair-accessible entrance",
                "Wheelchair-accessible parking lot",
                "Wheelchair-accessible washroom"
            ]
        },
        {
            "offerings": [
                "Alcohol",
                "Beer",
                "Cocktails",
                "Food",
                "Food at bar",
                "Happy hour drinks",
                "Happy hour food",
                "Hard liquor",
                "Wine"
            ]
        },
        {
            "dining_options": [
                "Seating"
            ]
        },
        {
            "amenities": [
                "Washroom"
            ]
        },
        {
            "atmosphere": [
                "Casual",
                "Cozy",
                "Trendy",
                "Upscale"
            ]
        },
        {
            "crowd": [
                "Groups",
                "LGBTQ+ friendly",
                "Tourists",
                "Transgender safe space"
            ]
        },
        {
            "payments": [
                "Credit cards",
                "Debit cards",
                "NFC mobile payments"
            ]
        }
    ],
    "User Reviews": {
        "summary": [
            {
                "snippet": "\"The food is amazing, the service is great, and this place has atmosphere.\""
            },
            {
                "snippet": "\"A great selection of small plates, appetizers, and entrees.\""
            },
            {
                "snippet": "\"They offer a good variety with consistent quality in both meals and cocktails.\""
            }
        ],
        "most_relevant": [
            {
                "username": "Ahmed",
                "rating": 4,
                "contributor_id": "109902249534369525206",
                "description": "Nice ambiance and decent food-\n\nFinally decided to try The Raven’s Club after passing by and seeing it countless times. The restaurant has a very calm pub-like vibe. The outdoor seating’s extra nice in the late summer/early fall when Main St closes off to traffic in the evening.\n\nOrdered the chicken sandwich and honestly enjoyed it. The steak frites are also just juicy and a good deal for the portion size and price. Also liked how straight to the point the menu here is. I’d come back for sure.",
                "link": "https://www.google.com/maps/reviews/data=!4m8!14m7!1m6!2m5!1sChZDSUhNMG9nS0VJQ0FnSURINzZTLWJ3EAE!2m1!1s0x0:0x5fe4fa8027a482d4!3m1!1s2@1:CIHM0ogKEICAgIDH76S-bw%7CCgsIr7O5twYQqNinbg%7C?hl=en-US",
                "images": [
                    {
                        "thumbnail": "https://lh5.googleusercontent.com/p/AF1QipO3GuqpyfLhwREIs8LWvqd0Md3ErQB-IgTLFFLH=w150-h150-k-no-p"
                    }
                ],
                "date": "a month ago"
            },
            {
                "username": "Paul",
                "rating": 3,
                "contributor_id": "111173309149263772385",
                "description": "Had a few visits here over the past years and I don't believe it's as good as it was before covid. The food was ok, the cocktail wasn't great, very watery. Service was reasonable.",
                "link": "https://www.google.com/maps/reviews/data=!4m8!14m7!1m6!2m5!1sChZDSUhNMG9nS0VJQ0FnSUNYN3RYcE1nEAE!2m1!1s0x0:0x5fe4fa8027a482d4!3m1!1s2@1:CIHM0ogKEICAgICX7tXpMg%7CCgsIhuHAuAYQ6NfQFA%7C?hl=en-US",
                "images": [
                    {
                        "thumbnail": "https://lh5.googleusercontent.com/p/AF1QipPkk_fD_pVV2r-blOoTTk6U7wF2vJ14ymXfn-G0=w150-h150-k-no-p"
                    },
                    {
                        "thumbnail": "https://lh5.googleusercontent.com/p/AF1QipM-XfHvaXVGTV-gY3zhObmcCuQnCl1S3p3P19UC=w150-h150-k-no-p"
                    },
                    {
                        "thumbnail": "https://lh5.googleusercontent.com/p/AF1QipOOnyR1RJjTrhvaHeLvXcWm6t1Kyx49RnY4F0Jq=w150-h150-k-no-p"
                    },
                    {
                        "thumbnail": "https://lh5.googleusercontent.com/p/AF1QipOE4FSEPe1-fBiAeNirvMDfRBd8M3X_sr6hiMST=w150-h150-k-no-p"
                    }
                ],
                "date": "3 weeks ago"
            },
            {
                "username": "Peter McGarty",
                "rating": 4,
                "contributor_id": "107028446493783019934",
                "description": "Uh a meal in downtown Ann Arbor for four for under $100 dollars. I didn’t think that was possible and to have it be this good too… Wow.\nWent here for Mother’s Day and started with the shrimp and the sprouts. Shrimp were very good and crispy but the Brussels sprouts were heavenly. Super crispy with plenty of bacon. I had the fish tacos and the fish was super crunchy maybe just add a little more sauce.  I really enjoyed the corn tortillas they came in which were lightly fried to give them a little crispness.\n\nUPDATE:  Revisited in Mother’s Day 2024. Prices have gone up significantly.  The charcuterie board was great. The Lox appetizer was too heavy on the horseradish. The duck was overcooked and dry. Fish tacos were still good.",
                "link": "https://www.google.com/maps/reviews/data=!4m8!14m7!1m6!2m5!1sChdDSUhNMG9nS0VJQ0FnSUN4LXNDR3pRRRAB!2m1!1s0x0:0x5fe4fa8027a482d4!3m1!1s2@1:CIHM0ogKEICAgICx-sCGzQE%7CCgwItJ2FsgYQgIeLuAM%7C?hl=en-US",
                "images": [
                    {
                        "thumbnail": "https://lh5.googleusercontent.com/p/AF1QipOFBAOeDPL0i1WycFhfxRueQu_-97560JnqP9wo=w150-h150-k-no-p"
                    },
                    {
                        "thumbnail": "https://lh5.googleusercontent.com/p/AF1QipPxuTjbYQ_oDFevud05wMjFqoIZZZFTwBlgd4QQ=w150-h150-k-no-p"
                    },
                    {
                        "thumbnail": "https://lh5.googleusercontent.com/p/AF1QipPdYyWQEOBvHQAEzlB44lfZDGaGtCHIIqPoHnAn=w150-h150-k-no-p"
                    },
                    {
                        "thumbnail": "https://lh5.googleusercontent.com/p/AF1QipNMf7lx5a7_ASPc0H7FHvvlpAt2tcjO-e1hkKdh=w150-h150-k-no-p"
                    },
                    {
                        "thumbnail": "https://lh5.googleusercontent.com/p/AF1QipNy43JYa7oMdtHJQeyXLUoZLwfeT7RIKIOlC5rm=w150-h150-k-no-p"
                    },
                    {
                        "thumbnail": "https://lh5.googleusercontent.com/p/AF1QipP2PjpoBemjbBLU5ctmfi5LF_XGClrb9Qz5jvxU=w150-h150-k-no-p"
                    },
                    {
                        "thumbnail": "https://lh5.googleusercontent.com/p/AF1QipPfxK6AWFWpx18r7dIjOkbekViJnFXueXtHtrUA=w150-h150-k-no-p"
                    },
                    {
                        "thumbnail": "https://lh5.googleusercontent.com/p/AF1QipNBz2nBidecvKbaNerhIX60-xl-OLN2lwo-BP51=w150-h150-k-no-p"
                    },
                    {
                        "thumbnail": "https://lh5.googleusercontent.com/p/AF1QipNe_aU6EjzxhtO-KJGAcsJlRxXS8vebSBAgylbG=w150-h150-k-no-p"
                    }
                ],
                "date": "6 months ago"
            },
            {
                "username": "Sean Bengry",
                "rating": 4,
                "contributor_id": "104808162962662465820",
                "description": "A great little cocktail bar in downtown Ann Arbor. The vibe and the cocktails are what really sells it.\n\nIf you're looking for a laid back experience, with decent food and a good selection of cocktails, feel free to try this out\n\nThey easily accommodated our party of four, without a reservation. Definitely worth a stop if you're downtown and down with craft cocktails.",
                "link": "https://www.google.com/maps/reviews/data=!4m8!14m7!1m6!2m5!1sChdDSUhNMG9nS0VJQ0FnSUREeUxiSXJRRRAB!2m1!1s0x0:0x5fe4fa8027a482d4!3m1!1s2@1:CIHM0ogKEICAgIDDyLbIrQE%7CCgwIvJm9sAYQ2ICG-wI%7C?hl=en-US",
                "images": [
                    {
                        "thumbnail": "https://lh5.googleusercontent.com/p/AF1QipO9hPWC4WQIAIcL5yDkMhPIyTe1FKbHYTqvhdAu=w150-h150-k-no-p"
                    },
                    {
                        "thumbnail": "https://lh5.googleusercontent.com/p/AF1QipMUqw8A467qoaHeZzuu6nDG4JDzCOVz_7HqnY13=w150-h150-k-no-p"
                    },
                    {
                        "thumbnail": "https://lh5.googleusercontent.com/p/AF1QipNnKrGy8mjZ-oaMaKONCnaUaIai5Lj7Yubq0K6y=w150-h150-k-no-p"
                    },
                    {
                        "thumbnail": "https://lh5.googleusercontent.com/p/AF1QipNrgewpZBjUJXgN_aX1lrjQi38fzX_2uHYJpvEI=w150-h150-k-no-p"
                    },
                    {
                        "thumbnail": "https://lh5.googleusercontent.com/p/AF1QipOxYjgVqdYrfw2NbDDGSOaYGOEcWJi7YqEAoy7h=w150-h150-k-no-p"
                    }
                ],
                "date": "7 months ago"
            },
            {
                "username": "Elliott Reibert",
                "rating": 5,
                "contributor_id": "112673999600325851731",
                "description": "One of my favorite spots downtown to pop-in for a quick drink and a bite to eat. The negroni is always made just right and the portions on the food are generous for the price point. The bartenders here are top-notch!!! Shout-out to Josh and Hunter for always curating a great experience :)",
                "link": "https://www.google.com/maps/reviews/data=!4m8!14m7!1m6!2m5!1sChdDSUhNMG9nS0VJQ0FnSURYMWZUZXRnRRAB!2m1!1s0x0:0x5fe4fa8027a482d4!3m1!1s2@1:CIHM0ogKEICAgIDX1fTetgE%7CCgsI1IyFuQYQuPLFTg%7C?hl=en-US",
                "date": "2 weeks ago"
            },
            {
                "username": "Gail Kuhnlein",
                "rating": 4,
                "contributor_id": "111296295252114715221",
                "description": "The food and atmosphere were delicious. We like booths and were seated in one of those round ones at the back. The decor was pretty with colored lights for the holidays. I felt a little cramped in the booth but my husband, who’s taller, was fine. My Mediterranean Pasta was delicious, but unfortunately, most of the artichoke pieces were too tough or sharp. If it wasn’t for that, it would have been a favorite. I ordered it with shrimp, which were perfect. My husband liked his Michigan trout, mashed potatoes and salad. We shared a triple chocolate cheesecake that was worth every calorie. Yum. Their desserts are made there from scratch, I believe.",
                "link": "https://www.google.com/maps/reviews/data=!4m8!14m7!1m6!2m5!1sChdDSUhNMG9nS0VJQ0FnSUQxa3BMLXFnRRAB!2m1!1s0x0:0x5fe4fa8027a482d4!3m1!1s2@1:CIHM0ogKEICAgID1kpL-qgE%7CCgwIie3jrAYQ4M-ckQE%7C?hl=en-US",
                "images": [
                    {
                        "thumbnail": "https://lh5.googleusercontent.com/p/AF1QipOTsOSmrm6V8iBFpwXEpKckMeFdOd_TVaYBrLrW=w150-h150-k-no-p"
                    },
                    {
                        "thumbnail": "https://lh5.googleusercontent.com/p/AF1QipOUU59jXHD1Zd1eO1nYUyubwxpNJ6eWjMW8A4ok=w150-h150-k-no-p"
                    },
                    {
                        "thumbnail": "https://lh5.googleusercontent.com/p/AF1QipPUEzA-5yF_VbxmXf2HF0s06SDVv3_YR0NdPFqQ=w150-h150-k-no-p"
                    },
                    {
                        "thumbnail": "https://lh5.googleusercontent.com/p/AF1QipM9q-K9HEZQoCMrArqaQUpXC4MgHfFe-ZNmSq5O=w150-h150-k-no-p"
                    },
                    {
                        "thumbnail": "https://lh5.googleusercontent.com/p/AF1QipOmtdB6Q6nwJ_1jN2stxKmQiptHdIJZHpDnPTWR=w150-h150-k-no-p"
                    }
                ],
                "date": "10 months ago"
            },
            {
                "username": "Rana Siroosian",
                "rating": 4,
                "contributor_id": "111124744728664323934",
                "description": "First time here.\n\nThe service was great and the place had a good vibe.\nI ordered Tune Poke Bowl. It was good but it was different than the ones I’ve had before. There’s usually a sweet taste in the ingredients of the bowl but this instead had pickled daikon radish which had a very strong taste and I couldn’t eat more than one piece. There was only one & a half slice of avocado in the bowl which usually is more than that.\n\nThe Brussels with bacon was really good but a bit oily, the coconut shrimp was very good.\n\nOverall it was a good experience and I would go back.",
                "link": "https://www.google.com/maps/reviews/data=!4m8!14m7!1m6!2m5!1sChZDSUhNMG9nS0VJQ0FnSUN4LW9Eb2NnEAE!2m1!1s0x0:0x5fe4fa8027a482d4!3m1!1s2@1:CIHM0ogKEICAgICx-oDocg%7CCgwIg6CLowYQ8KT0jwE%7C?hl=en-US",
                "images": [
                    {
                        "thumbnail": "https://lh5.googleusercontent.com/p/AF1QipN_h_JqOQM3-SgDEZYiRSGZwaaIEplCdnU1i7A1=w150-h150-k-no-p"
                    },
                    {
                        "thumbnail": "https://lh5.googleusercontent.com/p/AF1QipNg6ruv7rq73Fg0MPiK2XYqoWw0CmZp3mZYhAUP=w150-h150-k-no-p"
                    },
                    {
                        "thumbnail": "https://lh5.googleusercontent.com/p/AF1QipNDAXTqY7Fjp-LQUDFiX5zn_djjp5BTVUeUF4p9=w150-h150-k-no-p"
                    }
                ],
                "date": "a year ago"
            },
            {
                "username": "M Nedloc",
                "rating": 4,
                "contributor_id": "103494640570223980121",
                "description": "I thoroughly enjoyed this speakeasy atmosphere but modern-day décor. It’s dark, but warm but it is also very lively. This place is popular, many bodies fill up the place with a lovely and informative staff. I didn’t know what to get at first, but I had my server explain to me the options and which ones were popular among the crowd. I tried a few different things and everything that was handed to me was great in flavor. I think the portion size for what you are buying is very fair so don’t be afraid to try more, you won’t be saddened. The food menu does change so don’t be afraid to keep up, they even have specials on cocktails and even offer flights of bourbon and more. I felt very laid back here and left alone but very much helped by staff. I can see it as a good first date place where it’s energetic but also a place where you can get to know someone, be able to hear your party and enjoy every detail of the establishment. The only other detail I would keep in mind about this place is the parking, come early to arrive on time.",
                "link": "https://www.google.com/maps/reviews/data=!4m8!14m7!1m6!2m5!1sChdDSUhNMG9nS0VJQ0FnSUNSdWRiRDZ3RRAB!2m1!1s0x0:0x5fe4fa8027a482d4!3m1!1s2@1:CIHM0ogKEICAgICRudbD6wE%7CCgwIz8u3oQYQyPeLngI%7C?hl=en-US",
                "images": [
                    {
                        "thumbnail": "https://lh5.googleusercontent.com/p/AF1QipMVLjO0uEm2hKqdVE5bmSf5AxBytDLFkOaq2qtr=w150-h150-k-no-p"
                    },
                    {
                        "thumbnail": "https://lh5.googleusercontent.com/p/AF1QipPUSw-K8iXRXWbAn0U_52yjr7Jtg86VUP4ST_Lg=w150-h150-k-no-p"
                    },
                    {
                        "thumbnail": "https://lh5.googleusercontent.com/p/AF1QipNJZlroKv2oMqViKepAHmxIX4ENhTONnZtw-W2Z=w150-h150-k-no-p"
                    }
                ],
                "date": "a year ago"
            }
        ]
    },
    "Services": {
        "dine_in": true,
        "takeout": true,
        "no_contact_delivery": true
    }
}