{
    "Title": "The Last Word",
    "Price": [],
    "Place ID": "ChIJYZxROD2uPIgRdPRUUywbpo8",
    "Type ID": [],
    "Type": [
        "Cocktail bar",
        "Bar",
        "Restaurant"
    ],
    "Address": "301 W Huron St, Ann Arbor, MI 48104",
    "GPS Coordinates": {
        "latitude": 42.2813771,
        "longitude": -83.7511794
    },
    "Phone Number": "(734) 585-5691",
    "Rating": 4.7,
    "Rating Summary": [
        {
            "stars": 1,
            "amount": 21
        },
        {
            "stars": 2,
            "amount": 9
        },
        {
            "stars": 3,
            "amount": 29
        },
        {
            "stars": 4,
            "amount": 122
        },
        {
            "stars": 5,
            "amount": 792
        }
    ],
    "Opening Hours": [
        {
            "tuesday": "5 PM–1 AM"
        },
        {
            "wednesday": "5 PM–1 AM"
        },
        {
            "thursday": "5 PM–1 AM"
        },
        {
            "friday": "5 PM–2 AM"
        },
        {
            "saturday": "5 PM–2 AM"
        },
        {
            "sunday": "Closed"
        },
        {
            "monday": "5 PM–12 AM"
        }
    ],
    "Description": "Cozy, stylish bar serving up classic cocktails & many whiskeys, plus local craft beers & wine.",
    "Details": [
        {
            "highlights": [
                "Fast service",
                "Great beer selection",
                "Great cocktails",
                "Great wine list",
                "Live music",
                "Live performances"
            ]
        },
        {
            "offerings": [
                "Alcohol",
                "Beer",
                "Cocktails",
                "Food",
                "Food at bar",
                "Happy hour drinks",
                "Happy hour food",
                "Hard liquor",
                "Wine"
            ]
        },
        {
            "amenities": [
                "Restroom",
                "Wi-Fi",
                "Free Wi-Fi"
            ]
        },
        {
            "atmosphere": [
                "Casual",
                "Cozy",
                "Trendy",
                "Upscale"
            ]
        },
        {
            "crowd": [
                "Groups",
                "LGBTQ+ friendly",
                "Tourists",
                "Transgender safespace"
            ]
        },
        {
            "planning": [
                "Usually a wait"
            ]
        },
        {
            "payments": [
                "Credit cards",
                "Debit cards",
                "NFC mobile payments"
            ]
        },
        {
            "parking": [
                "Paid parking lot",
                "Plenty of parking"
            ]
        }
    ],
    "User Reviews": {
        "summary": [
            {
                "snippet": "\"Great food, cocktails, service and atmosphere.\""
            },
            {
                "snippet": "\"No gluten-free options - not even a corn based or potato based vodka.\""
            },
            {
                "snippet": "\"Interesting small plates menu and an extensive selection of craft cocktails.\""
            }
        ],
        "most_relevant": [
            {
                "username": "Layla Ball",
                "rating": 5,
                "contributor_id": "103645606220578471441",
                "description": "A true hidden gem in Ann Arbor. The cocktails are the best in town, and uniquely crafted. The service is always impeccable, staff are extremely knowledgeable and always accommodating. It’s a speakeasy vibe with a modern twist. The house band plays on Thursday and is a must if you haven’t been in. I recommend booking a reservation on busier nights, if not that’s okay because they always are super good about getting tables seated quickly and fitting people in. The Last Word is definitely top notch. Check them out if you haven’t already. 🥂",
                "link": "https://www.google.com/maps/reviews/data=!4m8!14m7!1m6!2m5!1sChZDSUhNMG9nS0VJQ0FnSURqcjZ2MllnEAE!2m1!1s0x0:0x8fa61b2c5354f474!3m1!1s2@1:CIHM0ogKEICAgIDjr6v2Yg%7CCgwIuN7wsQYQ2OnV0gM%7C?hl=en-US",
                "images": [
                    {
                        "thumbnail": "https://lh5.googleusercontent.com/p/AF1QipOL8K6lmW_b_yrtAsQtHPTAPREtvLfaGJTjwP04=w150-h150-k-no-p"
                    },
                    {
                        "thumbnail": "https://lh5.googleusercontent.com/p/AF1QipPIkOlxFFL8hLd2_yHo3QPa1-hBfuSeqhHkYLRo=w150-h150-k-no-p"
                    }
                ],
                "date": "6 months ago"
            },
            {
                "username": "Laura",
                "rating": 5,
                "contributor_id": "102619440479154790282",
                "description": "Great pork buns I’ve ever had! I thought it was a bar but they got delicious food out of expectations. Elegant service.",
                "link": "https://www.google.com/maps/reviews/data=!4m8!14m7!1m6!2m5!1sChZDSUhNMG9nS0VJQ0FnSUQ3dDdqWURBEAE!2m1!1s0x0:0x8fa61b2c5354f474!3m1!1s2@1:CIHM0ogKEICAgID7t7jYDA%7CCgsI7vTCtgYQkKvTBA%7C?hl=en-US",
                "images": [
                    {
                        "thumbnail": "https://lh5.googleusercontent.com/p/AF1QipPRIhksmzEViqJ8ulytp02aTQIjXOQ0pQQAfcAc=w150-h150-k-no-p"
                    },
                    {
                        "thumbnail": "https://lh5.googleusercontent.com/p/AF1QipMKp7PYCV3uMImRvGnfKsfD0ydkgeis-gk5d2Pr=w150-h150-k-no-p"
                    }
                ],
                "date": "2 months ago"
            },
            {
                "username": "Tracy Bennett",
                "rating": 5,
                "contributor_id": "107780632963895938197",
                "description": "This was our 2nd or 3rd time coming here. We made a reservation (it’s always quite busy) and got seated right when we arrived. Kevin was our bartender and he’s very friendly. We enjoyed a tasty cheese board and a couple of cocktails. My husband’s House Manhattan was fantastic and my Coco Bay was delicious.  I wish their bar chairs were a bit more comfortable. Otherwise we really enjoyed our visit.",
                "link": "https://www.google.com/maps/reviews/data=!4m8!14m7!1m6!2m5!1sChdDSUhNMG9nS0VJQ0FnSURwdXBTdHR3RRAB!2m1!1s0x0:0x8fa61b2c5354f474!3m1!1s2@1:CIHM0ogKEICAgIDpupSttwE%7CCgwI7KaIpwYQ6PCPkwI%7C?hl=en-US",
                "images": [
                    {
                        "thumbnail": "https://lh5.googleusercontent.com/p/AF1QipPsRAt9-E_i0cQwgZrENjbjX8eQTHkDNh2V-reJ=w150-h150-k-no-p"
                    },
                    {
                        "thumbnail": "https://lh5.googleusercontent.com/p/AF1QipOPM-JK3j8nfFSm_zgL0xmBkosMi8stQXnPQqOo=w150-h150-k-no-p"
                    },
                    {
                        "thumbnail": "https://lh5.googleusercontent.com/p/AF1QipN4ekeyOQokxLUWf77e_dZ3uh5G6t_W_HpcolGv=w150-h150-k-no-p"
                    }
                ],
                "date": "a year ago"
            },
            {
                "username": "Alex",
                "rating": 5,
                "contributor_id": "117628550764678726351",
                "description": "Both the food and drinks were excellent. I had the pimento cheese and fries with the dips and both were incredible. For the drink I had the islay sour, which is probably in my top 5 for best cocktails I’ve ever had. I would definitely recommend checking out this place.",
                "link": "https://www.google.com/maps/reviews/data=!4m8!14m7!1m6!2m5!1sChdDSUhNMG9nS0VJQ0FnSUQ5MUlLSndRRRAB!2m1!1s0x0:0x8fa61b2c5354f474!3m1!1s2@1:CIHM0ogKEICAgID91IKJwQE%7CCgwIxJ3HrwYQ2KvHpgM%7C?hl=en-US",
                "images": [
                    {
                        "thumbnail": "https://lh5.googleusercontent.com/p/AF1QipPCnd6jZxkiOWhsNZRlNZuDMGYwFvCniAKPjEd9=w150-h150-k-no-p"
                    }
                ],
                "date": "7 months ago"
            },
            {
                "username": "Steph A",
                "rating": 5,
                "contributor_id": "105782632232218574400",
                "description": "The Last Word is one of my favorite bars in Ann Arbor. It's a speakeasy with a nice dark flair. The cocktails are handcrafted and most of them have multiple layers of flavor. Highly recommend. Only downside: very pricy",
                "link": "https://www.google.com/maps/reviews/data=!4m8!14m7!1m6!2m5!1sChdDSUhNMG9nS0VJQ0FnSURGczhyMV9BRRAB!2m1!1s0x0:0x8fa61b2c5354f474!3m1!1s2@1:CIHM0ogKEICAgIDFs8r1_AE%7CCgwIjvO1qgYQkI_DvgI%7C?hl=en-US",
                "images": [
                    {
                        "thumbnail": "https://lh5.googleusercontent.com/p/AF1QipM9P8wsBMyLmMztiKaT8gyNd5w1OVd3ZHWLSgFj=w150-h150-k-no-p"
                    },
                    {
                        "thumbnail": "https://lh5.googleusercontent.com/p/AF1QipPh78oD9ioHVGmSx44miq2xQ3-XQGg5oc5Jx3p1=w150-h150-k-no-p"
                    }
                ],
                "date": "a year ago"
            },
            {
                "username": "Jared Haas",
                "rating": 5,
                "contributor_id": "118260167303126253699",
                "description": "So many great memories here. A perfect and cozy environment for a small town moderate party (I can’t speak to accommodating for large parties). The atmosphere is perfect. The drinks and food really hit the spot and leave you feeling great. And the staff is just delightful!",
                "link": "https://www.google.com/maps/reviews/data=!4m8!14m7!1m6!2m5!1sChdDSUhNMG9nS0VJQ0FnSUQ3OHFqWnVRRRAB!2m1!1s0x0:0x8fa61b2c5354f474!3m1!1s2@1:CIHM0ogKEICAgID78qjZuQE%7CCgwIgeeftgYQ8NfUkQI%7C?hl=en-US",
                "date": "2 months ago"
            },
            {
                "username": "Sophia",
                "rating": 5,
                "contributor_id": "115562062128200334046",
                "description": "Amazing atmosphere, service, food, hours, EVERYTHING! 10/10 recommend this spot! Great drinks and the food is so delicious.\nThey have tons of great options.",
                "link": "https://www.google.com/maps/reviews/data=!4m8!14m7!1m6!2m5!1sChZDSUhNMG9nS0VJQ0FnSURYaTdldldnEAE!2m1!1s0x0:0x8fa61b2c5354f474!3m1!1s2@1:CIHM0ogKEICAgIDXi7evWg%7CCgsI8PWLuQYQqJCeeQ%7C?hl=en-US",
                "date": "a week ago"
            },
            {
                "username": "Kathryn",
                "rating": 5,
                "contributor_id": "117505502718336640075",
                "description": "Best cocktail lounge in Ann Arbor.  Hands down the best music on Thursday nights. This bar is for adults only.  Not for kids or families. Great date night or going out with friends kind of place.",
                "link": "https://www.google.com/maps/reviews/data=!4m8!14m7!1m6!2m5!1sChZDSUhNMG9nS0VJQ0FnSUNyaDRITWRBEAE!2m1!1s0x0:0x8fa61b2c5354f474!3m1!1s2@1:CIHM0ogKEICAgICrh4HMdA%7CCgsIhLHAtAYQyOmUaA%7C?hl=en-US",
                "date": "4 months ago"
            }
        ]
    },
    "Services": {
        "dine_in": true,
        "takeout": true,
        "no_contact_delivery": true
    }
}