{
    "Title": "The Songbird Cafe",
    "Price": [],
    "Place ID": "ChIJcRCHYCasPIgRRaZEbxPuMK8",
    "Type ID": [],
    "Type": [
        "Sandwich shop",
        "Cafe",
        "Takeout Restaurant",
        "Restaurant"
    ],
    "Address": "2707 Plymouth Rd, Ann Arbor, MI 48105",
    "GPS Coordinates": {
        "latitude": 42.3036722,
        "longitude": -83.70675
    },
    "Phone Number": "(734) 780-7100",
    "Rating": 4.5,
    "Rating Summary": [
        {
            "stars": 1,
            "amount": 23
        },
        {
            "stars": 2,
            "amount": 17
        },
        {
            "stars": 3,
            "amount": 41
        },
        {
            "stars": 4,
            "amount": 152
        },
        {
            "stars": 5,
            "amount": 540
        }
    ],
    "Opening Hours": [
        {
            "tuesday": "8 AM–3 PM"
        },
        {
            "wednesday": "8 AM–3 PM"
        },
        {
            "thursday": "8 AM–3 PM"
        },
        {
            "friday": "8 AM–3 PM"
        },
        {
            "saturday": "8 AM–3 PM"
        },
        {
            "sunday": "9 AM–3 PM"
        },
        {
            "monday": "Closed"
        }
    ],
    "Description": "Creative American eatery serving espresso drinks, soups, sandwiches & baked goods in a cozy setting.",
    "Details": [
        {
            "highlights": [
                "Great coffee",
                "Great tea selection"
            ]
        },
        {
            "popular_for": [
                "Breakfast",
                "Lunch",
                "Solo dining"
            ]
        },
        {
            "accessibility": [
                "Wheelchair accessible entrance",
                "Wheelchair accessible parking lot",
                "Wheelchair accessible restroom",
                "Wheelchair accessible seating"
            ]
        },
        {
            "offerings": [
                "Coffee",
                "Comfort food",
                "Healthy options",
                "Quick bite",
                "Vegetarian options"
            ]
        },
        {
            "dining_options": [
                "Breakfast",
                "Brunch",
                "Lunch",
                "Dessert",
                "Seating"
            ]
        },
        {
            "amenities": [
                "Restroom"
            ]
        },
        {
            "atmosphere": [
                "Casual",
                "Cozy",
                "Trendy"
            ]
        },
        {
            "crowd": [
                "College students",
                "Groups",
                "Tourists"
            ]
        },
        {
            "payments": [
                "Credit cards",
                "Debit cards",
                "NFC mobile payments"
            ]
        },
        {
            "children": [
                "Good for kids",
                "High chairs",
                "Kids' menu"
            ]
        },
        {
            "parking": [
                "Free parking lot",
                "Free street parking",
                "Plenty of parking"
            ]
        }
    ],
    "User Reviews": {
        "summary": [
            {
                "snippet": "\"Excellent food, great comfy atmosphere, ok Price, nice staff, service was quick.\""
            },
            {
                "snippet": "\"Fresh, tasty food and a good selection of gluten free options.\""
            },
            {
                "snippet": "\"Songbird has good seating and lighting if you are looking for a place to work.\""
            }
        ],
        "most_relevant": [
            {
                "username": "Libby Wedesky",
                "rating": 5,
                "contributor_id": "117092459322232797452",
                "description": "I wanted to try this place out so I gave it a shot. When I walked in there was a menu on a chalkboard wall. I walked up to the counter to order and two gals were discussing a problem at the register. The one said she was going to take my order and they could finish the conversation when she was done, but the other one wasn’t listening and just kept talking. She had to cut her off and say she was going to take my order, which I’m glad for because I really didn’t want to keep waiting while they hashed that out.\nI ordered a Northside BLT with homemade chips, pickle and an m&m cookie. It cost close to $18.00, which I feel is pretty high for a sandwich/chips/cookie. I did enjoy the sandwich, having avocado on it. The chips were quite good as well. I would come back here and meet a friend for lunch. There’s a pretty large dining area for sitting too.",
                "link": "https://www.google.com/maps/reviews/data=!4m8!14m7!1m6!2m5!1sChdDSUhNMG9nS0VJQ0FnSUM5OFp2a3FBRRAB!2m1!1s0x0:0xaf30ee136f44a645!3m1!1s2@1:CIHM0ogKEICAgIC98ZvkqAE%7CCgsI0oajrwYQ6JD0Ag%7C?hl=en-US",
                "images": [
                    {
                        "thumbnail": "https://lh5.googleusercontent.com/p/AF1QipNnu1KZiyIHjKPGolZj_WoKWaQ35IPVembNx0Ov=w150-h150-k-no-p"
                    },
                    {
                        "thumbnail": "https://lh5.googleusercontent.com/p/AF1QipN8YRwkOwA4St6uEEP5lR42MqkqmLQz8kJGHh87=w150-h150-k-no-p"
                    },
                    {
                        "thumbnail": "https://lh5.googleusercontent.com/p/AF1QipOyHKQxVg9n9ohoZsNr1oVOO8JQPsNucE2AIH9V=w150-h150-k-no-p"
                    },
                    {
                        "thumbnail": "https://lh5.googleusercontent.com/p/AF1QipMtpfbx7i4nhO_90DvTxcrkGx-uH8GCj6ZEQyE1=w150-h150-k-no-p"
                    },
                    {
                        "thumbnail": "https://lh5.googleusercontent.com/p/AF1QipPIp8ItLBFCpiSCiG-qUWNzJ6HGmQl0glOjeNL1=w150-h150-k-no-p"
                    },
                    {
                        "thumbnail": "https://lh5.googleusercontent.com/p/AF1QipOcEkbWSFFrwLSYxGR4oi2ZoZTPS9_YoSKmHJK_=w150-h150-k-no-p"
                    },
                    {
                        "thumbnail": "https://lh5.googleusercontent.com/p/AF1QipOPCedIL8OUOk4qXXehW84OJEPPpEa7dOerGRSs=w150-h150-k-no-p"
                    },
                    {
                        "thumbnail": "https://lh5.googleusercontent.com/p/AF1QipNNeCAWICm2eyvErYUNdnFoVUxFzCK9JZKvoW1-=w150-h150-k-no-p"
                    }
                ],
                "date": "8 months ago"
            },
            {
                "username": "Beth Harkness",
                "rating": 2,
                "contributor_id": "111278734678685703428",
                "description": "I ordered the classic breakfast. I ordered eggs over medium that were the consistency of a hockey puck.  The toast was served cold and without butter or jam.  I had to go ask for that.  The mocha only contained a hint of chocolate.  Only the home fries were good.  There are lots of good places in Ann Arbor for breakfast.  This isn’t one of them.",
                "link": "https://www.google.com/maps/reviews/data=!4m8!14m7!1m6!2m5!1sChdDSUhNMG9nS0VJQ0FnSURYb3VfTWp3RRAB!2m1!1s0x0:0xaf30ee136f44a645!3m1!1s2@1:CIHM0ogKEICAgIDXou_MjwE%7CCgwIi7_uuAYQgNrO1gE%7C?hl=en-US",
                "date": "2 weeks ago"
            },
            {
                "username": "Athena Lai",
                "rating": 5,
                "contributor_id": "102624556585127757113",
                "description": "Lovely brunch spots with lots of seatings. I tried the taro latte and black sesame latte.\n\nTaro latte was great, it had a nice balance between the taste of coffee and the flavor of taro milk with a perfect level of sweetness.\n\nThe black sesame latte was just okay, didn’t taste black sesame at all.",
                "link": "https://www.google.com/maps/reviews/data=!4m8!14m7!1m6!2m5!1sChdDSUhNMG9nS0VJQ0FnSUM3ZzVhUDhnRRAB!2m1!1s0x0:0xaf30ee136f44a645!3m1!1s2@1:CIHM0ogKEICAgIC7g5aP8gE%7CCgwIx6mHtgYQuOPe6wI%7C?hl=en-US",
                "images": [
                    {
                        "thumbnail": "https://lh5.googleusercontent.com/p/AF1QipMthPUMtgMI-hWvwdLhYosd6HZl43FcvfRzzKVx=w150-h150-k-no-p"
                    }
                ],
                "date": "2 months ago"
            },
            {
                "username": "Ella Holzhei",
                "rating": 4,
                "contributor_id": "110784474243505098744",
                "description": "Cute place with unique coffee and vegan bakery items. I wish they had a walk up option and a dine in option with two different lines, since it took a while to order our coffee. The dirty taro latte was a little underwhelming, I just wish it was a little creamier or had bolder flavors. The two vegan baked goods I got were good",
                "link": "https://www.google.com/maps/reviews/data=!4m8!14m7!1m6!2m5!1sChRDSUhNMG9nS0VJQ0FnSUM5bDRJORAB!2m1!1s0x0:0xaf30ee136f44a645!3m1!1s2@1:CIHM0ogKEICAgIC9l4I9%7CCgwI0ry4rwYQ-JSstQM%7C?hl=en-US",
                "images": [
                    {
                        "thumbnail": "https://lh5.googleusercontent.com/p/AF1QipO61gAu2Wy5u0zblTZ9Wlg1-ycOjzkp5TYfMc76=w150-h150-k-no-p"
                    },
                    {
                        "thumbnail": "https://lh5.googleusercontent.com/p/AF1QipP51IEXqlGv50L5QFODkuDAf7mv4oJiOanCFDd0=w150-h150-k-no-p"
                    },
                    {
                        "thumbnail": "https://lh5.googleusercontent.com/p/AF1QipNWPrOMDtMSl-a6EsD-4RQZ_CtApOOSVQBbK2Eh=w150-h150-k-no-p"
                    },
                    {
                        "thumbnail": "https://lh5.googleusercontent.com/p/AF1QipN6rE9Y4O0buWxeKU2yegTUArp-C8fYms2qeJ-u=w150-h150-k-no-p"
                    }
                ],
                "date": "8 months ago"
            },
            {
                "username": "Monica Condit",
                "rating": 5,
                "contributor_id": "101810381258809040261",
                "description": "My parents were in for the weekend and I googled “healthy breakfast near me”. It is a rustic and casual atmosphere, with a variety of traditional and not so traditional options for coffees, teas, breakfasts and lunch. I had a delicious omelette with mushrooms and spinach and goat cheese. My parents had omelets too, which they enjoyed. We got there at a good time, around nine and it was already decently busy. Shortly after we arrived there was a good size line.",
                "link": "https://www.google.com/maps/reviews/data=!4m8!14m7!1m6!2m5!1sChZDSUhNMG9nS0VJQ0FnSURubi1qZEhREAE!2m1!1s0x0:0xaf30ee136f44a645!3m1!1s2@1:CIHM0ogKEICAgIDnn-jdHQ%7CCgwI4fyluAYQkKfIkwE%7C?hl=en-US",
                "date": "a month ago"
            },
            {
                "username": "Lily Lee",
                "rating": 5,
                "contributor_id": "116634703802744507575",
                "description": "Oct 2023\nBusy as ever! Ordered the lemon pesto chicken salad on a brioche bun today and this was DELICIOUS! 😋 also, tried the dirty taro latte... it was good but did not taste sweet like the taro bubble tea you'll find. The bacon BLT sandwich plus their homemade chips hit the spot too!\n\nSept 2022\nUpdate - Iced ginger tea was excellent and a cup of hot tumeric ginger tea was enjoyed by my friend. Good for the immune system too!\n\nGreat food, lattes, and atmosphere for meeting up with friends, colleagues and clients. Plenty of space to work too.\n\nHad the pistachio turkey sandwich today, which was good, but the bacon pesto grilled cheese was divine! All the flavors blended well together. Don't forget to order a side of their homemade chips.\n\nCheck out their omelettes too!\n\nMy friend always gets the lavender latte, and I had the rosemary salted caramel latte today. Both are great.",
                "link": "https://www.google.com/maps/reviews/data=!4m8!14m7!1m6!2m5!1sChdDSUhNMG9nS0VJQ0FnSUNlNUt5LXFnRRAB!2m1!1s0x0:0xaf30ee136f44a645!3m1!1s2@1:CIHM0ogKEICAgICe5Ky-qgE%7CCgwIp7CWqQYQwOj6nQM%7C?hl=en-US",
                "images": [
                    {
                        "thumbnail": "https://lh5.googleusercontent.com/p/AF1QipMkk_xVLJx4LzFG84J4ThnVQfvYBHQD1evPtqxi=w150-h150-k-no-p"
                    },
                    {
                        "thumbnail": "https://lh5.googleusercontent.com/p/AF1QipPHe_PbQ_kJe7CFMRXjOEqdBvzQ0-SxCVLTFSdX=w150-h150-k-no-p"
                    },
                    {
                        "thumbnail": "https://lh5.googleusercontent.com/p/AF1QipNvF7xSN_oZN2xb7BRv4Qr-3g3mgRvaP6qvDudP=w150-h150-k-no-p"
                    },
                    {
                        "thumbnail": "https://lh5.googleusercontent.com/p/AF1QipNd7BNgwTf3xWHMJbXNJSHtcO2_JiNTzILXUHub=w150-h150-k-no-p"
                    },
                    {
                        "thumbnail": "https://lh5.googleusercontent.com/p/AF1QipNF-XCnK4zcGYZxbQH9FbTGZRBr89gIqy7Wrivx=w150-h150-k-no-p"
                    },
                    {
                        "thumbnail": "https://lh5.googleusercontent.com/p/AF1QipPg649MKGxo_Uuwe9PRSdr_LuAnXYqPNUgh9HPv=w150-h150-k-no-p"
                    }
                ],
                "date": "a year ago"
            },
            {
                "username": "Cathy Pope",
                "rating": 4,
                "contributor_id": "117337509691023605768",
                "description": "Overall this is a lovely place for a bite to eat. It seems that business entrepreneurs favor this for meetings and laptop work.\n\nThere's not much on the lunch menu without mayo, but the caprese sandwich was pretty good. Although, the mozzarella was cold and the bread was hot, which was a bit odd.\n\nService was super friendly! But I'm not a fan of how they assign you a table, but do not walk you to the table. Somebody's bags were being stored at our assigned table and it just made for an awkward situation. I think it's better to give the customers their number and let them choose where to sit, to be honest. Especially if there are no waitress services.\n\nThere's plenty of parking and it's definitely kid friendly. Changing tables are in the bathrooms and they have a few high chairs.",
                "link": "https://www.google.com/maps/reviews/data=!4m8!14m7!1m6!2m5!1sChZDSUhNMG9nS0VJQ0FnSUQ5dXUyMkl3EAE!2m1!1s0x0:0xaf30ee136f44a645!3m1!1s2@1:CIHM0ogKEICAgID9uu22Iw%7CCgwIud_SrwYQoJ3CgAI%7C?hl=en-US",
                "images": [
                    {
                        "thumbnail": "https://lh5.googleusercontent.com/p/AF1QipNJcMGCS1GZLTYqrmFTVXu2IwFTLkdufzaq5CWs=w150-h150-k-no-p"
                    },
                    {
                        "thumbnail": "https://lh5.googleusercontent.com/p/AF1QipPlJjk-jMkd3r-c5e8_a9ltJ-V2MgVpfAiO9Lcc=w150-h150-k-no-p"
                    }
                ],
                "date": "7 months ago"
            },
            {
                "username": "Julia Han",
                "rating": 4,
                "contributor_id": "113868960040867445297",
                "description": "I recently visited Songbird near UMICH North Campus and was impressed by the cafe’s fantastic interior and vibe. The ambiance is truly delightful! However, my experience with the hot cocoa left me somewhat disappointed. It tasted more like water than chocolate, and the mild flavor was not to my liking. Despite this, I’m still eager to explore their dishes on my next visit. The overall atmosphere makes it a place worth returning to.",
                "link": "https://www.google.com/maps/reviews/data=!4m8!14m7!1m6!2m5!1sChdDSUhNMG9nS0VJQ0FnSUNsX0kycm1RRRAB!2m1!1s0x0:0xaf30ee136f44a645!3m1!1s2@1:CIHM0ogKEICAgICl_I2rmQE%7CCgwIvLLPqgYQyMvArQI%7C?hl=en-US",
                "images": [
                    {
                        "thumbnail": "https://lh5.googleusercontent.com/p/AF1QipO3hWW98yBvvVJKQlRXpoz2MxW49SgVGl3JXTbb=w150-h150-k-no-p"
                    },
                    {
                        "thumbnail": "https://lh5.googleusercontent.com/p/AF1QipPdN-VzBC0s6uAtjvuRVaVjuMcMwtNWGizP0jdF=w150-h150-k-no-p"
                    },
                    {
                        "thumbnail": "https://lh5.googleusercontent.com/p/AF1QipPz_mhMjV9Xr1wd9uHIPKuI9GsegDh1R6N-A5p9=w150-h150-k-no-p"
                    },
                    {
                        "thumbnail": "https://lh5.googleusercontent.com/p/AF1QipP_RJb649GBXy0NIS7-vWIqFevD62XRxUNeeT-n=w150-h150-k-no-p"
                    },
                    {
                        "thumbnail": "https://lh5.googleusercontent.com/p/AF1QipOxAyWwOAnWzP3jFvVDiRkVjLC8beBeH95cKjiT=w150-h150-k-no-p"
                    }
                ],
                "date": "11 months ago"
            }
        ]
    },
    "Services": {
        "dine_in": true,
        "takeout": true,
        "delivery": false
    }
}