{
    "Title": "The West End Grill",
    "Price": [],
    "Place ID": "ChIJj_vhWTyuPIgR5Fl64C0Wx2c",
    "Type ID": [],
    "Type": [
        "Fine dining restaurant",
        "American restaurant",
        "Restaurant",
        "Seafood restaurant",
        "Steak house"
    ],
    "Address": "120 1/2, 120 W Liberty St, Ann Arbor, MI 48104",
    "GPS Coordinates": {
        "latitude": 42.279713799999996,
        "longitude": -83.74962649999999
    },
    "Phone Number": "(734) 747-6260",
    "Rating": 4.3,
    "Rating Summary": [
        {
            "stars": 1,
            "amount": 11
        },
        {
            "stars": 2,
            "amount": 16
        },
        {
            "stars": 3,
            "amount": 21
        },
        {
            "stars": 4,
            "amount": 30
        },
        {
            "stars": 5,
            "amount": 149
        }
    ],
    "Opening Hours": [
        {
            "tuesday": "5–9:30 PM"
        },
        {
            "wednesday": "5–9:30 PM"
        },
        {
            "thursday": "5–9:30 PM"
        },
        {
            "friday": "5–9:30 PM"
        },
        {
            "saturday": "5–9:30 PM"
        },
        {
            "sunday": "5–9:30 PM"
        },
        {
            "monday": "5–9:30 PM"
        }
    ],
    "Description": "Creative, upscale New American cuisine in a cozy, romantic bistro setting with old-timey decor.",
    "Details": [
        {
            "popular_for": [
                "Dinner"
            ]
        },
        {
            "accessibility": [
                "Wheelchair accessible restroom",
                "Wheelchair accessible seating"
            ]
        },
        {
            "offerings": [
                "Alcohol",
                "Beer",
                "Cocktails",
                "Coffee",
                "Hard liquor",
                "Wine"
            ]
        },
        {
            "dining_options": [
                "Dinner",
                "Dessert"
            ]
        },
        {
            "amenities": [
                "Bar onsite",
                "Restroom"
            ]
        },
        {
            "atmosphere": [
                "Cozy",
                "Romantic",
                "Trendy",
                "Upscale"
            ]
        },
        {
            "crowd": [
                "Groups"
            ]
        },
        {
            "planning": [
                "Dinner reservations recommended",
                "Accepts reservations"
            ]
        },
        {
            "payments": [
                "Credit cards",
                "Debit cards",
                "NFC mobile payments"
            ]
        },
        {
            "children": [
                "Kids' menu"
            ]
        }
    ],
    "User Reviews": {
        "summary": [
            {
                "snippet": "\"Great place - interesting menu, good food, and great service.\""
            },
            {
                "snippet": "\"Crab Bisque tasted only off cream; no crab to be seen.\""
            },
            {
                "snippet": "\"Reliably good cuisine with a good variety of meat, fish, and vegetable choices.\""
            }
        ],
        "most_relevant": [
            {
                "username": "Pat Ramsay",
                "rating": 5,
                "contributor_id": "101288218064488627177",
                "description": "The decor is warm and inviting. The staff were excellent and the food was amazing. It was so good, we had to go back for dinner again 2 nights later! Easy to walk to. The duck and porkchops were excellent!",
                "link": "https://www.google.com/maps/reviews/data=!4m8!14m7!1m6!2m5!1sChZDSUhNMG9nS0VJQ0FnSUNYdDhQcmFBEAE!2m1!1s0x0:0x67c7162de07a59e4!3m1!1s2@1:CIHM0ogKEICAgICXt8PraA%7CCgwIlsfauAYQ8K6e8AE%7C?hl=en-US",
                "images": [
                    {
                        "thumbnail": "https://lh5.googleusercontent.com/p/AF1QipP7GU_VmL916Y0ryTX3eDCj2H9V-Bd9D6bPab5p=w150-h150-k-no-p"
                    }
                ],
                "date": "3 weeks ago"
            },
            {
                "username": "Gail Kuhnlein",
                "rating": 3,
                "contributor_id": "111296295252114715221",
                "description": "My family and I went to The West End Grill to celebrate a milestone birthday. Other than the guy at the door, no other mention was made of my birthday, which was disappointing. My spouse is reticent to say anything, I guess. Every other time we've eaten here (often for anniversaries), the food, service, everything has been outstanding. This time, several of the dishes were disappointing. My salmon was undercooked and tasted odd, chicken was dry, servings were very sparse like a couple tablespoons of rice and 1 skinny cooked carrot). Our server is generally top notch. I think he was upset we weren't \"drinking.\" We had someone with us who we were supporting in his early months of sobriety. The wine glasses were taken away in a huff, it seemed. No candle in the dessert. I don't expect we'll be hurrying back. Wonder if it's under new management? Please read the notes on the reservation and be sure to pass them on to the server. The saving grace was the AMAZING orange walnut cake, which is out of this world.",
                "link": "https://www.google.com/maps/reviews/data=!4m8!14m7!1m6!2m5!1sChZDSUhNMG9nS0VJQ0FnSURUNVB5Q05nEAE!2m1!1s0x0:0x67c7162de07a59e4!3m1!1s2@1:CIHM0ogKEICAgIDT5PyCNg%7CCgwIkoK5sgYQgJ2qygI%7C?hl=en-US",
                "images": [
                    {
                        "thumbnail": "https://lh5.googleusercontent.com/p/AF1QipMfhEBkaW5y909UKyPW8jIMRJ9WT0VlO8HNkGWy=w150-h150-k-no-p"
                    }
                ],
                "date": "5 months ago"
            },
            {
                "username": "Mikayla Martin",
                "rating": 5,
                "contributor_id": "114126570042336216398",
                "description": "Our server Mitch was absolutely amazing and so knowledgeable about everything on the menu and gave great recommendations! We had such a great time I got 2 of their old fashions on the menu and my boyfriend got 2 draft beers! With dinner with did Their port wine which tasted amazing and was very good to pair with the steaks we got. I did the American wagyu and my boyfriend did their Delmonico steak special! Overall such a nice night and great experience!",
                "link": "https://www.google.com/maps/reviews/data=!4m8!14m7!1m6!2m5!1sChZDSUhNMG9nS0VJQ0FnSUNuMExqbGVREAE!2m1!1s0x0:0x67c7162de07a59e4!3m1!1s2@1:CIHM0ogKEICAgICn0LjleQ%7CCgsItvi8twYQsJaGWw%7C?hl=en-US",
                "date": "a month ago"
            },
            {
                "username": "Jason Heien",
                "rating": 5,
                "contributor_id": "106548484170537634045",
                "description": "First time visiting. Made reservations, and we arrived a little early and our table was ready!\n\nSat down , and Gabriel was our server. He was awesome with his recommendations, very attentive, but not hovering. He knew every nuance for every dish. And I mean everything.\n\nWe started out with cocktails, then appetizers, which we took his recommendation for the seafood studel and the calamari, which were exactly how he had described. Calamari was ever so lightly breaded and salted to where it really accented the calamari without overloading it with breading.\n\nNext was our entrees. I go the blackened porkchop, my wife got the burger, my mom got the swordfish, and my stepdad got the sea bass. Everyone LOVED their entrees.\n\nFor dessert, we chose the orange cake and the carrot cake. Gabriel even noticed in our conversation that there was a birthday, so when they brought out the orange cake it had a candle in it!\n\nIn all The West End Grill is one high end, 1st class restaurant, that is on our favorites list, and must visit list for Ann Arbor",
                "link": "https://www.google.com/maps/reviews/data=!4m8!14m7!1m6!2m5!1sChdDSUhNMG9nS0VJQ0FnSURSdHUyLTBnRRAB!2m1!1s0x0:0x67c7162de07a59e4!3m1!1s2@1:CIHM0ogKEICAgIDRtu2-0gE%7CCgwIwLicogYQ8KnXoAM%7C?hl=en-US",
                "images": [
                    {
                        "thumbnail": "https://lh5.googleusercontent.com/p/AF1QipOSXTG-8keZf0QxXbpENsxL5QzbzHe-VBimZScZ=w150-h150-k-no-p"
                    },
                    {
                        "thumbnail": "https://lh5.googleusercontent.com/p/AF1QipPoSeeGdir2iCs59xFQqYmWcuojDROMBHoLDQWi=w150-h150-k-no-p"
                    },
                    {
                        "thumbnail": "https://lh5.googleusercontent.com/p/AF1QipNlqwEt2NLQoYoUSMOS1NjCOdz_iBG3eu4i_57i=w150-h150-k-no-p"
                    },
                    {
                        "thumbnail": "https://lh5.googleusercontent.com/p/AF1QipPZHDxIFxKPK61JVXggq3DFTJCnAxJx8w0ppSjn=w150-h150-k-no-p"
                    },
                    {
                        "thumbnail": "https://lh5.googleusercontent.com/p/AF1QipPOeyloWulYlqsIb2hM0gM2eehOQHlEZtZhbANF=w150-h150-k-no-p"
                    },
                    {
                        "thumbnail": "https://lh5.googleusercontent.com/p/AF1QipNEQsq1JZjDzH3v3VjUySXR8stmrbyREYUQAH_S=w150-h150-k-no-p"
                    },
                    {
                        "thumbnail": "https://lh5.googleusercontent.com/p/AF1QipP4pRCdPfM1c1JK2WMH48xanII0ulZnWG5mI5Py=w150-h150-k-no-p"
                    },
                    {
                        "thumbnail": "https://lh5.googleusercontent.com/p/AF1QipOLi3Xt6AI61WQWrBNx97MEvL5OK0r9wNjdxNIN=w150-h150-k-no-p"
                    },
                    {
                        "thumbnail": "https://lh5.googleusercontent.com/p/AF1QipMiylf57DxYPSBQehxIHOtUU5O7Av5bK0ci7Bnb=w150-h150-k-no-p"
                    },
                    {
                        "thumbnail": "https://lh5.googleusercontent.com/p/AF1QipO3uNUlUu_C4aCoymxqQBpPm6vr1Cev-s9u2Dd2=w150-h150-k-no-p"
                    }
                ],
                "date": "a year ago"
            },
            {
                "username": "Vivian Dbouk",
                "rating": 5,
                "contributor_id": "102516371643069466937",
                "description": "Took hubby here for his birthday and the food was way up there. The flavors... you won't get anywhere else. The chef(s) really pay attention to detail and make sure the food is perfect and to your liking. Great place and highly recommend. We had the scallops and asparagus with coconut risotto, rack of lamb,  roasted Brussels, calamari, and dessert. Everything was perfect. Thankyou for the wonderful experience.",
                "link": "https://www.google.com/maps/reviews/data=!4m8!14m7!1m6!2m5!1sChZDSUhNMG9nS0VJQ0FnSURaOVlUVkJ3EAE!2m1!1s0x0:0x67c7162de07a59e4!3m1!1s2@1:CIHM0ogKEICAgIDZ9YTVBw%7CCgsIy-H8qAYQ0IKofw%7C?hl=en-US",
                "images": [
                    {
                        "thumbnail": "https://lh5.googleusercontent.com/p/AF1QipOcdk5tlxF5PVQsZjFZ21TRao-RV8NWER2tfvkZ=w150-h150-k-no-p"
                    },
                    {
                        "thumbnail": "https://lh5.googleusercontent.com/p/AF1QipPwCUbWqejqUVXPbSFJLazVR0_17UWOBZDAUQ1O=w150-h150-k-no-p"
                    },
                    {
                        "thumbnail": "https://lh5.googleusercontent.com/p/AF1QipMkCj7JA-9m78AU8CEnNUWHZVbRS9oWm0jKj5hz=w150-h150-k-no-p"
                    },
                    {
                        "thumbnail": "https://lh5.googleusercontent.com/p/AF1QipMHxFrnhMK6p3pSqGoiljxG8QHALKo2fLemYOA-=w150-h150-k-no-p"
                    }
                ],
                "date": "a year ago"
            },
            {
                "username": "Hakim",
                "rating": 5,
                "contributor_id": "104641699557046758734",
                "description": "Very cozy atmosphere, with great food. The servers are AWESOME. If you're looking for a nice, laid back, happy environment to share memories with a friend or special person, West End Grill is the place. Keep up the good work.",
                "link": "https://www.google.com/maps/reviews/data=!4m8!14m7!1m6!2m5!1sChdDSUhNMG9nS0VJQ0FnSUNubkp1b3JnRRAB!2m1!1s0x0:0x67c7162de07a59e4!3m1!1s2@1:CIHM0ogKEICAgICnnJuorgE%7CCgwI8vvGtwYQiIH5xQI%7C?hl=en-US",
                "date": "a month ago"
            },
            {
                "username": "Dave Bagbey",
                "rating": 5,
                "contributor_id": "113107719396177545920",
                "description": "I have been to West End  a handful of times and have always had great service and food. Last night I had the veal dumplings and it was the most delicious meal I have ever had.  It was amazingly good. I also recommend an espresso martini while you are there.",
                "link": "https://www.google.com/maps/reviews/data=!4m8!14m7!1m6!2m5!1sChZDSUhNMG9nS0VJQ0FnSURyeE9qdVhREAE!2m1!1s0x0:0x67c7162de07a59e4!3m1!1s2@1:CIHM0ogKEICAgIDrxOjuXQ%7CCgwI4ZvRtAYQ4O6apAM%7C?hl=en-US",
                "date": "3 months ago"
            },
            {
                "username": "Sport Mom",
                "rating": 3,
                "contributor_id": "104851335979632387902",
                "description": "Loved getting the table in the front window! I’m not a seafood eater but if you like seafood, the menu is choc full of a variety from sea bass to scallops. The tomato basil soup was very good. The lobster tail is 8 ounces and left little to be desired but the swordfish was tasty. The prices are very steep so be prepared to pay $70 for the Delmonico Steak. The big negative is this woman who I believe works there (see pic below) kept walking out and smoking cigarettes in front of the window. Just not a good look for what you pay for inside. Kevin is a good waiter and he deserves 5 stars. Gordy, the general manager was very nice and is very friendly with the patrons. Not sure we will be back.",
                "link": "https://www.google.com/maps/reviews/data=!4m8!14m7!1m6!2m5!1sChZDSUhNMG9nS0VJQ0FnSUNoNDlicEpREAE!2m1!1s0x0:0x67c7162de07a59e4!3m1!1s2@1:CIHM0ogKEICAgICh49bpJQ%7CCgwIpaqjoQYQiKzImQI%7C?hl=en-US",
                "images": [
                    {
                        "thumbnail": "https://lh5.googleusercontent.com/p/AF1QipPUE_FdorJyYjAfdA_NkV0CstJhIDIiJ9OBqNhk=w150-h150-k-no-p"
                    },
                    {
                        "thumbnail": "https://lh5.googleusercontent.com/p/AF1QipN9OBKsfGm9MgM5RswlZc1VcgQBl_WsMUo5ktme=w150-h150-k-no-p"
                    },
                    {
                        "thumbnail": "https://lh5.googleusercontent.com/p/AF1QipNG4Flzn0LmHftZWP-TQiDdWbKmd1RThyzWcSeZ=w150-h150-k-no-p"
                    },
                    {
                        "thumbnail": "https://lh5.googleusercontent.com/p/AF1QipMMu-9WUrHyr8o6oZMqusaIU6tgbutkdosWm4C0=w150-h150-k-no-p"
                    }
                ],
                "date": "a year ago"
            }
        ]
    },
    "Services": {
        "dine_in": true,
        "takeout": true,
        "delivery": false
    }
}