{
    "Title": "The Chop House Ann Arbor",
    "Price": [],
    "Place ID": "ChIJx0QsYTyuPIgRvk5UHo8eX4E",
    "Type ID": [],
    "Type": [
        "Steak house",
        "Restaurant"
    ],
    "Address": "322 S Main St, Ann Arbor, MI 48104, United States",
    "GPS Coordinates": {
        "latitude": 42.2788396,
        "longitude": -83.74890909999999
    },
    "Phone Number": "+1 734-669-8826",
    "Rating": 4.6,
    "Rating Summary": [
        {
            "stars": 1,
            "amount": 38
        },
        {
            "stars": 2,
            "amount": 25
        },
        {
            "stars": 3,
            "amount": 61
        },
        {
            "stars": 4,
            "amount": 170
        },
        {
            "stars": 5,
            "amount": 973
        }
    ],
    "Opening Hours": [
        {
            "tuesday": "5–10 PM"
        },
        {
            "wednesday": "5–10 PM"
        },
        {
            "thursday": "5–10 PM"
        },
        {
            "friday": "5–10 PM"
        },
        {
            "saturday": "4–11 PM"
        },
        {
            "sunday": "4–9 PM"
        },
        {
            "monday": "5–10 PM"
        }
    ],
    "Description": "Chophouse decorated with elegant gas lamps offers premium steak, wine & interactive tablet menus.",
    "Details": [
        {
            "highlights": [
                "Fireplace",
                "Great coffee",
                "Great dessert"
            ]
        },
        {
            "popular_for": [
                "Dinner",
                "Solo dining"
            ]
        },
        {
            "accessibility": [
                "Wheelchair-accessible car park",
                "Wheelchair-accessible entrance",
                "Wheelchair-accessible seating",
                "Wheelchair-accessible toilet"
            ]
        },
        {
            "offerings": [
                "Alcohol",
                "Beer",
                "Cocktails",
                "Coffee",
                "Happy-hour drinks",
                "Happy-hour food",
                "Private dining room",
                "Spirits",
                "Wine"
            ]
        },
        {
            "dining_options": [
                "Lunch",
                "Dinner",
                "Dessert",
                "Seating"
            ]
        },
        {
            "amenities": [
                "Bar on site",
                "Toilets"
            ]
        },
        {
            "atmosphere": [
                "Cosy",
                "Romantic",
                "Trendy",
                "Upmarket"
            ]
        },
        {
            "crowd": [
                "Groups",
                "Tourists"
            ]
        },
        {
            "planning": [
                "Dinner reservations recommended",
                "Accepts reservations"
            ]
        },
        {
            "payments": [
                "Credit cards",
                "Debit cards",
                "NFC mobile payments"
            ]
        },
        {
            "children": [
                "High chairs"
            ]
        },
        {
            "parking": [
                "Paid multi-storey car park",
                "Paid parking lot",
                "Paid street parking",
                "Somewhat difficult to find a space"
            ]
        }
    ],
    "User Reviews": {
        "summary": [
            {
                "snippet": "\"The food, atmosphere, and quality of service was absolutely unmatched!\""
            },
            {
                "snippet": "\"I WAS a regular customer for their awesome happy hour and appetizers.\""
            },
            {
                "snippet": "\"Tasty shrimp cocktail and bread, strong cocktails.\""
            }
        ],
        "most_relevant": [
            {
                "username": "Jeffery Martin",
                "rating": 5,
                "contributor_id": "114568051530699763437",
                "description": "Service and atmosphere was great!   The food was good.  Had to send back my steak when they overcooked it.  But the new one came back perfect.  Got an aggatto for dessert, which was delicious!  Ask for a wet towel.  They will come put with a lemon and towel bowl hand wash for you!  Reminded me of being back in India.\n\nUnfortunately, it still does not beat my favorite steakhouse in michigan. Boudies Chop House.",
                "link": "https://www.google.com/maps/reviews/data=!4m8!14m7!1m6!2m5!1sChdDSUhNMG9nS0VJQ0FnSUNydDRpaF9RRRAB!2m1!1s0x0:0x815f1e8f1e544ebe!3m1!1s2@1:CIHM0ogKEICAgICrt4ih_QE%7CCgsIg6XCtAYQ8OjdIA%7C?hl=en-GB",
                "images": [
                    {
                        "thumbnail": "https://lh5.googleusercontent.com/p/AF1QipOrPw0mt8A39AsK69e0PVm9lchim1S8PnNVzJhz=w150-h150-k-no-p"
                    },
                    {
                        "thumbnail": "https://lh5.googleusercontent.com/p/AF1QipPA12CbSaNOzyHlhUcICMg9IbGW07DmUN6ksJKH=w150-h150-k-no-p"
                    },
                    {
                        "thumbnail": "https://lh5.googleusercontent.com/p/AF1QipOfMSeVBzw7bkjAtUIzxxElHTE-Rhi2uuap4xDG=w150-h150-k-no-p"
                    },
                    {
                        "thumbnail": "https://lh5.googleusercontent.com/p/AF1QipPfyaSEZWWU3Q8tyAvbVOH1g_KExE5qWJRw3uJI=w150-h150-k-no-p"
                    },
                    {
                        "thumbnail": "https://lh5.googleusercontent.com/p/AF1QipNyl_BXBCpxfRxQmOBGZOp9Es9BAJWnIONRSIKJ=w150-h150-k-no-p"
                    },
                    {
                        "thumbnail": "https://lh5.googleusercontent.com/p/AF1QipO8_JuAcuWtllsy_KRP7wvT2bS16-ijCNtY-jzT=w150-h150-k-no-p"
                    }
                ],
                "date": "4 months ago"
            },
            {
                "username": "Sally Moon",
                "rating": 5,
                "contributor_id": "104992158591836666872",
                "description": "Beautiful place to have meetings and dinning.\nExcellent staff, providing a truly exceptional 5 star experience.\nI'm allergic to caffeine and shellfish,  FML, and they were able to accommodate me very well.\nThank you to all the wonderful staff for an amazing job of accommodating our large group of around 25 people.",
                "link": "https://www.google.com/maps/reviews/data=!4m8!14m7!1m6!2m5!1sChZDSUhNMG9nS0VJQ0FnSUNMdTl2U1dnEAE!2m1!1s0x0:0x815f1e8f1e544ebe!3m1!1s2@1:CIHM0ogKEICAgICLu9vSWg%7CCgwIwb_gswYQ6OCb8gI%7C?hl=en-GB",
                "images": [
                    {
                        "thumbnail": "https://lh5.googleusercontent.com/p/AF1QipOI0y7TbE4aMlI-TepgUHmucM_f8dZ6sYWxSPJM=w150-h150-k-no-p"
                    },
                    {
                        "thumbnail": "https://lh5.googleusercontent.com/p/AF1QipM6xZrx356iYN-IA7X-mo4qGpdLQAPfvPo5x7Hr=w150-h150-k-no-p"
                    },
                    {
                        "thumbnail": "https://lh5.googleusercontent.com/p/AF1QipN0S4XkioXfGF3i-B3xYdhpKZgPmsCCBgNLlZ79=w150-h150-k-no-p"
                    },
                    {
                        "thumbnail": "https://lh5.googleusercontent.com/p/AF1QipPzMH0090llLnyhiEoFTXGNl80p_PcpCGWX10Q3=w150-h150-k-no-p"
                    },
                    {
                        "thumbnail": "https://lh5.googleusercontent.com/p/AF1QipONRWELASmvUIYV-5xLu7Vm4SyyqY46X9i8zfdr=w150-h150-k-no-p"
                    }
                ],
                "date": "4 months ago"
            },
            {
                "username": "Brandon Adair",
                "rating": 5,
                "contributor_id": "116919942681316845621",
                "description": "If money is no issue, this place is incredible. I'd be surprised if you managed to find something not delicious here and the service is spectacular. Youre going to spend around 100 per person though so keep that in mind but for an occasion it's a fantastic place to go\n\nThe Australian Wagyu is great, and the creamed corn and bread they bring out is incredibly yummy",
                "link": "https://www.google.com/maps/reviews/data=!4m8!14m7!1m6!2m5!1sChZDSUhNMG9nS0VJQ0FnSURyeE1lVEdREAE!2m1!1s0x0:0x815f1e8f1e544ebe!3m1!1s2@1:CIHM0ogKEICAgIDrxMeTGQ%7CCgwIoqrStAYQ-PHApAM%7C?hl=en-GB",
                "images": [
                    {
                        "thumbnail": "https://lh5.googleusercontent.com/p/AF1QipMYuSA9oSk4PexP7kK9HuuqdIDHZNe8KepYTm3L=w150-h150-k-no-p"
                    },
                    {
                        "thumbnail": "https://lh5.googleusercontent.com/p/AF1QipPytfum-AIVCMgaBwpBmfShA2U8V2_V6dNs-CLA=w150-h150-k-no-p"
                    }
                ],
                "date": "3 months ago"
            },
            {
                "username": "Steve P",
                "rating": 5,
                "contributor_id": "105332448971013029853",
                "description": "Wow, first time here. The staff was amazing. So friendly and helpful. Made us feel like we were the only couple there.\nThe food was excellent. I had Beef Wellington. That’s a huge WOW!  My wife likes her steaks well done, no pink.  To me that usually means tough and no flavor, but it was so tender and juicy (even cooked very well done).\nThe accompaniments were great.\nThe desserts were so delicious.\n\nWords cannot describe how great our experience was.",
                "link": "https://www.google.com/maps/reviews/data=!4m8!14m7!1m6!2m5!1sChZDSUhNMG9nS0VJQ0FnSUNOOGU3Sk53EAE!2m1!1s0x0:0x815f1e8f1e544ebe!3m1!1s2@1:CIHM0ogKEICAgICN8e7JNw%7CCgwI-_WUrQYQsPSvrAM%7C?hl=en-GB",
                "images": [
                    {
                        "thumbnail": "https://lh5.googleusercontent.com/p/AF1QipN83YelDEKf2wOvA3YAVbJAZBWhJOxsPGysXMO8=w150-h150-k-no-p"
                    },
                    {
                        "thumbnail": "https://lh5.googleusercontent.com/p/AF1QipNHJ51ujHutxJGJd4Y5hKBnE7FF0602U6f3UNA7=w150-h150-k-no-p"
                    },
                    {
                        "thumbnail": "https://lh5.googleusercontent.com/p/AF1QipMedGAkgudgqGtVfw_ju-6UQdSn3-e0Om-4ldaS=w150-h150-k-no-p"
                    },
                    {
                        "thumbnail": "https://lh5.googleusercontent.com/p/AF1QipPXpsL9FbAxHpXG6KYhFP7FOXOBnZbWGNG6RRhI=w150-h150-k-no-p"
                    }
                ],
                "date": "9 months ago"
            },
            {
                "username": "iconixcle",
                "rating": 5,
                "contributor_id": "102242808895627804963",
                "description": "This is the BEST Steakhouse I’ve ever been to. The waitresses are super nice if you go here you should request the waitress Xia (she is super nice). They serve you these things called popovers before your food they taste delicious. The filet mingon here is my personal favorite thing to order here and if you order it make sure to get the cognac peppercorn sauce it taste the best. I also carved out a piece of the steak to make it look like a heart!",
                "link": "https://www.google.com/maps/reviews/data=!4m8!14m7!1m6!2m5!1sChZDSUhNMG9nS0VJQ0FnSURIMXA3TFZnEAE!2m1!1s0x0:0x815f1e8f1e544ebe!3m1!1s2@1:CIHM0ogKEICAgIDH1p7LVg%7CCgwIlaictwYQiLKQrgE%7C?hl=en-GB",
                "images": [
                    {
                        "thumbnail": "https://lh5.googleusercontent.com/p/AF1QipM8zdGdzXOopDkuTpX8xdZT2_r_J9jUwBYYhMge=w150-h150-k-no-p"
                    }
                ],
                "date": "a month ago"
            },
            {
                "username": "Michael Tyson",
                "rating": 5,
                "contributor_id": "103168754703349261787",
                "description": "Nestled on Main Street in Ann Arbor, The Chop House offers a pinnacle of fine dining experiences. As with many smaller cities, parking can be a challenge, so it's advisable to seek out the nearby structure, just a block away, to ensure a hassle-free arrival.\n\nUpon entering, the restaurant's grandeur becomes immediately apparent, with its expansive layout and a sophisticated cigar lounge nestled in the lower level. The establishment boasts ample space, including sizable rooms in the lower level suitable for hosting events.\n\nDuring our visit on a serene Tuesday evening, despite having made reservations, the bustling ambiance made it evident that they weren't necessary. Opting to forgo starters, we delved straight into our entrées. Each dish, whether it was the sumptuous salmon or the delectable beef selection, impressed with its quality and flavor.\n\nService was impeccable, exemplified by the synchronized arrival of our meals, each attended to by a dedicated server. The extensive wine selection complemented the meal perfectly, and the elegance of the white tablecloths added an extra touch of refinement to the dining experience.\n\nThe side dishes, particularly the potatoes, proved to be indulgent delights, with a single serving easily satisfying the entire party. For groups of four, it's advisable to limit side orders to no more than two, especially if foregoing starters.\n\nThough tempted by dessert, we found ourselves pleasantly satiated from the generous portions and flavorsome dishes, making it an optional addition. Departing with contented palates and full stomachs, the consensus was unanimous—a visit to The Chop House is an experience worth savoring.\n\nWhile the bill may reflect the upscale nature of the establishment, our $400 expenditure before gratuity was deemed well worth it for the exceptional quality of food and service received. For those seeking an unparalleled fine dining experience in Ann Arbor, I wholeheartedly recommend The Chop House!",
                "link": "https://www.google.com/maps/reviews/data=!4m8!14m7!1m6!2m5!1sChdDSUhNMG9nS0VJQ0FnSUM5aTRYQXlnRRAB!2m1!1s0x0:0x815f1e8f1e544ebe!3m1!1s2@1:CIHM0ogKEICAgIC9i4XAygE%7CCgwIs8ayrwYQsL6muAI%7C?hl=en-GB",
                "images": [
                    {
                        "thumbnail": "https://lh5.googleusercontent.com/p/AF1QipPmYcQvdMyKN8jbKbcA3_Byjc47QF6J7UHdl20b=w150-h150-k-no-p"
                    },
                    {
                        "thumbnail": "https://lh5.googleusercontent.com/p/AF1QipO8nSLltC481-TaiB_rHPYscVcjx28K4hbIaQHk=w150-h150-k-no-p"
                    },
                    {
                        "thumbnail": "https://lh5.googleusercontent.com/p/AF1QipOu0Huz5vNoSCeMmhXtTD9DCaw2siXhMQZoAIpv=w150-h150-k-no-p"
                    },
                    {
                        "thumbnail": "https://lh5.googleusercontent.com/p/AF1QipPMgGL8lrHCgh9v4V5nSYJnl17hMV3gh3QGLyut=w150-h150-k-no-p"
                    },
                    {
                        "thumbnail": "https://lh5.googleusercontent.com/p/AF1QipO_ODQglqlPJBjw7TmUGinOh2SW9-EMohh1SMm7=w150-h150-k-no-p"
                    },
                    {
                        "thumbnail": "https://lh5.googleusercontent.com/p/AF1QipO8FxZbMAFPlrIFqGmv6HGE0B8qxE84Xbgekr5Q=w150-h150-k-no-p"
                    },
                    {
                        "thumbnail": "https://lh5.googleusercontent.com/p/AF1QipPU4mJ0SiZ7WSVHDK2IkUB_80150bQokIX0taTt=w150-h150-k-no-p"
                    }
                ],
                "date": "8 months ago"
            },
            {
                "username": "Dan Shoemaker",
                "rating": 5,
                "contributor_id": "114847648954913741701",
                "description": "Make no mistake about it. This is the real deal. There are world-class restaurants in every big city, mostly on the East and West Coast (and Vegas). But you rarely find a place this excellent in a small city like Ann Arbor... no matter how sophisticated it might be. The Chop House is one of those restaurants. From its complete and interesting wine list to its clever desserts the careful attention to the little things separates this place from the rest. Like, when was the last time you were able to check your coat? It isn't cheap but I have rarely gotten more value for the money. If you want superb service and an excellent meal this is the place to come.",
                "link": "https://www.google.com/maps/reviews/data=!4m8!14m7!1m6!2m5!1sChZDSUhNMG9nS0VJQ0FnSUQxZ2R5UGVBEAE!2m1!1s0x0:0x815f1e8f1e544ebe!3m1!1s2@1:CIHM0ogKEICAgID1gdyPeA%7CCgwIsvTqrAYQ-PO0jAM%7C?hl=en-GB",
                "images": [
                    {
                        "thumbnail": "https://lh5.googleusercontent.com/p/AF1QipMJnJx3WuXO_X0SydEza_I-IKicNlMb7T9OnG1P=w150-h150-k-no-p"
                    },
                    {
                        "thumbnail": "https://lh5.googleusercontent.com/p/AF1QipOsPCk3_DUq7K5HX5j09TnGq7IPOQfjKWA0uNz-=w150-h150-k-no-p"
                    },
                    {
                        "thumbnail": "https://lh5.googleusercontent.com/p/AF1QipMD769b7QW0hftS_5uwKqLx5Lzj-Eg2YzcxsXBx=w150-h150-k-no-p"
                    },
                    {
                        "thumbnail": "https://lh5.googleusercontent.com/p/AF1QipNPxua_geHFFHKva6srWKkmMdA3bMN8lMH0uE96=w150-h150-k-no-p"
                    },
                    {
                        "thumbnail": "https://lh5.googleusercontent.com/p/AF1QipP42wGiJntm5oF8Ugt5pxkoHsgBc3e_lBLV5u9T=w150-h150-k-no-p"
                    }
                ],
                "date": "10 months ago"
            },
            {
                "username": "Vyas Shenoy",
                "rating": 4,
                "contributor_id": "101733084509705024055",
                "description": "Good place for dessert and drinks. Just had dessert and some house cocktails.",
                "link": "https://www.google.com/maps/reviews/data=!4m8!14m7!1m6!2m5!1sChdDSUhNMG9nS0VJQ0FnSURuaXRtTTVnRRAB!2m1!1s0x0:0x815f1e8f1e544ebe!3m1!1s2@1:CIHM0ogKEICAgIDnitmM5gE%7CCgwIueaBuAYQiO2r0wI%7C?hl=en-GB",
                "images": [
                    {
                        "thumbnail": "https://lh5.googleusercontent.com/p/AF1QipNvZy2mf93aO_Awci8q_jaFlbsDBouBzmx8yHTg=w150-h150-k-no-p"
                    },
                    {
                        "thumbnail": "https://lh5.googleusercontent.com/p/AF1QipOSZUceE9XZsOG1ougZizCamdna4GBDOjDLCmDX=w150-h150-k-no-p"
                    },
                    {
                        "thumbnail": "https://lh5.googleusercontent.com/p/AF1QipNKG7XbAIvFEcjlc9XcDEJNiaieXpBs3uG0Bh3I=w150-h150-k-no-p"
                    },
                    {
                        "thumbnail": "https://lh5.googleusercontent.com/p/AF1QipNerI2KDsxyahS4vsv-wyBN-hXU5LWYNR4gjnFX=w150-h150-k-no-p"
                    },
                    {
                        "thumbnail": "https://lh5.googleusercontent.com/p/AF1QipPR7fDs70CLR_l_6nJ_3jBG0r5cCjocPwUsJ_A6=w150-h150-k-no-p"
                    },
                    {
                        "thumbnail": "https://lh5.googleusercontent.com/p/AF1QipPKKoMuKWZsv11bp5RBqaqp09nEwdDuTgeEfIVp=w150-h150-k-no-p"
                    },
                    {
                        "thumbnail": "https://lh5.googleusercontent.com/p/AF1QipNmJ5j7CBDUif1aUN3ufg7qFLQGAFE-tdeGunyF=w150-h150-k-no-p"
                    },
                    {
                        "thumbnail": "https://lh5.googleusercontent.com/p/AF1QipPqH92MM1wQEA0QNG14GuDavLCLpARdcy8LZaEb=w150-h150-k-no-p"
                    },
                    {
                        "thumbnail": "https://lh5.googleusercontent.com/p/AF1QipOUnMTm78BFjzT3mLS9eeKiVY040wkS0u-DT0Af=w150-h150-k-no-p"
                    }
                ],
                "date": "a month ago"
            }
        ]
    },
    "Services": {
        "dine_in": true,
        "kerbside_pickup": true,
        "no_contact_delivery": true
    }
}