{
    "Title": "The Pretzel Bell",
    "Price": [],
    "Place ID": "ChIJT_ulVzyuPIgRK9LtADY2u2c",
    "Type ID": [],
    "Type": [
        "American restaurant",
        "Bar"
    ],
    "Address": "226 S Main St, Ann Arbor, MI 48104",
    "GPS Coordinates": {
        "latitude": 42.2797105,
        "longitude": -83.74878489999999
    },
    "Phone Number": "(734) 994-2773",
    "Rating": 4.2,
    "Rating Summary": [
        {
            "stars": 1,
            "amount": 36
        },
        {
            "stars": 2,
            "amount": 58
        },
        {
            "stars": 3,
            "amount": 144
        },
        {
            "stars": 4,
            "amount": 393
        },
        {
            "stars": 5,
            "amount": 603
        }
    ],
    "Opening Hours": [
        {
            "tuesday": "4–9 PM"
        },
        {
            "wednesday": "4–9 PM"
        },
        {
            "thursday": "4–9 PM"
        },
        {
            "friday": "12–11 PM"
        },
        {
            "saturday": "12–11 PM"
        },
        {
            "sunday": "12–9 PM"
        },
        {
            "monday": "4–11 PM"
        }
    ],
    "Description": "Spacious, bi-level haunt offering updated American comfort food & drinks amid Michigan memorabilia.",
    "Details": [
        {
            "highlights": [
                "Fast service",
                "Sports"
            ]
        },
        {
            "popular_for": [
                "Lunch",
                "Dinner",
                "Solo dining"
            ]
        },
        {
            "accessibility": [
                "Wheelchair accessible entrance",
                "Wheelchair accessible parking lot",
                "Wheelchair accessible restroom",
                "Wheelchair accessible seating"
            ]
        },
        {
            "offerings": [
                "Alcohol",
                "Beer",
                "Cocktails",
                "Coffee",
                "Comfort food",
                "Happy hour drinks",
                "Happy hour food",
                "Hard liquor",
                "Late-night food",
                "Small plates",
                "Wine"
            ]
        },
        {
            "dining_options": [
                "Lunch",
                "Dinner",
                "Dessert",
                "Seating"
            ]
        },
        {
            "amenities": [
                "Bar onsite",
                "Restroom"
            ]
        },
        {
            "atmosphere": [
                "Casual",
                "Cozy",
                "Trendy"
            ]
        },
        {
            "crowd": [
                "College students",
                "Family-friendly",
                "Groups",
                "Tourists"
            ]
        },
        {
            "planning": [
                "Accepts reservations"
            ]
        },
        {
            "payments": [
                "Credit cards",
                "Debit cards",
                "NFC mobile payments"
            ]
        },
        {
            "children": [
                "Good for kids",
                "High chairs",
                "Kids' menu"
            ]
        },
        {
            "parking": [
                "Paid parking lot",
                "Paid street parking"
            ]
        },
        {
            "pets": [
                "Dogs allowed outside"
            ]
        }
    ],
    "User Reviews": {
        "summary": [
            {
                "snippet": "\"Good pretzels, veggie burger, fries and drinks, not bad price!!\""
            },
            {
                "snippet": "\"Good selection of salads and sandwiches along with a dinner menu and appetizers.\""
            },
            {
                "snippet": "\"Thoroughly enjoyed the food, outdoor setting and service.\""
            }
        ],
        "most_relevant": [
            {
                "username": "Gloria Li",
                "rating": 5,
                "contributor_id": "118073775695507193005",
                "description": "New date spot! My husband and I went on \"Treat Yourself Tuesday\" for honestly the best deal in Ann Arbor: a NY strip served with two sides, house or caesar salad, & dessert for $30! We were STUFFED and the food was amazing. Everyone here is super friendly and we were seated in one of the cozy booths. Our first kiss almost exactly 5 years ago was actually in the Down Bar which can get kind of wild late at night if you're into that (we are boring and old now so that's not really our vibe anymore).",
                "link": "https://www.google.com/maps/reviews/data=!4m8!14m7!1m6!2m5!1sChZDSUhNMG9nS0VJQ0FnSUQ3ZzlDYkdBEAE!2m1!1s0x0:0x67bb363600edd22b!3m1!1s2@1:CIHM0ogKEICAgID7g9CbGA%7CCgsIk6y4tgYQoM-BJA%7C?hl=en-US",
                "images": [
                    {
                        "thumbnail": "https://lh5.googleusercontent.com/p/AF1QipPtpH4yJZfJ3vHH0Sf0yVR5uC0oaMqrtWnRQ-ti=w150-h150-k-no-p"
                    },
                    {
                        "thumbnail": "https://lh5.googleusercontent.com/p/AF1QipM33UwGOXgEI6ZKvybR1f9AV68AN5YPnKCaw0lU=w150-h150-k-no-p"
                    }
                ],
                "date": "2 months ago"
            },
            {
                "username": "Laura Kuehnel",
                "rating": 5,
                "contributor_id": "116983516742386807837",
                "description": "We hosted an amazing 40th birthday party in the Pretzel Bell Captain's Room for 35 guests. We could not have been more pleased. Our bartender, Ella, was top-notch--incredibly friendly, attentive and efficient. The food was delicious and the bar selection was great. Thanks for a memorable night!",
                "link": "https://www.google.com/maps/reviews/data=!4m8!14m7!1m6!2m5!1sChZDSUhNMG9nS0VJQ0FnSUM3bjQzakpBEAE!2m1!1s0x0:0x67bb363600edd22b!3m1!1s2@1:CIHM0ogKEICAgIC7n43jJA%7CCgwIh7mNtgYQiIS81gM%7C?hl=en-US",
                "images": [
                    {
                        "thumbnail": "https://lh5.googleusercontent.com/p/AF1QipPEnKSPMvquZzUmcLP2DwzJacN4sTJYecaucmme=w150-h150-k-no-p"
                    }
                ],
                "date": "2 months ago"
            },
            {
                "username": "K R",
                "rating": 3,
                "contributor_id": "100633672462883311149",
                "description": "The hamburger is one of the best around. It was made to perfection with bacon, sauce and an egg. I added the sweet potato fries which were amazing. However the staff needs to get it together. Our waiter took a long time before even greeting us. Actually he took way longer to get around to doing anything. We had to ask for ketchup for our fries after to walked away.\nThe menu is limited, I would like to see more options.",
                "link": "https://www.google.com/maps/reviews/data=!4m8!14m7!1m6!2m5!1sChdDSUhNMG9nS0VJQ0FnSUNsN3BxQXVRRRAB!2m1!1s0x0:0x67bb363600edd22b!3m1!1s2@1:CIHM0ogKEICAgICl7pqAuQE%7CCgwIhKPlqgYQ-K77_AI%7C?hl=en-US",
                "images": [
                    {
                        "thumbnail": "https://lh5.googleusercontent.com/p/AF1QipNciJB8SVokaDvngkHvg3Cm6JMU5bzBFdw3YLeC=w150-h150-k-no-p"
                    },
                    {
                        "thumbnail": "https://lh5.googleusercontent.com/p/AF1QipMMxkpm4rslbwrzLnnHJJl5Wz-6glhW7CDDUUDi=w150-h150-k-no-p"
                    },
                    {
                        "thumbnail": "https://lh5.googleusercontent.com/p/AF1QipMCqYJyFTepli7oOq0C9WQP-jQZmU1kraiBhGdF=w150-h150-k-no-p"
                    },
                    {
                        "thumbnail": "https://lh5.googleusercontent.com/p/AF1QipOT5CGcNUGe429joGzhrt_yCHf91aPlbNGHH8kY=w150-h150-k-no-p"
                    },
                    {
                        "thumbnail": "https://lh5.googleusercontent.com/p/AF1QipPB4TmP917uktVduaDhJnxsXTOQXA9iyCp8sSpv=w150-h150-k-no-p"
                    },
                    {
                        "thumbnail": "https://lh5.googleusercontent.com/p/AF1QipMnmU7R2a8XC5Ey7TTseNDILeJm-OoMoasmK7jT=w150-h150-k-no-p"
                    },
                    {
                        "thumbnail": "https://lh5.googleusercontent.com/p/AF1QipNeUNJYTeJ0a0O6qrWXngjE-2wqDHMUdu6W_OUH=w150-h150-k-no-p"
                    },
                    {
                        "thumbnail": "https://lh5.googleusercontent.com/p/AF1QipPPUP_8gctKT_tjvy2ZFwoqiG6vRfXanerw81Xc=w150-h150-k-no-p"
                    },
                    {
                        "thumbnail": "https://lh5.googleusercontent.com/p/AF1QipMt_04fNO43yUgIL_7ttxcjBQ042FfuF6MDkTH7=w150-h150-k-no-p"
                    },
                    {
                        "thumbnail": "https://lh5.googleusercontent.com/p/AF1QipMjJodd1Qn4c5cHWs1gPxLrhrqzIaNDhESKHlTh=w150-h150-k-no-p"
                    },
                    {
                        "thumbnail": "https://lh5.googleusercontent.com/p/AF1QipOSGaLLX2eFelZ5jSQ_CgI0_wfJ5osf9N9Ez8QW=w150-h150-k-no-p"
                    },
                    {
                        "thumbnail": "https://lh5.googleusercontent.com/p/AF1QipMgP__r6vPn46OzOmMQm0KzJqktzqKrGD01bjQu=w150-h150-k-no-p"
                    },
                    {
                        "thumbnail": "https://lh5.googleusercontent.com/p/AF1QipM-i272u81p1__i5Rfpau0pKAWPIcNor-6dw2Sk=w150-h150-k-no-p"
                    },
                    {
                        "thumbnail": "https://lh5.googleusercontent.com/p/AF1QipPullnaEX0PesUYnKmBh1LtmglV06TxPkWUFrqI=w150-h150-k-no-p"
                    },
                    {
                        "thumbnail": "https://lh5.googleusercontent.com/p/AF1QipOEI8BKQu7ae0HyhXb6dhFjpYCcvAPExx-IB54o=w150-h150-k-no-p"
                    }
                ],
                "date": "11 months ago"
            },
            {
                "username": "Kathryn",
                "rating": 5,
                "contributor_id": "111223084433550088299",
                "description": "Just went here for a beer, so can't speak much. But I enjoyed the patio! It was fully shaded at 5pm on a summer evening, rare for Ann Arbor. Happy hour is 4-6, half off drafts, signature cocktails, and appetizers. Definitely on my list to go back for dinner to check out the food. I was meeting up with a friend who doesn't eat shellfish and this place had a ton on the menu. Another bummer is the lack of N/A non-alcoholic options. They had two N/A beers, but no N/A cocktails. It'd be nice if at least one of their signature cocktails had a N/A spirit like Dhos or Seedlip.",
                "link": "https://www.google.com/maps/reviews/data=!4m8!14m7!1m6!2m5!1sChdDSUhNMG9nS0VJQ0FnSURMdC1ERG9nRRAB!2m1!1s0x0:0x67bb363600edd22b!3m1!1s2@1:CIHM0ogKEICAgIDLt-DDogE%7CCgwI5fqNtAYQuPKe0gM%7C?hl=en-US",
                "images": [
                    {
                        "thumbnail": "https://lh5.googleusercontent.com/p/AF1QipP61Ftm-otIPVm6jVPzVX8O-hiAM_hUJJAnvvWE=w150-h150-k-no-p"
                    },
                    {
                        "thumbnail": "https://lh5.googleusercontent.com/p/AF1QipPS255ybfrepxDYsmHczShDitHsLL8s_orIOUiP=w150-h150-k-no-p"
                    }
                ],
                "date": "4 months ago"
            },
            {
                "username": "TCP",
                "rating": 4,
                "contributor_id": "107934342324691817633",
                "description": "Stopped in for lunch with a group for lunch outside. Great service - burgers and fries were great - the shrimp cocktail were huge and tasty only critique is they didn’t have fresh horseradish but their cocktail sauce is extremely tasty with a zing. Worth a try for sure.",
                "link": "https://www.google.com/maps/reviews/data=!4m8!14m7!1m6!2m5!1sChdDSUhNMG9nS0VJQ0FnSURIaUs3WnRBRRAB!2m1!1s0x0:0x67bb363600edd22b!3m1!1s2@1:CIHM0ogKEICAgIDHiK7ZtAE%7CCgwI7cyHtwYQoOCs8gE%7C?hl=en-US",
                "date": "2 months ago"
            },
            {
                "username": "Ashley Bommer",
                "rating": 5,
                "contributor_id": "107784276011491893760",
                "description": "Our server recommended amazing options. Cajun chicken pasta was amazing, the honey mustard pretzel croutons on the Cesar salad were a great touch, on the Totchose the tots were nice and crispy and the flavors popped! I tried the fruit punch which also was very good. Had went during happy hour so my drink was 50% off and I noticed they had theme nights on most days.",
                "link": "https://www.google.com/maps/reviews/data=!4m8!14m7!1m6!2m5!1sChdDSUhNMG9nS0VJQ0FnSURCMVpEdzF3RRAB!2m1!1s0x0:0x67bb363600edd22b!3m1!1s2@1:CIHM0ogKEICAgIDB1ZDw1wE%7CCgwI5oXCngYQ4ISiwQE%7C?hl=en-US",
                "images": [
                    {
                        "thumbnail": "https://lh5.googleusercontent.com/p/AF1QipNLhsrUlPpTtBK3zwfx_fmc1Nc_7WQysxKl_yIe=w150-h150-k-no-p"
                    },
                    {
                        "thumbnail": "https://lh5.googleusercontent.com/p/AF1QipNmn_-_j9yrKsl2uk1nCiF-T7NKI8SIUZri3XFo=w150-h150-k-no-p"
                    },
                    {
                        "thumbnail": "https://lh5.googleusercontent.com/p/AF1QipN2T3KjqWQNmYbJCYYh0s5VfUQxP9Qjhm-8m2Dt=w150-h150-k-no-p"
                    },
                    {
                        "thumbnail": "https://lh5.googleusercontent.com/p/AF1QipP99EQOqvxLooW5I2RXPHp3PzN9cKTZbbbtT3_H=w150-h150-k-no-p"
                    },
                    {
                        "thumbnail": "https://lh5.googleusercontent.com/p/AF1QipMJ6reoFHlpd4qfwDQ01zYCBCu3gtFS-cvJgUZw=w150-h150-k-no-p"
                    }
                ],
                "date": "a year ago"
            },
            {
                "username": "Gaurav Borgaonkar",
                "rating": 5,
                "contributor_id": "107496685530152879452",
                "description": "Perfect place for dinner in downtown Ann Arbor! The place is ideally located in the heart of downtown where you have the option to sit both indoor as well as outdoor. They have really good deep dish Detroit style pizzas on the menu and a fine collection of beers! The food and service both are very good! Strongly recommended!\nThey removed the Cauliflower starters from their menu which was a little letdown.",
                "link": "https://www.google.com/maps/reviews/data=!4m8!14m7!1m6!2m5!1sChdDSUhNMG9nS0VJQ0FnSUNxb3FlRnh3RRAB!2m1!1s0x0:0x67bb363600edd22b!3m1!1s2@1:CIHM0ogKEICAgICqoqeFxwE%7CCgsI6Nq5ogYQgNCtcw%7C?hl=en-US",
                "images": [
                    {
                        "thumbnail": "https://lh5.googleusercontent.com/p/AF1QipOg6vk8rWrTh9SuPeh39MldAriWNpiKDi-Kbudr=w150-h150-k-no-p"
                    },
                    {
                        "thumbnail": "https://lh5.googleusercontent.com/p/AF1QipMjPigZYQiWe73DYfYKzU8ykAy30wG3kyxoWkxs=w150-h150-k-no-p"
                    },
                    {
                        "thumbnail": "https://lh5.googleusercontent.com/p/AF1QipNyc4tA70bzt2hSyfpPbBY5CUt6PAE521eyJCcf=w150-h150-k-no-p"
                    },
                    {
                        "thumbnail": "https://lh5.googleusercontent.com/p/AF1QipOObv4lVRVuXWDsq4uYM50keq1z37fN_oa3Wvd6=w150-h150-k-no-p"
                    },
                    {
                        "thumbnail": "https://lh5.googleusercontent.com/p/AF1QipPUJD5O_JgetYa5DfOeBu1Czz3QVzfTZIEcWgY2=w150-h150-k-no-p"
                    },
                    {
                        "thumbnail": "https://lh5.googleusercontent.com/p/AF1QipOMqtkJ-0w84vlznkc_YWsvJp0uGwEYsV6C_h_d=w150-h150-k-no-p"
                    },
                    {
                        "thumbnail": "https://lh5.googleusercontent.com/p/AF1QipPcZmpGVGQ1WFjYPvOw8Oasoz5Af6dpDiCbUryl=w150-h150-k-no-p"
                    },
                    {
                        "thumbnail": "https://lh5.googleusercontent.com/p/AF1QipPb0AK8Q_v7JlRUR41mYUNUwA875Y_7KxtTNA9f=w150-h150-k-no-p"
                    },
                    {
                        "thumbnail": "https://lh5.googleusercontent.com/p/AF1QipMd_n_pgwISoTcmJfkecxm22aUoTk9IG6CzooEI=w150-h150-k-no-p"
                    }
                ],
                "date": "a year ago"
            },
            {
                "username": "Cody Weikel",
                "rating": 5,
                "contributor_id": "115716008739264853760",
                "description": "The Pretzel Bar offers a really cool old time swanky feel. They have tables, secluded booths, and high tops. The food is pretty good. Portions run on the smaller side, but we just got a few appetizers to share. Their drink menu has a lot to offer and they have a full bar so you can still order your favorites",
                "link": "https://www.google.com/maps/reviews/data=!4m8!14m7!1m6!2m5!1sChdDSUhNMG9nS0VJQ0FnSURCaGREajBRRRAB!2m1!1s0x0:0x67bb363600edd22b!3m1!1s2@1:CIHM0ogKEICAgIDBhdDj0QE%7CCgsI5tS9ngYQ-My-Fg%7C?hl=en-US",
                "images": [
                    {
                        "thumbnail": "https://lh5.googleusercontent.com/p/AF1QipNM9Rod8Q-5ka4hCDbdEMgXbawFZdqjhPvQZz0K=w150-h150-k-no-p"
                    },
                    {
                        "thumbnail": "https://lh5.googleusercontent.com/p/AF1QipOSezDk_PO5YI-9QbaUSuhZtkMbGZIj83i1myNN=w150-h150-k-no-p"
                    },
                    {
                        "thumbnail": "https://lh5.googleusercontent.com/p/AF1QipOIpda610O65bX9PmT1C66OA4ORi8bJVB09K2Xl=w150-h150-k-no-p"
                    },
                    {
                        "thumbnail": "https://lh5.googleusercontent.com/p/AF1QipNAWbDc5_RV-NsKwX9WCWhZ5xsx0lU2U-g78KSh=w150-h150-k-no-p"
                    },
                    {
                        "thumbnail": "https://lh5.googleusercontent.com/p/AF1QipMWk9zhrDr9JpfKpLaL2MNRjWUY-Sjl9hWf-RJ4=w150-h150-k-no-p"
                    },
                    {
                        "thumbnail": "https://lh5.googleusercontent.com/p/AF1QipMIGNKWoHU7_LDtkXxPMH6bOID_nLA9h_yZ8sGZ=w150-h150-k-no-p"
                    },
                    {
                        "thumbnail": "https://lh5.googleusercontent.com/p/AF1QipPL8BndAmUdvucqJ-GEtL3FYmv-b_rlSWJEkG5K=w150-h150-k-no-p"
                    },
                    {
                        "thumbnail": "https://lh5.googleusercontent.com/p/AF1QipPbUSANKptcXbYj_Z4PEdzTpnn6YmcMPMbCtHDf=w150-h150-k-no-p"
                    }
                ],
                "date": "a year ago"
            }
        ]
    },
    "Services": {
        "dine_in": true,
        "curbside_pickup": true,
        "delivery": true
    }
}