{
    "Title": "The Jefferson Market",
    "Price": [],
    "Place ID": "ChIJ2W9jUSSuPIgR8N6HkShQrTc",
    "Type ID": [],
    "Type": [
        "Restaurant",
        "Breakfast restaurant",
        "Brunch restaurant",
        "Lunch restaurant"
    ],
    "Address": "609 W Jefferson St, Ann Arbor, MI 48103",
    "GPS Coordinates": {
        "latitude": 42.2758501,
        "longitude": -83.7553346
    },
    "Phone Number": "(734) 665-6666",
    "Rating": 4.7,
    "Rating Summary": [
        {
            "stars": 1,
            "amount": 8
        },
        {
            "stars": 2,
            "amount": 6
        },
        {
            "stars": 3,
            "amount": 10
        },
        {
            "stars": 4,
            "amount": 36
        },
        {
            "stars": 5,
            "amount": 336
        }
    ],
    "Opening Hours": [
        {
            "tuesday": "Closed"
        },
        {
            "wednesday": "8 AM–2 PM"
        },
        {
            "thursday": "8 AM–2 PM"
        },
        {
            "friday": "8 AM–2 PM"
        },
        {
            "saturday": "8 AM–2 PM"
        },
        {
            "sunday": "8 AM–2 PM"
        },
        {
            "monday": "Closed"
        }
    ],
    "Description": "Neighborhood restaurant with a diner vibe & an outdoor area serving all-day breakfast & lunch.",
    "Details": [
        {
            "highlights": [
                "Great coffee",
                "Great tea selection"
            ]
        },
        {
            "popular_for": [
                "Breakfast",
                "Lunch",
                "Solo dining"
            ]
        },
        {
            "offerings": [
                "Coffee",
                "Comfort food",
                "Healthy options",
                "Quick bite",
                "Vegan options",
                "Vegetarian options"
            ]
        },
        {
            "dining_options": [
                "Breakfast",
                "Brunch",
                "Lunch",
                "Counter service",
                "Dessert",
                "Seating"
            ]
        },
        {
            "amenities": [
                "Restroom"
            ]
        },
        {
            "atmosphere": [
                "Casual",
                "Cozy",
                "Historic",
                "Trendy"
            ]
        },
        {
            "crowd": [
                "Family-friendly",
                "LGBTQ+ friendly",
                "Transgender safespace"
            ]
        },
        {
            "payments": [
                "Credit cards",
                "Debit cards",
                "NFC mobile payments"
            ]
        },
        {
            "children": [
                "Good for kids",
                "High chairs"
            ]
        },
        {
            "parking": [
                "Free street parking"
            ]
        }
    ],
    "User Reviews": {
        "summary": [
            {
                "snippet": "\"Eggs, bacon, muffins, home fries, biscuits, corned beef hash - all delectable.\""
            },
            {
                "snippet": "\"The folks that run the place are great and provide excellent service.\""
            },
            {
                "snippet": "\"Quirky little place with delicious entrees and tasty baked goods.\""
            }
        ],
        "most_relevant": [
            {
                "username": "JG",
                "rating": 5,
                "contributor_id": "116639194565376675935",
                "description": "What a cool place! Middle of the block across from the elementary school we almost missed it.\n\nGreat breakfast for 3!  Avocado toast on amazing bread with olive oil. Eggs cooked perfectly with fresh biscuits and homemade sausage. We loved the strong coffee (and we’re picky). Super friendly service.\n\nBit loud - would benefit from some acoustic materials.\n\nBaked goods looked great.",
                "link": "https://www.google.com/maps/reviews/data=!4m8!14m7!1m6!2m5!1sChZDSUhNMG9nS0VJQ0FnSUQ3MUx5eEpBEAE!2m1!1s0x0:0x37ad50289187def0!3m1!1s2@1:CIHM0ogKEICAgID71LyxJA%7CCgwI092YtgYQgIvQ7AE%7C?hl=en-US",
                "images": [
                    {
                        "thumbnail": "https://lh5.googleusercontent.com/p/AF1QipNqe3pIZv1ISjZp2w73eo2sFy8C0aVQjF6JAfFc=w150-h150-k-no-p"
                    },
                    {
                        "thumbnail": "https://lh5.googleusercontent.com/p/AF1QipNDpxlCFya4oOZiV2A9d3w5GRcjv5BTNebM6ZSZ=w150-h150-k-no-p"
                    },
                    {
                        "thumbnail": "https://lh5.googleusercontent.com/p/AF1QipPl_SP7RlLL_K2W3QDGb6zd1bHkZHsT5IVDG9eX=w150-h150-k-no-p"
                    },
                    {
                        "thumbnail": "https://lh5.googleusercontent.com/p/AF1QipPGUVkW_QCeunHevEvF5ZYoRMHVkW2echMho5JE=w150-h150-k-no-p"
                    }
                ],
                "date": "2 months ago"
            },
            {
                "username": "Lanie Alyssa",
                "rating": 5,
                "contributor_id": "106947732910566870405",
                "description": "Holy smokes, was this a cool joint! Great sausage and lattes. I got the egg and cheese biscuit and adding sausage was the way to go. The outside seating is quaint in a cute little garden area out back - like having breakfast in a friend's backyard! We showed up just in time because after we got thru the line, the place exploded with customers, and it is clear from the tasty food and cool atmosphere why!",
                "link": "https://www.google.com/maps/reviews/data=!4m8!14m7!1m6!2m5!1sChdDSUhNMG9nS0VJQ0FnSUNicV9tRzNnRRAB!2m1!1s0x0:0x37ad50289187def0!3m1!1s2@1:CIHM0ogKEICAgICbq_mG3gE%7CCgwIk5GhtQYQyNCjwQM%7C?hl=en-US",
                "images": [
                    {
                        "thumbnail": "https://lh5.googleusercontent.com/p/AF1QipPaPi0P5qgKGnsiEh7u9vGRr6Ghl1ECKdgO_X8y=w150-h150-k-no-p"
                    },
                    {
                        "thumbnail": "https://lh5.googleusercontent.com/p/AF1QipOwoGY6arCGIXVX8nUo_IIHEZvroHFbl4Q4AeS3=w150-h150-k-no-p"
                    },
                    {
                        "thumbnail": "https://lh5.googleusercontent.com/p/AF1QipO6aWUqTSq4q3G0-Y6F9JBZZgk9esHlrdcArSIY=w150-h150-k-no-p"
                    },
                    {
                        "thumbnail": "https://lh5.googleusercontent.com/p/AF1QipPcQGiNMgEYupUrZ1IMnwLJoMIR90F7mTrrHL6W=w150-h150-k-no-p"
                    }
                ],
                "date": "3 months ago"
            },
            {
                "username": "Haroon Sher",
                "rating": 5,
                "contributor_id": "100621364016638863183",
                "description": "Amazing breakfast cafe near University food was amazing and antiques in the Resturant brought back so many memories.",
                "link": "https://www.google.com/maps/reviews/data=!4m8!14m7!1m6!2m5!1sChZDSUhNMG9nS0VJQ0FnSURYcTQ2V2ZnEAE!2m1!1s0x0:0x37ad50289187def0!3m1!1s2@1:CIHM0ogKEICAgIDXq46Wfg%7CCgwI1rCMuQYQ4O-w5QI%7C?hl=en-US",
                "images": [
                    {
                        "thumbnail": "https://lh5.googleusercontent.com/p/AF1QipOz17tDhmeDeiBFJ5hHcAV4TCoV9CPf4FQWZbvF=w150-h150-k-no-p"
                    },
                    {
                        "thumbnail": "https://lh5.googleusercontent.com/p/AF1QipMvhmW9n0hpMcYpCkX1DZVrEe1If-sjSA_xzg3p=w150-h150-k-no-p"
                    },
                    {
                        "thumbnail": "https://lh5.googleusercontent.com/p/AF1QipM1aA-ulshR_0u4DHHGxoxZ2NPKVUrLO_yTqC-w=w150-h150-k-no-p"
                    },
                    {
                        "thumbnail": "https://lh5.googleusercontent.com/p/AF1QipM49l_iD1H5QhERzeQoD3xDlo-M07Z-cNqkpbcP=w150-h150-k-no-p"
                    },
                    {
                        "thumbnail": "https://lh5.googleusercontent.com/p/AF1QipOmrasXWLKoEj5mxU7nWriEjGMscJYkhWvqqFN0=w150-h150-k-no-p"
                    },
                    {
                        "thumbnail": "https://lh5.googleusercontent.com/p/AF1QipOe1R0eofjZpg49vD-EL8EKVzzhbs32XhaEyop5=w150-h150-k-no-p"
                    },
                    {
                        "thumbnail": "https://lh5.googleusercontent.com/p/AF1QipMZzBFunobm551Me9ngRtoqemRpOmCvaoquVUVk=w150-h150-k-no-p"
                    },
                    {
                        "thumbnail": "https://lh5.googleusercontent.com/p/AF1QipMKqqCHnzdBJOAqMw2xXc_7TUYKr1ufVdrHab2t=w150-h150-k-no-p"
                    },
                    {
                        "thumbnail": "https://lh5.googleusercontent.com/p/AF1QipPYDL9XUNz6sJnR7JteZe1OUirwXIV9ITmdWl9c=w150-h150-k-no-p"
                    },
                    {
                        "thumbnail": "https://lh5.googleusercontent.com/p/AF1QipNTLVqPcOd2-3_Qo_25uywSc_vfWNqxIma0x3w0=w150-h150-k-no-p"
                    }
                ],
                "date": "a week ago"
            },
            {
                "username": "william monette",
                "rating": 5,
                "contributor_id": "117444776041521730027",
                "description": "This is a cool little breakfast and lunch spot. Corned beef hash and biscuits n gravy were good, and so was the service.",
                "link": "https://www.google.com/maps/reviews/data=!4m8!14m7!1m6!2m5!1sChdDSUhNMG9nS0VJQ0FnSURuN0lMSTRBRRAB!2m1!1s0x0:0x37ad50289187def0!3m1!1s2@1:CIHM0ogKEICAgIDn7ILI4AE%7CCgwIwOH8twYQoPTKygE%7C?hl=en-US",
                "images": [
                    {
                        "thumbnail": "https://lh5.googleusercontent.com/p/AF1QipPS0PN_uOeTQ17i3WMfa_z6cANhe9Sh79Wkf7pD=w150-h150-k-no-p"
                    },
                    {
                        "thumbnail": "https://lh5.googleusercontent.com/p/AF1QipM2EHJDnFAUBl0PoQtVmOXHEP0sI-L3nkTZ68MZ=w150-h150-k-no-p"
                    },
                    {
                        "thumbnail": "https://lh5.googleusercontent.com/p/AF1QipNSE8fsgE9UV347YdfIPN-Md_cy4kuUcc-4v3yU=w150-h150-k-no-p"
                    },
                    {
                        "thumbnail": "https://lh5.googleusercontent.com/p/AF1QipOdfZLZZoBU4wo8HQRaKhzi008gCY1QAfi5CO_O=w150-h150-k-no-p"
                    },
                    {
                        "thumbnail": "https://lh5.googleusercontent.com/p/AF1QipPzszmww1bfsoyA6iprNmfw12U-XCFZLfSLF-Gv=w150-h150-k-no-p"
                    },
                    {
                        "thumbnail": "https://lh5.googleusercontent.com/p/AF1QipMH5EJfVsSq8foKzJsyBvOGX0bwKSInnDd92Plt=w150-h150-k-no-p"
                    }
                ],
                "date": "a month ago"
            },
            {
                "username": "Anthony Smith",
                "rating": 5,
                "contributor_id": "107611251719035759424",
                "description": "This is the epitome of a local hole-in-the-wall gem. Over numerous visits the past few years, I don't think I have even been disappointed. I can endorse nearly the full menu, but you can't go wrong with the simple breakfast if you opt for the ginger sage sausage (a ton of flavor)!",
                "link": "https://www.google.com/maps/reviews/data=!4m8!14m7!1m6!2m5!1sChZDSUhNMG9nS0VJQ0FnSUMza01Xb0hnEAE!2m1!1s0x0:0x37ad50289187def0!3m1!1s2@1:CIHM0ogKEICAgIC3kMWoHg%7CCgwIiNGVuQYQsM3E1gI%7C?hl=en-US",
                "date": "a week ago"
            },
            {
                "username": "Alma Perez",
                "rating": 5,
                "contributor_id": "102969315702863972201",
                "description": "Thank you, it was my sons birthday and I took him to breakfast at this small little market.\nI want to say just a couple on things, I love the food, I loved the coffee and the service was exceptional. It was a bit too crowded but what can you expect! it was surely a good place to take your family.  Good Job! Please keep up the good work.",
                "link": "https://www.google.com/maps/reviews/data=!4m8!14m7!1m6!2m5!1sChZDSUhNMG9nS0VJQ0FnSURIbWV2R1lREAE!2m1!1s0x0:0x37ad50289187def0!3m1!1s2@1:CIHM0ogKEICAgIDHmevGYQ%7CCgwIkqentwYQ4IOK1AI%7C?hl=en-US",
                "date": "a month ago"
            },
            {
                "username": "J. VWC",
                "rating": 5,
                "contributor_id": "105587954419739354719",
                "description": "Loved every detail of this neighbourhood restaurant. The food was amazing. The atmosphere was cozy and inviting. The staff was so friendly. I would want to be a regular here! We had the traditional breakfast and an amazing chicken salad sandwich. The fries and home fries were 🤍🤍.",
                "link": "https://www.google.com/maps/reviews/data=!4m8!14m7!1m6!2m5!1sChZDSUhNMG9nS0VJQ0FnSURubWFMVmFBEAE!2m1!1s0x0:0x37ad50289187def0!3m1!1s2@1:CIHM0ogKEICAgIDnmaLVaA%7CCgwIlqyPuAYQuKiT1gE%7C?hl=en-US",
                "date": "a month ago"
            },
            {
                "username": "Lauren Grossman",
                "rating": 5,
                "contributor_id": "104393721290293334675",
                "description": "We had breakfast on the back patio and it was the perfect spot to spend a morning, even on a hot day. The \"simple breakfast\" was very tasty!",
                "link": "https://www.google.com/maps/reviews/data=!4m8!14m7!1m6!2m5!1sChdDSUhNMG9nS0VJQ0FnSUNMdzVxbHFRRRAB!2m1!1s0x0:0x37ad50289187def0!3m1!1s2@1:CIHM0ogKEICAgICLw5qlqQE%7CCgwIqfPbswYQ4IbjtgI%7C?hl=en-US",
                "images": [
                    {
                        "thumbnail": "https://lh5.googleusercontent.com/p/AF1QipOErlpqEvzDEYEvCzDOVmjXg3xRDv4Ot9DFNOS5=w150-h150-k-no-p"
                    }
                ],
                "date": "4 months ago"
            }
        ]
    },
    "Services": {
        "dine_in": true,
        "takeout": true,
        "delivery": false
    }
}