{
    "Title": "Tian Chu Restaurant",
    "Price": "$$",
    "Place ID": "ChIJfaMiVz-uPIgROC17d3AMPQc",
    "Type ID": [],
    "Type": [
        "Restaurant",
        "Asian fusion restaurant",
        "Asian restaurant"
    ],
    "Address": "613 E William St, Ann Arbor, MI 48104",
    "GPS Coordinates": {
        "latitude": 42.2779564,
        "longitude": -83.7412653
    },
    "Phone Number": "(734) 769-1368",
    "Rating": 3.1,
    "Rating Summary": [
        {
            "stars": 1,
            "amount": 68
        },
        {
            "stars": 2,
            "amount": 11
        },
        {
            "stars": 3,
            "amount": 22
        },
        {
            "stars": 4,
            "amount": 23
        },
        {
            "stars": 5,
            "amount": 76
        }
    ],
    "Opening Hours": [
        {
            "tuesday": "11 AM–9 PM"
        },
        {
            "wednesday": "11 AM–9 PM"
        },
        {
            "thursday": "11 AM–9 PM"
        },
        {
            "friday": "11 AM–9 PM"
        },
        {
            "saturday": "11 AM–9 PM"
        },
        {
            "sunday": "11 AM–9 PM"
        },
        {
            "monday": "11 AM–9 PM"
        }
    ],
    "Description": "Unfussy eatery offering eclectic Asian eats, from dim sum and Sichuan staples to Korean bibimbop.",
    "Details": [
        {
            "popular_for": [
                "Lunch",
                "Dinner",
                "Solo dining"
            ]
        },
        {
            "accessibility": [
                "Wheelchair accessible entrance",
                "Wheelchair accessible parking lot",
                "Wheelchair accessible restroom"
            ]
        },
        {
            "offerings": [
                "Comfort food",
                "Small plates",
                "Vegetarian options"
            ]
        },
        {
            "dining_options": [
                "Lunch",
                "Dinner",
                "Dessert"
            ]
        },
        {
            "amenities": [
                "Restroom"
            ]
        },
        {
            "atmosphere": [
                "Casual"
            ]
        },
        {
            "crowd": [
                "College students"
            ]
        },
        {
            "planning": [
                "Accepts reservations"
            ]
        },
        {
            "payments": [
                "Credit cards",
                "Debit cards",
                "NFC mobile payments"
            ]
        },
        {
            "children": [
                "Good for kids"
            ]
        }
    ],
    "User Reviews": {
        "summary": [
            {
                "snippet": "\"Tripe, Hainan chicken, pork belly, dim sum, AND a Korean menu--it's got it all.\""
            },
            {
                "snippet": "\"We waited 30 mins but no food was served (no explanation as well).\""
            },
            {
                "snippet": "\"Huge selection of veggies, noodles, mushrooms, etc.\""
            }
        ],
        "most_relevant": [
            {
                "username": "Stephanie Huerta",
                "rating": 5,
                "contributor_id": "113507345576627711309",
                "description": "Food is AWESOME!!!\nPerfect for people who likes flavour in their food.\n\nMy husband's \"braised pork clear noodle\" and my \"spicy chicken\" definitely surpassed our expectations by A LOT.\n\n⚠️ Warning: the chicken pieces still have bones, so be careful. Otherwise, it's perfect! ❤️",
                "link": "https://www.google.com/maps/reviews/data=!4m8!14m7!1m6!2m5!1sChdDSUhNMG9nS0VJQ0FnSUNaODlhbjR3RRAB!2m1!1s0x0:0x73d0c70777b2d38!3m1!1s2@1:CIHM0ogKEICAgICZ89an4wE%7CCgwIl8-dqAYQwPz2qgM%7C?hl=en-US",
                "images": [
                    {
                        "thumbnail": "https://lh5.googleusercontent.com/p/AF1QipN4rCr8W_wNOynJNbcV9kLHc5DHr9r6SssRB5TV=w150-h150-k-no-p"
                    }
                ],
                "date": "a year ago"
            },
            {
                "username": "Happy Kamakura",
                "rating": 4,
                "contributor_id": "102918147032974350746",
                "description": "It’s proper North-Eastern Chinese food cooked by your family. I order 小鸡炖蘑菇 and 孜然牛肉. They taste authentic and flavored, but I am a bit concerned that the chefs and owners did not wear their masks all the time. The inside is kinda old and small.",
                "link": "https://www.google.com/maps/reviews/data=!4m8!14m7!1m6!2m5!1sChZDSUhNMG9nS0VJQ0FnSUNXNVBYWVp3EAE!2m1!1s0x0:0x73d0c70777b2d38!3m1!1s2@1:CIHM0ogKEICAgICW5PXYZw%7CCgwIpdK_kAYQ4Jb5nAM%7C?hl=en-US",
                "images": [
                    {
                        "thumbnail": "https://lh5.googleusercontent.com/p/AF1QipNVZLUKiIbXFt89Ye6iyLVrR8DsMS7cRNKDRIWO=w150-h150-k-no-p"
                    },
                    {
                        "thumbnail": "https://lh5.googleusercontent.com/p/AF1QipObG6uMqAaXzGXSJHRr6T-on7xiI3CcCL0I9aUd=w150-h150-k-no-p"
                    }
                ],
                "date": "2 years ago"
            },
            {
                "username": "Elizabeth Siegel",
                "rating": 4,
                "contributor_id": "115189900154328740159",
                "description": "Delicious and fresh tasting food. Very personable staff with an eagerness to help with the ordering. Small, clean restaurant with photos of some of the most popular menu items on the walls. Generous portions, not fancy with garnishes and extra flourishes. Home cooking  at its best. If you like bland food, skip this place; herbs and spices are used liberally.",
                "link": "https://www.google.com/maps/reviews/data=!4m8!14m7!1m6!2m5!1sChdDSUhNMG9nS0VJQ0FnSUNZbDl2Vnp3RRAB!2m1!1s0x0:0x73d0c70777b2d38!3m1!1s2@1:CIHM0ogKEICAgICYl9vVzwE%7CCgwIwt785QUQqKzJqgI%7C?hl=en-US",
                "images": [
                    {
                        "thumbnail": "https://lh5.googleusercontent.com/p/AF1QipOQRaOdS4-firfDheDdviA-mgkW_T7y9ik53lIp=w150-h150-k-no-p"
                    },
                    {
                        "thumbnail": "https://lh5.googleusercontent.com/p/AF1QipMMQawrk6PyzJnUu0anmxchfoMKlHScWTpKrL8H=w150-h150-k-no-p"
                    },
                    {
                        "thumbnail": "https://lh5.googleusercontent.com/p/AF1QipMRiZDC3K3H-AaI3bTXPfeZw2nb8vVkUJFVzHTI=w150-h150-k-no-p"
                    }
                ],
                "date": "5 years ago"
            },
            {
                "username": "Sunny Wang",
                "rating": 4,
                "contributor_id": "111214364054980216832",
                "description": "The food was some of the most authentic Chinese food in all of Ann Arbor. Delicious. Just wish it was a little cheaper. Prices are most definitely the way they are due to lack of business. The service was a little slow considering we were one of the only people there. The menu was atrociously organized. Would definitely come back, but the restaurant as a whole definitely needs a revamp to keep up with the area. More staff and better atmosphere can definitely shoot this place up to one of the best Chinese restaurants on campus.",
                "link": "https://www.google.com/maps/reviews/data=!4m8!14m7!1m6!2m5!1sChZDSUhNMG9nS0VJQ0FnSURaNnY2VlNBEAE!2m1!1s0x0:0x73d0c70777b2d38!3m1!1s2@1:CIHM0ogKEICAgIDZ6v6VSA%7CCgwIh7TXqAYQ0KibhwM%7C?hl=en-US",
                "date": "a year ago"
            },
            {
                "username": "Christopher Read",
                "rating": 1,
                "contributor_id": "101878838429030301964",
                "description": "I ordered Taiwanese Sausage Fried rice, and it is an understatement to say that I am disappointed. The rice was not even fried? Looks like regular steamed rice, maybe not even washed? I added a photo of a bag of frozen cubed carrots and peas as a comparison of what is in my “fried” rice because I am pretty sure this is exactly what went into my “Taiwanese sausage fried rice” the biggest piece of egg I’ve eaten in this dish was smaller than the hair on my toes. The main selling point of this dish is supposed to be the fancy sounding Taiwanese sausage, however, this is definitely a regular a*s hotdog was maybe toasted in an air fryer in my college dorm. This is the poorest representation of a fried rice dish I have ever seen, and even I could make a more authentic fried rice dish in my run down college house with a budget of 10 dollars. Never come here for your own sanity.",
                "link": "https://www.google.com/maps/reviews/data=!4m8!14m7!1m6!2m5!1sChZDSUhNMG9nS0VJQ0FnSUQ2a3ZHUkR3EAE!2m1!1s0x0:0x73d0c70777b2d38!3m1!1s2@1:CIHM0ogKEICAgID6kvGRDw%7CCgsItue5igYQyNScPg%7C?hl=en-US",
                "images": [
                    {
                        "thumbnail": "https://lh5.googleusercontent.com/p/AF1QipN1D46Bs61oLwevcs2uqtggQDGAEMh-uZJf3UyG=w150-h150-k-no-p"
                    }
                ],
                "date": "3 years ago"
            },
            {
                "username": "Ashley Burkett",
                "rating": 5,
                "contributor_id": "112131555016638145029",
                "description": "Best tasting food!!!! Try the Cold Noodles especially on a hot day! They are sweet and savory and a perfect summer meal!",
                "link": "https://www.google.com/maps/reviews/data=!4m8!14m7!1m6!2m5!1sChZDSUhNMG9nS0VJQ0FnSUNMcHZYbk5BEAE!2m1!1s0x0:0x73d0c70777b2d38!3m1!1s2@1:CIHM0ogKEICAgICLpvXnNA%7CCgwI-4zHswYQoJ3BqgI%7C?hl=en-US",
                "date": "4 months ago"
            },
            {
                "username": "Avram Liebowitz",
                "rating": 5,
                "contributor_id": "111350985183849275658",
                "description": "The red bean milk tea is sweet and delicious, I will be going back for more!  The Bibimbap is fantastic, I will be back for more of this as well!  The food is really good here and there was no wait for a table, this is one of my favorite Asian restaurants on down town Ann Arbor, I highly recommend checking this place out if you're hungry, I felt like I had plenty of great tasting food.  This restaurant is set up in likeness to a casual Asian diner and I think Tianchu is locally owned and operated, taste apart of Ann Arbor!",
                "link": "https://www.google.com/maps/reviews/data=!4m8!14m7!1m6!2m5!1sChdDSUhNMG9nS0VJQ0FnSURZNE4zVndBRRAB!2m1!1s0x0:0x73d0c70777b2d38!3m1!1s2@1:CIHM0ogKEICAgIDY4N3VwAE%7CCgwIv8mK5gUQpq3_vwI%7C?hl=en-US",
                "images": [
                    {
                        "thumbnail": "https://lh5.googleusercontent.com/p/AF1QipMfMbNxWL7soAKbeTHKU28V0QDW0WR8Bn2CyK2P=w150-h150-k-no-p"
                    }
                ],
                "date": "5 years ago"
            },
            {
                "username": "Lexie Koay Eblaghie",
                "rating": 5,
                "contributor_id": "100969197798155499427",
                "description": "The food is very authentic and delicious. It’s a haven for Asian-Americans to get good food from their home countries.",
                "link": "https://www.google.com/maps/reviews/data=!4m8!14m7!1m6!2m5!1sChZDSUhNMG9nS0VJQ0FnSUNSdllDTVlBEAE!2m1!1s0x0:0x73d0c70777b2d38!3m1!1s2@1:CIHM0ogKEICAgICRvYCMYA%7CCgwIuevGoQYQ2PCohQE%7C?hl=en-US",
                "images": [
                    {
                        "thumbnail": "https://lh5.googleusercontent.com/p/AF1QipP0bjSTURZRNKzHxNAb_Df6GudkHGklu_Ile-k4=w150-h150-k-no-p"
                    }
                ],
                "date": "a year ago"
            }
        ]
    },
    "Services": {
        "dine_in": true,
        "takeout": true,
        "no_contact_delivery": true
    }
}