{
    "Title": "TK WU Ann Arbor",
    "Price": [],
    "Place ID": "ChIJm1d7DT-uPIgRI7Y-DwGNfuc",
    "Type ID": [],
    "Type": [
        "Chinese restaurant",
        "Asian restaurant",
        "Restaurant"
    ],
    "Address": "510 E Liberty St, Ann Arbor, MI 48104",
    "GPS Coordinates": {
        "latitude": 42.279244999999996,
        "longitude": -83.742572
    },
    "Phone Number": "(734) 747-6662",
    "Rating": 4.1,
    "Rating Summary": [
        {
            "stars": 1,
            "amount": 51
        },
        {
            "stars": 2,
            "amount": 27
        },
        {
            "stars": 3,
            "amount": 59
        },
        {
            "stars": 4,
            "amount": 117
        },
        {
            "stars": 5,
            "amount": 340
        }
    ],
    "Opening Hours": [
        {
            "tuesday": "Closed"
        },
        {
            "wednesday": "11:30 AM–10 PM"
        },
        {
            "thursday": "11:30 AM–10 PM"
        },
        {
            "friday": "11:30 AM–10:30 PM"
        },
        {
            "saturday": "11:30 AM–10:30 PM"
        },
        {
            "sunday": "11:30 AM–10 PM"
        },
        {
            "monday": "11:30 AM–10 PM"
        }
    ],
    "Description": "Chinese kitchen with take-out options serving classic dishes in modest, wood-lined surrounds.",
    "Details": [
        {
            "from_the_business": [
                "Identifies as Asian-owned",
                "Identifies as women-owned"
            ]
        },
        {
            "highlights": [
                "Great tea selection"
            ]
        },
        {
            "popular_for": [
                "Lunch",
                "Dinner",
                "Solo dining"
            ]
        },
        {
            "accessibility": [
                "Wheelchair accessible entrance",
                "Wheelchair accessible parking lot",
                "Wheelchair accessible restroom",
                "Wheelchair accessible seating"
            ]
        },
        {
            "offerings": [
                "Comfort food",
                "Quick bite",
                "Vegetarian options"
            ]
        },
        {
            "dining_options": [
                "Lunch",
                "Dinner",
                "Dessert",
                "Seating"
            ]
        },
        {
            "amenities": [
                "Restroom"
            ]
        },
        {
            "atmosphere": [
                "Casual"
            ]
        },
        {
            "crowd": [
                "College students",
                "Groups",
                "Tourists"
            ]
        },
        {
            "payments": [
                "Credit cards",
                "Debit cards",
                "NFC mobile payments"
            ]
        },
        {
            "children": [
                "Good for kids",
                "High chairs"
            ]
        },
        {
            "parking": [
                "Free street parking",
                "Paid parking garage",
                "Paid parking lot",
                "Paid street parking",
                "Somewhat difficult to find a space"
            ]
        }
    ],
    "User Reviews": {
        "summary": [
            {
                "snippet": "\"Great chef, owner, staff, portions, prices, and flavors.\""
            },
            {
                "snippet": "\"We ordered a beef bowl, tk wu pork special, and roasted duck with rice.\""
            },
            {
                "snippet": "\"We absolutely love the food, service and company.\""
            }
        ],
        "most_relevant": [
            {
                "username": "Jin-hyuk Yu",
                "rating": 5,
                "contributor_id": "100176217665148413003",
                "description": "Authentic chinese restaurant recognized and accepted by my Chinese friends who came from Szechuan and Wuhan.\nTried Mapo tofu, TK Wu special tofu, double cooked pork and duck. All were great, especially double cooked pork and Special Tofu.",
                "link": "https://www.google.com/maps/reviews/data=!4m8!14m7!1m6!2m5!1sChdDSUhNMG9nS0VJQ0FnSUM3bDZYc213RRAB!2m1!1s0x0:0xe77e8d010f3eb623!3m1!1s2@1:CIHM0ogKEICAgIC7l6XsmwE%7CCgsIvMeJtgYQkN_3Dg%7C?hl=en-US",
                "images": [
                    {
                        "thumbnail": "https://lh5.googleusercontent.com/p/AF1QipNiSV3jDepAWVT-9YN74Zmaoo4eQG3Go7FxYW5Y=w150-h150-k-no-p"
                    },
                    {
                        "thumbnail": "https://lh5.googleusercontent.com/p/AF1QipORIZcRnaXRng4bPM--DNpwO-iFePpAw46a0feL=w150-h150-k-no-p"
                    },
                    {
                        "thumbnail": "https://lh5.googleusercontent.com/p/AF1QipMkH_yaIzzZhEnZO5XXjkYGXpzYjsh1HZOw8kD9=w150-h150-k-no-p"
                    },
                    {
                        "thumbnail": "https://lh5.googleusercontent.com/p/AF1QipM1bs4298DJst5Hlm-WS1tswEnD9Iecs3oxkPMN=w150-h150-k-no-p"
                    }
                ],
                "date": "2 months ago"
            },
            {
                "username": "Ani Daher",
                "rating": 5,
                "contributor_id": "112768155493879336598",
                "description": "The best lo mein I have ever had. 10/10 restaurant, a hidden gem in Ann Arbor.\n\nThe atmosphere is beautiful and the service is great. Lots of vegetarian and tofu based options. Also great appetizers!\n\nAlready been there twice in one week, definitely a new favorite spot.",
                "link": "https://www.google.com/maps/reviews/data=!4m8!14m7!1m6!2m5!1sChdDSUhNMG9nS0VJQ0FnSUR0bElEcXJ3RRAB!2m1!1s0x0:0xe77e8d010f3eb623!3m1!1s2@1:CIHM0ogKEICAgIDtlIDqrwE%7CCgwIusX0rQYQ8ObssQI%7C?hl=en-US",
                "images": [
                    {
                        "thumbnail": "https://lh5.googleusercontent.com/p/AF1QipOqEQANW4ZUyvfwH8wYp5-M95tfX1708fTUCR_b=w150-h150-k-no-p"
                    },
                    {
                        "thumbnail": "https://lh5.googleusercontent.com/p/AF1QipNgO81huvJLspRe4tC3bggZOr4z6nSDa9lOjJT4=w150-h150-k-no-p"
                    },
                    {
                        "thumbnail": "https://lh5.googleusercontent.com/p/AF1QipOa3hcOh4d-FOmzAg3bqQQRR3-E_70403cBlqq5=w150-h150-k-no-p"
                    },
                    {
                        "thumbnail": "https://lh5.googleusercontent.com/p/AF1QipMMiiUkxgWFI6RvzN3r4yE9kk86dxgnaUb3hffr=w150-h150-k-no-p"
                    },
                    {
                        "thumbnail": "https://lh5.googleusercontent.com/p/AF1QipNyZdR_zS5g1rl5jf_TQBuf7nKDe45xetihJFLC=w150-h150-k-no-p"
                    },
                    {
                        "thumbnail": "https://lh5.googleusercontent.com/p/AF1QipPrvKbTqQQD3Q-_cnXsyzq9q7fd9rQqtPxarzV7=w150-h150-k-no-p"
                    }
                ],
                "date": "9 months ago"
            },
            {
                "username": "Chitra Solomon",
                "rating": 4,
                "contributor_id": "110856583088489269982",
                "description": "Reasonably priced   Good food   Nice place to have lunch\n\nScallion pancake was oily and over fried\n\nJalepeno beef was very good",
                "link": "https://www.google.com/maps/reviews/data=!4m8!14m7!1m6!2m5!1sChdDSUhNMG9nS0VJQ0FnSUNiZ2NlY2dRRRAB!2m1!1s0x0:0xe77e8d010f3eb623!3m1!1s2@1:CIHM0ogKEICAgICbgcecgQE%7CCgwI662VtQYQ0K2p5gI%7C?hl=en-US",
                "images": [
                    {
                        "thumbnail": "https://lh5.googleusercontent.com/p/AF1QipP4NsTRGhiCVyj0SYhIlrad6CkxygO502h_WcRm=w150-h150-k-no-p"
                    },
                    {
                        "thumbnail": "https://lh5.googleusercontent.com/p/AF1QipPjdVDAGzp37HM0WVcyPzXKVpNDXQ-1FXZTt9x5=w150-h150-k-no-p"
                    },
                    {
                        "thumbnail": "https://lh5.googleusercontent.com/p/AF1QipPF73H5bDrxlbKu1x3zZjxqv3_x_hwWkSjJqM7V=w150-h150-k-no-p"
                    },
                    {
                        "thumbnail": "https://lh5.googleusercontent.com/p/AF1QipPcGv81chg71D2NvrxY92Q7CvpVSqCF1GslUv69=w150-h150-k-no-p"
                    },
                    {
                        "thumbnail": "https://lh5.googleusercontent.com/p/AF1QipO3Aw_kJLbdhG8V6iLLLhdzDu_E66jJjWS7nBeX=w150-h150-k-no-p"
                    },
                    {
                        "thumbnail": "https://lh5.googleusercontent.com/p/AF1QipNnAXwGsU1znYQA5g6qSdRI5pL4oGWnI9E79M7r=w150-h150-k-no-p"
                    },
                    {
                        "thumbnail": "https://lh5.googleusercontent.com/p/AF1QipM1N7COhN6XfXKg5F1rvYJPf1zHPfEAvgDJ3ODQ=w150-h150-k-no-p"
                    },
                    {
                        "thumbnail": "https://lh5.googleusercontent.com/p/AF1QipPtfSQtGL8T1j45aHwTgeG3UDUo1o21awlr0bPU=w150-h150-k-no-p"
                    },
                    {
                        "thumbnail": "https://lh5.googleusercontent.com/p/AF1QipMhgzb_Kv9V6JhQi-bUN4WRJb0KoaCIyCOsCl-h=w150-h150-k-no-p"
                    }
                ],
                "date": "3 months ago"
            },
            {
                "username": "Justin K",
                "rating": 5,
                "contributor_id": "102235107262526019261",
                "description": "What a classic! This place, family run, is an awesome place in my opinion. Their options come with their own twist of traditional taste and prep. Their General Tao comes out smacking with spice and had just the right amount of crunch. Absolutely loved it. Soup was delicious and the crab Rangoon was great. The portions as displayed are also phenomenal. It’s ok to leave with a to-go box. Space is tight, clean and priced appropriately.",
                "link": "https://www.google.com/maps/reviews/data=!4m8!14m7!1m6!2m5!1sChZDSUhNMG9nS0VJQ0FnSUR4dkx6OUVREAE!2m1!1s0x0:0xe77e8d010f3eb623!3m1!1s2@1:CIHM0ogKEICAgIDxvLz9EQ%7CCgwI4P7vowYQ0NLskQM%7C?hl=en-US",
                "images": [
                    {
                        "thumbnail": "https://lh5.googleusercontent.com/p/AF1QipMDLdU5fqAUuiHAwcH8oRjrW6DWAk7yx9biDxTU=w150-h150-k-no-p"
                    },
                    {
                        "thumbnail": "https://lh5.googleusercontent.com/p/AF1QipMTlZK8TeAgPkFpmumh0L0kVPl_XumQuF9OlTkb=w150-h150-k-no-p"
                    },
                    {
                        "thumbnail": "https://lh5.googleusercontent.com/p/AF1QipM2bOYWcQay1jZf86iA5oo25D3wQtBpxnqS8tvh=w150-h150-k-no-p"
                    },
                    {
                        "thumbnail": "https://lh5.googleusercontent.com/p/AF1QipOtjz4YOCEPgLWKVI8KKkTbDHUzb76nD67ZqLl1=w150-h150-k-no-p"
                    },
                    {
                        "thumbnail": "https://lh5.googleusercontent.com/p/AF1QipNuZMOtp5kEP8eiZKKflczOFixdIZcEoWC1PBT-=w150-h150-k-no-p"
                    },
                    {
                        "thumbnail": "https://lh5.googleusercontent.com/p/AF1QipOKrXlq7Jb78nM343eTDO9ul9Hwy0GmHZCUU20J=w150-h150-k-no-p"
                    }
                ],
                "date": "a year ago"
            },
            {
                "username": "Raj Ven",
                "rating": 4,
                "contributor_id": "101465277228399261918",
                "description": "🍽️ TK WU - Chinese Restaurant, Ann Arbor: 👍👍👍👍👎\n\nExperience China’s Culinary Delights at TK WU in Ann Arbor, where authentic Chinese cuisine takes the spotlight.\n\nFOOD QUALITY👍: TK WU skillfully merges traditional Chinese fare with tantalizing Thai influences, including a must-try fried rice.\n\nSERVICE👍: Enjoy a warm and efficient service, overseen by a dedicated family team that ensures a seamless dining experience.\n\nVALUE for MONEY👎: While leaning towards the pricier side, the authentic flavors of TK WU’s Chinese offerings make it a culinary exploration worth considering.\n\nAMBIENCE & CLEANLINESS👍: Immerse yourself in an inviting dining space adorned with Chinese-inspired decor, all meticulously maintained.\n\nLOCATION👍: Conveniently located\n\nIn essence, TK WU stands as a Chinese culinary haven in Ann Arbor. With its skillful fusion of flavors, attentive service, and inviting atmosphere, it promises an enriching experience for connoisseurs of Chinese cuisine.",
                "link": "https://www.google.com/maps/reviews/data=!4m8!14m7!1m6!2m5!1sChZDSUhNMG9nS0VJQ0FnSURwaU5HWFpREAE!2m1!1s0x0:0xe77e8d010f3eb623!3m1!1s2@1:CIHM0ogKEICAgIDpiNGXZQ%7CCgwIr8HrpgYQqL3R4AE%7C?hl=en-US",
                "images": [
                    {
                        "thumbnail": "https://lh5.googleusercontent.com/p/AF1QipPs4nRDzSWIUq7zPC4E52bhLrJ__CQwtHibA1T0=w150-h150-k-no-p"
                    },
                    {
                        "thumbnail": "https://lh5.googleusercontent.com/p/AF1QipNhlAOfdmIs7uYd8Gh_biTAt8DMHAhEJLywv2VW=w150-h150-k-no-p"
                    },
                    {
                        "thumbnail": "https://lh5.googleusercontent.com/p/AF1QipOJI53ftKvhekdAPc-CiHf8EUK8yz3ZFBIrDn71=w150-h150-k-no-p"
                    },
                    {
                        "thumbnail": "https://lh5.googleusercontent.com/p/AF1QipPwJaQKzurjNdrnmOqwUrYs7-Dj94gkIQ5YyP02=w150-h150-k-no-p"
                    },
                    {
                        "thumbnail": "https://lh5.googleusercontent.com/p/AF1QipP0M7s1-CA1hkFQRfP53JSiaVfNSLRRgMOkQj8z=w150-h150-k-no-p"
                    },
                    {
                        "thumbnail": "https://lh5.googleusercontent.com/p/AF1QipMYIC5VK2oojcQvL3Shxl5sdiRPmFToB67SB-JL=w150-h150-k-no-p"
                    },
                    {
                        "thumbnail": "https://lh5.googleusercontent.com/p/AF1QipMPhZNrug8AZUnGjAbsxcCu0lfcstGkyAhNqSsq=w150-h150-k-no-p"
                    },
                    {
                        "thumbnail": "https://lh5.googleusercontent.com/p/AF1QipPk7CwqfwfZC8JjHpV6pBv7p4vz1cDOzNuK0gaj=w150-h150-k-no-p"
                    },
                    {
                        "thumbnail": "https://lh5.googleusercontent.com/p/AF1QipPeUmRcTaU9phMLSLDRdWlVUACgr0Y1D2K6lBmC=w150-h150-k-no-p"
                    },
                    {
                        "thumbnail": "https://lh5.googleusercontent.com/p/AF1QipMUvKE0fQg5iGW7iTP4OkCfpTywHxUaEw-DWnNx=w150-h150-k-no-p"
                    },
                    {
                        "thumbnail": "https://lh5.googleusercontent.com/p/AF1QipP2ovia0nlOGNyDJkJD7w3w5Hk84qAC5u4PRd8k=w150-h150-k-no-p"
                    },
                    {
                        "thumbnail": "https://lh5.googleusercontent.com/p/AF1QipOcRtTgdqk6Vqw9pCdl3pbueODzvWSD7xvMo8DB=w150-h150-k-no-p"
                    },
                    {
                        "thumbnail": "https://lh5.googleusercontent.com/p/AF1QipPQ8Zu3928s-pb2DVh1JUXfmRCSbcmqSWFoxzgi=w150-h150-k-no-p"
                    },
                    {
                        "thumbnail": "https://lh5.googleusercontent.com/p/AF1QipNJhzrJXRSMsReNMv_v-nLfpXEtv2FLlxXUfqo_=w150-h150-k-no-p"
                    },
                    {
                        "thumbnail": "https://lh5.googleusercontent.com/p/AF1QipP0oA9k9zY4Ouq5L4iA008fT3uBIVfDIK8SCwqx=w150-h150-k-no-p"
                    },
                    {
                        "thumbnail": "https://lh5.googleusercontent.com/p/AF1QipOEJtLGlEdc4IGHvxUlzGIUnEfWkAP6OKzrwis4=w150-h150-k-no-p"
                    },
                    {
                        "thumbnail": "https://lh5.googleusercontent.com/p/AF1QipOf5sIEWIzrASIqG1m_xOShraKS6Fcqo7f1Z31h=w150-h150-k-no-p"
                    },
                    {
                        "thumbnail": "https://lh5.googleusercontent.com/p/AF1QipPQRCe2EE10wzkyGfhr4D0eGO-oZS_PHr0Qho2Y=w150-h150-k-no-p"
                    },
                    {
                        "thumbnail": "https://lh5.googleusercontent.com/p/AF1QipOXS8rrqq4_IFz6YzID9fN_wXKBdgV4Irm83qSB=w150-h150-k-no-p"
                    },
                    {
                        "thumbnail": "https://lh5.googleusercontent.com/p/AF1QipO6t_wZ-6OcGNxFAOAl0pVbtjQq5Eq_W8iRIWpw=w150-h150-k-no-p"
                    },
                    {
                        "thumbnail": "https://lh5.googleusercontent.com/p/AF1QipPPPwNIkj3sv1Y57FVatRKAEziPk8UrQy9u7CYr=w150-h150-k-no-p"
                    },
                    {
                        "thumbnail": "https://lh5.googleusercontent.com/p/AF1QipOIguHj7ZwMA4rGxAAAl6pGcgEj-THKZKNl1r9J=w150-h150-k-no-p"
                    },
                    {
                        "thumbnail": "https://lh5.googleusercontent.com/p/AF1QipNgdGOKVhGHsm8G9LuKgRsBeIX9SvKKe5lRDUku=w150-h150-k-no-p"
                    },
                    {
                        "thumbnail": "https://lh5.googleusercontent.com/p/AF1QipNPSukzYvNx10JiJIc10wqYx8m5L855y7WJPN2M=w150-h150-k-no-p"
                    },
                    {
                        "thumbnail": "https://lh5.googleusercontent.com/p/AF1QipM5a3noRrNXsr1TaHvVPFIY11WMSIeySnGVm7Xu=w150-h150-k-no-p"
                    },
                    {
                        "thumbnail": "https://lh5.googleusercontent.com/p/AF1QipOlzCi-q4ykT_b7xfzzRpfkoIJagNgbNw6HJyG3=w150-h150-k-no-p"
                    }
                ],
                "date": "a year ago"
            },
            {
                "username": "Maurielle C",
                "rating": 5,
                "contributor_id": "102013884837832721376",
                "description": "Really good Chinese cuisine! Love the prices and the hospitality by employees. Everyone was super attentive and willing to help or accommodate if needed. Prices are pretty cheap to reasonable & the serving sizes are totally fair for the price. Would recommend coming by!",
                "link": "https://www.google.com/maps/reviews/data=!4m8!14m7!1m6!2m5!1sChZDSUhNMG9nS0VJQ0FnSUNobmNQUlN3EAE!2m1!1s0x0:0xe77e8d010f3eb623!3m1!1s2@1:CIHM0ogKEICAgIChncPRSw%7CCgwIqdnKnwYQoPXcswI%7C?hl=en-US",
                "images": [
                    {
                        "thumbnail": "https://lh5.googleusercontent.com/p/AF1QipO44NE8FDiUdCgiL5MHR-6oYCJAORGRz3L2IQV2=w150-h150-k-no-p"
                    },
                    {
                        "thumbnail": "https://lh5.googleusercontent.com/p/AF1QipNFQ5atfZcgyTYvGudZRotBKrtY5TDTzjh7Ca8w=w150-h150-k-no-p"
                    },
                    {
                        "thumbnail": "https://lh5.googleusercontent.com/p/AF1QipMoxFjURwEAs83aN4vO0FGLNwsToOTw7mF7GkuI=w150-h150-k-no-p"
                    },
                    {
                        "thumbnail": "https://lh5.googleusercontent.com/p/AF1QipP4geESiQalovFS56DlE4G3t6FtDvueMdVd1RAl=w150-h150-k-no-p"
                    },
                    {
                        "thumbnail": "https://lh5.googleusercontent.com/p/AF1QipNYhEAx0pnkIrYBWpwlHXPGt_-CgMwHB9R3zkiX=w150-h150-k-no-p"
                    },
                    {
                        "thumbnail": "https://lh5.googleusercontent.com/p/AF1QipNsuigEEwPf-U6sBRmVcjsaApKtJhD1UXzj3vIK=w150-h150-k-no-p"
                    },
                    {
                        "thumbnail": "https://lh5.googleusercontent.com/p/AF1QipOfsvNwm0T5-WVJKvWl34e9f4kVIBiW_7lM0bo0=w150-h150-k-no-p"
                    },
                    {
                        "thumbnail": "https://lh5.googleusercontent.com/p/AF1QipMbe4B5VhYIEx2mbX5ABd5KGccq1J5bDv4QQtGQ=w150-h150-k-no-p"
                    }
                ],
                "date": "a year ago"
            },
            {
                "username": "Lisa",
                "rating": 5,
                "contributor_id": "105928474592088457657",
                "description": "Super delicious! We had beef noodle soup, jalapeño chicken, salt and pepper tofu, and pork belly.  Don't miss the jalapeño chicken - it'samazing!!",
                "link": "https://www.google.com/maps/reviews/data=!4m8!14m7!1m6!2m5!1sChdDSUhNMG9nS0VJQ0FnSURCdTlhSDNBRRAB!2m1!1s0x0:0xe77e8d010f3eb623!3m1!1s2@1:CIHM0ogKEICAgIDBu9aH3AE%7CCgwI9qrbngYQgOehpgM%7C?hl=en-US",
                "images": [
                    {
                        "thumbnail": "https://lh5.googleusercontent.com/p/AF1QipMrgiyfpOg3uuEseO2ePQ1eQViVXLgIouW0_W51=w150-h150-k-no-p"
                    },
                    {
                        "thumbnail": "https://lh5.googleusercontent.com/p/AF1QipOHFYNaIPo__tpjF7WkGL8PxCeY6bnmLFYyMpOF=w150-h150-k-no-p"
                    },
                    {
                        "thumbnail": "https://lh5.googleusercontent.com/p/AF1QipNaM0QSJXbdxLBCpejkio4aV2c_E1nHSOoJ66Ab=w150-h150-k-no-p"
                    },
                    {
                        "thumbnail": "https://lh5.googleusercontent.com/p/AF1QipNXA4pSi21JBsz1fMgK1hMStn-m774lCmqye_j6=w150-h150-k-no-p"
                    }
                ],
                "date": "a year ago"
            },
            {
                "username": "Ralph mcmillin",
                "rating": 5,
                "contributor_id": "116485911143442378535",
                "description": "I've been coming to TK WU for 20 years.  TK WU, in my opinion, has some of the best Chinese dishes you will ever eat.  The owners are absolutely amazing people.  If you're in Ann Arbor, I would highly recommend taking the time to stop in and enjoy some great authentic Chinese cuisine.  Jalapeño Chicken is my favorite!",
                "link": "https://www.google.com/maps/reviews/data=!4m8!14m7!1m6!2m5!1sChZDSUhNMG9nS0VJQ0FnSUNyeDg3SlR3EAE!2m1!1s0x0:0xe77e8d010f3eb623!3m1!1s2@1:CIHM0ogKEICAgICrx87JTw%7CCgwIjubAtAYQ6NW4sgI%7C?hl=en-US",
                "date": "4 months ago"
            }
        ]
    },
    "Services": {
        "dine_in": true,
        "takeout": true,
        "delivery": true
    }
}