{
    "Title": "Tomukun Korean BBQ",
    "Price": "$$",
    "Place ID": "ChIJV4YnDD-uPIgRj9JFDo-9QuA",
    "Type ID": [],
    "Type": [
        "Korean barbecue restaurant"
    ],
    "Address": "505 E Liberty St Suite 100, Ann Arbor, MI 48104",
    "GPS Coordinates": {
        "latitude": 42.2795549,
        "longitude": -83.7426984
    },
    "Phone Number": "(734) 369-2602",
    "Rating": 4.4,
    "Rating Summary": [
        {
            "stars": 1,
            "amount": 55
        },
        {
            "stars": 2,
            "amount": 27
        },
        {
            "stars": 3,
            "amount": 70
        },
        {
            "stars": 4,
            "amount": 222
        },
        {
            "stars": 5,
            "amount": 826
        }
    ],
    "Opening Hours": [
        {
            "tuesday": "11:30 AM–10 PM"
        },
        {
            "wednesday": "11:30 AM–10 PM"
        },
        {
            "thursday": "11:30 AM–10 PM"
        },
        {
            "friday": "11:30 AM–10 PM"
        },
        {
            "saturday": "11:30 AM–10 PM"
        },
        {
            "sunday": "11:30 AM–10 PM"
        },
        {
            "monday": "11:30 AM–10 PM"
        }
    ],
    "Description": "Open dining space featuring Korean BBQ & a ramen noodle menu, plus Asian draft beers & spirits.",
    "Details": [
        {
            "highlights": [
                "Fast service"
            ]
        },
        {
            "popular_for": [
                "Lunch",
                "Dinner"
            ]
        },
        {
            "accessibility": [
                "Wheelchair accessible entrance",
                "Wheelchair accessible restroom",
                "Wheelchair accessible seating"
            ]
        },
        {
            "offerings": [
                "Alcohol",
                "Beer",
                "Cocktails",
                "Comfort food",
                "Happy hour drinks",
                "Hard liquor",
                "Healthy options",
                "Wine"
            ]
        },
        {
            "dining_options": [
                "Lunch",
                "Dinner",
                "Seating"
            ]
        },
        {
            "amenities": [
                "Bar onsite",
                "Restroom"
            ]
        },
        {
            "atmosphere": [
                "Casual",
                "Trendy"
            ]
        },
        {
            "crowd": [
                "College students",
                "Groups",
                "Tourists"
            ]
        },
        {
            "planning": [
                "Accepts reservations",
                "Usually a wait"
            ]
        },
        {
            "payments": [
                "Credit cards",
                "Debit cards"
            ]
        },
        {
            "children": [
                "High chairs"
            ]
        },
        {
            "parking": [
                "Paid parking garage",
                "Paid parking lot"
            ]
        }
    ],
    "User Reviews": {
        "summary": [
            {
                "snippet": "\"Minimal wait time for a Friday night with excellent service and food.\""
            },
            {
                "snippet": "\"Excellent place for barbecue; large variety of foods and friendly staff.\""
            },
            {
                "snippet": "\"We ordered a draft IPA and a Seafood Bibimbop and a spicy pork dupbop.\""
            }
        ],
        "most_relevant": [
            {
                "username": "danicajhey",
                "rating": 5,
                "contributor_id": "103162754583557699675",
                "description": "We enjoyed a delicious lunch at Tomukun after attending a college tour at the University of Michigan. The mashed potatoes, served cold and containing bits of corn, cucumber, carrot, and pineapple, absolutely blew me away! As strange as it sounds, the flavor combination was spectacular- a must try! We enjoyed cooking our meats and vegetables at the table to our perfect degree of doneness. Delicious sides. Great service. If you are looking for unique, out of the ordinary tastes and a unique experience…you should definitely check this place out.",
                "link": "https://www.google.com/maps/reviews/data=!4m8!14m7!1m6!2m5!1sChZDSUhNMG9nS0VJQ0FnSUREaUlmYUdREAE!2m1!1s0x0:0xe042bd8f0e45d28f!3m1!1s2@1:CIHM0ogKEICAgIDDiIfaGQ%7CCgsIo-q8sAYQuKKveg%7C?hl=en-US",
                "images": [
                    {
                        "thumbnail": "https://lh5.googleusercontent.com/p/AF1QipMcIlfhTXQuFS3ospL5tLuEvGJT6ncHOD2FcaNi=w150-h150-k-no-p"
                    },
                    {
                        "thumbnail": "https://lh5.googleusercontent.com/p/AF1QipPEtlwLQ0URPdQgyxVYKDCyVAoLipZDQG6MfW_l=w150-h150-k-no-p"
                    },
                    {
                        "thumbnail": "https://lh5.googleusercontent.com/p/AF1QipNvJHaBCNHQbP1idIc-2L74gL9kZ_jeAab6poEI=w150-h150-k-no-p"
                    },
                    {
                        "thumbnail": "https://lh5.googleusercontent.com/p/AF1QipN8ULxcxpar_YiAIuQZgh0-tbThljmGcoOeNc6r=w150-h150-k-no-p"
                    },
                    {
                        "thumbnail": "https://lh5.googleusercontent.com/p/AF1QipM5pBzZfrv0CYkRlwI-MtPYW4PKYVAjyFelj4VG=w150-h150-k-no-p"
                    },
                    {
                        "thumbnail": "https://lh5.googleusercontent.com/p/AF1QipM8-wKYzIl_ZMw_1S76Tw-J_NJ56Dgh2Kj2gRzE=w150-h150-k-no-p"
                    },
                    {
                        "thumbnail": "https://lh5.googleusercontent.com/p/AF1QipPBnicIJR2km5Pcuw17NEo9CjHDwFkEV8QY-nv9=w150-h150-k-no-p"
                    },
                    {
                        "thumbnail": "https://lh5.googleusercontent.com/p/AF1QipMRnh6E2g1WUlGyfGEJKJep5DrdPhagdz0aOILw=w150-h150-k-no-p"
                    },
                    {
                        "thumbnail": "https://lh5.googleusercontent.com/p/AF1QipPYestgT998dg8UyLiXY2hz8CO53WqjC21FoYXT=w150-h150-k-no-p"
                    },
                    {
                        "thumbnail": "https://lh5.googleusercontent.com/p/AF1QipM9PmsMYAKF4YqHQ7f7rok4Zch8A_3zGyssNzP9=w150-h150-k-no-p"
                    },
                    {
                        "thumbnail": "https://lh5.googleusercontent.com/p/AF1QipNAMTnmBT8RHNILJXHp31XPs2p6O5HkPNdAwT_o=w150-h150-k-no-p"
                    },
                    {
                        "thumbnail": "https://lh5.googleusercontent.com/p/AF1QipNMT0pDJ5gNfJ4eblOrMmwFLQD--AkI9MdBpPxE=w150-h150-k-no-p"
                    },
                    {
                        "thumbnail": "https://lh5.googleusercontent.com/p/AF1QipP2Qjjfj-MIydP_HREwwQGovD-4o0Zc3Ie4BNoS=w150-h150-k-no-p"
                    },
                    {
                        "thumbnail": "https://lh5.googleusercontent.com/p/AF1QipO1lKK3BVv1ZdmvAorJUDFQhOW4g_tp3vOM0Hod=w150-h150-k-no-p"
                    }
                ],
                "date": "7 months ago"
            },
            {
                "username": "Hungry Sparrow",
                "rating": 4,
                "contributor_id": "116492324162050295185",
                "description": "Ordered food and had to leave abruptly. The young waiter quickly got us our ticket and packed our soup for us. The soup had great flavors",
                "link": "https://www.google.com/maps/reviews/data=!4m8!14m7!1m6!2m5!1sChdDSUhNMG9nS0VJQ0FnSUNydk1qNmtnRRAB!2m1!1s0x0:0xe042bd8f0e45d28f!3m1!1s2@1:CIHM0ogKEICAgICrvMj6kgE%7CCgsI2omdtAYQuNDNXQ%7C?hl=en-US",
                "images": [
                    {
                        "thumbnail": "https://lh5.googleusercontent.com/p/AF1QipPmzNq6rQRcNtNGoR3p3k1d0wihZjjXdj87WZv9=w150-h150-k-no-p"
                    },
                    {
                        "thumbnail": "https://lh5.googleusercontent.com/p/AF1QipNj9tYSIsqzeqlCTmLStFOIlSB5mIiDpxfVyaJt=w150-h150-k-no-p"
                    },
                    {
                        "thumbnail": "https://lh5.googleusercontent.com/p/AF1QipPGILvNXMtfrY_LYEZX8Vwi83_qcasfkHzWhkoK=w150-h150-k-no-p"
                    },
                    {
                        "thumbnail": "https://lh5.googleusercontent.com/p/AF1QipMQhTTpOpMoNPnwfdWMhL1OuJ8t7iTQn4Px1hfF=w150-h150-k-no-p"
                    },
                    {
                        "thumbnail": "https://lh5.googleusercontent.com/p/AF1QipMqTT92Z7-LiZnuYnYPo7iyHSH1rmDyJ-c3NqJg=w150-h150-k-no-p"
                    }
                ],
                "date": "4 months ago"
            },
            {
                "username": "Ahmed",
                "rating": 2,
                "contributor_id": "109902249534369525206",
                "description": "Underwhelming-\n\nVisited Tomukun twice and my most recent visit was just disappointing. The rice bowl I ordered lacked flavour, and was just sort of bland. I do appreciate how fresh and appetizing it looked though. The side dish appetizers sadly were tastier than the actual entree.\n\nThe service was also lacking. Our waiter was dry, seemed uninterested to serve us, and just didn’t seem like he wanted to be there.\n\nDespite everything I’ve heard about this place, I don’t think I’ll be returning.",
                "link": "https://www.google.com/maps/reviews/data=!4m8!14m7!1m6!2m5!1sChZDSUhNMG9nS0VJQ0FnSUQ3NzltOFh3EAE!2m1!1s0x0:0xe042bd8f0e45d28f!3m1!1s2@1:CIHM0ogKEICAgID779m8Xw%7CCgwIr7jFtgYQuOjT_AI%7C?hl=en-US",
                "images": [
                    {
                        "thumbnail": "https://lh5.googleusercontent.com/p/AF1QipMgpxY7LbqEcR2kNkskPhBNxSarPhTHbe-Ed7-4=w150-h150-k-no-p"
                    }
                ],
                "date": "2 months ago"
            },
            {
                "username": "Yuki Pao",
                "rating": 5,
                "contributor_id": "112412400048054427425",
                "description": "Very impressive presentation, but a bit pricey. Comes with a variety of Korean side dishes and rice. They also have a large variety of marinated meats and non marinated meats to choose from.",
                "link": "https://www.google.com/maps/reviews/data=!4m8!14m7!1m6!2m5!1sChdDSUhNMG9nS0VJQ0FnSUMzd05qTmxRRRAB!2m1!1s0x0:0xe042bd8f0e45d28f!3m1!1s2@1:CIHM0ogKEICAgIC3wNjNlQE%7CCgwI26qUuQYQ2L3C_wE%7C?hl=en-US",
                "images": [
                    {
                        "thumbnail": "https://lh5.googleusercontent.com/p/AF1QipNai74yJR_sXJtJBD6huNAoudAGAtixCdTxJfg2=w150-h150-k-no-p"
                    }
                ],
                "date": "a week ago"
            },
            {
                "username": "matthew smith",
                "rating": 5,
                "contributor_id": "103122294661777231047",
                "description": "Great experience, better food! Can't say too much more than ask the other positive reviews. We will be back. Best advice is don't order too much like we did. We did combo 1 - pick four with a rice bowl added and took half of it home and it was for 3 people.",
                "link": "https://www.google.com/maps/reviews/data=!4m8!14m7!1m6!2m5!1sChZDSUhNMG9nS0VJQ0FnSURkOXZ6c05BEAE!2m1!1s0x0:0xe042bd8f0e45d28f!3m1!1s2@1:CIHM0ogKEICAgIDd9vzsNA%7CCgwI74vjrgYQkNz9sAI%7C?hl=en-US",
                "images": [
                    {
                        "thumbnail": "https://lh5.googleusercontent.com/p/AF1QipPmJ2VZ_-Viabazbc5_-LYKH7gSu3UtL9cHAWvC=w150-h150-k-no-p"
                    },
                    {
                        "thumbnail": "https://lh5.googleusercontent.com/p/AF1QipNq6ZJWx0DFxIBjdFb00F3qdoEcWfaV8Ee6tYeg=w150-h150-k-no-p"
                    },
                    {
                        "thumbnail": "https://lh5.googleusercontent.com/p/AF1QipN9vDskwPSZhZbPTi5roGYM2R7RO-OCD-raczFd=w150-h150-k-no-p"
                    },
                    {
                        "thumbnail": "https://lh5.googleusercontent.com/p/AF1QipN7uCCm_dUuwuMjzO7st9v-f0bWNRDjldufTKcY=w150-h150-k-no-p"
                    }
                ],
                "date": "8 months ago"
            },
            {
                "username": "Joseph Rosario",
                "rating": 5,
                "contributor_id": "115825046004057807801",
                "description": "Food was delicious and service was also very good. Server was happy to answer any questions about the menu and went over what everything was and how to use the grill. Excellent experience. Highly recommend",
                "link": "https://www.google.com/maps/reviews/data=!4m8!14m7!1m6!2m5!1sChdDSUhNMG9nS0VJQ0FnSUNEeDVHZm9nRRAB!2m1!1s0x0:0xe042bd8f0e45d28f!3m1!1s2@1:CIHM0ogKEICAgICDx5GfogE%7CCgsI58KwsAYQgOD6IA%7C?hl=en-US",
                "images": [
                    {
                        "thumbnail": "https://lh5.googleusercontent.com/p/AF1QipN9WKoGrzqWuHsGj1_XW8AOcTkqp91RWwY7jnYI=w150-h150-k-no-p"
                    },
                    {
                        "thumbnail": "https://lh5.googleusercontent.com/p/AF1QipMmyM379su9MSEq8LToPuozr5sS0wpq8u2I4Pb6=w150-h150-k-no-p"
                    },
                    {
                        "thumbnail": "https://lh5.googleusercontent.com/p/AF1QipNl4bxYkRa-VSSSpoGxHrFk1rqG29VAKbnAZ_3Q=w150-h150-k-no-p"
                    },
                    {
                        "thumbnail": "https://lh5.googleusercontent.com/p/AF1QipMG-Ozf7e1xA198ejPhJGdMfsbnMbHq5HcGksvX=w150-h150-k-no-p"
                    },
                    {
                        "thumbnail": "https://lh5.googleusercontent.com/p/AF1QipPjOtR9WCfAUO0V1VNl4vDfUX8e5ner5t9IHTU6=w150-h150-k-no-p"
                    },
                    {
                        "thumbnail": "https://lh5.googleusercontent.com/p/AF1QipMDqP3ymtZqcTk4OzGvTHKikGS9nzvwnJ-P1bpt=w150-h150-k-no-p"
                    }
                ],
                "date": "7 months ago"
            },
            {
                "username": "Sla La",
                "rating": 5,
                "contributor_id": "104576076104193602252",
                "description": "Great place for shared experiences. We ordered a combo 3 for 6 of us and there was more than enough of food for the 6 of us. We would have preferred to have more of the metal tongues so we can all try cooking the meat, and the waiter was barely there so we really didn't have a lot of opportunities to ask for stuff like salt, etc. Which I really wanted at one point. By the time he came around, we were already done.",
                "link": "https://www.google.com/maps/reviews/data=!4m8!14m7!1m6!2m5!1sChZDSUhNMG9nS0VJQ0FnSURKa05MWEhBEAE!2m1!1s0x0:0xe042bd8f0e45d28f!3m1!1s2@1:CIHM0ogKEICAgIDJkNLXHA%7CCgwI5N6spQYQiMC02AE%7C?hl=en-US",
                "images": [
                    {
                        "thumbnail": "https://lh5.googleusercontent.com/p/AF1QipOQbUEhiBnqTbriH-JYMl8eeQdETGB6AuN0SSQj=w150-h150-k-no-p"
                    },
                    {
                        "thumbnail": "https://lh5.googleusercontent.com/p/AF1QipMnwxlgCxFDoOidN06XYFWSSWDJVhg53u-pxWlm=w150-h150-k-no-p"
                    },
                    {
                        "thumbnail": "https://lh5.googleusercontent.com/p/AF1QipPXfhW_C-XwWw7eA__NJpZO5RwfZ-7Ou2dTuAAU=w150-h150-k-no-p"
                    },
                    {
                        "thumbnail": "https://lh5.googleusercontent.com/p/AF1QipPj9QCBLz62n51uHiHDHhQHVGnBNo2e7PRgz5Ca=w150-h150-k-no-p"
                    },
                    {
                        "thumbnail": "https://lh5.googleusercontent.com/p/AF1QipO3Gxb9Evmf3GmO3Z8m3z-kH8TUC3bYB1vxyUQT=w150-h150-k-no-p"
                    },
                    {
                        "thumbnail": "https://lh5.googleusercontent.com/p/AF1QipOHxV8hqzcmc0K5GUot-gb-JREMFn523_Fj6IpB=w150-h150-k-no-p"
                    },
                    {
                        "thumbnail": "https://lh5.googleusercontent.com/p/AF1QipMesAIM4w7GJsHsRpnZd_VB2bY1r0OUQYeyhl7R=w150-h150-k-no-p"
                    },
                    {
                        "thumbnail": "https://lh5.googleusercontent.com/p/AF1QipOGgVYJlt72YVan4YyhaFATm3t8z6YDj8DkjCby=w150-h150-k-no-p"
                    },
                    {
                        "thumbnail": "https://lh5.googleusercontent.com/p/AF1QipO4NjGCFDZNwr1fTAGY2syIDUi_iV3ZPx-NPtIK=w150-h150-k-no-p"
                    },
                    {
                        "thumbnail": "https://lh5.googleusercontent.com/p/AF1QipM525aEBFOyvKfNTWZfZcXPrJRB7QAAzMNniKee=w150-h150-k-no-p"
                    },
                    {
                        "thumbnail": "https://lh5.googleusercontent.com/p/AF1QipMZ9-d-c1BNkgXmHMqlKhcm2DeOwjzh4EL0vKjF=w150-h150-k-no-p"
                    },
                    {
                        "thumbnail": "https://lh5.googleusercontent.com/p/AF1QipOp3HHFtKX5NAYxRywY3Izn6xpY6QQkDZ39_EsA=w150-h150-k-no-p"
                    },
                    {
                        "thumbnail": "https://lh5.googleusercontent.com/p/AF1QipNnnc_DPsZ7hr-NidyGptfcC12y18qReMK8UGGT=w150-h150-k-no-p"
                    },
                    {
                        "thumbnail": "https://lh5.googleusercontent.com/p/AF1QipObT1sqX5S_reOuyK1frdqHvZoPJNjbnOAZaQxu=w150-h150-k-no-p"
                    },
                    {
                        "thumbnail": "https://lh5.googleusercontent.com/p/AF1QipNtMdJS0wFjvvlURWd9_JGrmkUgzoCLA1zkd1zJ=w150-h150-k-no-p"
                    },
                    {
                        "thumbnail": "https://lh5.googleusercontent.com/p/AF1QipNK-K_mOONtn87BITAEBAordWWeLgiGqqDMmsLe=w150-h150-k-no-p"
                    }
                ],
                "date": "a year ago"
            },
            {
                "username": "Adele",
                "rating": 2,
                "contributor_id": "111404543172977417775",
                "description": "I was quite disappointed with my recent lunch experience at Tomukun BBQ. Firstly, the service was clumsy and fell short of expectations when we were served with a dirty plate, which was off-putting. As for the food, it unfortunately didn't live up to the hype—lacking in flavor and quality. Additionally, despite the fact that there were only two of us dining during a less busy lunch hour, an 18% gratuity was automatically added to our bill, which I found quite presumptuous and unwarranted for such a small party. This visit didn't measure up to the standards I hoped for.",
                "link": "https://www.google.com/maps/reviews/data=!4m8!14m7!1m6!2m5!1sChRDSUhNMG9nS0VJQ0FnSUNqbTZRYhAB!2m1!1s0x0:0xe042bd8f0e45d28f!3m1!1s2@1:CIHM0ogKEICAgICjm6Qb%7CCgwI05-ssQYQ0KvpwwI%7C?hl=en-US",
                "images": [
                    {
                        "thumbnail": "https://lh5.googleusercontent.com/p/AF1QipMtPNfpEyHAa11h_ITB7B7Ahns6luRx09MS8_jM=w150-h150-k-no-p"
                    },
                    {
                        "thumbnail": "https://lh5.googleusercontent.com/p/AF1QipNvHQhfSGXe-3cbhmTcsGIsZ4GEkYvWQ2iL1aSy=w150-h150-k-no-p"
                    }
                ],
                "date": "6 months ago"
            }
        ]
    },
    "Services": {
        "dine_in": true,
        "takeout": true,
        "delivery": true
    }
}