{
    "Title": "Venue by 4M",
    "Price": [],
    "Place ID": "ChIJk4hu12mvPIgRdZhrXKKWEqc",
    "Type ID": [],
    "Type": [
        "Restaurant",
        "Bar",
        "Coworking space",
        "Event venue"
    ],
    "Address": "1919 S Industrial Hwy, Ann Arbor, MI 48104",
    "GPS Coordinates": {
        "latitude": 42.2599453,
        "longitude": -83.7366725
    },
    "Phone Number": "(734) 800-0128",
    "Rating": 4.3,
    "Rating Summary": [
        {
            "stars": 1,
            "amount": 17
        },
        {
            "stars": 2,
            "amount": 20
        },
        {
            "stars": 3,
            "amount": 24
        },
        {
            "stars": 4,
            "amount": 29
        },
        {
            "stars": 5,
            "amount": 194
        }
    ],
    "Opening Hours": [
        {
            "tuesday": "11 AM–10 PM"
        },
        {
            "wednesday": "11 AM–10 PM"
        },
        {
            "thursday": "11 AM–10 PM"
        },
        {
            "friday": "11 AM–10 PM"
        },
        {
            "saturday": "9 AM–10 PM"
        },
        {
            "sunday": "9 AM–3 PM"
        },
        {
            "monday": "Closed"
        }
    ],
    "Description": [],
    "Details": [
        {
            "from_the_business": [
                "Identifies as LGBTQ+ owned",
                "Identifies as women-owned"
            ]
        },
        {
            "highlights": [
                "Fast service",
                "Great beer selection",
                "Great cocktails",
                "Great dessert",
                "Great wine list",
                "Live music",
                "Sports"
            ]
        },
        {
            "popular_for": [
                "Lunch",
                "Dinner",
                "Solo dining"
            ]
        },
        {
            "accessibility": [
                "Wheelchair accessible entrance",
                "Wheelchair accessible parking lot",
                "Wheelchair accessible restroom",
                "Wheelchair accessible seating"
            ]
        },
        {
            "offerings": [
                "Alcohol",
                "Beer",
                "Cocktails",
                "Coffee",
                "Comfort food",
                "Happy hour drinks",
                "Happy hour food",
                "Hard liquor",
                "Late-night food",
                "Organic dishes",
                "Private dining room",
                "Small plates",
                "Vegan options",
                "Vegetarian options",
                "Wine"
            ]
        },
        {
            "dining_options": [
                "Breakfast",
                "Brunch",
                "Lunch",
                "Dinner",
                "Catering",
                "Counter service",
                "Dessert",
                "Seating"
            ]
        },
        {
            "amenities": [
                "Bar onsite",
                "Gender-neutral restroom",
                "Restroom",
                "Wi-Fi",
                "Free Wi-Fi"
            ]
        },
        {
            "atmosphere": [
                "Casual",
                "Trendy"
            ]
        },
        {
            "crowd": [
                "Family-friendly",
                "Groups",
                "LGBTQ+ friendly",
                "Transgender safespace"
            ]
        },
        {
            "planning": [
                "Dinner reservations recommended",
                "Accepts reservations"
            ]
        },
        {
            "payments": [
                "Credit cards",
                "Debit cards",
                "NFC mobile payments"
            ]
        },
        {
            "children": [
                "Good for kids",
                "Has changing table(s)",
                "High chairs",
                "Kids' menu"
            ]
        },
        {
            "parking": [
                "Free parking lot",
                "Free street parking",
                "Plenty of parking"
            ]
        }
    ],
    "User Reviews": {
        "summary": [
            {
                "snippet": "\"We ordered calamari, cheese pizza, Tomatoes soup, salmon with veggies, desserts.\""
            },
            {
                "snippet": "\"Food was great, loved the atmosphere, great place to sit and work too.\""
            },
            {
                "snippet": "\"Excellent service good food and a wide selection of craft beer\""
            }
        ],
        "most_relevant": [
            {
                "username": "Max Douthit",
                "rating": 5,
                "contributor_id": "108380721776602629274",
                "description": "The food here is top shelf stuff. The menu is crafted to perfection and the chicken sandwich I had is easily one of the best.\n\nAlso had beer which was good and the cocktails are creative.\n\nIt is conveniently located across from one of the most premier entertainment venues (Revel and Roll) in the city so it is perfect to grab some food before going bowling or to the arcade.",
                "link": "https://www.google.com/maps/reviews/data=!4m8!14m7!1m6!2m5!1sChdDSUhNMG9nS0VJQ0FnSUNIOUsyWS13RRAB!2m1!1s0x0:0xa71296a25c6b9875!3m1!1s2@1:CIHM0ogKEICAgICH9K2Y-wE%7CCgwI0KHTtgYQiISNvAM%7C?hl=en-US",
                "images": [
                    {
                        "thumbnail": "https://lh5.googleusercontent.com/p/AF1QipMz_BNoUNsP9bv-1QfTE8oDfD0GFhXze9VVV0lo=w150-h150-k-no-p"
                    },
                    {
                        "thumbnail": "https://lh5.googleusercontent.com/p/AF1QipMw2bWln-qAv5hgwrfWT0FoKJoCVy9NC6u83q4A=w150-h150-k-no-p"
                    },
                    {
                        "thumbnail": "https://lh5.googleusercontent.com/p/AF1QipO1AYcITCK5Tsx9hudRJNA69fgdnJslTf9A4TPG=w150-h150-k-no-p"
                    },
                    {
                        "thumbnail": "https://lh5.googleusercontent.com/p/AF1QipPdtfLhsQSl7W4rGpmeJS21eR80zop3Tzr1pwBk=w150-h150-k-no-p"
                    },
                    {
                        "thumbnail": "https://lh5.googleusercontent.com/p/AF1QipMdp-xLa1AZaXwvWgeablECd3KZf56SYG_i_-Uu=w150-h150-k-no-p"
                    },
                    {
                        "thumbnail": "https://lh5.googleusercontent.com/p/AF1QipP_7kMHEpgR9kj9byMzLt7TdbHhDxVSfrpLsHIv=w150-h150-k-no-p"
                    },
                    {
                        "thumbnail": "https://lh5.googleusercontent.com/p/AF1QipP3oRdpPdpFtlca1RwMJ5OtQK0-9QqvJHsnVG0S=w150-h150-k-no-p"
                    }
                ],
                "date": "2 months ago"
            },
            {
                "username": "Richard Massey",
                "rating": 4,
                "contributor_id": "100497534759530604741",
                "description": "The food was amazing. (although, don't expect corned beef on that Reuben.) Chef Thad's unique take on the classic \"Reuben\" was a pleasant surprise. Not the traditional sandwich I usually get.\nThe prices were a bit higher than I expected, however the service and atmosphere were exceptional.\nBeing an old A&P (and Kroger) I thought it would be an echo chamber. That was not the case. My wife and I were able to hold a conversation and still hear the music playing in the bar.\nI hope to utilize the podcasting facilities soon.\nOverall this is a nice place for an \"Upscale\" meal.",
                "link": "https://www.google.com/maps/reviews/data=!4m8!14m7!1m6!2m5!1sChdDSUhNMG9nS0VJQ0FnSUNqclpqT2tnRRAB!2m1!1s0x0:0xa71296a25c6b9875!3m1!1s2@1:CIHM0ogKEICAgICjrZjOkgE%7CCgsIo6mksQYQ-JXcIA%7C?hl=en-US",
                "images": [
                    {
                        "thumbnail": "https://lh5.googleusercontent.com/p/AF1QipMHXkEUOgY0ILQXSP6YFjLPg48EMQKBhO-KYEAR=w150-h150-k-no-p"
                    },
                    {
                        "thumbnail": "https://lh5.googleusercontent.com/p/AF1QipOL_fk6ncyZNKiKysn0Xo7a_jHqL05t67iykptD=w150-h150-k-no-p"
                    },
                    {
                        "thumbnail": "https://lh5.googleusercontent.com/p/AF1QipPfK0SjuBppQmaB677HfLV0EnG9fsPetrtplCjR=w150-h150-k-no-p"
                    },
                    {
                        "thumbnail": "https://lh5.googleusercontent.com/p/AF1QipMzfN3KjphJFFiOyC2xhJblv7PruVbTUuvYpZDg=w150-h150-k-no-p"
                    },
                    {
                        "thumbnail": "https://lh5.googleusercontent.com/p/AF1QipO6ZZMDc2otW1H338Z15H12tQt9cALsZW_yyoz3=w150-h150-k-no-p"
                    },
                    {
                        "thumbnail": "https://lh5.googleusercontent.com/p/AF1QipM1XzRpoey0tc00SBU0Gh1TUYwqCS_w_ZOr-51h=w150-h150-k-no-p"
                    },
                    {
                        "thumbnail": "https://lh5.googleusercontent.com/p/AF1QipOkD30eWG00rSgQTFSAogqCLzgHAuyVqnZ5Cxda=w150-h150-k-no-p"
                    },
                    {
                        "thumbnail": "https://lh5.googleusercontent.com/p/AF1QipMcGH1KHtfFc3D0x2RhsXBjk73HT3yswR0OKm6u=w150-h150-k-no-p"
                    },
                    {
                        "thumbnail": "https://lh5.googleusercontent.com/p/AF1QipP_GLyHLujp3geSs8FYlidzAI26F2N9kRqTe53L=w150-h150-k-no-p"
                    },
                    {
                        "thumbnail": "https://lh5.googleusercontent.com/p/AF1QipM5NSqROj2iogW5p8fqaaVmghh66lR2QzrVeQIE=w150-h150-k-no-p"
                    },
                    {
                        "thumbnail": "https://lh5.googleusercontent.com/p/AF1QipOYkSTVKiCQetSFhLefKSODPIts990fI6CccavC=w150-h150-k-no-p"
                    },
                    {
                        "thumbnail": "https://lh5.googleusercontent.com/p/AF1QipMBGMRoHP-m-R33BX9Anu3ZTWm8LO6PtzmX06XV=w150-h150-k-no-p"
                    },
                    {
                        "thumbnail": "https://lh5.googleusercontent.com/p/AF1QipNhMPuOrrg15KFhsMNAdWyHWCrkZXj1M3Ny2rLG=w150-h150-k-no-p"
                    }
                ],
                "date": "6 months ago"
            },
            {
                "username": "Ask Alexa The Realtor",
                "rating": 5,
                "contributor_id": "109595926694223666343",
                "description": "Venue has a fantastic aesthetic that is bright, open, modern and fresh. Very friendly and welcoming staff. Family friendly menu.\nThe calamari was light and fresh. The dipping sauce was dilly and delicious.\nThe queso fundido was thick and tasty. The chorizo topping tasted like chili. Super flavorful and enjoyable with fresh, thin, crispy & warm tortilla chips.\nI ordered the Caesar salad with salmon. The salmon was cooked perfectly. The Caesar salad leaves were a bit watery and it came with anchovies on top, which added a bit of an added fishy flavor to the salad. I would’ve preferred less wetness and more dressing.\nOverall a wonderful meal with my family and we’ll definitely be back !",
                "link": "https://www.google.com/maps/reviews/data=!4m8!14m7!1m6!2m5!1sChZDSUhNMG9nS0VJQ0FnSUNWejZtSlVBEAE!2m1!1s0x0:0xa71296a25c6b9875!3m1!1s2@1:CIHM0ogKEICAgICVz6mJUA%7CCgwI68-hrwYQoKTA7wI%7C?hl=en-US",
                "images": [
                    {
                        "thumbnail": "https://lh5.googleusercontent.com/p/AF1QipOR689vMzeMzeC0fs8KimAJDGInSlQN0VfzMtgy=w150-h150-k-no-p"
                    },
                    {
                        "thumbnail": "https://lh5.googleusercontent.com/p/AF1QipMoJYeewCJ9XeyjXZlMhdaU9waN-gZVp0Gjgrnb=w150-h150-k-no-p"
                    },
                    {
                        "thumbnail": "https://lh5.googleusercontent.com/p/AF1QipPX01cjZ_Jp7M0ybMkqz8PAxNuOHti-4jf_MGok=w150-h150-k-no-p"
                    }
                ],
                "date": "8 months ago"
            },
            {
                "username": "Mikki Sharp",
                "rating": 5,
                "contributor_id": "107348611595644414808",
                "description": "Incredible food and service! Couldn't have picked a better spot. The food was so fresh and delicious, and couldn't have asked for better service. Also, Thad came out to talk to attendees. The technology and atmosphere was barnone.",
                "link": "https://www.google.com/maps/reviews/data=!4m8!14m7!1m6!2m5!1sChZDSUhNMG9nS0VJQ0FnSUNuNnF6YlZnEAE!2m1!1s0x0:0xa71296a25c6b9875!3m1!1s2@1:CIHM0ogKEICAgICn6qzbVg%7CCgsIhb7NtwYQwNGFGA%7C?hl=en-US",
                "images": [
                    {
                        "thumbnail": "https://lh5.googleusercontent.com/p/AF1QipMt45T62Sm-jbCz6wlJ3VFvx5TCHbc2W49_IkI-=w150-h150-k-no-p"
                    },
                    {
                        "thumbnail": "https://lh5.googleusercontent.com/p/AF1QipNuCbkvPQhCCHIGpSCk-nBmBphmfnSpGWriZFIZ=w150-h150-k-no-p"
                    }
                ],
                "date": "a month ago"
            },
            {
                "username": "Libby Wedesky",
                "rating": 5,
                "contributor_id": "117092459322232797452",
                "description": "I came here with girlfriends and we all got plates to share on top of our meals. I will say, the hit was the Rosemary Table Bread! Omg was it delicious! I could have eaten the entire loaf myself! They got some other things they all raved about, but I wasn’t in the mood to try. I did get the Rotisserie Turkey Club with fries and it was very very good. The fries are thin cut like shoestring and had good flavor too. The meal didn’t take too long to come out and the atmosphere is very upscale and boutique-y. It is pretty open in there and the place is pretty big so at times it was loud, but the lighting was nice and the chef even came out and came by our table to chat with us. I would come back here for sure, especially with such an extensive menu.",
                "link": "https://www.google.com/maps/reviews/data=!4m8!14m7!1m6!2m5!1sChdDSUhNMG9nS0VJQ0FnSUNkNE5HUS1BRRAB!2m1!1s0x0:0xa71296a25c6b9875!3m1!1s2@1:CIHM0ogKEICAgICd4NGQ-AE%7CCgwIg7CZrgYQuKf3lgI%7C?hl=en-US",
                "images": [
                    {
                        "thumbnail": "https://lh5.googleusercontent.com/p/AF1QipP2hhla2PTAM74bI6DZwDnScAMJQUPtXctXzgii=w150-h150-k-no-p"
                    },
                    {
                        "thumbnail": "https://lh5.googleusercontent.com/p/AF1QipPAYG9LBbWUWpO1CUrppRK_hqBCfow2382tmZjD=w150-h150-k-no-p"
                    }
                ],
                "date": "9 months ago"
            },
            {
                "username": "Sophia Vincent",
                "rating": 5,
                "contributor_id": "103647397522613150671",
                "description": "I recently dined at this fantastic restaurant with my family of five, and we had an unforgettable experience. From the moment we walked in, Paisley provided exceptional service, making us feel welcomed and well-cared-for throughout our meal. Chef Thad truly showcases his talent with every dish, using top-notch ingredients that elevate the flavours to perfection. The drinks were superb, and the birria tacos were a standout—absolutely a must-try! We visited on a Saturday and were thoroughly impressed by both the quality of the food and the attentive service. This place is a gem, and I highly recommend it for a memorable dining experience. We will definitely be returning frequently!",
                "link": "https://www.google.com/maps/reviews/data=!4m8!14m7!1m6!2m5!1sChdDSUhNMG9nS0VJQ0FnSUQ3ZzVfNm5nRRAB!2m1!1s0x0:0xa71296a25c6b9875!3m1!1s2@1:CIHM0ogKEICAgID7g5_6ngE%7CCgsIg-G4tgYQwMrpLw%7C?hl=en-US",
                "date": "2 months ago"
            },
            {
                "username": "Deb Bohn",
                "rating": 5,
                "contributor_id": "111814843597633189081",
                "description": "Pricey!! Bring your celebration $$. Love this place. The atmosphere is the best. However, we went on a day with a soft jazz band.  I like jazz, but this was a bit much for me.  We sat at the bar. My body wasn’t ready for that vibration. Not today. BUT….the eggs over gravy and ‘rolls’ (I’ve forgotten the formal name) was to Die For!  I will return for that breakfast!!!!! Some things were missing from the meal, but the bar tender told us this wasn’t her section and the follow-up tender fixed the charges and took off what we didn’t get. No biggie. We know this place well enough.",
                "link": "https://www.google.com/maps/reviews/data=!4m8!14m7!1m6!2m5!1sChZDSUhNMG9nS0VJQ0FnSUQ5eXBQeVBREAE!2m1!1s0x0:0xa71296a25c6b9875!3m1!1s2@1:CIHM0ogKEICAgID9ypPyPQ%7CCgwIhMjQrwYQ0PK-gQM%7C?hl=en-US",
                "images": [
                    {
                        "thumbnail": "https://lh5.googleusercontent.com/p/AF1QipNT_bUgdKQdY-9RCIY9zBkOiFseya4Zjg6gJAOq=w150-h150-k-no-p"
                    },
                    {
                        "thumbnail": "https://lh5.googleusercontent.com/p/AF1QipO5oFfZKJue5WzP1deXr71QoPaU5PgSad2A6c0l=w150-h150-k-no-p"
                    }
                ],
                "date": "7 months ago"
            },
            {
                "username": "Kristen Volpe",
                "rating": 5,
                "contributor_id": "114620808004188742454",
                "description": "Yummy Brunch! Heading to the U of M Soccer Stadium and looking for breakfast and a cocktail…. Perfect! Very unassuming from the outside… not sure we were in the right spot…. Maybe if it was better marked people would know it’s a restaurant….\n\nBig, open and inviting… live jazz, well lit.  Staff was friendly and food was delicious! Bloody Mary yummy! Not crowded which was nice… sometimes breakfast/brunch places are noisy and chaotic… this place is exactly what we were looking for.\n\nWe will be back!",
                "link": "https://www.google.com/maps/reviews/data=!4m8!14m7!1m6!2m5!1sChZDSUhNMG9nS0VJQ0FnSUNIaDhucGVREAE!2m1!1s0x0:0xa71296a25c6b9875!3m1!1s2@1:CIHM0ogKEICAgICHh8npeQ%7CCgsIl4P8tgYQ6MjXPQ%7C?hl=en-US",
                "date": "2 months ago"
            }
        ]
    },
    "Services": {
        "dine_in": true,
        "takeout": true,
        "delivery": true
    }
}