{
    "Title": "Vinology Restaurant & Event Space",
    "Price": [],
    "Place ID": "ChIJ05fgpD2uPIgR72hgsTgZEJM",
    "Type ID": [],
    "Type": [
        "Restaurant",
        "Bar",
        "Brunch restaurant",
        "Event venue",
        "Fine dining restaurant",
        "Wedding venue",
        "Wine bar"
    ],
    "Address": "110 S Main St, Ann Arbor, MI 48104",
    "GPS Coordinates": {
        "latitude": 42.2810603,
        "longitude": -83.7488008
    },
    "Phone Number": "(734) 222-9841",
    "Rating": 4.4,
    "Rating Summary": [
        {
            "stars": 1,
            "amount": 32
        },
        {
            "stars": 2,
            "amount": 36
        },
        {
            "stars": 3,
            "amount": 67
        },
        {
            "stars": 4,
            "amount": 162
        },
        {
            "stars": 5,
            "amount": 557
        }
    ],
    "Opening Hours": [
        {
            "tuesday": "4–10 PM"
        },
        {
            "wednesday": "4–10 PM"
        },
        {
            "thursday": "4–10 PM"
        },
        {
            "friday": "4–11 PM"
        },
        {
            "saturday": "10 AM–11 PM"
        },
        {
            "sunday": "10 AM–3 PM"
        },
        {
            "monday": "4–10 PM"
        }
    ],
    "Description": "Chic, high-ceilinged wine bar with exposed-brick walls offers 150 wines & a New American menu.",
    "Details": [
        {
            "from_the_business": [
                "Identifies as women-owned"
            ]
        },
        {
            "highlights": [
                "Fast service",
                "Fireplace",
                "Great beer selection",
                "Great cocktails",
                "Great coffee",
                "Great dessert",
                "Great wine list"
            ]
        },
        {
            "popular_for": [
                "Dinner",
                "Solo dining"
            ]
        },
        {
            "accessibility": [
                "Wheelchair accessible entrance",
                "Wheelchair accessible parking lot",
                "Wheelchair accessible restroom",
                "Wheelchair accessible seating"
            ]
        },
        {
            "offerings": [
                "Alcohol",
                "Beer",
                "Cocktails",
                "Coffee",
                "Happy hour drinks",
                "Happy hour food",
                "Hard liquor",
                "Healthy options",
                "Late-night food",
                "Small plates",
                "Vegetarian options",
                "Wine"
            ]
        },
        {
            "dining_options": [
                "Breakfast",
                "Brunch",
                "Lunch",
                "Dinner",
                "Catering",
                "Dessert",
                "Seating"
            ]
        },
        {
            "amenities": [
                "Bar onsite",
                "Gender-neutral restroom",
                "Restroom",
                "Wi-Fi",
                "Free Wi-Fi"
            ]
        },
        {
            "atmosphere": [
                "Cozy",
                "Romantic",
                "Trendy",
                "Upscale"
            ]
        },
        {
            "crowd": [
                "Family-friendly",
                "Groups",
                "LGBTQ+ friendly",
                "Tourists",
                "Transgender safespace"
            ]
        },
        {
            "planning": [
                "Dinner reservations recommended",
                "Accepts reservations"
            ]
        },
        {
            "payments": [
                "Credit cards",
                "Debit cards"
            ]
        },
        {
            "children": [
                "High chairs",
                "Kids' menu"
            ]
        },
        {
            "parking": [
                "Paid parking garage",
                "Paid parking lot",
                "Paid street parking",
                "Somewhat difficult to find a space"
            ]
        },
        {
            "pets": [
                "Dogs allowed outside"
            ]
        }
    ],
    "User Reviews": {
        "summary": [
            {
                "snippet": "\"Lovely atmosphere, incredible service and top notch food and drinks.\""
            },
            {
                "snippet": "\"Great place for meeting and having a variety of small plates or a larger meal.\""
            },
            {
                "snippet": "\"We both ordered the seared salmon served with a very flavorful corn salad.\""
            }
        ],
        "most_relevant": [
            {
                "username": "Chelsea Brown (Chelsea Brown Photography)",
                "rating": 5,
                "contributor_id": "101422465951428034190",
                "description": "Vinology is one of my favorite intimate wedding venues in the area. The food is fabulous and the bubble room is perfect for an intimate wedding ceremony and reception. All of my couples rave about their experiences here! ig: @chelseabphoto",
                "link": "https://www.google.com/maps/reviews/data=!4m8!14m7!1m6!2m5!1sChdDSUhNMG9nS0VJQ0FnSUQ3cTVxbHh3RRAB!2m1!1s0x0:0x93101938b16068ef!3m1!1s2@1:CIHM0ogKEICAgID7q5qlxwE%7CCgwI8oe9tgYQsKmVwwE%7C?hl=en-US",
                "images": [
                    {
                        "thumbnail": "https://lh5.googleusercontent.com/p/AF1QipMWeajSwNWafRJF5mlHae8wjV46wY8E88qILGMx=w150-h150-k-no-p"
                    },
                    {
                        "thumbnail": "https://lh5.googleusercontent.com/p/AF1QipPnK6AcXgIi9DmD1dMlfwRs0PphUMsgP1FuyBsW=w150-h150-k-no-p"
                    },
                    {
                        "thumbnail": "https://lh5.googleusercontent.com/p/AF1QipNSY9awmo53xAxMZcsHxPzQHVJ3eELcnJmsKdrM=w150-h150-k-no-p"
                    },
                    {
                        "thumbnail": "https://lh5.googleusercontent.com/p/AF1QipMWJx_E0LcAxKCYV9WUmrfno44YqT_o-e211xDK=w150-h150-k-no-p"
                    },
                    {
                        "thumbnail": "https://lh5.googleusercontent.com/p/AF1QipO4svMpL7DfwmWl-eW3KeMSlMilutk9lXD5PIHh=w150-h150-k-no-p"
                    },
                    {
                        "thumbnail": "https://lh5.googleusercontent.com/p/AF1QipOSt7F3FpEra42gaLyWp9H1nIE0pbGFj4eJDrdj=w150-h150-k-no-p"
                    },
                    {
                        "thumbnail": "https://lh5.googleusercontent.com/p/AF1QipMK4shWWTAZbR2vHdTpfdeEZa_JoHfdNpYV8plS=w150-h150-k-no-p"
                    },
                    {
                        "thumbnail": "https://lh5.googleusercontent.com/p/AF1QipPv9iKCILGmXKbpet7VUTvQM5mRh99z6539GfMH=w150-h150-k-no-p"
                    },
                    {
                        "thumbnail": "https://lh5.googleusercontent.com/p/AF1QipMXrl6W3Q7xZVf8QXBKURZcKFqbDyxynHV7kHJZ=w150-h150-k-no-p"
                    },
                    {
                        "thumbnail": "https://lh5.googleusercontent.com/p/AF1QipPWGb5VSMnJ17H3Q_fRGkwdz8HuW8ZU-lQfijWx=w150-h150-k-no-p"
                    },
                    {
                        "thumbnail": "https://lh5.googleusercontent.com/p/AF1QipOS9uPLTdJEBxjTqadQYkiVkpaZDoVxoGBtMUb6=w150-h150-k-no-p"
                    },
                    {
                        "thumbnail": "https://lh5.googleusercontent.com/p/AF1QipMPm5OJxIbejN27GxAU-_MMTa0Qane3VXqPcVoP=w150-h150-k-no-p"
                    },
                    {
                        "thumbnail": "https://lh5.googleusercontent.com/p/AF1QipO-Ta44L09CQ9T9Y5F-IqhIPfhVycefqR869BPn=w150-h150-k-no-p"
                    }
                ],
                "date": "2 months ago"
            },
            {
                "username": "Dr. Kenneth Power",
                "rating": 5,
                "contributor_id": "114947300045815904515",
                "description": "Phenomenal meal! Maya was amazing. I would have to call this a top 5 lifetime restaurant meal! We had the 2018 Calon Ségur with baked brie, short rib tagliatelle, and filet with out of this world mushrooms. Dessert was barolo with flour less chocolate brownie. O.M.G. 10+/10 !!!",
                "link": "https://www.google.com/maps/reviews/data=!4m8!14m7!1m6!2m5!1sChdDSUhNMG9nS0VJQ0FnSUM3bDdHY3pRRRAB!2m1!1s0x0:0x93101938b16068ef!3m1!1s2@1:CIHM0ogKEICAgIC7l7GczQE%7CCgsIiMCJtgYQwIzcVg%7C?hl=en-US",
                "images": [
                    {
                        "thumbnail": "https://lh5.googleusercontent.com/p/AF1QipP9HB-kGU-oX99VunJnzeFF0j-0YYLCl7VhiCGd=w150-h150-k-no-p"
                    },
                    {
                        "thumbnail": "https://lh5.googleusercontent.com/p/AF1QipMjCVJssuOs3GDsjpVbAyo8wc39LwYTiKT1OWKa=w150-h150-k-no-p"
                    },
                    {
                        "thumbnail": "https://lh5.googleusercontent.com/p/AF1QipPJlAfURAcJycpPvbWsIrUEjZ-k-9ush-9I-YIz=w150-h150-k-no-p"
                    }
                ],
                "date": "2 months ago"
            },
            {
                "username": "Bonnie Thomas",
                "rating": 5,
                "contributor_id": "107012747904138628518",
                "description": "Great atmosphere. Very relaxing. First time going there.. Met my siblings with there spouses there for a after holiday get together. Food was great. Waitress was very attentive. If you have never been.You should try it. It is a wine house. Had a great time.",
                "link": "https://www.google.com/maps/reviews/data=!4m8!14m7!1m6!2m5!1sChZDSUhNMG9nS0VJQ0FnSUQxLWJEYldREAE!2m1!1s0x0:0x93101938b16068ef!3m1!1s2@1:CIHM0ogKEICAgID1-bDbWQ%7CCgsIoLajtQYQgKD7Cw%7C?hl=en-US",
                "images": [
                    {
                        "thumbnail": "https://lh5.googleusercontent.com/p/AF1QipOQbLbKx79mrrPreiEu5S0PzLrPTyHtCwe0Hga1=w150-h150-k-no-p"
                    },
                    {
                        "thumbnail": "https://lh5.googleusercontent.com/p/AF1QipMO5rjJ3Y_ITi8mJ1Za4VudQKSESzA1vp-sz230=w150-h150-k-no-p"
                    },
                    {
                        "thumbnail": "https://lh5.googleusercontent.com/p/AF1QipNogti7MImIWN6V5b7LnvPMRR4-lk2kzfckCepe=w150-h150-k-no-p"
                    },
                    {
                        "thumbnail": "https://lh5.googleusercontent.com/p/AF1QipPTDuPmMRbaCRVnO7WE0djN3jkrVVgxrCAizjah=w150-h150-k-no-p"
                    },
                    {
                        "thumbnail": "https://lh5.googleusercontent.com/p/AF1QipOtcMA9KCXE1lz6aqUDRfuB-E04haZPjeUdcPxc=w150-h150-k-no-p"
                    },
                    {
                        "thumbnail": "https://lh5.googleusercontent.com/p/AF1QipMdx2JvPY6brMdALy5Sn_zEu3-Rh2CPHckaDJBE=w150-h150-k-no-p"
                    },
                    {
                        "thumbnail": "https://lh5.googleusercontent.com/p/AF1QipO-6JSBgd-lySJ3Qjr5VNxw2WQ6Dsg0tGaq6-ra=w150-h150-k-no-p"
                    },
                    {
                        "thumbnail": "https://lh5.googleusercontent.com/p/AF1QipPqk1ivuDgGG9Q-C5huREb8ipeGTZByzFHFVqSK=w150-h150-k-no-p"
                    }
                ],
                "date": "3 months ago"
            },
            {
                "username": "Marcus K.",
                "rating": 5,
                "contributor_id": "118040885827380816640",
                "description": "Excellent restaurant for fine dining.  Have been here half a dozen times or so in the last year.  Definitely enjoy sitting at the bar and having a nice glass of wine.  Will occasionally have dinner and its always excellent.  Most recently had the pasta with a short rib meat sauce.  Followed by one of the best chocolate mousses I’ve had in a long time.  Looking forward to returning soon.",
                "link": "https://www.google.com/maps/reviews/data=!4m8!14m7!1m6!2m5!1sChZDSUhNMG9nS0VJQ0FnSUNRdHUtdEZnEAE!2m1!1s0x0:0x93101938b16068ef!3m1!1s2@1:CIHM0ogKEICAgICQtu-tFg%7CCgsIzInxsAYQkMfwEw%7C?hl=en-US",
                "images": [
                    {
                        "thumbnail": "https://lh5.googleusercontent.com/p/AF1QipMS7e9d88-IlqcExR-MYrbQH_uwbxYDq5zfcwaz=w150-h150-k-no-p"
                    },
                    {
                        "thumbnail": "https://lh5.googleusercontent.com/p/AF1QipNlgCbPzAGFKogN5RLL-w4Nl-4RqzUzgB3BWmzj=w150-h150-k-no-p"
                    },
                    {
                        "thumbnail": "https://lh5.googleusercontent.com/p/AF1QipPmm5qKH-8cSlMJhWAjVJsBNd43SzDLC_VMUI1K=w150-h150-k-no-p"
                    },
                    {
                        "thumbnail": "https://lh5.googleusercontent.com/p/AF1QipMyDcapPA8qoMzXPEh02RBLkSSoJjxyXGWD1WUV=w150-h150-k-no-p"
                    }
                ],
                "date": "6 months ago"
            },
            {
                "username": "Cortney Bruce",
                "rating": 5,
                "contributor_id": "116210945506617200714",
                "description": "We had our wedding ceremony and reception in 2023. I couldn't recommend this venue more for a small wedding! We rented out the whole lower level for our 50 person wedding reception. I would not recommend this venue if you had anymore than 50 people as it is an intimate space. The food was delicious and we received so many compliments! As for parking, we happened to get married the same day as a home football game but didn't have any issues with parking in the street and nearby lots. All communication is through an online portal and our coordinator was very responsive.",
                "link": "https://www.google.com/maps/reviews/data=!4m8!14m7!1m6!2m5!1sChZDSUhNMG9nS0VJQ0FnSURkbzRpYUR3EAE!2m1!1s0x0:0x93101938b16068ef!3m1!1s2@1:CIHM0ogKEICAgIDdo4iaDw%7CCgwIl9LzrgYQ6KW0jAM%7C?hl=en-US",
                "images": [
                    {
                        "thumbnail": "https://lh5.googleusercontent.com/p/AF1QipPCom5NFPmsAd8f3CfyJfDHNjmugQDV7evsAXyT=w150-h150-k-no-p"
                    },
                    {
                        "thumbnail": "https://lh5.googleusercontent.com/p/AF1QipO0iHBtQeCBvLS-eOWwRyr1cZOnVunGplYep-J0=w150-h150-k-no-p"
                    },
                    {
                        "thumbnail": "https://lh5.googleusercontent.com/p/AF1QipO6HNqr53ggVWYABL8Jt4oOHFk0E6D83-IM_NX1=w150-h150-k-no-p"
                    },
                    {
                        "thumbnail": "https://lh5.googleusercontent.com/p/AF1QipMdvbnYyiGQNU5LsYismY1RzjLsanpX1K0tIEII=w150-h150-k-no-p"
                    }
                ],
                "date": "8 months ago"
            },
            {
                "username": "Ansen Tan",
                "rating": 3,
                "contributor_id": "114108803572693242362",
                "description": "Went for restaurant week and was somewhat disappointed. Maybe I would have had a better experience if I ordered something off of their normal menu. The Matzo Ball Gumbo had an intrusive flavor and was overall okay. The Fatoosh was just a regular salad, nothing crazy. The Braised American Lamb had an extremely strong lamb aroma but had amazing texture. The desserts carried the meal fasho.",
                "link": "https://www.google.com/maps/reviews/data=!4m8!14m7!1m6!2m5!1sChdDSUhNMG9nS0VJQ0FnSUNoNW9ia29RRRAB!2m1!1s0x0:0x93101938b16068ef!3m1!1s2@1:CIHM0ogKEICAgICh5obkoQE%7CCgsIs9-gnwYQ8JPpXQ%7C?hl=en-US",
                "images": [
                    {
                        "thumbnail": "https://lh5.googleusercontent.com/p/AF1QipMneJwKHMneC7VnMYAfGTRxXyQ70wLydUShJXmK=w150-h150-k-no-p"
                    },
                    {
                        "thumbnail": "https://lh5.googleusercontent.com/p/AF1QipMd9KU5bfRRnu7JvAfqSWzro970I0d47KY6msFj=w150-h150-k-no-p"
                    },
                    {
                        "thumbnail": "https://lh5.googleusercontent.com/p/AF1QipM-nOrRer9T_j0rs86if9GUF6vgFuvxWzVo1mwm=w150-h150-k-no-p"
                    },
                    {
                        "thumbnail": "https://lh5.googleusercontent.com/p/AF1QipOMR29ILp3q1JiHsef8aLLjC5hOcQCv6MXVAudb=w150-h150-k-no-p"
                    },
                    {
                        "thumbnail": "https://lh5.googleusercontent.com/p/AF1QipPfZapEdX6WTFB7rGCL2khQhKQ0TqLXo56euzuh=w150-h150-k-no-p"
                    }
                ],
                "date": "a year ago"
            },
            {
                "username": "Laura",
                "rating": 4,
                "contributor_id": "102619440479154790282",
                "description": "We went here for lunch on weekend. The foods were delicious but with a small portion. The shakshuka was smooth and well mixed with the spinach. Fancy restaurant tho, gotta wait for a long time for dishes.",
                "link": "https://www.google.com/maps/reviews/data=!4m8!14m7!1m6!2m5!1sChdDSUhNMG9nS0VJQ0FnSURGMVlpNHpBRRAB!2m1!1s0x0:0x93101938b16068ef!3m1!1s2@1:CIHM0ogKEICAgIDF1Yi4zAE%7CCgwIrIewqgYQyOD27AI%7C?hl=en-US",
                "images": [
                    {
                        "thumbnail": "https://lh5.googleusercontent.com/p/AF1QipMzSaRBUM2PEpuLtbEKDAe0c4Ycyy1Cd5FYcL9q=w150-h150-k-no-p"
                    },
                    {
                        "thumbnail": "https://lh5.googleusercontent.com/p/AF1QipPzXUxT4fjHwvzqabCvdvaEBX99VFhAR6SftG0Q=w150-h150-k-no-p"
                    }
                ],
                "date": "a year ago"
            },
            {
                "username": "Dorothy Li",
                "rating": 3,
                "contributor_id": "115877400503628955935",
                "description": "I have been here several times over the years.  This last time was a bit underwhelming.  The dish I had was good.  The scallops were great if small.  Others in my group found the food to be lackluster and a bit disappointing.  The choices seem to be less than before too.  Or maybe we are just in between menus.",
                "link": "https://www.google.com/maps/reviews/data=!4m8!14m7!1m6!2m5!1sChZDSUhNMG9nS0VJQ0FnSURyN0xMc0l3EAE!2m1!1s0x0:0x93101938b16068ef!3m1!1s2@1:CIHM0ogKEICAgIDr7LLsIw%7CCgwI0OTVtAYQoOOhnwI%7C?hl=en-US",
                "date": "3 months ago"
            }
        ]
    },
    "Services": {
        "dine_in": true,
        "curbside_pickup": true,
        "delivery": false
    }
}