{
    "Title": "Weber's Restaurant",
    "Price": "$$",
    "Place ID": "ChIJFTormjWxPIgRupf1j5cet8o",
    "Type ID": [],
    "Type": [
        "Restaurant",
        "Bar",
        "Breakfast restaurant",
        "Cocktail bar",
        "Jazz club",
        "Live music bar",
        "Lunch restaurant",
        "Seafood restaurant",
        "Steak house",
        "Wine bar"
    ],
    "Address": "3050 Jackson Ave, Ann Arbor, MI 48103",
    "GPS Coordinates": {
        "latitude": 42.2844756,
        "longitude": -83.7918526
    },
    "Phone Number": "(734) 665-3636",
    "Rating": 4.5,
    "Rating Summary": [
        {
            "stars": 1,
            "amount": 40
        },
        {
            "stars": 2,
            "amount": 38
        },
        {
            "stars": 3,
            "amount": 78
        },
        {
            "stars": 4,
            "amount": 143
        },
        {
            "stars": 5,
            "amount": 787
        }
    ],
    "Opening Hours": [
        {
            "tuesday": "7:30 AM–2 PM, 4–8:30 PM"
        },
        {
            "wednesday": "7:30 AM–2 PM, 4–8:30 PM"
        },
        {
            "thursday": "7:30 AM–2 PM, 4–8:30 PM"
        },
        {
            "friday": "7:30 AM–2 PM, 4–9:30 PM"
        },
        {
            "saturday": "7:30 AM–2 PM, 4–9:30 PM"
        },
        {
            "sunday": "7:30 AM–2 PM, 4–8:30 PM"
        },
        {
            "monday": "7:30 AM–2 PM, 4–8:30 PM"
        }
    ],
    "Description": [],
    "Details": [
        {
            "highlights": [
                "Fireplace",
                "Great beer selection",
                "Great cocktails",
                "Great coffee",
                "Great dessert",
                "Great wine list",
                "Live music"
            ]
        },
        {
            "popular_for": [
                "Lunch",
                "Dinner",
                "Solo dining"
            ]
        },
        {
            "accessibility": [
                "Wheelchair accessible entrance",
                "Wheelchair accessible parking lot",
                "Wheelchair accessible restroom",
                "Wheelchair accessible seating"
            ]
        },
        {
            "offerings": [
                "Alcohol",
                "Beer",
                "Cocktails",
                "Coffee",
                "Comfort food",
                "Hard liquor",
                "Healthy options",
                "Late-night food",
                "Small plates",
                "Vegetarian options",
                "Wine"
            ]
        },
        {
            "dining_options": [
                "Breakfast",
                "Brunch",
                "Lunch",
                "Dinner",
                "Catering",
                "Dessert",
                "Seating"
            ]
        },
        {
            "amenities": [
                "Bar onsite",
                "Restroom",
                "Wi-Fi",
                "Free Wi-Fi"
            ]
        },
        {
            "atmosphere": [
                "Cozy",
                "Historic",
                "Romantic",
                "Trendy",
                "Upscale"
            ]
        },
        {
            "crowd": [
                "Groups",
                "LGBTQ+ friendly",
                "Tourists"
            ]
        },
        {
            "planning": [
                "Dinner reservations recommended",
                "Accepts reservations"
            ]
        },
        {
            "payments": [
                "Credit cards",
                "Debit cards",
                "NFC mobile payments"
            ]
        },
        {
            "children": [
                "High chairs",
                "Kids' menu"
            ]
        },
        {
            "parking": [
                "Free parking lot",
                "Free street parking",
                "Plenty of parking"
            ]
        }
    ],
    "User Reviews": {
        "summary": [
            {
                "snippet": "\"The service is top-notch fine dining all served on classy white table cloth.\""
            },
            {
                "snippet": "\"Everyone's meal was excellent steak, lobster, soup and the salad offerings.\""
            },
            {
                "snippet": "\"Entrees were the ribeye with baked potato and scallops with sautéed veggies.\""
            }
        ],
        "most_relevant": [
            {
                "username": "Grace Sadosky",
                "rating": 5,
                "contributor_id": "113342052455722241484",
                "description": "We had an amazing dinner at Weber’s on a recent visit to Ann Arbor.  Beautiful environment and stunning dishes.  Didn’t take photos of everyone’s dishes but all raved about this dinner.  Glad that they were able to take our group on a short notice on games weekend.",
                "link": "https://www.google.com/maps/reviews/data=!4m8!14m7!1m6!2m5!1sChdDSUhNMG9nS0VJQ0FnSURub1lENHh3RRAB!2m1!1s0x0:0xcab71e978ff597ba!3m1!1s2@1:CIHM0ogKEICAgIDnoYD4xwE%7CCgwI1vGKuAYQkNGwugM%7C?hl=en-US",
                "images": [
                    {
                        "thumbnail": "https://lh5.googleusercontent.com/p/AF1QipMsgHgA-6LOExcs1OvqyF4tm1oJq3tl6fD7yp_p=w150-h150-k-no-p"
                    },
                    {
                        "thumbnail": "https://lh5.googleusercontent.com/p/AF1QipPMhG-6oARgQEuR1wjffP0pBoB5KXwxbehDCVbP=w150-h150-k-no-p"
                    },
                    {
                        "thumbnail": "https://lh5.googleusercontent.com/p/AF1QipM2ewllXccqlZ2S6tmJCo4KGkbKNK0e9nQ-E6RN=w150-h150-k-no-p"
                    },
                    {
                        "thumbnail": "https://lh5.googleusercontent.com/p/AF1QipM300hMMMjH5-2bcFXj_UeB6eaOH-NLDDToWIGi=w150-h150-k-no-p"
                    },
                    {
                        "thumbnail": "https://lh5.googleusercontent.com/p/AF1QipNgHKKAu3oCD1BElFXhkDwX29_gu0UH8pJXi1AW=w150-h150-k-no-p"
                    }
                ],
                "date": "a month ago"
            },
            {
                "username": "Debbie Roadarmel",
                "rating": 5,
                "contributor_id": "110371958802523134650",
                "description": "I took my dad here for Father's Day for a fantastic experience. Our waitress was friendly, helpful and attentive. We both had fresh, delicious salads, followed by the scallops which were cooked to perfection. The potatoes were creamy with a chive garnish. Dad had the Creme Brulee. Just superb overall! Bonus: live piano music rounded out the experience.",
                "link": "https://www.google.com/maps/reviews/data=!4m8!14m7!1m6!2m5!1sChZDSUhNMG9nS0VJQ0FnSUNMOThha1dREAE!2m1!1s0x0:0xcab71e978ff597ba!3m1!1s2@1:CIHM0ogKEICAgICL98akWQ%7CCgwIyfPiswYQgNym8QE%7C?hl=en-US",
                "images": [
                    {
                        "thumbnail": "https://lh5.googleusercontent.com/p/AF1QipMRQPCq0v9jE1Q0JmYp7DvlLmIEhHuedHgCkraa=w150-h150-k-no-p"
                    },
                    {
                        "thumbnail": "https://lh5.googleusercontent.com/p/AF1QipNcZYll4-RS64UzfYnlKk-VgOp48z5Cr-Sex0WU=w150-h150-k-no-p"
                    }
                ],
                "date": "4 months ago"
            },
            {
                "username": "Jui-Chung Allen Li",
                "rating": 5,
                "contributor_id": "110574187773353041433",
                "description": "Excellent prime rib! Excellent ribeye steak! Excellent live music performance! We loved the starters and the sides, too. Too bad that we were so full and couldn’t get any desserts.",
                "link": "https://www.google.com/maps/reviews/data=!4m8!14m7!1m6!2m5!1sChZDSUhNMG9nS0VJQ0FnSURyd3AyM0RREAE!2m1!1s0x0:0xcab71e978ff597ba!3m1!1s2@1:CIHM0ogKEICAgIDrwp23DQ%7CCgwIgLTYtAYQgPip2QM%7C?hl=en-US",
                "images": [
                    {
                        "thumbnail": "https://lh5.googleusercontent.com/p/AF1QipNxaxrNXMw9BHjc8V8Ti6KePQpqHyvRFbM0bIfJ=w150-h150-k-no-p"
                    },
                    {
                        "thumbnail": "https://lh5.googleusercontent.com/p/AF1QipMub0CbNDaMgIaYv2eeFIo-rWVf5LznTUhs8nJk=w150-h150-k-no-p"
                    },
                    {
                        "thumbnail": "https://lh5.googleusercontent.com/p/AF1QipMAmEMpd1tBoHN1k0ibW9YhC1F0fGT3x90axma1=w150-h150-k-no-p"
                    },
                    {
                        "thumbnail": "https://lh5.googleusercontent.com/p/AF1QipOUzRV_NhZzYJleVdRNr-SipUJb4vEPjjIaeL73=w150-h150-k-no-p"
                    },
                    {
                        "thumbnail": "https://lh5.googleusercontent.com/p/AF1QipPPy3toRvLxxckTVol88duxoXfzqMAPG7oqdu0l=w150-h150-k-no-p"
                    },
                    {
                        "thumbnail": "https://lh5.googleusercontent.com/p/AF1QipOfAiraCp4e-HkLHQJ0Y0Vw_n1ntxVxSRhBI1_h=w150-h150-k-no-p"
                    },
                    {
                        "thumbnail": "https://lh5.googleusercontent.com/p/AF1QipMYqGE9ITaQxyAnebe2Idk0wAad_WxNcT2s7_gr=w150-h150-k-no-p"
                    },
                    {
                        "thumbnail": "https://lh5.googleusercontent.com/p/AF1QipM6kivQrC2DDVkb69jP6dfi426jmfT-HSxH7DPX=w150-h150-k-no-p"
                    }
                ],
                "date": "3 months ago"
            },
            {
                "username": "Krystal Lancaster",
                "rating": 5,
                "contributor_id": "103294050295792935481",
                "description": "You truly get a 5-star experience at this place! I've been here a few times with family, and each time has been great! Our waiter was charismatic, attentive, quick, kind, funny, and he just knew how to talk to everybody and was so great all around. I can't remember our servers name off the top of my head, but we were there last night at 6 with a dinner party of 9 and we were seated straight past the check in counter in the very back. The place is CLEAN and beautiful throughout. The food was delicious. Calamari (10/10), Escargot (tried for the first time, not bad.), Lobster bisque (8.5/10), Shrimp cocktail (10/10), Lamb (9/10). Will most definitely be back to try more dishes! Thank you for the great experience!",
                "link": "https://www.google.com/maps/reviews/data=!4m8!14m7!1m6!2m5!1sChZDSUhNMG9nS0VJQ0FnSUR6MFlDMFFREAE!2m1!1s0x0:0xcab71e978ff597ba!3m1!1s2@1:CIHM0ogKEICAgIDz0YC0QQ%7CCgwIycadswYQ4OuTgAI%7C?hl=en-US",
                "images": [
                    {
                        "thumbnail": "https://lh5.googleusercontent.com/p/AF1QipMlQFrIqxt3goBUnuKX3lWJtkY3-DcETee6iks=w150-h150-k-no-p"
                    },
                    {
                        "thumbnail": "https://lh5.googleusercontent.com/p/AF1QipPEGj1mlB3wHIR0oF03tClXnpHYYFDGrMq4yWk=w150-h150-k-no-p"
                    },
                    {
                        "thumbnail": "https://lh5.googleusercontent.com/p/AF1QipOnQonl-I4SnAe8sGqpJVYmxxvFdUYwdIhuiXA=w150-h150-k-no-p"
                    }
                ],
                "date": "5 months ago"
            },
            {
                "username": "Chantelle",
                "rating": 5,
                "contributor_id": "117044145371405329049",
                "description": "Love the ambiance here. The brunch was SUPERB & so was our service from Carly. Beautiful day. The pianist was a thoughtful, unique touch. The oatmilk caramel latte is a must. So are the mini waffles.",
                "link": "https://www.google.com/maps/reviews/data=!4m8!14m7!1m6!2m5!1sChZDSUhNMG9nS0VJQ0FnSURUak8yV0dBEAE!2m1!1s0x0:0xcab71e978ff597ba!3m1!1s2@1:CIHM0ogKEICAgIDTjO2WGA%7CCgwIn9HztgYQgJPo7gI%7C?hl=en-US",
                "images": [
                    {
                        "thumbnail": "https://lh5.googleusercontent.com/p/AF1QipOEpDrv0LjNF1CK3pcTSY1P-ZSplxZt6DYnvqOr=w150-h150-k-no-p"
                    },
                    {
                        "thumbnail": "https://lh5.googleusercontent.com/p/AF1QipMBpSC3rWLXuOuWp8ZBOPQlNNhCMEfpMUEiAFuF=w150-h150-k-no-p"
                    },
                    {
                        "thumbnail": "https://lh5.googleusercontent.com/p/AF1QipPh1t6Do9Cf44F5TqzXj4VTdZ1JV21a8xsLdjVZ=w150-h150-k-no-p"
                    },
                    {
                        "thumbnail": "https://lh5.googleusercontent.com/p/AF1QipP2GBaoh-ZHpsqY7amMvCOP3wUDUE7Z7omj07zm=w150-h150-k-no-p"
                    },
                    {
                        "thumbnail": "https://lh5.googleusercontent.com/p/AF1QipMsIHAhy-LBCQAfUIhRk2sAhXfCVEz2JjAngzk9=w150-h150-k-no-p"
                    },
                    {
                        "thumbnail": "https://lh5.googleusercontent.com/p/AF1QipMfviUUPCukMhBIYlDuwOnbC5Bj2GRW9VeeC9Dg=w150-h150-k-no-p"
                    },
                    {
                        "thumbnail": "https://lh5.googleusercontent.com/p/AF1QipPuvODu3mJQmD3YRa4adV9QL0dgBUwD82mZi7vj=w150-h150-k-no-p"
                    },
                    {
                        "thumbnail": "https://lh5.googleusercontent.com/p/AF1QipNTFerJRrRUbcTKY9C0Tzv1jWmuvt5nIJbWfu6v=w150-h150-k-no-p"
                    },
                    {
                        "thumbnail": "https://lh5.googleusercontent.com/p/AF1QipMBAzNcf-0CG2pbr3ZsS4vFBR_j5JKk27xXCwP5=w150-h150-k-no-p"
                    },
                    {
                        "thumbnail": "https://lh5.googleusercontent.com/p/AF1QipMgHgjrSNEXGEnI30kOfruWRlodZhMN0f95J0vo=w150-h150-k-no-p"
                    },
                    {
                        "thumbnail": "https://lh5.googleusercontent.com/p/AF1QipOBHSzPJYvaYph_9ur8mb91juId35mvlNtMiV3a=w150-h150-k-no-p"
                    },
                    {
                        "thumbnail": "https://lh5.googleusercontent.com/p/AF1QipM04kCEfp3Nh_renveD83Wx4n8TtowWfPUdz964=w150-h150-k-no-p"
                    },
                    {
                        "thumbnail": "https://lh5.googleusercontent.com/p/AF1QipMsSsPgaNzSyqEkhFd7q8w_9VMp4pFbylplQ0H0=w150-h150-k-no-p"
                    },
                    {
                        "thumbnail": "https://lh5.googleusercontent.com/p/AF1QipPgW-MZwhelYmEkB8LIVcCEIwlRWrMRdgH7ihyC=w150-h150-k-no-p"
                    },
                    {
                        "thumbnail": "https://lh5.googleusercontent.com/p/AF1QipO9YLcEHAT6dcQkm7TXSuJGaJXfF-B5W4LvkSqF=w150-h150-k-no-p"
                    },
                    {
                        "thumbnail": "https://lh5.googleusercontent.com/p/AF1QipP_lkcIAViP0fFTecLxwD7aoPAyZDUSHAJDwYeC=w150-h150-k-no-p"
                    },
                    {
                        "thumbnail": "https://lh5.googleusercontent.com/p/AF1QipPRe1T1CGtfwK3F2DC5f5pvX1Qq0bJigFb0CdMf=w150-h150-k-no-p"
                    },
                    {
                        "thumbnail": "https://lh5.googleusercontent.com/p/AF1QipM3yVQK4po1D7CEwXI6O9bDLVjhS9t2_r5z8Adf=w150-h150-k-no-p"
                    },
                    {
                        "thumbnail": "https://lh5.googleusercontent.com/p/AF1QipNSOxvGR5RWjo2t3WBSqhlYA_ax9vN4wbqQ0xqG=w150-h150-k-no-p"
                    },
                    {
                        "thumbnail": "https://lh5.googleusercontent.com/p/AF1QipNSbp6gXmdSUygnNuKou6ulgTgnD9xhzEK_zIsb=w150-h150-k-no-p"
                    },
                    {
                        "thumbnail": "https://lh5.googleusercontent.com/p/AF1QipOHf01L4RiB6nsNS0Jxsj5KhrJx4X_76zbksAZZ=w150-h150-k-no-p"
                    },
                    {
                        "thumbnail": "https://lh5.googleusercontent.com/p/AF1QipPczAjnPtLCTMSdGd9c9HmVbcu7ftsrN8iwXn2w=w150-h150-k-no-p"
                    },
                    {
                        "thumbnail": "https://lh5.googleusercontent.com/p/AF1QipPsAWEJKFGKB4nIctUqyKvhtMHWrDIBu7UO4fup=w150-h150-k-no-p"
                    },
                    {
                        "thumbnail": "https://lh5.googleusercontent.com/p/AF1QipM09i1oLT8wUeLaQXF4uwDuqLKRvvlccF5s3r4A=w150-h150-k-no-p"
                    },
                    {
                        "thumbnail": "https://lh5.googleusercontent.com/p/AF1QipPF4YY_PpLEjrLF4Wcpcsh94o5D4ToGv6Q8pE54=w150-h150-k-no-p"
                    },
                    {
                        "thumbnail": "https://lh5.googleusercontent.com/p/AF1QipOYF7mYKoVLP8OuYhXz9CuxBFvmQphDwTZ-xqzS=w150-h150-k-no-p"
                    },
                    {
                        "thumbnail": "https://lh5.googleusercontent.com/p/AF1QipP2dW_emXqYIADJbJID8ziIGjpaMfEtizWUSfHr=w150-h150-k-no-p"
                    },
                    {
                        "thumbnail": "https://lh5.googleusercontent.com/p/AF1QipN893OfeA65x31iXhlnrnRHtbFXsomgxEMxJwQY=w150-h150-k-no-p"
                    },
                    {
                        "thumbnail": "https://lh5.googleusercontent.com/p/AF1QipOq-3vCCTRYuyzoikwfjuEKJs5UdIABgS_e9TH7=w150-h150-k-no-p"
                    },
                    {
                        "thumbnail": "https://lh5.googleusercontent.com/p/AF1QipNKHAxBRruFUWvJZqXLw_tVACy0zORLdHQN7XWc=w150-h150-k-no-p"
                    },
                    {
                        "thumbnail": "https://lh5.googleusercontent.com/p/AF1QipNg_5NuTBWGMKqVvTAUrw8KKBOKrCNss_62BPMR=w150-h150-k-no-p"
                    },
                    {
                        "thumbnail": "https://lh5.googleusercontent.com/p/AF1QipMkvdZtL-UXAcKRn07WJlgzDjSuEe7Z5UAaAEoH=w150-h150-k-no-p"
                    },
                    {
                        "thumbnail": "https://lh5.googleusercontent.com/p/AF1QipPerEB8AjyRBVZRuALFiUGMCmzrx3Lg_3gkmtK1=w150-h150-k-no-p"
                    },
                    {
                        "thumbnail": "https://lh5.googleusercontent.com/p/AF1QipOolsgTJqBzY9H9OF-L23wF_rFmH9sWGH8uCM-u=w150-h150-k-no-p"
                    },
                    {
                        "thumbnail": "https://lh5.googleusercontent.com/p/AF1QipMrsAgC9UpE4RRfclSGV5Yyl4OFspNCQZggbLB_=w150-h150-k-no-p"
                    }
                ],
                "date": "2 months ago"
            },
            {
                "username": "Lauryn King",
                "rating": 5,
                "contributor_id": "109190355069813176006",
                "description": "My first time here and definitely won’t be my last! Our service was prompt; our waitress, India, was knowledgeable, friendly, and displayed great professionalism throughout the evening whilst serving several tables and training a new hire. Celebrating my birthday, I ordered the steamed lobster and my boyfriend ordered the 14 oz strip which were both cooked to perfection! Delicious drinks, I recommend the French 75 and complimented with a free crème brûlée with my meal. The experience also was elevated through the ambiance of the live piano playing for a quaint and pleasant atmosphere.",
                "link": "https://www.google.com/maps/reviews/data=!4m8!14m7!1m6!2m5!1sChZDSUhNMG9nS0VJQ0FnSUNUZ0tTNFh3EAE!2m1!1s0x0:0xcab71e978ff597ba!3m1!1s2@1:CIHM0ogKEICAgICTgKS4Xw%7CCgwIn7fzsQYQqPOrugI%7C?hl=en-US",
                "images": [
                    {
                        "thumbnail": "https://lh5.googleusercontent.com/p/AF1QipPkYiqSV1-3RSORvf06fsFKczRrkOyGfcCJdOeU=w150-h150-k-no-p"
                    },
                    {
                        "thumbnail": "https://lh5.googleusercontent.com/p/AF1QipOJMQofVl2dd1MYanPAwiHvSC3dHpgzWHJgKE1G=w150-h150-k-no-p"
                    }
                ],
                "date": "6 months ago"
            },
            {
                "username": "Kim Michels",
                "rating": 5,
                "contributor_id": "116378716860153468348",
                "description": "Been coming to Webers for decades now! The service & atmosphere is top notch & food is always delicious.\nThe Sunday brunch buffet has a wide range of options, from breakfast to lunch choices.\nThe duck, prime rib (dinner or sandwich) & London broil is the best in town! Our last visit I got the cheeseburger, which is also really delicious!",
                "link": "https://www.google.com/maps/reviews/data=!4m8!14m7!1m6!2m5!1sChdDSUhNMG9nS0VJQ0FnSUNMaGV2Nm9RRRAB!2m1!1s0x0:0xcab71e978ff597ba!3m1!1s2@1:CIHM0ogKEICAgICLhev6oQE%7CCgsIvpbWswYQ-P-VHg%7C?hl=en-US",
                "images": [
                    {
                        "thumbnail": "https://lh5.googleusercontent.com/p/AF1QipMn42RBx29hFBtJpqFBLj0_KbFGCk0tDpaY2Ay9=w150-h150-k-no-p"
                    },
                    {
                        "thumbnail": "https://lh5.googleusercontent.com/p/AF1QipNuUfjhG-IFv3ciZ_Wj5UrkxMmBo6uzx2Hekfkc=w150-h150-k-no-p"
                    },
                    {
                        "thumbnail": "https://lh5.googleusercontent.com/p/AF1QipP_C1G6kczXnmGCk445egVBu7B9yv9Cy43qFv6n=w150-h150-k-no-p"
                    }
                ],
                "date": "4 months ago"
            },
            {
                "username": "Kimberly Forbes",
                "rating": 5,
                "contributor_id": "101890229821315424091",
                "description": "I enjoyed my dining experience from start to finish. I received prompt service and delicious food cooked to perfection. It was a perfect birthday celebration!! Might l also add thee absolutely most delicious lemon drop cocktails. l thought after Eddie V,s nobody could top!! Then l experience the Webbers and now l am in love! Thank you for becoming my new fine dining experience!!!",
                "link": "https://www.google.com/maps/reviews/data=!4m8!14m7!1m6!2m5!1sChZDSUhNMG9nS0VJQ0FnSUREMjRIUE9REAE!2m1!1s0x0:0xcab71e978ff597ba!3m1!1s2@1:CIHM0ogKEICAgIDD24HPOQ%7CCgwI1YnwsAYQkMLe2QI%7C?hl=en-US",
                "images": [
                    {
                        "thumbnail": "https://lh5.googleusercontent.com/p/AF1QipMyipzxQsE_XYEiED2XLt4dte7LJenvpBLKScMt=w150-h150-k-no-p"
                    },
                    {
                        "thumbnail": "https://lh5.googleusercontent.com/p/AF1QipPWW7hOHtgAW8PTFF3vmgi9qr4L5HZBACV_sKgh=w150-h150-k-no-p"
                    },
                    {
                        "thumbnail": "https://lh5.googleusercontent.com/p/AF1QipP4OgS4uPzA1gyd97wbr89ZqrJyHG51Y7lUNEe3=w150-h150-k-no-p"
                    },
                    {
                        "thumbnail": "https://lh5.googleusercontent.com/p/AF1QipMPY8cs6Tdq-SHrYwGKnL4M7zTYuv_MhC1A04gI=w150-h150-k-no-p"
                    },
                    {
                        "thumbnail": "https://lh5.googleusercontent.com/p/AF1QipM6Hv00tjzzb3D86tEtlemsogAOj1XaXWDhi5jU=w150-h150-k-no-p"
                    }
                ],
                "date": "6 months ago"
            }
        ]
    },
    "Services": {
        "dine_in": true,
        "curbside_pickup": true,
        "no_contact_delivery": true
    }
}