{
    "Title": "Zamaan Cafe",
    "Price": [],
    "Place ID": "ChIJk-zN6husPIgRZK1o9MjeynI",
    "Type ID": [],
    "Type": [
        "Lebanese restaurant",
        "Mediterranean restaurant",
        "Restaurant"
    ],
    "Address": "3580 Plymouth Rd, Ann Arbor, MI 48105, United States",
    "GPS Coordinates": {
        "latitude": 42.3043228,
        "longitude": -83.6912268
    },
    "Phone Number": "+1 734-213-3350",
    "Rating": 4.5,
    "Rating Summary": [
        {
            "stars": 1,
            "amount": 13
        },
        {
            "stars": 2,
            "amount": 13
        },
        {
            "stars": 3,
            "amount": 27
        },
        {
            "stars": 4,
            "amount": 65
        },
        {
            "stars": 5,
            "amount": 317
        }
    ],
    "Opening Hours": [
        {
            "tuesday": "11 a.m.–8 p.m."
        },
        {
            "wednesday": "11 a.m.–8 p.m."
        },
        {
            "thursday": "11 a.m.–8 p.m."
        },
        {
            "friday": "11 a.m.–8 p.m."
        },
        {
            "saturday": "11 a.m.–8 p.m."
        },
        {
            "sunday": "Closed"
        },
        {
            "monday": "11 a.m.–8 p.m."
        }
    ],
    "Description": "Hummus, pita wraps & falafel round out the menu at this Middle Eastern eatery serving classic fare.",
    "Details": [
        {
            "highlights": [
                "Great tea selection"
            ]
        },
        {
            "popular_for": [
                "Lunch",
                "Dinner",
                "Solo dining"
            ]
        },
        {
            "accessibility": [
                "Wheelchair accessible seating",
                "Wheelchair-accessible entrance",
                "Wheelchair-accessible parking lot",
                "Wheelchair-accessible washroom"
            ]
        },
        {
            "offerings": [
                "Coffee",
                "Comfort food",
                "Halal food",
                "Healthy options",
                "Quick bite",
                "Small plates",
                "Vegan options",
                "Vegetarian options"
            ]
        },
        {
            "dining_options": [
                "Lunch",
                "Dinner",
                "Catering",
                "Dessert",
                "Seating"
            ]
        },
        {
            "amenities": [
                "Washroom"
            ]
        },
        {
            "atmosphere": [
                "Casual",
                "Cozy"
            ]
        },
        {
            "crowd": [
                "Groups"
            ]
        },
        {
            "planning": [
                "Accepts reservations"
            ]
        },
        {
            "payments": [
                "Credit cards",
                "Debit cards",
                "NFC mobile payments"
            ]
        },
        {
            "children": [
                "Good for kids",
                "High chairs",
                "Kids' menu"
            ]
        },
        {
            "parking": [
                "Free parking lot",
                "Plenty of parking"
            ]
        },
        {
            "pets": [
                "Dogs allowed outside"
            ]
        }
    ],
    "User Reviews": {
        "summary": [
            {
                "snippet": "\"We got Combo for 2 (Tawook, kafta, falafel, hummus, rice, pita bread, salad).\""
            },
            {
                "snippet": "\"Tasty food, served quickly, for a good price.\""
            },
            {
                "snippet": "\"The chicken shawarma pita wrap was soooo good and full of garlic sauce.\""
            }
        ],
        "most_relevant": [
            {
                "username": "Paul Grill",
                "rating": 5,
                "contributor_id": "115630553876919370904",
                "description": "Excellent authentic Lebanese cuisine. The chicken shawarma pita wrap was soooo good and full of garlic sauce.\nI also tried the ginger hummus which was a delightful combination of excellent hummus with shredded raw ginger on top",
                "link": "https://www.google.com/maps/reviews/data=!4m8!14m7!1m6!2m5!1sChdDSUhNMG9nS0VJQ0FnSUNYcHNEbG5BRRAB!2m1!1s0x0:0x72cadec8f468ad64!3m1!1s2@1:CIHM0ogKEICAgICXpsDlnAE%7CCgwImom8uAYQyPClpAI%7C?hl=en-US",
                "images": [
                    {
                        "thumbnail": "https://lh5.googleusercontent.com/p/AF1QipOFx7tnTWvMLzOv0ytYluKOT9dwjsybW-m1FjED=w150-h150-k-no-p"
                    }
                ],
                "date": "3 weeks ago"
            },
            {
                "username": "Anastasia Sparages",
                "rating": 5,
                "contributor_id": "102164974761710634767",
                "description": "Great place to stop into as you drive through Ann Arbor! Service was friendly and quick, and plenty of cool areas to sit inside.\n\nThe Shish Tawook was absolutely delicious. Chicken was cooked perfectly and the flavor was incredible! The rice with a hint of sumac was a great side.\n\nHighly recommend Zamaan Cafe!",
                "link": "https://www.google.com/maps/reviews/data=!4m8!14m7!1m6!2m5!1sChdDSUhNMG9nS0VJQ0FnSUNYaHA3anpRRRAB!2m1!1s0x0:0x72cadec8f468ad64!3m1!1s2@1:CIHM0ogKEICAgICXhp7jzQE%7CCgwIiZS7uAYQsNWwwwE%7C?hl=en-US",
                "images": [
                    {
                        "thumbnail": "https://lh5.googleusercontent.com/p/AF1QipM0-QZ4WZWIiLdusnLKsVlwiEGv17aaZzwTwFqq=w150-h150-k-no-p"
                    }
                ],
                "date": "4 weeks ago"
            },
            {
                "username": "Lori Henderlight",
                "rating": 3,
                "contributor_id": "112438502963828858900",
                "description": "The food was really good, good option and flavorful. The restaurant looks closed, or like it should be because the lights are falling from the ceiling, the ceiling tiles are stained from water leaks, sign is broken and stuff piled up outside. Service was ok, had to go in and get my food because they only brought part of it out to us.",
                "link": "https://www.google.com/maps/reviews/data=!4m8!14m7!1m6!2m5!1sChZDSUhNMG9nS0VJQ0FnSURIeWV2clRnEAE!2m1!1s0x0:0x72cadec8f468ad64!3m1!1s2@1:CIHM0ogKEICAgIDHyevrTg%7CCgwI3IumtwYQyOmlhgM%7C?hl=en-US",
                "images": [
                    {
                        "thumbnail": "https://lh5.googleusercontent.com/p/AF1QipONDW2k8AD9BVMRh-8VfSZr0aritiL4IuZ1x9S2=w150-h150-k-no-p"
                    },
                    {
                        "thumbnail": "https://lh5.googleusercontent.com/p/AF1QipP-Dn7hXG95cGnO1XCbMcdBqbPWf0h0Q4xGjIcB=w150-h150-k-no-p"
                    }
                ],
                "date": "a month ago"
            },
            {
                "username": "carter kabot",
                "rating": 5,
                "contributor_id": "101440670059469994531",
                "description": "Was driving across Michigan and found this spot outside of Ann Arbor. You walk in and order at the counter, the menu is easy to read and the worker gave us great recommendations.\n\nThe Shish Tawook were juicy marinated chunks of chicken breast served with rice, garlic sauce and pita bread. Eating all 3 together was so amazing!  I also ordered a half Fattoush Salad that was HUGE for only being a half salad.",
                "link": "https://www.google.com/maps/reviews/data=!4m8!14m7!1m6!2m5!1sChZDSUhNMG9nS0VJQ0FnSURuNTRQb1pREAE!2m1!1s0x0:0x72cadec8f468ad64!3m1!1s2@1:CIHM0ogKEICAgIDn54PoZQ%7CCgwIx7GiuAYQ4MDp8wI%7C?hl=en-US",
                "images": [
                    {
                        "thumbnail": "https://lh5.googleusercontent.com/p/AF1QipOooo_neK68dhXKNw3bK2L1nvCq-f_1eQam0cb8=w150-h150-k-no-p"
                    }
                ],
                "date": "a month ago"
            },
            {
                "username": "Linda Dull",
                "rating": 4,
                "contributor_id": "115199678228287453128",
                "description": "The food was delicious. It's basically take out service. There are some tables, but I didn't get the impression they're cleaned too often. This place proves the adage that dives have the best food. No, at your table waitstaff. You order at the counter, and the front counter person brings the food to you.\nMost of the business was as stated, take out, and lots of food was seen exciting the door!  I'd rather have good food with a mediocre atmosphere than bad food with a great atmosphere.  You choose.",
                "link": "https://www.google.com/maps/reviews/data=!4m8!14m7!1m6!2m5!1sChZDSUhNMG9nS0VJQ0FnSURYdnRlQ1JBEAE!2m1!1s0x0:0x72cadec8f468ad64!3m1!1s2@1:CIHM0ogKEICAgIDXvteCRA%7CCgwIotX6uAYQ-PC_3wI%7C?hl=en-US",
                "date": "2 weeks ago"
            },
            {
                "username": "Michael Wenz",
                "rating": 5,
                "contributor_id": "101332951170737378130",
                "description": "We had delicious food from Uncle Ali and the fabulous staff at Zamaan Cafe.  Tawook and Kufta were excellent as well as the grape leaves, rice and Fattoush salad.  I Highly recommend dining  in or take out from Zamaan Cafe for authentic Lebanese cuisine.   Mom said the  grape leaves were the best she had ever had eaten. The Tawook chicken was the best chicken I have ever tasted.  Thank you Uncle Ali !!",
                "link": "https://www.google.com/maps/reviews/data=!4m8!14m7!1m6!2m5!1sChdDSUhNMG9nS0VJQ0FnSUNIcVBXSTVBRRAB!2m1!1s0x0:0x72cadec8f468ad64!3m1!1s2@1:CIHM0ogKEICAgICHqPWI5AE%7CCgwI1fTMtgYQqPGjsgE%7C?hl=en-US",
                "images": [
                    {
                        "thumbnail": "https://lh5.googleusercontent.com/p/AF1QipMuIQhOUdmZfdYt0eL99hmvnLkn84APwtneU_pk=w150-h150-k-no-p"
                    }
                ],
                "date": "2 months ago"
            },
            {
                "username": "Laura Eliza",
                "rating": 5,
                "contributor_id": "105951984329686471468",
                "description": "Ordered delivery and everything was superb! I was especially impressed with how tasty their hummus was. I got the Ginger hummus and Fulful hummus (spicy) and both were outstanding. I enjoyed the falafel wrap and stuffed grape leaves as well. Will definitely have again!",
                "link": "https://www.google.com/maps/reviews/data=!4m8!14m7!1m6!2m5!1sChdDSUhNMG9nS0VJQ0FnSUQxMy1TaDVBRRAB!2m1!1s0x0:0x72cadec8f468ad64!3m1!1s2@1:CIHM0ogKEICAgID13-Sh5AE%7CCgwIk-j8rAYQuKGKvgE%7C?hl=en-US",
                "images": [
                    {
                        "thumbnail": "https://lh5.googleusercontent.com/p/AF1QipMBc3ADVbnn3DL-QwoBnanY7w6Prh6o78FPn4hv=w150-h150-k-no-p"
                    },
                    {
                        "thumbnail": "https://lh5.googleusercontent.com/p/AF1QipMwUiqZ0OZbXbIbdfedCuEZeK43ykw37ylc0Ie3=w150-h150-k-no-p"
                    }
                ],
                "date": "10 months ago"
            },
            {
                "username": "Shasta H-I",
                "rating": 5,
                "contributor_id": "109111114965055073360",
                "description": "I got the meat shawarma wrap and my hubs got the riz bi dajaj wrap combo style with rice. Oh ma gash! It was absolutely delicious! We both agreed the meat shawarma was good -but the riz di dajaj was HEAVEN! Think chicken shawarma plus garlic sauce plus rice plus a few pickles to cut the fat. I wish we lived closer! Staff was friendly and we’ll definitely return when we’re in the area again!",
                "link": "https://www.google.com/maps/reviews/data=!4m8!14m7!1m6!2m5!1sChdDSUhNMG9nS0VJQ0FnSUQ2al9DcG1nRRAB!2m1!1s0x0:0x72cadec8f468ad64!3m1!1s2@1:CIHM0ogKEICAgID6j_CpmgE%7CCgwI98KhiwYQ8JGduQI%7C?hl=en-US",
                "images": [
                    {
                        "thumbnail": "https://lh5.googleusercontent.com/p/AF1QipNmRPX3BgSjGIdK7y4oj8clads8BVJi78TkNS1P=w150-h150-k-no-p"
                    },
                    {
                        "thumbnail": "https://lh5.googleusercontent.com/p/AF1QipMNZhHDjnlrUEaPaiFnCLBFeTWlzEtkmuzbdbUJ=w150-h150-k-no-p"
                    },
                    {
                        "thumbnail": "https://lh5.googleusercontent.com/p/AF1QipOSuDLa12qxhPz7p3okKB149AzQgXmjG_4IDGSh=w150-h150-k-no-p"
                    },
                    {
                        "thumbnail": "https://lh5.googleusercontent.com/p/AF1QipNaNkrW05r2n5SpLTE0VVGWfaLN4zeOzPxdVaHr=w150-h150-k-no-p"
                    },
                    {
                        "thumbnail": "https://lh5.googleusercontent.com/p/AF1QipNBZFDJsvXRtkFarHgwiF62jcZ6doDvczfyi_Vj=w150-h150-k-no-p"
                    }
                ],
                "date": "3 years ago"
            }
        ]
    },
    "Services": {
        "dine_in": true,
        "takeout": true,
        "no_contact_delivery": true
    }
}