{
    "Title": "Zamaan Grill",
    "Price": [],
    "Place ID": "ChIJ9YFUb96vPIgR-v2226aHJpA",
    "Type ID": [],
    "Type": [
        "Middle Eastern restaurant",
        "Kebab shop",
        "Lebanese restaurant"
    ],
    "Address": "865 W Eisenhower Pkwy, Ann Arbor, MI 48103",
    "GPS Coordinates": {
        "latitude": 42.24464,
        "longitude": -83.757965
    },
    "Phone Number": "(734) 769-1113",
    "Rating": 4.6,
    "Rating Summary": [
        {
            "stars": 1,
            "amount": 10
        },
        {
            "stars": 2,
            "amount": 7
        },
        {
            "stars": 3,
            "amount": 11
        },
        {
            "stars": 4,
            "amount": 58
        },
        {
            "stars": 5,
            "amount": 261
        }
    ],
    "Opening Hours": [
        {
            "tuesday": "11 AM–8:30 PM"
        },
        {
            "wednesday": "11 AM–8:30 PM"
        },
        {
            "thursday": "11 AM–8:30 PM"
        },
        {
            "friday": "11 AM–8:30 PM"
        },
        {
            "saturday": "12–8:30 PM"
        },
        {
            "sunday": "Closed"
        },
        {
            "monday": "11 AM–8:30 PM"
        }
    ],
    "Description": "Menus featuring traditional Mediterranean fare with small & shared plates & outdoor tables.",
    "Details": [
        {
            "highlights": [
                "Great coffee",
                "Great tea selection"
            ]
        },
        {
            "popular_for": [
                "Lunch",
                "Dinner",
                "Solo dining"
            ]
        },
        {
            "accessibility": [
                "Wheelchair accessible entrance",
                "Wheelchair accessible parking lot",
                "Wheelchair accessible restroom",
                "Wheelchair accessible seating"
            ]
        },
        {
            "offerings": [
                "Coffee",
                "Comfort food",
                "Halal food",
                "Healthy options",
                "Quick bite",
                "Small plates",
                "Vegan options",
                "Vegetarian options"
            ]
        },
        {
            "dining_options": [
                "Lunch",
                "Dinner",
                "Catering",
                "Dessert",
                "Seating"
            ]
        },
        {
            "amenities": [
                "Restroom",
                "Wi-Fi",
                "Free Wi-Fi"
            ]
        },
        {
            "atmosphere": [
                "Casual",
                "Cozy"
            ]
        },
        {
            "crowd": [
                "Groups"
            ]
        },
        {
            "payments": [
                "Credit cards",
                "Debit cards"
            ]
        },
        {
            "children": [
                "Good for kids",
                "High chairs",
                "Kids' menu"
            ]
        },
        {
            "parking": [
                "Free parking lot",
                "Plenty of parking"
            ]
        },
        {
            "pets": [
                "Dogs allowed outside"
            ]
        }
    ],
    "User Reviews": {
        "summary": [
            {
                "snippet": "\"Quaint little restaurant with amazing food and friendly service.\""
            },
            {
                "snippet": "\"The ginger hummus and fulful (spicy) hummus are always packed with flavor!\""
            },
            {
                "snippet": "\"The gentlemen who work there are the sweetest people!\""
            }
        ],
        "most_relevant": [
            {
                "username": "Aarika Walton",
                "rating": 5,
                "contributor_id": "100879488281430508840",
                "description": "I'm really picky about my Mediterranean style food and this is so good! Served quickly. Great service also. I came in for takeout and was offered fresh delicious cinnamon tea while I waited. I will definitely be back here!",
                "link": "https://www.google.com/maps/reviews/data=!4m8!14m7!1m6!2m5!1sChdDSUhNMG9nS0VJQ0FnSURYbEktS2lRRRAB!2m1!1s0x0:0x902687a6dbb6fdfa!3m1!1s2@1:CIHM0ogKEICAgIDXlI-KiQE%7CCgwI4trpuAYQ0PKLkgM%7C?hl=en-US",
                "images": [
                    {
                        "thumbnail": "https://lh5.googleusercontent.com/p/AF1QipNu8D5xWSb8CImoULWfAJYmtBJW4GdSrcbCHY0I=w150-h150-k-no-p"
                    }
                ],
                "date": "2 weeks ago"
            },
            {
                "username": "Ani V",
                "rating": 5,
                "contributor_id": "109349462431621129107",
                "description": "Great dinner very filling. Fast service and kind staff!",
                "link": "https://www.google.com/maps/reviews/data=!4m8!14m7!1m6!2m5!1sChZDSUhNMG9nS0VJQ0FnSUNYN3B6emVREAE!2m1!1s0x0:0x902687a6dbb6fdfa!3m1!1s2@1:CIHM0ogKEICAgICX7pzzeQ%7CCgwIgsbAuAYQ8MaJoQE%7C?hl=en-US",
                "images": [
                    {
                        "thumbnail": "https://lh5.googleusercontent.com/p/AF1QipNqD-5qzvSZCJfe0VutCwSueCt-mCttnpXWfpXX=w150-h150-k-no-p"
                    },
                    {
                        "thumbnail": "https://lh5.googleusercontent.com/p/AF1QipNl0gVSfX5ODi3fBgDp3LoMdRdU9uvbhtBH1vzc=w150-h150-k-no-p"
                    },
                    {
                        "thumbnail": "https://lh5.googleusercontent.com/p/AF1QipOsn-cTxlDeUwyXZdEmY-J4LdQO1Kjan0DbbOK0=w150-h150-k-no-p"
                    }
                ],
                "date": "3 weeks ago"
            },
            {
                "username": "Rana Siroosian",
                "rating": 5,
                "contributor_id": "111124744728664323934",
                "description": "First time here.\nWe came here for the Persian kabob and it did not disappoint.\nThe lentil soup was delicious and well-seasoned. The rice was fresh and tasty. The Koobideh kabob was freshly made and seasoned well.\nWe ordered saffron and cinnamon tea, both were good but the cinnamon one became my favorite.\n\nThe place is nice and cozy and the staff is friendly.\nOverall it was a really good experience and will definitely come back.\nI highly recommend Zamaan Cafe.",
                "link": "https://www.google.com/maps/reviews/data=!4m8!14m7!1m6!2m5!1sChZDSUhNMG9nS0VJQ0FnSURSaE52ZFR3EAE!2m1!1s0x0:0x902687a6dbb6fdfa!3m1!1s2@1:CIHM0ogKEICAgIDRhNvdTw%7CCgwImr_3oQYQ-OyU1QE%7C?hl=en-US",
                "images": [
                    {
                        "thumbnail": "https://lh5.googleusercontent.com/p/AF1QipP-zagDHRBVRHRjD9SOhKkO0m3uuJnJfHT-iet5=w150-h150-k-no-p"
                    },
                    {
                        "thumbnail": "https://lh5.googleusercontent.com/p/AF1QipPuP8xZsGmnDsweQDF7XW6Mc0KbbjdPhSLhWfpm=w150-h150-k-no-p"
                    },
                    {
                        "thumbnail": "https://lh5.googleusercontent.com/p/AF1QipOiY4V4UG5nYs45EawjrFA6wjYmBVBByfKgaDHr=w150-h150-k-no-p"
                    },
                    {
                        "thumbnail": "https://lh5.googleusercontent.com/p/AF1QipMEPOweIfJcer4Bc2t8kKFrMr9tN5tUeLHRphNM=w150-h150-k-no-p"
                    },
                    {
                        "thumbnail": "https://lh5.googleusercontent.com/p/AF1QipPXzqNfMdxPUb4F_7ag3aX5gyNGZO4qshEPD22F=w150-h150-k-no-p"
                    },
                    {
                        "thumbnail": "https://lh5.googleusercontent.com/p/AF1QipOFW1FKqhipYDy0i2bn41KNmcnFcFIh6Cs39-q8=w150-h150-k-no-p"
                    }
                ],
                "date": "a year ago"
            },
            {
                "username": "Laura Eliza",
                "rating": 5,
                "contributor_id": "105951984329686471468",
                "description": "Authentic, flavorful and fresh food! Their hummus is some of my favorite in the area. The ginger hummus and fulful (spicy) hummus are always packed with flavor! I love their falafel wraps and stuffed grape leaves, and their chicken tawook is tender and so tasty. You can’t go wrong with anything on their menu!",
                "link": "https://www.google.com/maps/reviews/data=!4m8!14m7!1m6!2m5!1sChdDSUhNMG9nS0VJQ0FnSUQ5MDlXay1nRRAB!2m1!1s0x0:0x902687a6dbb6fdfa!3m1!1s2@1:CIHM0ogKEICAgID909Wk-gE%7CCgsI7svsrwYQgOynZA%7C?hl=en-US",
                "images": [
                    {
                        "thumbnail": "https://lh5.googleusercontent.com/p/AF1QipP0BNR9zM58V59ygUVQC8CadjBq0ChtjAa9dsoB=w150-h150-k-no-p"
                    },
                    {
                        "thumbnail": "https://lh5.googleusercontent.com/p/AF1QipP0CSz-zByrt_YoXNaUp0eaEvjvw6-g_P50DZC9=w150-h150-k-no-p"
                    },
                    {
                        "thumbnail": "https://lh5.googleusercontent.com/p/AF1QipO8ney163-eK6GeoREn_x1bLAPnU54no9IF5-Xp=w150-h150-k-no-p"
                    }
                ],
                "date": "7 months ago"
            },
            {
                "username": "Stacey Elvidge",
                "rating": 2,
                "contributor_id": "101929457048963696880",
                "description": "I made this place my go to when I come to Ann Arbor. The first several times was really good service and really good food. BUT yesterday was the worst I’ve ever experienced it. We walked in, and I immediately smelled a stench that smelled like something rotten. The waitress was not the usual lady we see, and she was not only slow, she was inattentive. We walked in to her eating and said we could sit down anywhere. The tables were all dirty. She brought me the water with lemon and the lemon seemed to be old and squishy. The food did not taste fresh like it always had, spicy hummus was hardly spicy, and my food did not taste the same (I always get the same thing). I’m not sure if it was a different cook during that time or what, but overall I was disappointed. In the end, we were waiting on the server to ask us if we needed anything and to bring the check, we were obviously done eating. She was cleaning every last table and salt n pepper shaker in the entire place before my friend went up to ask for the things we needed. Highly disappointed in the service we received yesterday and incredibly grossed out over the smell of the building and the quality of freshness with our food. I won’t be going back bcuz if it’s like that ever again, I’d be wasting my time and money..",
                "link": "https://www.google.com/maps/reviews/data=!4m8!14m7!1m6!2m5!1sChdDSUhNMG9nS0VJQ0FnSUNYeTlqYXV3RRAB!2m1!1s0x0:0x902687a6dbb6fdfa!3m1!1s2@1:CIHM0ogKEICAgICXy9jauwE%7CCgwIpZjUuAYQiKWFwQE%7C?hl=en-US",
                "date": "3 weeks ago"
            },
            {
                "username": "Candace Winslow",
                "rating": 4,
                "contributor_id": "107031535556652009384",
                "description": "Very kind and fast service on takeout.  Problem is I compare to Woody's Mediterranean which is a 5++ every time. I ordered the falafel sandwich. Another reviewer praised the crunchy bread wrap, but I found it cooked the lettuce and sandwich was rather dry and lacking flavor. Add some pickled turnip and some sauce! Where was the garlic? I guess the price was okay for this area. I'd still go back here to try other items based on other reviews, but have to travel to EL for a falafel sandwich.",
                "link": "https://www.google.com/maps/reviews/data=!4m8!14m7!1m6!2m5!1sChdDSUhNMG9nS0VJQ0FnSURIcU9DRGlBRRAB!2m1!1s0x0:0x902687a6dbb6fdfa!3m1!1s2@1:CIHM0ogKEICAgIDHqOCDiAE%7CCgwI57SItwYQyO7BkAE%7C?hl=en-US",
                "date": "2 months ago"
            },
            {
                "username": "TX _Marauder",
                "rating": 5,
                "contributor_id": "105725919134120634210",
                "description": "This place was great. The food was top notch. So was the service. Service was on a level of a high end steakhouse. You order at a kiosk then take a seat. After that it is like a full service restaurant. I ordered the Shia Tawook. Lentil soup. And extra garlic sauce. Definitely recommend this place.",
                "link": "https://www.google.com/maps/reviews/data=!4m8!14m7!1m6!2m5!1sChdDSUhNMG9nS0VJQ0FnSUR1cWZpR3J3RRAB!2m1!1s0x0:0x902687a6dbb6fdfa!3m1!1s2@1:CIHM0ogKEICAgIDuqfiGrwE%7CCgwIlZqVmAYQ0PuS5QI%7C?hl=en-US",
                "images": [
                    {
                        "thumbnail": "https://lh5.googleusercontent.com/p/AF1QipP1nJcGzOlLrdNqd9mfZ5g5wxS8CoXfh4kLzHY=w150-h150-k-no-p"
                    },
                    {
                        "thumbnail": "https://lh5.googleusercontent.com/p/AF1QipPpFeASh0FXwXHwKJACZyzN4i3yy4u4vCgn2tw=w150-h150-k-no-p"
                    },
                    {
                        "thumbnail": "https://lh5.googleusercontent.com/p/AF1QipNe4_gcVWlMJpboV4Vve4iAojcknNr6rnxQGSA=w150-h150-k-no-p"
                    },
                    {
                        "thumbnail": "https://lh5.googleusercontent.com/p/AF1QipN5K1HXz2EbRpjfLdqT_wIYF4RV1cqQ9qofIzU=w150-h150-k-no-p"
                    }
                ],
                "date": "2 years ago"
            },
            {
                "username": "MyReviewIs",
                "rating": 2,
                "contributor_id": "114196018692586032450",
                "description": "Food is flavorful but it’s full of MSG which is unhealthy (must be an Asian cook in the kitchen). Weird coz before I never pass out after eating even small bowl, now it seems like all the time that’s why I can tell there’s more MSG on the food than average amount.",
                "link": "https://www.google.com/maps/reviews/data=!4m8!14m7!1m6!2m5!1sChZDSUhNMG9nS0VJQ0FnSUQ3alpic0NnEAE!2m1!1s0x0:0x902687a6dbb6fdfa!3m1!1s2@1:CIHM0ogKEICAgID7jZbsCg%7CCgwI6NO0tgYQwL-b4AI%7C?hl=en-US",
                "date": "2 months ago"
            }
        ]
    },
    "Services": {
        "dine_in": true,
        "curbside_pickup": true,
        "no_contact_delivery": true
    }
}