{
    "Title": "Zingerman's Delicatessen",
    "Price": [],
    "Place ID": "ChIJLXbltRWuPIgReEcGh1sAHlA",
    "Type ID": [],
    "Type": [
        "Restaurant",
        "Coffee shop",
        "Deli",
        "Dessert shop",
        "Gourmet grocery store",
        "Grocery delivery service",
        "Grocery store",
        "Takeout Restaurant",
        "Sandwich shop"
    ],
    "Address": "422 Detroit St, Ann Arbor, MI 48104",
    "GPS Coordinates": {
        "latitude": 42.2846822,
        "longitude": -83.74507129999999
    },
    "Phone Number": "(734) 663-3354",
    "Rating": 4.6,
    "Rating Summary": [
        {
            "stars": 1,
            "amount": 144
        },
        {
            "stars": 2,
            "amount": 161
        },
        {
            "stars": 3,
            "amount": 351
        },
        {
            "stars": 4,
            "amount": 1015
        },
        {
            "stars": 5,
            "amount": 4579
        }
    ],
    "Opening Hours": [
        {
            "tuesday": "11 AM–7 PM"
        },
        {
            "wednesday": "11 AM–7 PM"
        },
        {
            "thursday": "11 AM–7 PM"
        },
        {
            "friday": "11 AM–7 PM"
        },
        {
            "saturday": "11 AM–7 PM"
        },
        {
            "sunday": "11 AM–7 PM"
        },
        {
            "monday": "11 AM–7 PM"
        }
    ],
    "Description": "Locals line up for generous deli sandwiches at this funky, longtime market with specialty groceries.",
    "Details": [
        {
            "from_the_business": [
                "Identifies as women-owned"
            ]
        },
        {
            "highlights": [
                "Great dessert"
            ]
        },
        {
            "popular_for": [
                "Lunch",
                "Dinner",
                "Solo dining"
            ]
        },
        {
            "accessibility": [
                "Wheelchair accessible entrance",
                "Wheelchair accessible parking lot",
                "Wheelchair accessible restroom",
                "Wheelchair accessible seating"
            ]
        },
        {
            "offerings": [
                "Beer",
                "Cocktails",
                "Coffee",
                "Comfort food",
                "Healthy options",
                "Organic dishes",
                "Quick bite",
                "Vegetarian options",
                "Wine"
            ]
        },
        {
            "dining_options": [
                "Breakfast",
                "Brunch",
                "Lunch",
                "Dinner",
                "Catering",
                "Dessert",
                "Seating"
            ]
        },
        {
            "amenities": [
                "Gender-neutral restroom",
                "Restroom",
                "Wi-Fi",
                "Free Wi-Fi"
            ]
        },
        {
            "atmosphere": [
                "Casual",
                "Cozy",
                "Historic",
                "Trendy"
            ]
        },
        {
            "crowd": [
                "College students",
                "Family-friendly",
                "Groups",
                "LGBTQ+ friendly",
                "Tourists",
                "Transgender safespace"
            ]
        },
        {
            "planning": [
                "Usually a wait"
            ]
        },
        {
            "payments": [
                "Credit cards",
                "Debit cards",
                "NFC mobile payments"
            ]
        },
        {
            "children": [
                "Good for kids",
                "High chairs",
                "Kids' menu"
            ]
        },
        {
            "parking": [
                "Paid parking lot",
                "Paid street parking",
                "Somewhat difficult to find a space"
            ]
        },
        {
            "pets": [
                "Dogs allowed outside"
            ]
        }
    ],
    "User Reviews": {
        "summary": [
            {
                "snippet": "\"Small ny style deli, staff paid well, fun place to bring people, best breads\""
            },
            {
                "snippet": "\"An awesome deli great food portions atmosphere ambience and location\""
            },
            {
                "snippet": "\"Good selection of sandwiches, pork, beef, chicken, vegetarian.\""
            }
        ],
        "most_relevant": [
            {
                "username": "George Strimpel",
                "rating": 5,
                "contributor_id": "109279229816150178027",
                "description": "I love these kinds of places: lively, friendly, and unique. Your eyes are filled with the endless possibilities of which direction to go the moment you walk in the door. So much to take in - it made me smile from the get-go.   The sandwich was delicious - you do pay a little extra for the freshness - but it was well worth it. Quality all the way. I was a little confused about the ordering system, but someone was there to assist me. Once you've done it, the second time will be easy.  Would recommend stopping by if you are in the Ann Arbor area.",
                "link": "https://www.google.com/maps/reviews/data=!4m8!14m7!1m6!2m5!1sChZDSUhNMG9nS0VJQ0FnSUNIbXVHeFhREAE!2m1!1s0x0:0x501e005b87064778!3m1!1s2@1:CIHM0ogKEICAgICHmuGxXQ%7CCgwImPzdtgYQ4I6oqgM%7C?hl=en-US",
                "images": [
                    {
                        "thumbnail": "https://lh5.googleusercontent.com/p/AF1QipPhTTB8Rt6Te9KKITSUcxGlr6DZda6dg9JanetI=w150-h150-k-no-p"
                    },
                    {
                        "thumbnail": "https://lh5.googleusercontent.com/p/AF1QipNZYM-5AXnkdU0snmZ4ulcWFtpXcHCblQKVRRve=w150-h150-k-no-p"
                    },
                    {
                        "thumbnail": "https://lh5.googleusercontent.com/p/AF1QipN_1XQXTPNK8Fpnm32qLjyT6eT4TDxsejo0QXbq=w150-h150-k-no-p"
                    },
                    {
                        "thumbnail": "https://lh5.googleusercontent.com/p/AF1QipN64Qr5XYUDrmUsKWqId3XSfIdoTF6Gpp2I0s76=w150-h150-k-no-p"
                    },
                    {
                        "thumbnail": "https://lh5.googleusercontent.com/p/AF1QipPXlB_jVvUdHmpK_osORIn-Sy8nyGMFbRlUUMW9=w150-h150-k-no-p"
                    },
                    {
                        "thumbnail": "https://lh5.googleusercontent.com/p/AF1QipNRKmsVWvWhb47rjN_mNgloFHOADkHHWJKszxdn=w150-h150-k-no-p"
                    },
                    {
                        "thumbnail": "https://lh5.googleusercontent.com/p/AF1QipNYqZ-3DwslpEhruCGHi7I-R63MsrjU71w_E9PA=w150-h150-k-no-p"
                    },
                    {
                        "thumbnail": "https://lh5.googleusercontent.com/p/AF1QipMmiUJ46FGUdz5aDFzwiWWQwP8e9bmMBRTk9NpB=w150-h150-k-no-p"
                    },
                    {
                        "thumbnail": "https://lh5.googleusercontent.com/p/AF1QipP-bJOcb-JLwoHhESx47eOnkY-zTPXBm1sHRdYx=w150-h150-k-no-p"
                    },
                    {
                        "thumbnail": "https://lh5.googleusercontent.com/p/AF1QipMxH1OPN1gO18HCMFbq3EFDUIcBK6ytfy1br3BV=w150-h150-k-no-p"
                    },
                    {
                        "thumbnail": "https://lh5.googleusercontent.com/p/AF1QipNoAy4u3pCbeCvO8TwV_5jznqFrjJTAdJzWCcYJ=w150-h150-k-no-p"
                    },
                    {
                        "thumbnail": "https://lh5.googleusercontent.com/p/AF1QipPEskBoZOPALYy1vNBaFdUjVAlU5txqJUMqOFDL=w150-h150-k-no-p"
                    },
                    {
                        "thumbnail": "https://lh5.googleusercontent.com/p/AF1QipN3yRTmJnGdHLuesFk75oU4fuRVpTU4XbBzovct=w150-h150-k-no-p"
                    },
                    {
                        "thumbnail": "https://lh5.googleusercontent.com/p/AF1QipOKNlbkrAAvkYGBtIJqNF7xs7wUQWqhbW18Ov4J=w150-h150-k-no-p"
                    },
                    {
                        "thumbnail": "https://lh5.googleusercontent.com/p/AF1QipNG_rg4Bdd9TaDDaA99lEDh5LnpOmkX77ghiy62=w150-h150-k-no-p"
                    },
                    {
                        "thumbnail": "https://lh5.googleusercontent.com/p/AF1QipMUKyIuc7B9zOU3bjfZePi4qcjsM2OnNhVrL49a=w150-h150-k-no-p"
                    },
                    {
                        "thumbnail": "https://lh5.googleusercontent.com/p/AF1QipMk1iu42Jo1EcVgkxAbndsX4eqrot-29A5N-aK7=w150-h150-k-no-p"
                    },
                    {
                        "thumbnail": "https://lh5.googleusercontent.com/p/AF1QipPZsZGA2NHCiDUVhzRaJe88OR-2DsSf585kOZrg=w150-h150-k-no-p"
                    },
                    {
                        "thumbnail": "https://lh5.googleusercontent.com/p/AF1QipPMLzRMtMfmOzV21Fok_5Ghpn4ITTM_rdC0HzOj=w150-h150-k-no-p"
                    },
                    {
                        "thumbnail": "https://lh5.googleusercontent.com/p/AF1QipOv-HkvNo48fXpG8Q2cB8brjJw-FLEoTzXM9927=w150-h150-k-no-p"
                    },
                    {
                        "thumbnail": "https://lh5.googleusercontent.com/p/AF1QipNfvdczsnh-QoAx2xrRK-v-nHu2qoQ2JOBUjBHF=w150-h150-k-no-p"
                    },
                    {
                        "thumbnail": "https://lh5.googleusercontent.com/p/AF1QipNtKqAabVhTuHWJQ_t5eykTEtmxepBlJ3jn0hZ4=w150-h150-k-no-p"
                    }
                ],
                "date": "2 months ago"
            },
            {
                "username": "Naz N",
                "rating": 5,
                "contributor_id": "110947388268093261910",
                "description": "I’m not sure where to start with Zingerman’s, because they literally have it all. First the sandwiches: they are amazing. I got the TNT Cowboy Reuben, which was top-notch. The bread was unique, and the meat was high quality. The flavor springs out at you. They make their own candy, shirts, meats, books (yes books), water bottles, chips, and anything you can think of in between. They also have a really nice outside seating area. The staff was nice and energetic. This is a really well-known spot around campus in A2! I heard a lot about Zingerman’s on campus, then came here, and now understand what the hype is all about.",
                "link": "https://www.google.com/maps/reviews/data=!4m8!14m7!1m6!2m5!1sChdDSUhNMG9nS0VJQ0FnSURib015U3h3RRAB!2m1!1s0x0:0x501e005b87064778!3m1!1s2@1:CIHM0ogKEICAgIDboMySxwE%7CCgwIzvmqtQYQiJiNoQI%7C?hl=en-US",
                "images": [
                    {
                        "thumbnail": "https://lh5.googleusercontent.com/p/AF1QipOKZHVh0PYCbZEM1-f1Qj6aKrC7KV1jOuhAHNMh=w150-h150-k-no-p"
                    },
                    {
                        "thumbnail": "https://lh5.googleusercontent.com/p/AF1QipOPlcRYh_lW6yr8pb04yCKEbXzCZgU6hyHPTu6R=w150-h150-k-no-p"
                    },
                    {
                        "thumbnail": "https://lh5.googleusercontent.com/p/AF1QipN2Kn8mI96tbL39A5l0OQ39dkMCpTuReGRvHKZ3=w150-h150-k-no-p"
                    },
                    {
                        "thumbnail": "https://lh5.googleusercontent.com/p/AF1QipM35XD7NO7kwQJOTQTen7UwW3BIM7aXv-xM8Dun=w150-h150-k-no-p"
                    },
                    {
                        "thumbnail": "https://lh5.googleusercontent.com/p/AF1QipPhyWPVBioiH_QYVgcLfA_kbnvX6HJiMjVsF0nU=w150-h150-k-no-p"
                    },
                    {
                        "thumbnail": "https://lh5.googleusercontent.com/p/AF1QipNUO-6_9YakEjeypt-Y6oJ10bpQ2fqMabIB7239=w150-h150-k-no-p"
                    },
                    {
                        "thumbnail": "https://lh5.googleusercontent.com/p/AF1QipMVtLVgc5bmD3lhWojy1vL2f5V0Es8SCL9hN-jV=w150-h150-k-no-p"
                    },
                    {
                        "thumbnail": "https://lh5.googleusercontent.com/p/AF1QipOQvfE9sf0acX2bZq72lDnqOZNVXq9w0lmSQQIQ=w150-h150-k-no-p"
                    },
                    {
                        "thumbnail": "https://lh5.googleusercontent.com/p/AF1QipOED8KMnDqTB8syOWD9Jyiwgevkej-QQuLx2Ihx=w150-h150-k-no-p"
                    },
                    {
                        "thumbnail": "https://lh5.googleusercontent.com/p/AF1QipPl11y3awfDb6vkK3QqLgsShv2EzBfQhTWblEJn=w150-h150-k-no-p"
                    },
                    {
                        "thumbnail": "https://lh5.googleusercontent.com/p/AF1QipM09bsbtN99zsgN5vzDZHEuOXp6wblLmSOb2REW=w150-h150-k-no-p"
                    },
                    {
                        "thumbnail": "https://lh5.googleusercontent.com/p/AF1QipMiqHFWs2hwghLIK2ueXazVKxh7FRN2gJ0WNEK_=w150-h150-k-no-p"
                    },
                    {
                        "thumbnail": "https://lh5.googleusercontent.com/p/AF1QipNBP2UB8nyoCS8jLXFvhmiFS0yJaN05b5jzqMh7=w150-h150-k-no-p"
                    },
                    {
                        "thumbnail": "https://lh5.googleusercontent.com/p/AF1QipMHiwWscclCM8DuoBkh7QEYgGcftQR3bezDz7cS=w150-h150-k-no-p"
                    },
                    {
                        "thumbnail": "https://lh5.googleusercontent.com/p/AF1QipMyRP3TxKjBdZ3__vUbUwZqLvY3QlCLqUD2g8Vi=w150-h150-k-no-p"
                    },
                    {
                        "thumbnail": "https://lh5.googleusercontent.com/p/AF1QipPxy3omXiXpcdQkCVPwZO1lTnHoprnEl9tTA-Dt=w150-h150-k-no-p"
                    },
                    {
                        "thumbnail": "https://lh5.googleusercontent.com/p/AF1QipPVEqHE8IEa2DiFP6pUFneuB8bo4Pbf2IWIUsCd=w150-h150-k-no-p"
                    },
                    {
                        "thumbnail": "https://lh5.googleusercontent.com/p/AF1QipN63qS3TMQPCag3jm8dJy4MUnIv-yzHVNfTepcW=w150-h150-k-no-p"
                    },
                    {
                        "thumbnail": "https://lh5.googleusercontent.com/p/AF1QipOCZS-uo77fTNiaCiEcuWbuv-ViuAyxSF-UNAmi=w150-h150-k-no-p"
                    },
                    {
                        "thumbnail": "https://lh5.googleusercontent.com/p/AF1QipOO20Flf4xb371Jdxj6DJ2vHxJv2kJCGaUtA4mh=w150-h150-k-no-p"
                    },
                    {
                        "thumbnail": "https://lh5.googleusercontent.com/p/AF1QipOfn6Tu5LuWnhZRP1BQmpMbSqWNLY4OzSYpMiVQ=w150-h150-k-no-p"
                    },
                    {
                        "thumbnail": "https://lh5.googleusercontent.com/p/AF1QipNzxHcAc4P2ndD1vc5vyBle8YzI1v2F71z10XLw=w150-h150-k-no-p"
                    },
                    {
                        "thumbnail": "https://lh5.googleusercontent.com/p/AF1QipNu72ksRr6bOiJMaLF8dp0TIYVkd4ykuJSxt1nz=w150-h150-k-no-p"
                    },
                    {
                        "thumbnail": "https://lh5.googleusercontent.com/p/AF1QipOGripS9RNLu8f2Zktox0nmWhxOt5vhmFNHcV_S=w150-h150-k-no-p"
                    },
                    {
                        "thumbnail": "https://lh5.googleusercontent.com/p/AF1QipOlORUwPJLCpVlCDLpNPApvBrdOsn0eQFA4GZLd=w150-h150-k-no-p"
                    },
                    {
                        "thumbnail": "https://lh5.googleusercontent.com/p/AF1QipMHn4fR_ccN6m4vHwluEQIbcRGiW5_xyja8x-3O=w150-h150-k-no-p"
                    },
                    {
                        "thumbnail": "https://lh5.googleusercontent.com/p/AF1QipPj0SAIWbyDaZeTD7ier10tgCPnSyWW4uRlwXgm=w150-h150-k-no-p"
                    },
                    {
                        "thumbnail": "https://lh5.googleusercontent.com/p/AF1QipPFxlX9SxPiyxCr47CaUiTMskt6dcZ0BhG6EsR1=w150-h150-k-no-p"
                    },
                    {
                        "thumbnail": "https://lh5.googleusercontent.com/p/AF1QipOPROcbae7HRN4TEdfBSywWbSarwse0-rp__MQm=w150-h150-k-no-p"
                    },
                    {
                        "thumbnail": "https://lh5.googleusercontent.com/p/AF1QipPxxmCIeB5aW0UDaS6040La2TxWpgOCq_I6bFHP=w150-h150-k-no-p"
                    },
                    {
                        "thumbnail": "https://lh5.googleusercontent.com/p/AF1QipOgSfRRHLhhXdqEKeDyvjoFYmAG9cDAAwWv7vpY=w150-h150-k-no-p"
                    },
                    {
                        "thumbnail": "https://lh5.googleusercontent.com/p/AF1QipOBoX0sN1S7gnBctaeicYNjsOJm3s4GRuoG7J60=w150-h150-k-no-p"
                    },
                    {
                        "thumbnail": "https://lh5.googleusercontent.com/p/AF1QipOyzoYB5dS2i-EqOV6ZrCYKdK9WzzqlnxllsvEV=w150-h150-k-no-p"
                    },
                    {
                        "thumbnail": "https://lh5.googleusercontent.com/p/AF1QipPKPEkWVJ9U7PZTsDR9zxRC5ViKElyeMz97yXJX=w150-h150-k-no-p"
                    },
                    {
                        "thumbnail": "https://lh5.googleusercontent.com/p/AF1QipPGS5cHJGgvYVZ8wsoRAwcNuebxl-P7E6hW7RvF=w150-h150-k-no-p"
                    },
                    {
                        "thumbnail": "https://lh5.googleusercontent.com/p/AF1QipOn5pb6kRehzcDEbkhVEylOVFuK5WlbBpbI69PL=w150-h150-k-no-p"
                    },
                    {
                        "thumbnail": "https://lh5.googleusercontent.com/p/AF1QipMbXUi4VuxZCK43VbfNOZR0JzoOK_i8C_-I8M7j=w150-h150-k-no-p"
                    },
                    {
                        "thumbnail": "https://lh5.googleusercontent.com/p/AF1QipO16PGdQGtN5L1I3KD0G8SoPfF8ihMCKVMwbvYe=w150-h150-k-no-p"
                    },
                    {
                        "thumbnail": "https://lh5.googleusercontent.com/p/AF1QipNqistY7y130j2nUFflHx5kQ8m3NROuRHthgZva=w150-h150-k-no-p"
                    }
                ],
                "date": "3 months ago"
            },
            {
                "username": "Yoon Choi",
                "rating": 5,
                "contributor_id": "104471639249758131234",
                "description": "The sandwiches are amazing. I got Reuben. The bread was unique, and the quality of meat was fresh and great. They make their own candy, shirts, meats, baking books, water bottles, chips... The staff was friendly and nice. This spot is a really well-known.",
                "link": "https://www.google.com/maps/reviews/data=!4m8!14m7!1m6!2m5!1sChZDSUhNMG9nS0VJQ0FnSUNYbnVyOEtREAE!2m1!1s0x0:0x501e005b87064778!3m1!1s2@1:CIHM0ogKEICAgICXnur8KQ%7CCgwI14jBuAYQ0I66xQM%7C?hl=en-US",
                "images": [
                    {
                        "thumbnail": "https://lh5.googleusercontent.com/p/AF1QipN7eEL2E1LXsk0OnNTrDsIF5sP6r-dma6zgYprh=w150-h150-k-no-p"
                    },
                    {
                        "thumbnail": "https://lh5.googleusercontent.com/p/AF1QipNxG7RcUFqn0Ir9sOFZuPX9gwyinzIdfL0A3sQu=w150-h150-k-no-p"
                    },
                    {
                        "thumbnail": "https://lh5.googleusercontent.com/p/AF1QipMnksno__bfXNn645Jl6C7VwxGCIXTwpjDXu-RO=w150-h150-k-no-p"
                    },
                    {
                        "thumbnail": "https://lh5.googleusercontent.com/p/AF1QipPYinYmhtMSa-XOZmRK-tWblKz2phTnFkTo3oZI=w150-h150-k-no-p"
                    },
                    {
                        "thumbnail": "https://lh5.googleusercontent.com/p/AF1QipO9-bAbaGIvDobt8xZDxcsqc4pNDDmuYRsoUHmf=w150-h150-k-no-p"
                    },
                    {
                        "thumbnail": "https://lh5.googleusercontent.com/p/AF1QipNapkmcrgObPTn8ByUd2iZo4zWuO4Uk-t42ayZf=w150-h150-k-no-p"
                    },
                    {
                        "thumbnail": "https://lh5.googleusercontent.com/p/AF1QipMzndrEiLOK1pLeCNVNKHti5m7d4_-YuFVmA0rX=w150-h150-k-no-p"
                    },
                    {
                        "thumbnail": "https://lh5.googleusercontent.com/p/AF1QipNrswy05Rot9e9KPdpFXv7IQSOsxdkT8IB8YUdP=w150-h150-k-no-p"
                    },
                    {
                        "thumbnail": "https://lh5.googleusercontent.com/p/AF1QipPvT8I4NNCb0gZbJgQy0txtyOEEijkvEcPIFZK7=w150-h150-k-no-p"
                    }
                ],
                "date": "3 weeks ago"
            },
            {
                "username": "Grace Sadosky",
                "rating": 5,
                "contributor_id": "113342052455722241484",
                "description": "No introduction needed for this establishment in Ann Arbor.  Well organized to handle large crowd but great advice from a friend to order online before heading there for lunch as it was games weekend.  Sandwiches are so creative, fresh and amazing!",
                "link": "https://www.google.com/maps/reviews/data=!4m8!14m7!1m6!2m5!1sChdDSUhNMG9nS0VJQ0FnSURub1lqVF93RRAB!2m1!1s0x0:0x501e005b87064778!3m1!1s2@1:CIHM0ogKEICAgIDnoYjT_wE%7CCgsIzvWKuAYQoIrjCw%7C?hl=en-US",
                "images": [
                    {
                        "thumbnail": "https://lh5.googleusercontent.com/p/AF1QipMaBpBi83yJO9hjbBPyhdnYdDosJarP7p9d4MnC=w150-h150-k-no-p"
                    },
                    {
                        "thumbnail": "https://lh5.googleusercontent.com/p/AF1QipNmSIjpfd65lUxy8XfCNto5LgSRJeEeyLRrfq92=w150-h150-k-no-p"
                    },
                    {
                        "thumbnail": "https://lh5.googleusercontent.com/p/AF1QipNHkhEPnsSQ-y0oG6079xq3jtbMSV_gzUEVooI8=w150-h150-k-no-p"
                    },
                    {
                        "thumbnail": "https://lh5.googleusercontent.com/p/AF1QipNOursQ5s90P8_CRtnj_tyZIdDnBVEJWDMfU2pg=w150-h150-k-no-p"
                    }
                ],
                "date": "a month ago"
            },
            {
                "username": "Talal Miliany",
                "rating": 5,
                "contributor_id": "109781645115029786901",
                "description": "Just had my best sandwich that I have never had since sometime. The taste and mixture of the sandwich make it very unique and remarkable, the people are also so friendly there. I would urge all Ann Arbor visitors or residents to try it.",
                "link": "https://www.google.com/maps/reviews/data=!4m8!14m7!1m6!2m5!1sChdDSUhNMG9nS0VJQ0FnSUNYejkybHZnRRAB!2m1!1s0x0:0x501e005b87064778!3m1!1s2@1:CIHM0ogKEICAgICXz92lvgE%7CCgsIxJjcuAYQ2OvPQQ%7C?hl=en-US",
                "images": [
                    {
                        "thumbnail": "https://lh5.googleusercontent.com/p/AF1QipPdkX7FoGjwXDRs6zMU20iIXcujf_6EXJIBH85l=w150-h150-k-no-p"
                    },
                    {
                        "thumbnail": "https://lh5.googleusercontent.com/p/AF1QipMMXDpPwws_xAoTbMu_4BPnNUXy6Z77C-CFyqMb=w150-h150-k-no-p"
                    }
                ],
                "date": "3 weeks ago"
            },
            {
                "username": "Walid Zeid",
                "rating": 5,
                "contributor_id": "106073158683334437842",
                "description": "Zingerman's Deli in Ann Arbor is a gastronomic treasure trove that never fails to impress, but it's their pastrami Reuben that truly steals the show. From the moment you step inside, the vibrant, bustling atmosphere is a prelude to the culinary delight that awaits.\n\nThe pastrami Reuben is a masterclass in sandwich artistry. Each bite is a harmonious blend of tender, perfectly spiced pastrami, tangy sauerkraut, creamy Russian dressing, and melted Swiss cheese, all nestled between slices of their signature rye bread. The balance of flavors and textures is impeccable, making every mouthful an unforgettable experience.\n\nWhat sets Zingerman's apart is their commitment to quality. The ingredients are top-notch, and you can taste the care and expertise in every component of the sandwich. It's no wonder locals and visitors alike rave about this iconic deli. Whether you're a sandwich aficionado or just looking for an exceptional meal, Zingerman's pastrami Reuben is a must-try. Prepare to be dazzled!",
                "link": "https://www.google.com/maps/reviews/data=!4m8!14m7!1m6!2m5!1sChZDSUhNMG9nS0VJQ0FnSUNyekliZEJBEAE!2m1!1s0x0:0x501e005b87064778!3m1!1s2@1:CIHM0ogKEICAgICrzIbdBA%7CCgwI2JubtAYQ6NX5yQE%7C?hl=en-US",
                "images": [
                    {
                        "thumbnail": "https://lh5.googleusercontent.com/p/AF1QipORqSwu93gJMYOakDvfvvOVufpyGoeZN_EPYIJZ=w150-h150-k-no-p"
                    },
                    {
                        "thumbnail": "https://lh5.googleusercontent.com/p/AF1QipN6e-d5TU5o3Vyzarqflylk1CO-pwdf8jjXCG31=w150-h150-k-no-p"
                    },
                    {
                        "thumbnail": "https://lh5.googleusercontent.com/p/AF1QipMbioMSpuakVHMXpFZMa-aHtlVrW0yFlXH4LpRE=w150-h150-k-no-p"
                    },
                    {
                        "thumbnail": "https://lh5.googleusercontent.com/p/AF1QipM9w0gV2pT02vN49UzUXlquTBuhfsGq7BOCZU3B=w150-h150-k-no-p"
                    }
                ],
                "date": "4 months ago"
            },
            {
                "username": "Heather Mestres",
                "rating": 5,
                "contributor_id": "118056308471152654465",
                "description": "This place was amazing. We ate at the location off Jackson. They were very accommodating with gluten free foods, as I have an allergy. The taste was great. The service was superb. This was 5 stars across the board. Highly recommend.  We would eat here again.",
                "link": "https://www.google.com/maps/reviews/data=!4m8!14m7!1m6!2m5!1sChZDSUhNMG9nS0VJQ0FnSURUNWN5d01BEAE!2m1!1s0x0:0x501e005b87064778!3m1!1s2@1:CIHM0ogKEICAgIDT5cywMA%7CCgsI0OvLsgYQqPXlZA%7C?hl=en-US",
                "images": [
                    {
                        "thumbnail": "https://lh5.googleusercontent.com/p/AF1QipM7wtAwuDnsTjBhWvcehBT4eV_FF3nTzyf4wq_t=w150-h150-k-no-p"
                    },
                    {
                        "thumbnail": "https://lh5.googleusercontent.com/p/AF1QipNigukzhH5iHV7Ep_QdImuH5m-7KeRRKZZszNiZ=w150-h150-k-no-p"
                    },
                    {
                        "thumbnail": "https://lh5.googleusercontent.com/p/AF1QipNEN3gd6gwt4i1JudxX__HlFupXpl05tJtlY2yc=w150-h150-k-no-p"
                    },
                    {
                        "thumbnail": "https://lh5.googleusercontent.com/p/AF1QipO1ViOhd6GKwmiiLLgXsCVw71jg8oCJmnHTzDcq=w150-h150-k-no-p"
                    },
                    {
                        "thumbnail": "https://lh5.googleusercontent.com/p/AF1QipPFpQvGbeK8q8JklSW6WJb2tg0nUccN6R4Gt77E=w150-h150-k-no-p"
                    }
                ],
                "date": "5 months ago"
            },
            {
                "username": "Pete West",
                "rating": 5,
                "contributor_id": "100386553681877882604",
                "description": "What an experience at Zingerman’s, this is a must stop in Ann Arbor! Amazing sandwich selection and the bread is perfect. I am a big sucker for corned beef and pastrami and theirs is better than your typical Jewish deli.\n\nThey also have a number of other grocery and deli items that you can purchase, it’s a very cool spot!",
                "link": "https://www.google.com/maps/reviews/data=!4m8!14m7!1m6!2m5!1sChZDSUhNMG9nS0VJQ0FnSUNYOHRpVGJREAE!2m1!1s0x0:0x501e005b87064778!3m1!1s2@1:CIHM0ogKEICAgICX8tiTbQ%7CCgwIxP22uAYQ4OL0sQM%7C?hl=en-US",
                "images": [
                    {
                        "thumbnail": "https://lh5.googleusercontent.com/p/AF1QipO94XDv08f25FcPrkI99XdUA20Yc2mKmfB51qh_=w150-h150-k-no-p"
                    }
                ],
                "date": "4 weeks ago"
            }
        ]
    },
    "Services": {
        "dine_in": true,
        "curbside_pickup": true,
        "delivery": true
    }
}